english_name,japanese_names,jp_candidate_count,example_set_id,example_number
Abomasnow,ユキノオー,1,54450e62-c2ee-4136-b175-6191e3a2acfc,10
Abra,ケーシィ,1,bb411b0c-7378-4681-8d40-30958187c747,63
Absol,アブソル,1,8c1bc8f3-39e4-4b18-a239-4b6b22df60a8,83
Absol ex,アブソルex,1,eb9a2ae1-f752-48e2-bd6e-4a3103023949,73
Accelgor,アギルダー,1,a945665e-c81a-4c03-924d-624a07458341,8
Accompanying Flute,おはやし笛,1,aaae146c-17af-45fb-b9fb-165ca527fc03,91
Acerola,アセロラ,1,25678826-2811-4bff-9b3a-26e10c5db48c,47
Acerola's Premonition,アセロラの予感,1,80bdd6cc-3aa6-4299-b5b1-43a5f80af030,148
Acro Bike,ダートじてんしゃ,1,67f367c1-a48d-4f82-8b03-0cea6da851bb,61
Adaman,セキ,1,8c1bc8f3-39e4-4b18-a239-4b6b22df60a8,155
Adventure Bag,ぼうけんのカバン,1,4a261245-088f-4357-a2ff-6c7890e11543,93
Adventurer's Discovery,冒険家の発見,1,80bdd6cc-3aa6-4299-b5b1-43a5f80af030,157
Aegislash,ギルガルド,1,8cce95a2-f537-4156-907d-f331ce13b5d6,53
Aegislash ex,ギルガルドex,1,1d6a22e1-15be-46ec-bfa4-71adffe1213e,45
Aegislash V,ギルガルドV,1,55532dfc-3744-4734-b6b3-db9157b43812,80
Aegislash VMAX,ギルガルドVMAX,1,55532dfc-3744-4734-b6b3-db9157b43812,81
Aegislash-EX,ギルガルドEX,1,a0688785-c0ff-43fa-84fa-48d14432b701,87
Aerodactyl,プテラ,1,8c3e90a2-295a-49ec-a166-fec75fe3fd8e,76
Aerodactyl V,プテラV,1,ca93c4b2-7d37-4881-9306-c30f64a19b88,56
Aerodactyl VSTAR,プテラVSTAR,1,ca93c4b2-7d37-4881-9306-c30f64a19b88,57
Aerodactyl-GX,プテラGX,1,14496d8f-d11f-4779-bc03-b5a0e25a8a4b,45
Aether Foundation Employee,エーテル財団職員,1,312d4099-d563-4221-b523-a8ab2cf9c24e,151
Aether Paradise Conservation Area,エーテルパラダイス保護区,1,234779b1-7c9a-442f-8f8e-de41d5de658c,50
Agatha,キクコ,1,c56a482d-7434-4e00-bc54-16c38f187c4e,65
Aggron,ボスゴドラ,1,248d92ee-d69e-493d-9d4b-0960134db32f,67
Aggron Spirit Link,ボスゴドラソウルリンク,1,e249c6c7-6f19-4de0-b421-1d7bce8e588d,65
Aggron-EX,ボスゴドラEX,1,e249c6c7-6f19-4de0-b421-1d7bce8e588d,45
Aipom,エイパム,1,54450e62-c2ee-4136-b175-6191e3a2acfc,59
Air Balloon,ふうせん,1,80bdd6cc-3aa6-4299-b5b1-43a5f80af030,145
Alakazam,フーディン,1,aaae146c-17af-45fb-b9fb-165ca527fc03,49
Alakazam ex,フーディンex,1,bb411b0c-7378-4681-8d40-30958187c747,65
Alakazam Spirit Link,フーディンソウルリンク,1,738567d0-701f-448b-bba6-70a6b90dbcc4,75
Alakazam V,フーディンV,1,55532dfc-3744-4734-b6b3-db9157b43812,41
Alakazam-EX,フーディンEX,1,738567d0-701f-448b-bba6-70a6b90dbcc4,23
Alcremie,マホイップ,1,80bdd6cc-3aa6-4299-b5b1-43a5f80af030,81
Alcremie V,マホイップV,1,5ef17897-aa4b-47b6-ba3f-437267d27a85,31
Alcremie VMAX,マホイップVMAX,1,5ef17897-aa4b-47b6-ba3f-437267d27a85,32
Allister,オニオン,1,5ef17897-aa4b-47b6-ba3f-437267d27a85,71
Alolan Diglett,アローラ ディグダ | アローラディグダ,2,30503cd2-8ced-45f5-9b2f-acd3ee55c09a,84
Alolan Dugtrio,アローラ ダグトリオ | アローラダグトリオ,2,30503cd2-8ced-45f5-9b2f-acd3ee55c09a,85
Alolan Exeggutor,アローラナッシー,1,02774e64-31dd-4b6c-a9b3-65c24144066e,78
Alolan Exeggutor ex,アローラ ナッシーex,1,154b30d7-3fc1-4322-af22-f39b9c881d45,40
Alolan Exeggutor V,アローラ ナッシーV,1,519974df-352f-47fe-a03f-04e3e551a5da,5
Alolan Exeggutor-GX,アローラナッシーGX,1,9f635209-aec1-4acf-84b7-8e77e6be7bc0,37
Alolan Geodude,アローライシツブテ,1,a46aa9cd-922a-487f-a7f2-940f9a23ef57,15
Alolan Golem,アローラゴローニャ,1,a46aa9cd-922a-487f-a7f2-940f9a23ef57,17
Alolan Golem-GX,アローラゴローニャGX,1,133c791b-7cad-484f-843a-1fdb007af685,18
Alolan Graveler,アローラゴローン,1,a46aa9cd-922a-487f-a7f2-940f9a23ef57,16
Alolan Grimer,アローラ ベトベター | アローラベトベター,2,67f367c1-a48d-4f82-8b03-0cea6da851bb,41
Alolan Marowak,アローラガラガラ,1,4fc047cb-d0d5-4086-b6dd-8f0b1d5dad42,13
Alolan Meowth,アローラニャース,1,67f367c1-a48d-4f82-8b03-0cea6da851bb,39
Alolan Muk,アローラベトベトン,1,67f367c1-a48d-4f82-8b03-0cea6da851bb,42
Alolan Muk-GX,アローラベトベトンGX,1,a8568729-9fae-4f33-bea1-c887bbc3f41a,33
Alolan Ninetales,アローラキュウコン,1,4a261245-088f-4357-a2ff-6c7890e11543,56
Alolan Ninetales-GX,アローラキュウコンGX,1,30503cd2-8ced-45f5-9b2f-acd3ee55c09a,95
Alolan Persian,アローラペルシアン,1,c9f7833f-defe-4d99-b45a-33fcb5a1fb14,33
Alolan Persian-GX,アローラペルシアンGX,1,67f367c1-a48d-4f82-8b03-0cea6da851bb,40
Alolan Raichu,アローラライチュウ,1,4fc047cb-d0d5-4086-b6dd-8f0b1d5dad42,10
Alolan Raticate,アローラ ラッタ | アローララッタ,2,af81f07b-2345-4f9e-baf5-adfa2bcdb807,36
Alolan Rattata,アローラ コラッタ | アローラコラッタ,2,af81f07b-2345-4f9e-baf5-adfa2bcdb807,35
Alolan Sandshrew,アローラサンド,1,4a261245-088f-4357-a2ff-6c7890e11543,51
Alolan Sandslash,アローラサンドパン,1,4a261245-088f-4357-a2ff-6c7890e11543,52
Alolan Vulpix,アローラロコン,1,4a261245-088f-4357-a2ff-6c7890e11543,16
Alolan Vulpix V,アローラ ロコンV,1,012908fb-007c-486d-85ba-d2fcf10d833d,22
Alolan Vulpix VSTAR,アローラ ロコンVSTAR,1,012908fb-007c-486d-85ba-d2fcf10d833d,23
Alomomola,ママンボウ,1,a46aa9cd-922a-487f-a7f2-940f9a23ef57,12
Altar of the Moone,月輪の祭壇,1,575b3ae4-5c0c-4abc-93f8-f1f4cc71974a,50
Altar of the Sunne,日輪の祭壇,1,575b3ae4-5c0c-4abc-93f8-f1f4cc71974a,51
Altaria,チルタリス,1,012908fb-007c-486d-85ba-d2fcf10d833d,57
Altaria ex,チルタリスex,1,1d6a22e1-15be-46ec-bfa4-71adffe1213e,46
Altaria Spirit Link,チルタリスソウルリンク,1,738567d0-701f-448b-bba6-70a6b90dbcc4,74
Altaria-EX,チルタリスEX,1,738567d0-701f-448b-bba6-70a6b90dbcc4,63
Altaria-GX,チルタリスGX,1,02909cf1-28d7-484f-bede-01b7da714ab6,61
Amarys,ネリネ,1,d89dc0ae-ec18-4b7e-a147-29ceffa71c2f,173
Amaura,アマルス,1,adc82cca-bad7-4c21-88f1-14482564992e,23
Ambipom,エテボース,1,54450e62-c2ee-4136-b175-6191e3a2acfc,60
Amoonguss,モロバレル,1,ca93c4b2-7d37-4881-9306-c30f64a19b88,9
Ampharos,デンリュウ,1,c56a482d-7434-4e00-bc54-16c38f187c4e,20
Ampharos V,デンリュウV,1,5ef17897-aa4b-47b6-ba3f-437267d27a85,14
Ampharos-EX,デンリュウEX,1,e19dcfd0-93f5-498e-bc42-b724ceb38c83,85
Ampharos-GX,デンリュウGX,1,424e31c9-b164-41cc-bc8b-67667edfab53,6
Amulet of Hope,希望のアミュレット,1,6d9ff692-c95f-40d8-aef9-58089eb14260,98
Ancient Booster Energy Capsule,ブーストエナジー 古代,1,41226239-da09-4293-b6a3-d53c92094bf5,61
Ancient Crystal,古代のクリスタル,1,02774e64-31dd-4b6c-a9b3-65c24144066e,100
Annihilape,コノヨザル,1,c747cf6e-7ba4-4ec5-8288-d40293a4565f,47
Annihilape ex,コノヨザルex,1,e86bad58-b459-4ac3-a82c-a122cf1755d6,40
Anorith,アノプス,1,248d92ee-d69e-493d-9d4b-0960134db32f,49
Antique Cover Fossil,古びたふたの化石,1,1b0c8034-f89e-45bd-9339-da3e9963ce3f,80
Antique Dome Fossil,古びたこうらの化石,1,bb411b0c-7378-4681-8d40-30958187c747,155
Antique Helix Fossil,古びたかいの化石,1,bb411b0c-7378-4681-8d40-30958187c747,154
Antique Old Amber,古びたひみつのコハク,1,bb411b0c-7378-4681-8d40-30958187c747,156
Antique Plume Fossil,古びたはねの化石,1,02eba1f1-ab17-434f-b54f-3213cbb54ca3,81
Antique Root Fossil,古びたねっこの化石,1,db8504f1-e9f0-4e60-954a-4818040cfe98,90
Appletun,タルップル,1,154b30d7-3fc1-4322-af22-f39b9c881d45,47
Applin,カジッチュ,1,80bdd6cc-3aa6-4299-b5b1-43a5f80af030,12
Apricorn Maker,ぼんぐり職人,1,1778f144-2fa0-4cf0-b7ed-b8a42a4f4526,63
Aqua Diffuser,アクアディフューザー,1,cbbbd49a-cc8b-4bbe-83f2-29ebc09f25e3,25
Aqua Patch,アクアパッチ,1,a46aa9cd-922a-487f-a7f2-940f9a23ef57,47
Araquanid,オニシズクモ,1,ca93c4b2-7d37-4881-9306-c30f64a19b88,32
Arbok,アーボック,1,03ce403b-f7de-460e-931e-27de38cd44ca,26
Arbok ex,アーボックex,1,bb411b0c-7378-4681-8d40-30958187c747,24
Arboliva,オリーヴァ,1,0e5e9c85-befb-4767-b2e3-748891d46454,8
Arboliva ex,オリーヴァex,1,c747cf6e-7ba4-4ec5-8288-d40293a4565f,12
Arc Phone,アルセウスフォン,1,54450e62-c2ee-4136-b175-6191e3a2acfc,63
Arcanine,ウインディ,1,012908fb-007c-486d-85ba-d2fcf10d833d,13
Arcanine ex,ウインディex,1,15f71d52-9415-472d-a5cb-2397e385979c,16
Arceus,アルセウス,1,905e9463-b7ea-4ce1-9b8d-6ecd68b302ce,35
Arceus & Dialga & Palkia-GX,アルセウス&ディアルガ&パルキアGX,1,4a261245-088f-4357-a2ff-6c7890e11543,65
Arceus V,アルセウスV,1,8c1bc8f3-39e4-4b18-a239-4b6b22df60a8,126
Arceus VSTAR,アルセウスVSTAR,1,8c1bc8f3-39e4-4b18-a239-4b6b22df60a8,127
Arceus ◇,アルセウス,1,7b4aebdd-ad4e-4fd2-a4a1-50ed98bc4e51,37
Archaludon,ブリジュラス,1,db8504f1-e9f0-4e60-954a-4818040cfe98,73
Archaludon ex,ブリジュラスex,1,154b30d7-3fc1-4322-af22-f39b9c881d45,37
Archen,アーケン,1,248d92ee-d69e-493d-9d4b-0960134db32f,82
Archeops,アーケオス,1,248d92ee-d69e-493d-9d4b-0960134db32f,83
Archie's Ace in the Hole,アオギリの切り札,1,a03039bf-3a15-4b15-9d4f-634488fa9e48,66
Arctibax,セゴール,1,e86bad58-b459-4ac3-a82c-a122cf1755d6,26
Arctovish,ウオチルドン,1,43366684-3ba6-4b69-a815-9c96da64469d,51
Arctovish V,ウオチルドンV,1,c56a482d-7434-4e00-bc54-16c38f187c4e,17
Arctozolt,パッチルドン,1,43366684-3ba6-4b69-a815-9c96da64469d,64
Area Zero Underdepths,ゼロの大空洞,1,db8504f1-e9f0-4e60-954a-4818040cfe98,102
Arezu,ヒナツ,1,54450e62-c2ee-4136-b175-6191e3a2acfc,69
Ariados,アリアドス,1,248d92ee-d69e-493d-9d4b-0960134db32f,7
Armaldo,アーマルド,1,248d92ee-d69e-493d-9d4b-0960134db32f,50
Armarouge,グレンアルマ,1,0e5e9c85-befb-4767-b2e3-748891d46454,12
Armarouge ex,グレンアルマex,1,41226239-da09-4293-b6a3-d53c92094bf5,15
Aroma Lady,アロマなおねえさん,1,a29ec842-6bdb-4f63-9b66-6d63ca4e67cf,66
Aromatic Grass Energy,アロマ草エネルギー,1,80bdd6cc-3aa6-4299-b5b1-43a5f80af030,171
Aromatisse,フレフワン,1,0bf8b1be-1ffe-4105-957e-f4d47b905e05,38
Aron,ココドラ,1,248d92ee-d69e-493d-9d4b-0960134db32f,65
Arrokuda,サシカマス,1,c747cf6e-7ba4-4ec5-8288-d40293a4565f,29
Artazon,ボウルタウン,1,af1234fc-0c84-4c51-ba4c-cc74829e2d03,70
Articuno,フリーザー,1,012908fb-007c-486d-85ba-d2fcf10d833d,24
Articuno-EX,フリーザーEX,1,d80a5f18-cad8-457f-90e6-3fbfd527f8c2,16
Articuno-GX,フリーザーGX,1,1778f144-2fa0-4cf0-b7ed-b8a42a4f4526,14
Arven,ペパー,1,15f71d52-9415-472d-a5cb-2397e385979c,76
Arven's Greedent,ペパーのヨクバリス,1,562e3ff7-4148-430b-8ea4-e1308f56d05e,55
Arven's Mabosstiff ex,ペパーのマフィティフex,1,562e3ff7-4148-430b-8ea4-e1308f56d05e,52
Arven's Maschiff,ペパーのオラチフ,1,562e3ff7-4148-430b-8ea4-e1308f56d05e,51
Arven's Sandwich,ペパーのサンドウィッチ,1,562e3ff7-4148-430b-8ea4-e1308f56d05e,57
Arven's Skwovet,ペパーのホシガリス,1,562e3ff7-4148-430b-8ea4-e1308f56d05e,54
Arven's Toedscool,ペパーのノノクラゲ,1,562e3ff7-4148-430b-8ea4-e1308f56d05e,47
Arven's Toedscruel,ペパーのリククラゲ,1,562e3ff7-4148-430b-8ea4-e1308f56d05e,48
Aspertia City Gym,ヒオウギシティジム,1,55fb9c24-1735-4a8c-b090-eebabf950f94,57
Assault Vest,とつげきチョッキ,1,ef6bc45c-08a8-4349-8017-1717b108d3c8,55
Assistance Bell,おたすけベル,1,154b30d7-3fc1-4322-af22-f39b9c881d45,53
Atticus,シュウメイ,1,d89dc0ae-ec18-4b7e-a147-29ceffa71c2f,191
Audino,タブンネ,1,03ce403b-f7de-460e-931e-27de38cd44ca,40
Aurora Energy,オーロラエネルギー,1,80bdd6cc-3aa6-4299-b5b1-43a5f80af030,181
Aurorus,アマルルガ,1,adc82cca-bad7-4c21-88f1-14482564992e,24
Avalugg,クレベース,1,ec2d763e-ea05-4f77-ade2-b439f60a2adb,26
Avery,セイボリー,1,b8da2cc6-5a50-4b94-898d-bbb675e70c0a,68
Awakening Drum,覚醒のドラム,1,87789899-88a8-4a22-81d5-44cb932626af,62
Axew,キバゴ,1,4fc047cb-d0d5-4086-b6dd-8f0b1d5dad42,34
AZ,AZ,1,c5895636-5372-42da-a880-777a0a52416a,84
Azelf,アグノム,1,6e0a46c7-e469-4972-ba98-131cf67c7c94,31
Azumarill,マリルリ,1,a8568729-9fae-4f33-bea1-c887bbc3f41a,20
Azurill,ルリリ,1,4a261245-088f-4357-a2ff-6c7890e11543,57
Babiri Berry,リリバのみ,1,6d9ff692-c95f-40d8-aef9-58089eb14260,100
Bagon,タツベイ,1,1778f144-2fa0-4cf0-b7ed-b8a42a4f4526,43
Ball Guy,ボールガイ,1,43366684-3ba6-4b69-a815-9c96da64469d,175
Baltoy,ヤジロン,1,248d92ee-d69e-493d-9d4b-0960134db32f,47
Banette,ジュペッタ,1,ca93c4b2-7d37-4881-9306-c30f64a19b88,46
Banette ex,ジュペッタex,1,15f71d52-9415-472d-a5cb-2397e385979c,41
Banette-GX,ジュペッタGX,1,1778f144-2fa0-4cf0-b7ed-b8a42a4f4526,31
Barbaracle,ガメノデス,1,ca93c4b2-7d37-4881-9306-c30f64a19b88,61
Barboach,ドジョッチ,1,0380eb72-bbcd-401c-ba09-fec23007efa7,21
Barraskewda,カマスジョー,1,c747cf6e-7ba4-4ec5-8288-d40293a4565f,30
Basculin,バスラオ,1,14496d8f-d11f-4779-bc03-b5a0e25a8a4b,15
Basic Darkness Energy,基本悪エネルギー,1,41226239-da09-4293-b6a3-d53c92094bf5,95
Basic Fighting Energy,基本闘エネルギー,1,0e5e9c85-befb-4767-b2e3-748891d46454,108
Basic Fire Energy,基本炎エネルギー,1,eb9a2ae1-f752-48e2-bd6e-4a3103023949,141
Basic Grass Energy,基本草エネルギー,1,34dac2ab-c4e1-429a-a8f7-a057ae021a67,99
Basic Lightning Energy,基本雷エネルギー,1,15f71d52-9415-472d-a5cb-2397e385979c,108
Basic Metal Energy,基本鋼エネルギー,1,1d6a22e1-15be-46ec-bfa4-71adffe1213e,95
Basic Psychic Energy,基本超エネルギー,1,bb411b0c-7378-4681-8d40-30958187c747,210
Basic Water Energy,基本水エネルギー,1,e86bad58-b459-4ac3-a82c-a122cf1755d6,99
Bastiodon,トリデプス,1,6e0a46c7-e469-4972-ba98-131cf67c7c94,47
Battle Compressor,バトルコンプレッサー(フレア団ギア),1,c5895636-5372-42da-a880-777a0a52416a,79
Battle Reporter,バトルレポーター,1,18513f31-8b41-4783-9b7b-43ea49365192,91
Battle VIP Pass,バトルVIPパス,1,a945665e-c81a-4c03-924d-624a07458341,91
Baxcalibur,セグレイブ,1,e86bad58-b459-4ac3-a82c-a122cf1755d6,27
Bayleef,ベイリーフ,1,ac71e58e-df22-4e89-89a6-7e939bd6632a,4
Bea,サイトウ,1,55532dfc-3744-4734-b6b3-db9157b43812,93
Beach Court,ビーチコート,1,0e5e9c85-befb-4767-b2e3-748891d46454,78
Beartic,ツンベアー,1,012f4320-fb6b-4541-b502-a185ca139451,33
Beast Bringer,ビーストブリンガー,1,a7880f19-342f-4727-8b28-2ad012936a2f,45
Beast Energy ◇,ビーストエネルギー,1,30503cd2-8ced-45f5-9b2f-acd3ee55c09a,172
Beast Ring,ビーストリング,1,30503cd2-8ced-45f5-9b2f-acd3ee55c09a,126
Beastite,ビーストナイト,1,4a261245-088f-4357-a2ff-6c7890e11543,86
Beautifly,アゲハント,1,54450e62-c2ee-4136-b175-6191e3a2acfc,6
Beauty,おとなのおねえさん,1,5ef17897-aa4b-47b6-ba3f-437267d27a85,70
Bede,ビート,1,e7364633-fbf1-400c-8da2-63b129f42c38,60
Beedrill,スピアー,1,80bdd6cc-3aa6-4299-b5b1-43a5f80af030,3
Beedrill Spirit Link,スピアーソウルリンク,1,a4b22717-7318-403a-8743-77bfda0624d7,113
Beedrill V,スピアーV,1,6e0a46c7-e469-4972-ba98-131cf67c7c94,1
Beedrill-EX,スピアーEX,1,a4b22717-7318-403a-8743-77bfda0624d7,1
Beheeyem,オーベム,1,248d92ee-d69e-493d-9d4b-0960134db32f,44
Beldum,ダンバル,1,ca93c4b2-7d37-4881-9306-c30f64a19b88,73
Bellelba & Brycen-Man,ジュジュベ&ハチクマン,1,30503cd2-8ced-45f5-9b2f-acd3ee55c09a,152
Bellibolt,ハラバリー,1,eb9a2ae1-f752-48e2-bd6e-4a3103023949,41
Bellibolt ex,ハラバリーex,1,34dac2ab-c4e1-429a-a8f7-a057ae021a67,25
Bellossom,キレイハナ,1,248d92ee-d69e-493d-9d4b-0960134db32f,3
Bellsprout,マダツボミ,1,234779b1-7c9a-442f-8f8e-de41d5de658c,1
Bent Spoon,ねじれたスプーン,1,738567d0-701f-448b-bba6-70a6b90dbcc4,73
Bergmite,カチコール,1,6e0a46c7-e469-4972-ba98-131cf67c7c94,24
Bewear,キテルグマ,1,67f367c1-a48d-4f82-8b03-0cea6da851bb,49
Bianca's Devotion,ベルのまごころ,1,1fea9ad9-1344-4423-b075-978401221f70,69
Bibarel,ビーダル,1,8c1bc8f3-39e4-4b18-a239-4b6b22df60a8,122
Bicycle,じてんしゃ,1,55fb9c24-1735-4a8c-b090-eebabf950f94,54
Bidoof,ビッパ,1,8c1bc8f3-39e4-4b18-a239-4b6b22df60a8,121
Big Air Balloon,大きなふうせん,1,bb411b0c-7378-4681-8d40-30958187c747,158
Big Charm,大きなおまもり,1,e7364633-fbf1-400c-8da2-63b129f42c38,56
Big Malasada,おおきいマラサダ,1,af81f07b-2345-4f9e-baf5-adfa2bcdb807,54
Big Parasol,ビッグパラソル,1,34f34ce8-d9b4-4c63-9460-a26290607bc5,66
Bill's Analysis,マサキの解析,1,8c3e90a2-295a-49ec-a166-fec75fe3fd8e,89
Bill's Maintenance,マサキのメンテナンス,1,1778f144-2fa0-4cf0-b7ed-b8a42a4f4526,64
Bill's Transfer,マサキの転送,1,bb411b0c-7378-4681-8d40-30958187c747,164
Billowing Smoke,もくもくスモーク,1,c82f1d3a-3f74-454a-9a22-8ee9ac53e4e8,93
Binacle,カメテテ,1,ca93c4b2-7d37-4881-9306-c30f64a19b88,60
Binding Mochi,くさりもち,1,0683c46d-715d-4978-bcac-223c867795ea,57
Bird Keeper,とりつかい,1,80bdd6cc-3aa6-4299-b5b1-43a5f80af030,155
Bisharp,キリキザン,1,012908fb-007c-486d-85ba-d2fcf10d833d,50
Blacephalon,ズガドーン,1,94db240f-1949-4c1e-9b92-12425aa31573,19
Blacephalon-GX,ズガドーンGX,1,30503cd2-8ced-45f5-9b2f-acd3ee55c09a,28
Black Kyurem,ブラックキュレム,1,4a261245-088f-4357-a2ff-6c7890e11543,25
Black Kyurem ex,ブラックキュレムex,1,154b30d7-3fc1-4322-af22-f39b9c881d45,11
Black Kyurem-EX,ブラックキュレムEX,1,eb0a6865-84ff-4f85-b031-54c9d4e4c14d,84
Black Market ◇,ブラックマーケット,1,30503cd2-8ced-45f5-9b2f-acd3ee55c09a,167
Blacksmith,鍛冶屋,1,a0688785-c0ff-43fa-84fa-48d14432b701,182
Blaine's Last Stand,カツラの一発勝負,1,80f62c95-9f01-4569-b25d-11f781e01a82,48
Blanche,ブランシェ,1,519974df-352f-47fe-a03f-04e3e551a5da,70
Blastoise,カメックス,1,30503cd2-8ced-45f5-9b2f-acd3ee55c09a,31
Blastoise & Piplup-GX,カメックス&ポッチャマGX,1,67f367c1-a48d-4f82-8b03-0cea6da851bb,16
Blastoise ex,カメックスex,1,bb411b0c-7378-4681-8d40-30958187c747,9
Blastoise Spirit Link,カメックスソウルリンク,1,13ac4f0e-0e0f-4ab3-9fa0-933a49903236,80
Blastoise-EX,カメックスEX,1,0f0b8f32-db0e-4bf1-9a12-e6692554debb,14
Blastoise-GX,カメックスGX,1,a7880f19-342f-4727-8b28-2ad012936a2f,10
Blaziken,バシャーモ,1,1778f144-2fa0-4cf0-b7ed-b8a42a4f4526,13
Blaziken V,バシャーモV,1,80bdd6cc-3aa6-4299-b5b1-43a5f80af030,19
Blaziken VMAX,バシャーモVMAX,1,80bdd6cc-3aa6-4299-b5b1-43a5f80af030,20
Blaziken-GX,バシャーモGX,1,02909cf1-28d7-484f-bede-01b7da714ab6,18
Blend Energy GFPD,ブレンドエネルギー 草炎超悪,1,790d2460-b945-4a62-ac80-f5a10254b191,50
Blend Energy WLFM,ブレンドエネルギー 水雷闘鋼,1,6b8faf93-bc0b-4539-aca0-5b0cdcba2d41,50
Blipbug,サッチムシ,1,6e0a46c7-e469-4972-ba98-131cf67c7c94,8
Blissey,ハピナス,1,234779b1-7c9a-442f-8f8e-de41d5de658c,43
Blissey ex,ハピナスex,1,aaae146c-17af-45fb-b9fb-165ca527fc03,85
Blissey V,ハピナスV,1,c56a482d-7434-4e00-bc54-16c38f187c4e,52
Blitzle,シママ,1,c56a482d-7434-4e00-bc54-16c38f187c4e,21
Blizzard Town,ブリザードタウン,1,03ce403b-f7de-460e-931e-27de38cd44ca,49
Bloodmoon Ursaluna,ガチグマ アカツキ,1,0683c46d-715d-4978-bcac-223c867795ea,25
Bloodmoon Ursaluna ex,ガチグマ アカツキex,1,97d0e77f-4340-44e3-9fb3-6e227b079a7d,52
Blue's Tactics,グリーンの戦略,1,14496d8f-d11f-4779-bc03-b5a0e25a8a4b,87
Bodybuilding Dumbbells,ムキムキダンベル,1,a8568729-9fae-4f33-bea1-c887bbc3f41a,48
Boldore,ガントル,1,af81f07b-2345-4f9e-baf5-adfa2bcdb807,30
Boltund,パルスワン,1,8cce95a2-f537-4156-907d-f331ce13b5d6,20
Boltund V,パルスワンV,1,a945665e-c81a-4c03-924d-624a07458341,34
Boltund VMAX,パルスワンVMAX,1,a945665e-c81a-4c03-924d-624a07458341,35
Bombirdier,オトシドリ,1,15f71d52-9415-472d-a5cb-2397e385979c,56
Bombirdier ex,オトシドリex,1,c5804d11-9c59-4cad-9061-0801b0ba0d9b,51
Bonnie,ユリーカ,1,adc82cca-bad7-4c21-88f1-14482564992e,90
Bonsly,ウソハチ,1,eb9a2ae1-f752-48e2-bd6e-4a3103023949,58
Boomerang Energy,ブーメランエネルギー,1,97d0e77f-4340-44e3-9fb3-6e227b079a7d,66
Boost Shake,ぐんぐんシェイク,1,a29ec842-6bdb-4f63-9b66-6d63ca4e67cf,60
Boss's Orders,ボスの指令 | ボスの指令(アカギ) | ボスの指令(ゲーチス) | ボスの指令(サカキ) | ボスの指令(フラダリ),5,8c1bc8f3-39e4-4b18-a239-4b6b22df60a8,161
Bouffalant,バッフロン,1,ca93c4b2-7d37-4881-9306-c30f64a19b88,89
Bouffalant ex,バッフロンex,1,02eba1f1-ab17-434f-b54f-3213cbb54ca3,75
Bounsweet,アマカジ,1,ec2d763e-ea05-4f77-ade2-b439f60a2adb,7
Box of Disaster,災いの箱,1,54450e62-c2ee-4136-b175-6191e3a2acfc,66
Boxed Order,おとりよせボックス,1,87789899-88a8-4a22-81d5-44cb932626af,61
Braixen,テールナー,1,012908fb-007c-486d-85ba-d2fcf10d833d,17
Brambleghast,アノホラグサ,1,e86bad58-b459-4ac3-a82c-a122cf1755d6,12
Bramblin,アノクサ,1,e86bad58-b459-4ac3-a82c-a122cf1755d6,10
Brandon,ジンダイ,1,248d92ee-d69e-493d-9d4b-0960134db32f,94
Brassius,コルサ,1,d89dc0ae-ec18-4b7e-a147-29ceffa71c2f,190
Brave Bangle,ブレイブバングル,1,02eba1f1-ab17-434f-b54f-3213cbb54ca3,82
Bravery Charm,勇気のおまもり,1,34dac2ab-c4e1-429a-a8f7-a057ae021a67,67
Braviary,ウォーグル,1,4a261245-088f-4357-a2ff-6c7890e11543,80
Brawly,トウキ,1,b8da2cc6-5a50-4b94-898d-bbb675e70c0a,69
Breloom,キノガッサ,1,a945665e-c81a-4c03-924d-624a07458341,5
Briar,ブライア,1,db8504f1-e9f0-4e60-954a-4818040cfe98,100
Brigette,アズサ,1,e2a21580-e660-4e87-921d-56dea35352aa,57
Brionne,オシャマリ,1,575b3ae4-5c0c-4abc-93f8-f1f4cc71974a,15
Brock's Grit,タケシのガッツ,1,8c3e90a2-295a-49ec-a166-fec75fe3fd8e,87
Brock's Scouting,タケシのスカウト,1,89da1d8e-b1db-45f2-8674-eed2ab01058b,96
Bronzong,ドータクン,1,54450e62-c2ee-4136-b175-6191e3a2acfc,52
Bronzong BREAK,ドータクンBREAK,1,a0688785-c0ff-43fa-84fa-48d14432b701,83
Bronzor,ドーミラー,1,54450e62-c2ee-4136-b175-6191e3a2acfc,51
Brooklet Hill,せせらぎの丘,1,a46aa9cd-922a-487f-a7f2-940f9a23ef57,50
Bruno,シバ,1,8cce95a2-f537-4156-907d-f331ce13b5d6,66
Brute Bonnet,アラブルタケ,1,41226239-da09-4293-b6a3-d53c92094bf5,53
Bruxish,ハギギシリ,1,af81f07b-2345-4f9e-baf5-adfa2bcdb807,16
Buddy-Buddy Poffin,なかよしポフィン,1,aaae146c-17af-45fb-b9fb-165ca527fc03,133
Budew,スボミー,1,d89dc0ae-ec18-4b7e-a147-29ceffa71c2f,1
Buff Padding,ムキムキパッド,1,8c3e90a2-295a-49ec-a166-fec75fe3fd8e,83
Bug Catching Set,むしとりセット,1,aaae146c-17af-45fb-b9fb-165ca527fc03,94
Buizel,ブイゼル,1,012f4320-fb6b-4541-b502-a185ca139451,28
Bulbasaur,フシギダネ,1,cc2feeb0-7efb-4265-9655-142f55afe232,1
Buneary,ミミロル,1,ca93c4b2-7d37-4881-9306-c30f64a19b88,87
Bunnelby,ホルビー,1,a945665e-c81a-4c03-924d-624a07458341,83
Burmy,ミノムッチ,1,012f4320-fb6b-4541-b502-a185ca139451,9
Burning Energy,バーニングエネルギー,1,ef6bc45c-08a8-4349-8017-1717b108d3c8,59
Burning Scarf,燃えるスカーフ,1,692e5d4f-0da6-4011-a12c-ffdb1309cba4,64
Bursting Balloon,炸裂バルーン,1,76c58458-b473-4806-9bb6-903a2d2a9b45,73
Butterfree,バタフリー,1,a945665e-c81a-4c03-924d-624a07458341,3
Butterfree V,バタフリーV,1,34f34ce8-d9b4-4c63-9460-a26290607bc5,1
Butterfree VMAX,バタフリーVMAX,1,34f34ce8-d9b4-4c63-9460-a26290607bc5,2
Buzzwole,マッシブーン,1,4a261245-088f-4357-a2ff-6c7890e11543,11
Buzzwole-GX,マッシブーンGX,1,133c791b-7cad-484f-843a-1fdb007af685,30
Cacnea,サボネア,1,8cce95a2-f537-4156-907d-f331ce13b5d6,1
Cacturne,ノクタス,1,8cce95a2-f537-4156-907d-f331ce13b5d6,2
Café Master,マスター,1,80bdd6cc-3aa6-4299-b5b1-43a5f80af030,159
Caitlin,カトレア,1,c56a482d-7434-4e00-bc54-16c38f187c4e,64
Calamitous Snowy Mountain,災いの雪山,1,e86bad58-b459-4ac3-a82c-a122cf1755d6,70
Calamitous Wasteland,災いの荒野,1,34dac2ab-c4e1-429a-a8f7-a057ae021a67,70
Calyrex,バドレックス,1,012908fb-007c-486d-85ba-d2fcf10d833d,11
Camerupt,バクーダ,1,03ce403b-f7de-460e-931e-27de38cd44ca,10
Camerupt-EX,バクーダEX,1,a0688785-c0ff-43fa-84fa-48d14432b701,12
Camping Gear,キャンプセット,1,8cce95a2-f537-4156-907d-f331ce13b5d6,63
Canceling Cologne,キャンセルコロン,1,0380eb72-bbcd-401c-ba09-fec23007efa7,63
Candela,キャンデラ,1,519974df-352f-47fe-a03f-04e3e551a5da,68
Candice,スズナ,1,248d92ee-d69e-493d-9d4b-0960134db32f,95
Capacious Bucket,たっぷりバケツ,1,80bdd6cc-3aa6-4299-b5b1-43a5f80af030,137
Cape of Toughness,タフネスマント,1,80bdd6cc-3aa6-4299-b5b1-43a5f80af030,143
Capsakid,カプサイジ,1,15f71d52-9415-472d-a5cb-2397e385979c,12
Capture Energy,キャプチャーエネルギー,1,80bdd6cc-3aa6-4299-b5b1-43a5f80af030,182
Capturing Aroma,キャプチャーアロマ,1,012908fb-007c-486d-85ba-d2fcf10d833d,60
Cara Liss,ウカッツ,1,43366684-3ba6-4b69-a815-9c96da64469d,191
Carbink,メレシー,1,6e0a46c7-e469-4972-ba98-131cf67c7c94,38
Carbink BREAK,メレシーBREAK,1,a0688785-c0ff-43fa-84fa-48d14432b701,67
Carefree Cat Toy,のんびりじゃらし,1,6d9ff692-c95f-40d8-aef9-58089eb14260,96
Caretaker,管理人,1,97d0e77f-4340-44e3-9fb3-6e227b079a7d,61
Carkol,トロッゴン,1,8cce95a2-f537-4156-907d-f331ce13b5d6,33
Carmine,ゼイユ,1,aaae146c-17af-45fb-b9fb-165ca527fc03,97
Carnivine,マスキッパ,1,012908fb-007c-486d-85ba-d2fcf10d833d,4
Carracosta,アバゴーラ,1,14496d8f-d11f-4779-bc03-b5a0e25a8a4b,17
Carvanha,キバニア,1,af81f07b-2345-4f9e-baf5-adfa2bcdb807,38
Cascoon,マユルド,1,54450e62-c2ee-4136-b175-6191e3a2acfc,7
Cassiopeia,カシオペア,1,0683c46d-715d-4978-bcac-223c867795ea,61
Cassius,クロケア,1,0f0b8f32-db0e-4bf1-9a12-e6692554debb,58
Castform,ポワルン,1,c56a482d-7434-4e00-bc54-16c38f187c4e,53
Castform Rainy Form,ポワルン あまみずのすがた,1,c56a482d-7434-4e00-bc54-16c38f187c4e,13
Castform Snowy Form,ポワルン ゆきぐものすがた,1,ec2d763e-ea05-4f77-ade2-b439f60a2adb,19
Castform Sunny Form,ポワルン たいようのすがた,1,ec2d763e-ea05-4f77-ade2-b439f60a2adb,11
Caterpie,キャタピー,1,a945665e-c81a-4c03-924d-624a07458341,1
Cedric Juniper,アララギパパ,1,eb0a6865-84ff-4f85-b031-54c9d4e4c14d,93
Celebi,セレビィ,1,14496d8f-d11f-4779-bc03-b5a0e25a8a4b,3
Celebi & Venusaur GX,セレビィ&フシギバナGX,1,8c3e90a2-295a-49ec-a166-fec75fe3fd8e,1
Celebi V,セレビィV,1,c56a482d-7434-4e00-bc54-16c38f187c4e,3
Celebi VMAX,セレビィVMAX,1,c56a482d-7434-4e00-bc54-16c38f187c4e,4
Celebi ◇,セレビィ,1,ac71e58e-df22-4e89-89a6-7e939bd6632a,15
Celebi-EX,セレビィEX,1,55fb9c24-1735-4a8c-b090-eebabf950f94,4
Celesteela,テッカグヤ,1,02909cf1-28d7-484f-bede-01b7da714ab6,58
Celesteela-GX,テッカグヤGX,1,02774e64-31dd-4b6c-a9b3-65c24144066e,71
Centiskorch,マルヤクデ,1,6d9ff692-c95f-40d8-aef9-58089eb14260,16
Centiskorch V,マルヤクデV,1,80bdd6cc-3aa6-4299-b5b1-43a5f80af030,22
Centiskorch VMAX,マルヤクデVMAX,1,80bdd6cc-3aa6-4299-b5b1-43a5f80af030,23
Ceruledge,ソウブレイズ,1,34dac2ab-c4e1-429a-a8f7-a057ae021a67,31
Ceruledge ex,ソウブレイズex,1,d89dc0ae-ec18-4b7e-a147-29ceffa71c2f,203
Cetitan,ハルクジラ,1,15f71d52-9415-472d-a5cb-2397e385979c,25
Cetitan ex,ハルクジラex,1,c747cf6e-7ba4-4ec5-8288-d40293a4565f,32
Cetoddle,アルクジラ,1,c747cf6e-7ba4-4ec5-8288-d40293a4565f,31
Chandelure,シャンデラ,1,0380eb72-bbcd-401c-ba09-fec23007efa7,14
Chandelure V,シャンデラV,1,a945665e-c81a-4c03-924d-624a07458341,14
Chandelure VMAX,シャンデラVMAX,1,a945665e-c81a-4c03-924d-624a07458341,15
Chandelure-EX,シャンデラEX,1,eb0a6865-84ff-4f85-b031-54c9d4e4c14d,61
Channeler,きとうし,1,14496d8f-d11f-4779-bc03-b5a0e25a8a4b,86
Chansey,ラッキー,1,234779b1-7c9a-442f-8f8e-de41d5de658c,42
Chaos Tower,カオスタワー,1,738567d0-701f-448b-bba6-70a6b90dbcc4,78
Chaotic Swell,混沌のうねり,1,4a261245-088f-4357-a2ff-6c7890e11543,91
Charcadet,カルボウ,1,0e5e9c85-befb-4767-b2e3-748891d46454,10
Charizard,リザードン,1,80bdd6cc-3aa6-4299-b5b1-43a5f80af030,17
Charizard & Braixen-GX,リザードン&テールナーGX,1,67f367c1-a48d-4f82-8b03-0cea6da851bb,8
Charizard ex,リザードンex,1,bb411b0c-7378-4681-8d40-30958187c747,6
Charizard Spirit Link,リザードンソウルリンク,1,13ac4f0e-0e0f-4ab3-9fa0-933a49903236,83
Charizard V,リザードンV,1,8c1bc8f3-39e4-4b18-a239-4b6b22df60a8,13
Charizard VSTAR,リザードンVSTAR,1,8c1bc8f3-39e4-4b18-a239-4b6b22df60a8,14
Charizard-EX,リザードンEX,1,6ba347c2-db70-4a00-bd67-01f48ceff2f5,11
Charizard-GX,リザードンGX,1,a8568729-9fae-4f33-bea1-c887bbc3f41a,11
Charjabug,デンヂムシ,1,a945665e-c81a-4c03-924d-624a07458341,32
Charmander,ヒトカゲ,1,80bdd6cc-3aa6-4299-b5b1-43a5f80af030,15
Charmeleon,リザード,1,80bdd6cc-3aa6-4299-b5b1-43a5f80af030,16
Chatot,ペラップ,1,012908fb-007c-486d-85ba-d2fcf10d833d,58
Cheren,チェレン,1,02eba1f1-ab17-434f-b54f-3213cbb54ca3,84
Cheren's Care,チェレンの気くばり,1,8c1bc8f3-39e4-4b18-a239-4b6b22df60a8,156
Cherish Ball,プレシャスボール,1,14496d8f-d11f-4779-bc03-b5a0e25a8a4b,113
Cherrim,チェリム,1,80bdd6cc-3aa6-4299-b5b1-43a5f80af030,6
Cherubi,チェリンボ,1,80bdd6cc-3aa6-4299-b5b1-43a5f80af030,5
Cheryl,モミ,1,8c1bc8f3-39e4-4b18-a239-4b6b22df60a8,163
Chesnaught,ブリガロン,1,0f0b8f32-db0e-4bf1-9a12-e6692554debb,9
Chesnaught BREAK,ブリガロンBREAK,1,ef6bc45c-08a8-4349-8017-1717b108d3c8,6
Chesnaught V,ブリガロンV,1,248d92ee-d69e-493d-9d4b-0960134db32f,9
Chespin,ハリマロン,1,0f0b8f32-db0e-4bf1-9a12-e6692554debb,7
Chewtle,カムカメ,1,db8504f1-e9f0-4e60-954a-4818040cfe98,25
Chi-Yu,イーユイ,1,41226239-da09-4293-b6a3-d53c92094bf5,16
Chi-Yu ex,イーユイex,1,34dac2ab-c4e1-429a-a8f7-a057ae021a67,16
Chien-Pao,パオジアン,1,1d6a22e1-15be-46ec-bfa4-71adffe1213e,21
Chien-Pao ex,パオジアンex,1,e86bad58-b459-4ac3-a82c-a122cf1755d6,28
Chikorita,チコリータ,1,ac71e58e-df22-4e89-89a6-7e939bd6632a,2
Chili & Cilan & Cress,ポッドとデントとコーン,1,a945665e-c81a-4c03-924d-624a07458341,98
Chimchar,ヒコザル,1,012f4320-fb6b-4541-b502-a185ca139451,19
Chimecho,チリーン,1,54450e62-c2ee-4136-b175-6191e3a2acfc,28
Chinchou,チョンチー,1,ca93c4b2-7d37-4881-9306-c30f64a19b88,35
Chip-Chip Ice Axe,ザクザクピッケル,1,94db240f-1949-4c1e-9b92-12425aa31573,80
Choice Band,こだわりハチマキ,1,575b3ae4-5c0c-4abc-93f8-f1f4cc71974a,49
Choice Belt,こだわりベルト,1,8c1bc8f3-39e4-4b18-a239-4b6b22df60a8,145
Choice Helmet,こだわりメット,1,ac71e58e-df22-4e89-89a6-7e939bd6632a,85
Choy,タイサイ,1,6e0a46c7-e469-4972-ba98-131cf67c7c94,66
Cilan,デント,1,eeb4f01f-3792-421f-9dc9-6a8799cd6a06,50
Cinccino,チラチーノ,1,012f4320-fb6b-4541-b502-a185ca139451,86
Cinderace,エースバーン,1,ec2d763e-ea05-4f77-ade2-b439f60a2adb,17
Cinderace ex,エースバーンex,1,db8504f1-e9f0-4e60-954a-4818040cfe98,18
Cinderace V,エースバーンV,1,692e5d4f-0da6-4011-a12c-ffdb1309cba4,16
Cinderace VMAX,エースバーンVMAX,1,692e5d4f-0da6-4011-a12c-ffdb1309cba4,17
Ciphermaniac's Codebreaking,暗号マニアの解読,1,1fea9ad9-1344-4423-b075-978401221f70,67
Circhester Bath,キルクス温泉,1,55532dfc-3744-4734-b6b3-db9157b43812,97
Clamperl,パールル,1,a945665e-c81a-4c03-924d-624a07458341,23
Clauncher,ウデッポウ,1,b86a7ec9-e8f7-4f8c-b4e4-757e2f1d54f6,7
Clavell,クラベル,1,af1234fc-0c84-4c51-ba4c-cc74829e2d03,67
Clawitzer,ブロスター,1,b86a7ec9-e8f7-4f8c-b4e4-757e2f1d54f6,8
Clay,ヤーコン,1,bf3433b6-5f29-4156-a1b7-c67eb119b52f,48
Claydol,ネンドール,1,248d92ee-d69e-493d-9d4b-0960134db32f,48
Cleansing Gloves,おはらいグローブ,1,80bdd6cc-3aa6-4299-b5b1-43a5f80af030,142
Clefable,ピクシー,1,54450e62-c2ee-4136-b175-6191e3a2acfc,20
Clefairy,ピッピ,1,54450e62-c2ee-4136-b175-6191e3a2acfc,19
Cleffa,ピィ,1,94db240f-1949-4c1e-9b92-12425aa31573,64
Clemont's Wit,シトロンの機転,1,6d9ff692-c95f-40d8-aef9-58089eb14260,103
Clive,ネルケ,1,2e3e2cf1-be86-4808-87f7-fe01973f0325,175
Clobbopus,タタッコ,1,c56a482d-7434-4e00-bc54-16c38f187c4e,42
Cloyster,パルシェン,1,c9f7833f-defe-4d99-b45a-33fcb5a1fb14,15
Coach Trainer,コーチトレーナー,1,4fc047cb-d0d5-4086-b6dd-8f0b1d5dad42,49
Coalossal,セキタンザン,1,8cce95a2-f537-4156-907d-f331ce13b5d6,34
Coalossal V,セキタンザンV,1,5ef17897-aa4b-47b6-ba3f-437267d27a85,42
Coalossal VMAX,セキタンザンVMAX,1,5ef17897-aa4b-47b6-ba3f-437267d27a85,43
Coating Metal Energy,コーティング鋼エネルギー,1,80bdd6cc-3aa6-4299-b5b1-43a5f80af030,178
Cobalion,コバルオン,1,248d92ee-d69e-493d-9d4b-0960134db32f,68
Cobalion-EX,コバルオンEX,1,d80a5f18-cad8-457f-90e6-3fbfd527f8c2,49
Cobalion-GX,コバルオンGX,1,424e31c9-b164-41cc-bc8b-67667edfab53,41
Cofagrigus,デスカーン,1,02eba1f1-ab17-434f-b54f-3213cbb54ca3,37
Cofagrigus ex,デスカーンex,1,41226239-da09-4293-b6a3-d53c92094bf5,31
Colbur Berry,ナモのみ,1,6d9ff692-c95f-40d8-aef9-58089eb14260,99
Collapsed Stadium,崩れたスタジアム,1,ca93c4b2-7d37-4881-9306-c30f64a19b88,127
Colress,アクロマ,1,d80a5f18-cad8-457f-90e6-3fbfd527f8c2,64
Colress Machine,アクロママシーン,1,d80a5f18-cad8-457f-90e6-3fbfd527f8c2,62
Colress's Experiment,アクロマの実験,1,ca93c4b2-7d37-4881-9306-c30f64a19b88,95
Colress's Tenacity,アクロマの執念,1,0683c46d-715d-4978-bcac-223c867795ea,59
Combee,ミツハニー,1,0380eb72-bbcd-401c-ba09-fec23007efa7,8
Combusken,ワカシャモ,1,1778f144-2fa0-4cf0-b7ed-b8a42a4f4526,12
Comfey,キュワワー,1,ca93c4b2-7d37-4881-9306-c30f64a19b88,49
Community Center,公民館,1,97d0e77f-4340-44e3-9fb3-6e227b079a7d,65
Computer Search,パソコン通信,1,55fb9c24-1735-4a8c-b090-eebabf950f94,58
Conkeldurr,ローブシン,1,1b0c8034-f89e-45bd-9339-da3e9963ce3f,52
Conkeldurr V,ローブシンV,1,519974df-352f-47fe-a03f-04e3e551a5da,40
Copperajah,ダイオウドウ,1,b86a7ec9-e8f7-4f8c-b4e4-757e2f1d54f6,39
Copperajah ex,ダイオウドウex,1,e86bad58-b459-4ac3-a82c-a122cf1755d6,54
Copperajah V,ダイオウドウV,1,7d28ee74-f539-44c6-9aa1-1af5bf6c65aa,75
Copperajah VMAX,ダイオウドウVMAX,1,7d28ee74-f539-44c6-9aa1-1af5bf6c65aa,76
Copycat,モノマネむすめ,1,b86a7ec9-e8f7-4f8c-b4e4-757e2f1d54f6,65
Cornerstone Mask Ogerpon,オーガポン いしずえのめん,1,562e3ff7-4148-430b-8ea4-e1308f56d05e,49
Cornerstone Mask Ogerpon ex,オーガポン いしずえのめんex,1,aaae146c-17af-45fb-b9fb-165ca527fc03,65
Corphish,ヘイガニ,1,012f4320-fb6b-4541-b502-a185ca139451,23
Corsola,サニーゴ,1,af81f07b-2345-4f9e-baf5-adfa2bcdb807,12
Corviknight,アーマーガア,1,a945665e-c81a-4c03-924d-624a07458341,73
Corviknight V,アーマーガアV,1,80bdd6cc-3aa6-4299-b5b1-43a5f80af030,115
Corviknight VMAX,アーマーガアVMAX,1,80bdd6cc-3aa6-4299-b5b1-43a5f80af030,116
Corvisquire,アオガラス,1,a945665e-c81a-4c03-924d-624a07458341,88
Cosmoem,コスモウム,1,4a261245-088f-4357-a2ff-6c7890e11543,38
Cosmog,コスモッグ,1,4a261245-088f-4357-a2ff-6c7890e11543,36
Cottonee,モンメン,1,94db240f-1949-4c1e-9b92-12425aa31573,65
Counter Catcher,カウンターキャッチャー,1,133c791b-7cad-484f-843a-1fdb007af685,46
Counter Energy,カウンターエネルギー,1,9f635209-aec1-4acf-84b7-8e77e6be7bc0,50
Counter Gain,カウンターゲイン,1,30503cd2-8ced-45f5-9b2f-acd3ee55c09a,139
Cover Fossil,ふたの化石,1,57924c09-76eb-4558-9b20-3158526e6c65,63
Crabominable,ケケンカニ,1,c56a482d-7434-4e00-bc54-16c38f187c4e,41
Crabominable V,ケケンカニV,1,a945665e-c81a-4c03-924d-624a07458341,26
Crabrawler,マケンカニ,1,c56a482d-7434-4e00-bc54-16c38f187c4e,40
Cradily,ユレイドル,1,4a261245-088f-4357-a2ff-6c7890e11543,4
Cramorant,ウッウ,1,ca93c4b2-7d37-4881-9306-c30f64a19b88,33
Cramorant V,ウッウV,1,43366684-3ba6-4b69-a815-9c96da64469d,155
Cranidos,ズガイドス,1,4faa5ea4-2af5-4aea-8154-3d8eac93ff68,34
Crasher Wake,マキシ,1,7b4aebdd-ad4e-4fd2-a4a1-50ed98bc4e51,46
Crawdaunt,シザリガー,1,012f4320-fb6b-4541-b502-a185ca139451,24
Cresselia,クレセリア,1,c56a482d-7434-4e00-bc54-16c38f187c4e,29
Cresselia-EX,クレセリアEX,1,b0253502-abfb-4157-a4fc-41821a8bd9f6,27
Crispin,アカマツ,1,db8504f1-e9f0-4e60-954a-4818040cfe98,97
Croagunk,グレッグル,1,54450e62-c2ee-4136-b175-6191e3a2acfc,48
Crobat,クロバット,1,54450e62-c2ee-4136-b175-6191e3a2acfc,43
Crobat V,クロバットV,1,80bdd6cc-3aa6-4299-b5b1-43a5f80af030,99
Crobat VMAX,クロバットVMAX,1,43366684-3ba6-4b69-a815-9c96da64469d,109
Crocalor,アチゲータ,1,af1234fc-0c84-4c51-ba4c-cc74829e2d03,19
Croconaw,アリゲイツ,1,a945665e-c81a-4c03-924d-624a07458341,21
Cross Switcher,クロススイッチャー,1,a945665e-c81a-4c03-924d-624a07458341,90
Crossceiver,クロスシーバー,1,a945665e-c81a-4c03-924d-624a07458341,89
Crushing Gloves,ブレイクグローブ,1,ec2d763e-ea05-4f77-ade2-b439f60a2adb,64
Crushing Hammer,クラッシュハンマー,1,c9f7833f-defe-4d99-b45a-33fcb5a1fb14,53
Crustle,イワパレス,1,ec2d763e-ea05-4f77-ade2-b439f60a2adb,4
Cryogonal,フリージオ,1,03ce403b-f7de-460e-931e-27de38cd44ca,18
Crystal Cave,結晶の洞窟,1,b86a7ec9-e8f7-4f8c-b4e4-757e2f1d54f6,66
Crystal Edge,クリスタルエッジ,1,55fb9c24-1735-4a8c-b090-eebabf950f94,59
Crystal Wall,クリスタルウォール,1,b0253502-abfb-4157-a4fc-41821a8bd9f6,59
Cubchoo,クマシュン,1,012f4320-fb6b-4541-b502-a185ca139451,32
Cubone,カラカラ,1,94db240f-1949-4c1e-9b92-12425aa31573,45
Cufant,ゾウドウ,1,b86a7ec9-e8f7-4f8c-b4e4-757e2f1d54f6,38
Cursed Duster,のろいのはたき,1,1d6a22e1-15be-46ec-bfa4-71adffe1213e,61
Cursed Shovel,のろいのスコップ,1,7d28ee74-f539-44c6-9aa1-1af5bf6c65aa,89
Custom Catcher,カスタムキャッチャー,1,30503cd2-8ced-45f5-9b2f-acd3ee55c09a,120
Cutiefly,アブリー,1,c56a482d-7434-4e00-bc54-16c38f187c4e,34
Cycling Road,サイクリングロード,1,bb411b0c-7378-4681-8d40-30958187c747,165
Cyclizar,モトトカゲ,1,15f71d52-9415-472d-a5cb-2397e385979c,68
Cyclizar ex,モトトカゲex,1,154b30d7-3fc1-4322-af22-f39b9c881d45,51
Cyllene,シマボシ,1,0380eb72-bbcd-401c-ba09-fec23007efa7,64
Cyndaquil,ヒノアラシ,1,ac71e58e-df22-4e89-89a6-7e939bd6632a,16
Cynthia,シロナ,1,94db240f-1949-4c1e-9b92-12425aa31573,95
Cynthia & Caitlin,シロナ&カトレア,1,4a261245-088f-4357-a2ff-6c7890e11543,88
Cynthia's Ambition,シロナの覇気,1,8c1bc8f3-39e4-4b18-a239-4b6b22df60a8,153
Cynthia's Feebas,シロナのヒンバス,1,562e3ff7-4148-430b-8ea4-e1308f56d05e,28
Cynthia's Gabite,シロナのガバイト,1,562e3ff7-4148-430b-8ea4-e1308f56d05e,43
Cynthia's Garchomp ex,シロナのガブリアスex,1,562e3ff7-4148-430b-8ea4-e1308f56d05e,44
Cynthia's Gible,シロナのフカマル,1,562e3ff7-4148-430b-8ea4-e1308f56d05e,42
Cynthia's Milotic,シロナのミロカロス,1,562e3ff7-4148-430b-8ea4-e1308f56d05e,29
Cynthia's Power Weight,シロナのパワーウエイト,1,562e3ff7-4148-430b-8ea4-e1308f56d05e,60
Cynthia's Roselia,シロナのロゼリア,1,562e3ff7-4148-430b-8ea4-e1308f56d05e,4
Cynthia's Roserade,シロナのロズレイド,1,562e3ff7-4148-430b-8ea4-e1308f56d05e,5
Cynthia's Spiritomb,シロナのミカルゲ,1,562e3ff7-4148-430b-8ea4-e1308f56d05e,50
Cyrano,シアノ,1,6d9ff692-c95f-40d8-aef9-58089eb14260,102
Cyrus ◇,アカギ,1,30503cd2-8ced-45f5-9b2f-acd3ee55c09a,144
Dachsbun,バウッツェル,1,0e5e9c85-befb-4767-b2e3-748891d46454,34
Dachsbun ex,バウッツェルex,1,db8504f1-e9f0-4e60-954a-4818040cfe98,46
Daisy's Help,ナナミの手助け,1,bb411b0c-7378-4681-8d40-30958187c747,163
Damage Mover,ダメージムーバー,1,cc2feeb0-7efb-4265-9655-142f55afe232,63
Damage Pump,ダメージポンプ,1,54450e62-c2ee-4136-b175-6191e3a2acfc,64
Dan,ダンペイ,1,7d28ee74-f539-44c6-9aa1-1af5bf6c65aa,91
Dana,ラジュルネ,1,312d4099-d563-4221-b523-a8ab2cf9c24e,138
Dancer,ダンサー,1,a945665e-c81a-4c03-924d-624a07458341,97
Dangerous Drill,デンジャラスドリル,1,424e31c9-b164-41cc-bc8b-67667edfab53,48
Dangerous Laser,デンジャラス光線,1,0683c46d-715d-4978-bcac-223c867795ea,54
Dark City,ナイトシティ,1,f1e926cc-29d1-4214-b949-836beb3a827c,30
Dark Claw,悪のツメ,1,20672802-91f9-40b4-909f-312ffba0dd5b,67
Dark Patch,ダークパッチ,1,54450e62-c2ee-4136-b175-6191e3a2acfc,98
Darkness Energy,基本悪エネルギー,1,30503cd2-8ced-45f5-9b2f-acd3ee55c09a,208
Darkrai,ダークライ,1,6e0a46c7-e469-4972-ba98-131cf67c7c94,45
Darkrai VSTAR,ダークライVSTAR,1,8c1bc8f3-39e4-4b18-a239-4b6b22df60a8,228
Darkrai ◇,ダークライ,1,30503cd2-8ced-45f5-9b2f-acd3ee55c09a,77
Darkrai-EX,ダークライEX,1,eb0a6865-84ff-4f85-b031-54c9d4e4c14d,72
Darkrai-GX,ダークライGX,1,25678826-2811-4bff-9b3a-26e10c5db48c,40
Darmanitan,ヒヒダルマ,1,94db240f-1949-4c1e-9b92-12425aa31573,11
Dartrix,フクスロー,1,6e0a46c7-e469-4972-ba98-131cf67c7c94,7
Darumaka,ダルマッカ,1,94db240f-1949-4c1e-9b92-12425aa31573,10
Dashing Pouch,ダッシュポーチ,1,9f635209-aec1-4acf-84b7-8e77e6be7bc0,46
Dawn Wings Necrozma,ネクロズマ あかつきのつばさ,1,7b4aebdd-ad4e-4fd2-a4a1-50ed98bc4e51,21
Dawn Wings Necrozma-GX,ネクロズマ あかつきのつばさGX,1,4faa5ea4-2af5-4aea-8154-3d8eac93ff68,33
Decidueye,ジュナイパー,1,4a261245-088f-4357-a2ff-6c7890e11543,10
Decidueye-GX,ジュナイパーGX,1,575b3ae4-5c0c-4abc-93f8-f1f4cc71974a,3
Dedenne,デデンネ,1,248d92ee-d69e-493d-9d4b-0960134db32f,45
Dedenne ex,デデンネex,1,af1234fc-0c84-4c51-ba4c-cc74829e2d03,38
Dedenne-GX,デデンネGX,1,30503cd2-8ced-45f5-9b2f-acd3ee55c09a,48
Deduction Set,推理セット,1,6d9ff692-c95f-40d8-aef9-58089eb14260,94
Deerling,シキジカ,1,ec2d763e-ea05-4f77-ade2-b439f60a2adb,5
Defiance Band,まけんきハチマキ,1,0e5e9c85-befb-4767-b2e3-748891d46454,73
Defiance Vest,まけんきチョッキ,1,41226239-da09-4293-b6a3-d53c92094bf5,62
Deino,モノズ,1,b86a7ec9-e8f7-4f8c-b4e4-757e2f1d54f6,42
Delcatty,エネコロロ,1,a945665e-c81a-4c03-924d-624a07458341,82
Delibird,デリバード,1,234779b1-7c9a-442f-8f8e-de41d5de658c,14
Delinquent,こわいおねえさん,1,a0688785-c0ff-43fa-84fa-48d14432b701,184
Delivery Drone,おとどけドローン,1,34dac2ab-c4e1-429a-a8f7-a057ae021a67,66
Delphox,マフォクシー,1,012908fb-007c-486d-85ba-d2fcf10d833d,18
Delphox BREAK,マフォクシーBREAK,1,738567d0-701f-448b-bba6-70a6b90dbcc4,12
Delphox V,マフォクシーV,1,ca93c4b2-7d37-4881-9306-c30f64a19b88,17
Deluxe Bomb,デラックスボム,1,db8504f1-e9f0-4e60-954a-4818040cfe98,96
Dendra,キハダ,1,af1234fc-0c84-4c51-ba4c-cc74829e2d03,66
Deoxys,デオキシス,1,8c1bc8f3-39e4-4b18-a239-4b6b22df60a8,60
Deoxys VMAX,デオキシスVMAX,1,8c1bc8f3-39e4-4b18-a239-4b6b22df60a8,222
Deoxys VSTAR,デオキシスVSTAR,1,8c1bc8f3-39e4-4b18-a239-4b6b22df60a8,223
Deoxys-EX,デオキシスEX,1,3b23961b-060c-4eec-b215-11dcd659f7a9,25
Devolution Spray,退化スプレー,1,790d2460-b945-4a62-ac80-f5a10254b191,48
Devolution Spray Z,退化スプレーZ,1,a7880f19-342f-4727-8b28-2ad012936a2f,44
Devoured Field,喰いつくされた原野,1,9f635209-aec1-4acf-84b7-8e77e6be7bc0,49
Dewgong,ジュゴン,1,ca93c4b2-7d37-4881-9306-c30f64a19b88,21
Dewott,フタチマル,1,02eba1f1-ab17-434f-b54f-3213cbb54ca3,19
Dewpider,シズクモ,1,ca93c4b2-7d37-4881-9306-c30f64a19b88,31
Dhelmise,ダダリン,1,67f367c1-a48d-4f82-8b03-0cea6da851bb,29
Dhelmise V,ダダリンV,1,e7364633-fbf1-400c-8da2-63b129f42c38,4
Dialga,ディアルガ,1,b86a7ec9-e8f7-4f8c-b4e4-757e2f1d54f6,41
Dialga-EX,ディアルガEX,1,2f7aa653-531c-4744-b532-e3fead1dfa1f,53
Dialga-GX,ディアルガGX,1,7b4aebdd-ad4e-4fd2-a4a1-50ed98bc4e51,35
Diancie,ディアンシー,1,8c1bc8f3-39e4-4b18-a239-4b6b22df60a8,63
Diancie ◇,ディアンシー,1,30503cd2-8ced-45f5-9b2f-acd3ee55c09a,70
Diantha,カルネ,1,30503cd2-8ced-45f5-9b2f-acd3ee55c09a,148
Diggersby,ホルード,1,a945665e-c81a-4c03-924d-624a07458341,84
Digging Gloves,穴掘りグローブ,1,b86a7ec9-e8f7-4f8c-b4e4-757e2f1d54f6,60
Diglett,ディグダ,1,94db240f-1949-4c1e-9b92-12425aa31573,43
Dimension Valley,次元の谷,1,c5895636-5372-42da-a880-777a0a52416a,87
Dipplin,カミッチュ,1,97d0e77f-4340-44e3-9fb3-6e227b079a7d,49
Ditto,メタモン,1,8c1bc8f3-39e4-4b18-a239-4b6b22df60a8,117
Ditto V,メタモンV,1,43366684-3ba6-4b69-a815-9c96da64469d,140
Ditto VMAX,メタモンVMAX,1,43366684-3ba6-4b69-a815-9c96da64469d,141
Ditto ◇,メタモン,1,30503cd2-8ced-45f5-9b2f-acd3ee55c09a,108
Dive Ball,ダイブボール,1,a03039bf-3a15-4b15-9d4f-634488fa9e48,62
Doctor,ドクター,1,ec2d763e-ea05-4f77-ade2-b439f60a2adb,66
Dodrio,ドードリオ,1,94db240f-1949-4c1e-9b92-12425aa31573,71
Doduo,ドードー,1,94db240f-1949-4c1e-9b92-12425aa31573,70
Dolliv,オリーニョ,1,c747cf6e-7ba4-4ec5-8288-d40293a4565f,11
Dome Fossil Kabuto,こうらの化石 カブト,1,738567d0-701f-448b-bba6-70a6b90dbcc4,70
Dondozo,ヘイラッシャ,1,0e5e9c85-befb-4767-b2e3-748891d46454,21
Dondozo ex,ヘイラッシャex,1,562e3ff7-4148-430b-8ea4-e1308f56d05e,32
Donphan,ドンファン,1,ca93c4b2-7d37-4881-9306-c30f64a19b88,59
Dottler,レドームシ,1,6e0a46c7-e469-4972-ba98-131cf67c7c94,9
Doublade,ニダンギル,1,8cce95a2-f537-4156-907d-f331ce13b5d6,52
Double Aqua Energy,ダブルアクアエネルギー,1,cbbbd49a-cc8b-4bbe-83f2-29ebc09f25e3,33
Double Colorless Energy,ダブル無色エネルギー,1,575b3ae4-5c0c-4abc-93f8-f1f4cc71974a,67
Double Magma Energy,ダブルマグマエネルギー,1,cbbbd49a-cc8b-4bbe-83f2-29ebc09f25e3,34
Double Turbo Energy,ダブルターボエネルギー,1,6e0a46c7-e469-4972-ba98-131cf67c7c94,88
Dowsing Machine,ダウジングマシン,1,d80a5f18-cad8-457f-90e6-3fbfd527f8c2,69
Dracovish,ウオノラゴン,1,43366684-3ba6-4b69-a815-9c96da64469d,50
Dracozolt,パッチラゴン,1,43366684-3ba6-4b69-a815-9c96da64469d,63
Dracozolt V,パッチラゴンV,1,b8da2cc6-5a50-4b94-898d-bbb675e70c0a,23
Dracozolt VMAX,パッチラゴンVMAX,1,b8da2cc6-5a50-4b94-898d-bbb675e70c0a,24
Dragalge,ドラミドロ,1,248d92ee-d69e-493d-9d4b-0960134db32f,61
Dragapult,ドラパルト,1,ca93c4b2-7d37-4881-9306-c30f64a19b88,54
Dragapult ex,ドラパルトex,1,aaae146c-17af-45fb-b9fb-165ca527fc03,81
Dragapult V,ドラパルトV,1,43366684-3ba6-4b69-a815-9c96da64469d,88
Dragapult VMAX,ドラパルトVMAX,1,43366684-3ba6-4b69-a815-9c96da64469d,89
Dragon Potion,竜の秘薬,1,154b30d7-3fc1-4322-af22-f39b9c881d45,57
Dragon Talon,竜の鉤爪,1,80f62c95-9f01-4569-b25d-11f781e01a82,46
Dragonair,ハクリュー,1,248d92ee-d69e-493d-9d4b-0960134db32f,71
Dragonite,カイリュー,1,248d92ee-d69e-493d-9d4b-0960134db32f,72
Dragonite V,カイリューV,1,519974df-352f-47fe-a03f-04e3e551a5da,49
Dragonite VSTAR,カイリューVSTAR,1,519974df-352f-47fe-a03f-04e3e551a5da,50
Dragonite-EX,カイリューEX,1,18513f31-8b41-4783-9b7b-43ea49365192,69
Dragonite-GX,カイリューGX,1,14496d8f-d11f-4779-bc03-b5a0e25a8a4b,69
Drakloak,ドロンチ,1,ca93c4b2-7d37-4881-9306-c30f64a19b88,53
Drampa,ジジーロン,1,8cce95a2-f537-4156-907d-f331ce13b5d6,60
Drampa-GX,ジジーロンGX,1,575b3ae4-5c0c-4abc-93f8-f1f4cc71974a,42
Drapion,ドラピオン,1,14496d8f-d11f-4779-bc03-b5a0e25a8a4b,56
Drapion V,ドラピオンV,1,ca93c4b2-7d37-4881-9306-c30f64a19b88,66
Drapion VSTAR,ドラピオンVSTAR,1,ca93c4b2-7d37-4881-9306-c30f64a19b88,67
Drasna,ドラセナ,1,154b30d7-3fc1-4322-af22-f39b9c881d45,62
Dratini,ミニリュウ,1,248d92ee-d69e-493d-9d4b-0960134db32f,70
Draw Energy,ドローエネルギー,1,67f367c1-a48d-4f82-8b03-0cea6da851bb,60
Drayton,カキツバタ,1,154b30d7-3fc1-4322-af22-f39b9c881d45,60
Dream Ball,ドリームボール,1,a29ec842-6bdb-4f63-9b66-6d63ca4e67cf,61
Drednaw,カジリガメ,1,db8504f1-e9f0-4e60-954a-4818040cfe98,26
Drednaw V,カジリガメV,1,c82f1d3a-3f74-454a-9a22-8ee9ac53e4e8,26
Drednaw VMAX,カジリガメVMAX,1,c82f1d3a-3f74-454a-9a22-8ee9ac53e4e8,27
Dreepy,ドラメシヤ,1,ca93c4b2-7d37-4881-9306-c30f64a19b88,52
Drifblim,フワライド,1,4fc047cb-d0d5-4086-b6dd-8f0b1d5dad42,15
Drifloon,フワンテ,1,4fc047cb-d0d5-4086-b6dd-8f0b1d5dad42,14
Drilbur,モグリュー,1,a945665e-c81a-4c03-924d-624a07458341,57
Drizzile,ジメレオン,1,80bdd6cc-3aa6-4299-b5b1-43a5f80af030,37
Drone Rotom,ドローンロトム,1,55532dfc-3744-4734-b6b3-db9157b43812,90
Drowzee,スリープ,1,ca93c4b2-7d37-4881-9306-c30f64a19b88,42
Druddigon,クリムガン,1,80bdd6cc-3aa6-4299-b5b1-43a5f80af030,121
Dubwool,バイウールー,1,b86a7ec9-e8f7-4f8c-b4e4-757e2f1d54f6,55
Dubwool V,バイウールーV,1,43366684-3ba6-4b69-a815-9c96da64469d,154
Ducklett,コアルヒー,1,4a261245-088f-4357-a2ff-6c7890e11543,23
Dudunsparce,ノココッチ,1,e86bad58-b459-4ac3-a82c-a122cf1755d6,57
Dudunsparce ex,ノココッチex,1,89da1d8e-b1db-45f2-8674-eed2ab01058b,79
Dugtrio,ダグトリオ,1,94db240f-1949-4c1e-9b92-12425aa31573,44
Dunsparce,ノコッチ,1,8c1bc8f3-39e4-4b18-a239-4b6b22df60a8,118
Duosion,ダブラン,1,248d92ee-d69e-493d-9d4b-0960134db32f,41
Duraludon,ジュラルドン,1,db8504f1-e9f0-4e60-954a-4818040cfe98,72
Duraludon V,ジュラルドンV,1,b86a7ec9-e8f7-4f8c-b4e4-757e2f1d54f6,48
Duraludon VMAX,ジュラルドンVMAX,1,b86a7ec9-e8f7-4f8c-b4e4-757e2f1d54f6,49
Durant,アイアント,1,ca93c4b2-7d37-4881-9306-c30f64a19b88,10
Durant ex,アイアントex,1,6d9ff692-c95f-40d8-aef9-58089eb14260,3
Dusclops,サマヨール,1,8c1bc8f3-39e4-4b18-a239-4b6b22df60a8,58
Dusk Ball,ダークボール,1,154b30d7-3fc1-4322-af22-f39b9c881d45,54
Dusk Mane Necrozma,ネクロズマ たそがれのたてがみ,1,7b4aebdd-ad4e-4fd2-a4a1-50ed98bc4e51,36
Dusk Mane Necrozma-GX,ネクロズマ たそがれのたてがみGX,1,85624ae1-7bf6-4f09-a3c7-d3af5f65893a,44
Dusk Stone,やみのいし,1,94db240f-1949-4c1e-9b92-12425aa31573,84
Dusknoir,ヨノワール,1,8c1bc8f3-39e4-4b18-a239-4b6b22df60a8,59
Duskull,ヨマワル,1,8c1bc8f3-39e4-4b18-a239-4b6b22df60a8,57
Dust Island,ダストアイランド,1,94db240f-1949-4c1e-9b92-12425aa31573,90
Dustox,ドクケイル,1,54450e62-c2ee-4136-b175-6191e3a2acfc,8
Dwebble,イシズマイ,1,ec2d763e-ea05-4f77-ade2-b439f60a2adb,3
Dyna Tree Hill,ダイ木の丘,1,b8da2cc6-5a50-4b94-898d-bbb675e70c0a,70
Earthen Seal Stone,大地の封印石,1,248d92ee-d69e-493d-9d4b-0960134db32f,91
Earthen Vessel,大地の器,1,41226239-da09-4293-b6a3-d53c92094bf5,60
Echoing Horn,やまびこホーン,1,c56a482d-7434-4e00-bc54-16c38f187c4e,94
Eelektrik,シビビール,1,ca93c4b2-7d37-4881-9306-c30f64a19b88,40
Eelektross,シビルドン,1,ca93c4b2-7d37-4881-9306-c30f64a19b88,41
Eevee,イーブイ,1,6e0a46c7-e469-4972-ba98-131cf67c7c94,54
Eevee & Snorlax-GX,イーブイ&カビゴンGX,1,8c3e90a2-295a-49ec-a166-fec75fe3fd8e,66
Eevee ex,イーブイex,1,d89dc0ae-ec18-4b7e-a147-29ceffa71c2f,126
Eevee-GX,イーブイGX,1,30503cd2-8ced-45f5-9b2f-acd3ee55c09a,187
Egg Incubator,ふかそうち,1,519974df-352f-47fe-a03f-04e3e551a5da,65
Eiscue,コオリッポ,1,b86a7ec9-e8f7-4f8c-b4e4-757e2f1d54f6,9
Eiscue ex,コオリッポex,1,eb9a2ae1-f752-48e2-bd6e-4a3103023949,20
Ekans,アーボ,1,03ce403b-f7de-460e-931e-27de38cd44ca,25
Eldegoss,ワタシラガ,1,db8504f1-e9f0-4e60-954a-4818040cfe98,9
Eldegoss V,ワタシラガV,1,43366684-3ba6-4b69-a815-9c96da64469d,16
Electabuzz,エレブー,1,8c1bc8f3-39e4-4b18-a239-4b6b22df60a8,34
Electivire,エレキブル,1,8c1bc8f3-39e4-4b18-a239-4b6b22df60a8,35
Electivire ex,エレキブルex,1,562e3ff7-4148-430b-8ea4-e1308f56d05e,35
Electric Generator,エレキジェネレーター,1,15f71d52-9415-472d-a5cb-2397e385979c,69
Electric Memory,エレクトロメモリ,1,02774e64-31dd-4b6c-a9b3-65c24144066e,99
Electrike,ラクライ,1,02909cf1-28d7-484f-bede-01b7da714ab6,33
Electrocharger,エレキチャージャー,1,424e31c9-b164-41cc-bc8b-67667edfab53,46
Electrode,マルマイン,1,c56a482d-7434-4e00-bc54-16c38f187c4e,92
Electrode-GX,マルマインGX,1,1778f144-2fa0-4cf0-b7ed-b8a42a4f4526,22
Electromagnetic Radar,電磁レーダー,1,30503cd2-8ced-45f5-9b2f-acd3ee55c09a,123
Electropower,エレキパワー,1,30503cd2-8ced-45f5-9b2f-acd3ee55c09a,118
Elekid,エレキッド,1,1d6a22e1-15be-46ec-bfa4-71adffe1213e,22
Elemental Badge,エレメンタルバッジ,1,a29ec842-6bdb-4f63-9b66-6d63ca4e67cf,62
Elesa's Sparkle,カミツレのきらめき,1,8c1bc8f3-39e4-4b18-a239-4b6b22df60a8,150
Elgyem,リグレー,1,248d92ee-d69e-493d-9d4b-0960134db32f,43
Emboar,エンブオー,1,8cce95a2-f537-4156-907d-f331ce13b5d6,12
Emcee's Excitement,MCの盛り上げ,1,562e3ff7-4148-430b-8ea4-e1308f56d05e,61
Emergency Jelly,きんきゅうゼリー,1,012908fb-007c-486d-85ba-d2fcf10d833d,62
Emolga,エモンガ,1,ca93c4b2-7d37-4881-9306-c30f64a19b88,38
Emolga-EX,エモンガEX,1,0f0b8f32-db0e-4bf1-9a12-e6692554debb,23
Empoleon,エンペルト,1,012f4320-fb6b-4541-b502-a185ca139451,27
Empoleon V,エンペルトV,1,db89ab0e-03c2-433a-bbc0-771d17066a54,26
Enamorus,ラブトロス,1,97d0e77f-4340-44e3-9fb3-6e227b079a7d,39
Enamorus V,ラブトロスV,1,54450e62-c2ee-4136-b175-6191e3a2acfc,31
Eneporter,エネポーター,1,adc82cca-bad7-4c21-88f1-14482564992e,76
Energy Coin,エネルギーコイン,1,1b0c8034-f89e-45bd-9339-da3e9963ce3f,79
Energy Loto,エネくじ,1,6e0a46c7-e469-4972-ba98-131cf67c7c94,60
Energy Pouch,エネルギーポーチ,1,738567d0-701f-448b-bba6-70a6b90dbcc4,72
Energy Recycle System,エネルギー循環装置,1,1778f144-2fa0-4cf0-b7ed-b8a42a4f4526,52
Energy Recycler,エネルギーリサイクル,1,575b3ae4-5c0c-4abc-93f8-f1f4cc71974a,43
Energy Retrieval,エネルギー回収,1,67f367c1-a48d-4f82-8b03-0cea6da851bb,50
Energy Search,エネルギー転送,1,80bafe30-b936-4474-87c8-2bea79d320a4,17
Energy Search PRO,エネルギー転送PRO,1,154b30d7-3fc1-4322-af22-f39b9c881d45,52
Energy Sticker,エネルギーシール,1,bb411b0c-7378-4681-8d40-30958187c747,152
Energy Switch,エネルギーつけかえ,1,012908fb-007c-486d-85ba-d2fcf10d833d,59
Enhanced Hammer,改造ハンマー,1,575b3ae4-5c0c-4abc-93f8-f1f4cc71974a,44
Entei,エンテイ,1,012908fb-007c-486d-85ba-d2fcf10d833d,14
Entei V,エンテイV,1,8c1bc8f3-39e4-4b18-a239-4b6b22df60a8,19
Entei-EX,エンテイEX,1,20672802-91f9-40b4-909f-312ffba0dd5b,9
Entei-GX,エンテイGX,1,cc2feeb0-7efb-4265-9655-142f55afe232,11
Eri,ビワ,1,d89dc0ae-ec18-4b7e-a147-29ceffa71c2f,197
Erika's Hospitality,エリカのおもてなし,1,30503cd2-8ced-45f5-9b2f-acd3ee55c09a,146
Erika's Invitation,エリカの招待,1,bb411b0c-7378-4681-8d40-30958187c747,161
Escape Board,エスケープボード,1,67f367c1-a48d-4f82-8b03-0cea6da851bb,62
Escape Rope,あなぬけのヒモ,1,8cce95a2-f537-4156-907d-f331ce13b5d6,61
Escavalier,シュバルゴ,1,4fc047cb-d0d5-4086-b6dd-8f0b1d5dad42,31
Espathra,クエスパトラ,1,0e5e9c85-befb-4767-b2e3-748891d46454,37
Espathra ex,クエスパトラex,1,2e3e2cf1-be86-4808-87f7-fe01973f0325,23
Espeon,エーフィ,1,ac71e58e-df22-4e89-89a6-7e939bd6632a,40
Espeon & Deoxys-GX,エーフィ&デオキシスGX,1,30503cd2-8ced-45f5-9b2f-acd3ee55c09a,176
Espeon ex,エーフィex,1,d89dc0ae-ec18-4b7e-a147-29ceffa71c2f,63
Espeon V,エーフィV,1,a29ec842-6bdb-4f63-9b66-6d63ca4e67cf,35
Espeon-EX,エーフィEX,1,76c58458-b473-4806-9bb6-903a2d2a9b45,35
Espeon-GX,エーフィGX,1,c9f7833f-defe-4d99-b45a-33fcb5a1fb14,24
Espurr,ニャスパー,1,012908fb-007c-486d-85ba-d2fcf10d833d,41
Eternatus,ムゲンダイナ,1,6d9ff692-c95f-40d8-aef9-58089eb14260,80
Eternatus V,ムゲンダイナV,1,80bdd6cc-3aa6-4299-b5b1-43a5f80af030,109
Eternatus VMAX,ムゲンダイナVMAX,1,80bdd6cc-3aa6-4299-b5b1-43a5f80af030,110
Ethan's Adventure,ヒビキの冒険,1,562e3ff7-4148-430b-8ea4-e1308f56d05e,63
Ethan's Cyndaquil,ヒビキのヒノアラシ,1,562e3ff7-4148-430b-8ea4-e1308f56d05e,15
Ethan's Ho-Oh ex,ヒビキのホウオウex,1,562e3ff7-4148-430b-8ea4-e1308f56d05e,20
Ethan's Magcargo,ヒビキのマグカルゴ,1,562e3ff7-4148-430b-8ea4-e1308f56d05e,19
Ethan's Pichu,ヒビキのピチュー,1,562e3ff7-4148-430b-8ea4-e1308f56d05e,36
Ethan's Pinsir,ヒビキのカイロス,1,562e3ff7-4148-430b-8ea4-e1308f56d05e,1
Ethan's Quilava,ヒビキのマグマラシ,1,562e3ff7-4148-430b-8ea4-e1308f56d05e,16
Ethan's Slugma,ヒビキのマグマッグ,1,562e3ff7-4148-430b-8ea4-e1308f56d05e,18
Ethan's Sudowoodo,ヒビキのウソッキー,1,562e3ff7-4148-430b-8ea4-e1308f56d05e,41
Ethan's Typhlosion,ヒビキのバクフーン,1,562e3ff7-4148-430b-8ea4-e1308f56d05e,17
Ether,ピーピーエイド,1,55fb9c24-1735-4a8c-b090-eebabf950f94,55
Evelyn,ルスワール,1,312d4099-d563-4221-b523-a8ab2cf9c24e,139
Eviolite,しんかのきせき,1,57924c09-76eb-4558-9b20-3158526e6c65,65
Evolution Incense,しんかのおこう,1,b86a7ec9-e8f7-4f8c-b4e4-757e2f1d54f6,57
Evosoda,シンカソーダ,1,1e661884-d040-47cb-bdf0-f160771af6e1,55
Excadrill,ドリュウズ,1,a945665e-c81a-4c03-924d-624a07458341,67
Excadrill ex,ドリュウズex,1,1b0c8034-f89e-45bd-9339-da3e9963ce3f,49
Excadrill-EX,ドリュウズEX,1,eb0a6865-84ff-4f85-b031-54c9d4e4c14d,66
Exchange Ticket,とりかえチケット,1,89da1d8e-b1db-45f2-8674-eed2ab01058b,90
Exciting Stadium,エキサイトスタジアム,1,6d9ff692-c95f-40d8-aef9-58089eb14260,105
Exeggcute,タマタマ,1,012908fb-007c-486d-85ba-d2fcf10d833d,32
Exeggutor,ナッシー | ナッシー[Exeggutor],2,012908fb-007c-486d-85ba-d2fcf10d833d,33
Exp. Share,学習装置,1,8cce95a2-f537-4156-907d-f331ce13b5d6,65
EXP.ALL,学習装置,1,b7b434e5-3fee-4321-a856-7cb6afbe5941,50
Expedition Uniform,サバイバルセット,1,ec2d763e-ea05-4f77-ade2-b439f60a2adb,60
Explorer's Guidance,探検家の先導,1,d89dc0ae-ec18-4b7e-a147-29ceffa71c2f,172
Exploud,バクオング,1,02909cf1-28d7-484f-bede-01b7da714ab6,74
Faba,ザオボー,1,30503cd2-8ced-45f5-9b2f-acd3ee55c09a,150
Fairy Charm Ability,フェアリーチャーム 特性,1,0bf8b1be-1ffe-4105-957e-f4d47b905e05,48
Fairy Charm Dragon,フェアリーチャームドラゴン,1,dbb0d0e7-efba-41c2-9f8a-daf68582ed52,47
Fairy Charm Fighting,フェアリーチャーム闘,1,dbb0d0e7-efba-41c2-9f8a-daf68582ed52,46
Fairy Charm Grass,フェアリーチャーム草,1,ac71e58e-df22-4e89-89a6-7e939bd6632a,86
Fairy Charm Lightning,フェアリーチャーム 雷,1,0bf8b1be-1ffe-4105-957e-f4d47b905e05,47
Fairy Charm Psychic,フェアリーチャーム超,1,dbb0d0e7-efba-41c2-9f8a-daf68582ed52,45
Fairy Charm UB,フェアリーチャーム UB,1,312d4099-d563-4221-b523-a8ab2cf9c24e,126
Fairy Energy,基本フェアリーエネルギー,1,30503cd2-8ced-45f5-9b2f-acd3ee55c09a,210
Falinks,タイレーツ,1,a945665e-c81a-4c03-924d-624a07458341,58
Falinks V,タイレーツV,1,43366684-3ba6-4b69-a815-9c96da64469d,102
Falkner,ハヤト,1,af1234fc-0c84-4c51-ba4c-cc74829e2d03,68
Familiar Bell,そっくりベル,1,34f34ce8-d9b4-4c63-9460-a26290607bc5,64
Fan of Waves,うねりの扇,1,8c1bc8f3-39e4-4b18-a239-4b6b22df60a8,132
Fan Rotom,スピンロトム,1,85624ae1-7bf6-4f09-a3c7-d3af5f65893a,51
Fantina,メリッサ,1,ca93c4b2-7d37-4881-9306-c30f64a19b88,98
Farewell Bell,なごりの大鈴,1,a945665e-c81a-4c03-924d-624a07458341,94
Farfetch'd,カモネギ,1,012f4320-fb6b-4541-b502-a185ca139451,76
Farigiraf,リキキリン,1,34dac2ab-c4e1-429a-a8f7-a057ae021a67,60
Farigiraf ex,リキキリンex,1,1fea9ad9-1344-4423-b075-978401221f70,42
Fearow,オニドリル,1,8cce95a2-f537-4156-907d-f331ce13b5d6,56
Feather Ball,フェザーボール,1,7232c008-006b-4250-8b7a-d6e96202a657,63
Feebas,ヒンバス,1,012908fb-007c-486d-85ba-d2fcf10d833d,27
Fennekin,フォッコ,1,012908fb-007c-486d-85ba-d2fcf10d833d,16
Fennel,マコモ,1,1b0c8034-f89e-45bd-9339-da3e9963ce3f,85
Feraligatr,オーダイル,1,a945665e-c81a-4c03-924d-624a07458341,22
Ferroseed,テッシード,1,ca93c4b2-7d37-4881-9306-c30f64a19b88,76
Ferrothorn,ナットレイ,1,ca93c4b2-7d37-4881-9306-c30f64a19b88,77
Festival Grounds,お祭り会場,1,aaae146c-17af-45fb-b9fb-165ca527fc03,99
Fezandipiti,キチキギス,1,aaae146c-17af-45fb-b9fb-165ca527fc03,56
Fezandipiti ex,キチキギスex,1,0683c46d-715d-4978-bcac-223c867795ea,38
Fidough,パピモッチ,1,0e5e9c85-befb-4767-b2e3-748891d46454,32
Field Blower,フィールドブロアー,1,234779b1-7c9a-442f-8f8e-de41d5de658c,48
Fiery Flint,火打石,1,94db240f-1949-4c1e-9b92-12425aa31573,92
Fiery Torch,炎のトーチ,1,6ba347c2-db70-4a00-bd67-01f48ceff2f5,75
Fighting Au Lait,ファイトオレ,1,e86bad58-b459-4ac3-a82c-a122cf1755d6,67
Fighting Energy,基本闘エネルギー,1,30503cd2-8ced-45f5-9b2f-acd3ee55c09a,207
Fighting Fury Belt,闘魂のまわし,1,76c58458-b473-4806-9bb6-903a2d2a9b45,74
Fighting Memory,ファイトメモリ,1,133c791b-7cad-484f-843a-1fdb007af685,49
Fighting Stadium,ファイティングスタジアム,1,18513f31-8b41-4783-9b7b-43ea49365192,93
Finizen,ナミイルカ,1,eb9a2ae1-f752-48e2-bd6e-4a3103023949,29
Finneon,ケイコウオ,1,ca93c4b2-7d37-4881-9306-c30f64a19b88,27
Fire Crystal,炎の結晶,1,94db240f-1949-4c1e-9b92-12425aa31573,83
Fire Energy,パワータブレット | 基本炎エネルギー,2,a945665e-c81a-4c03-924d-624a07458341,129
Fire Memory,ファイヤーメモリ,1,02774e64-31dd-4b6c-a9b3-65c24144066e,102
Fire-Resistant Gloves,耐火グローブ,1,ec2d763e-ea05-4f77-ade2-b439f60a2adb,63
First Ticket,ファーストチケット,1,853adb35-1890-4fd2-9969-7ab871a0570a,19
Fisherman,釣り人,1,02909cf1-28d7-484f-bede-01b7da714ab6,89
Fishing Rod MAX,つりざおMAX,1,d89dc0ae-ec18-4b7e-a147-29ceffa71c2f,142
Flaaffy,モココ,1,8c1bc8f3-39e4-4b18-a239-4b6b22df60a8,37
Flabébé,フラベベ,1,4a261245-088f-4357-a2ff-6c7890e11543,58
Flamigo,カラミンゴ,1,34dac2ab-c4e1-429a-a8f7-a057ae021a67,65
Flannery,アスナ,1,ec2d763e-ea05-4f77-ade2-b439f60a2adb,65
Flapple,アップリュー,1,80bdd6cc-3aa6-4299-b5b1-43a5f80af030,13
Flapple V,アップリューV,1,8cce95a2-f537-4156-907d-f331ce13b5d6,7
Flapple VMAX,アップリューVMAX,1,8cce95a2-f537-4156-907d-f331ce13b5d6,8
Flareon,ブースター,1,80bdd6cc-3aa6-4299-b5b1-43a5f80af030,18
Flareon ex,ブースターex,1,d89dc0ae-ec18-4b7e-a147-29ceffa71c2f,22
Flareon V,ブースターV,1,a29ec842-6bdb-4f63-9b66-6d63ca4e67cf,11
Flareon-EX,ブースターEX,1,5f734794-2cd7-4671-b390-7a1f33222268,6
Fletchinder,ヒノヤコマ,1,ca93c4b2-7d37-4881-9306-c30f64a19b88,18
Fletchling,ヤヤコマ,1,ca93c4b2-7d37-4881-9306-c30f64a19b88,90
Flittle,ヒラヒナ,1,0e5e9c85-befb-4767-b2e3-748891d46454,35
Float Stone,かるいし,1,71a210ff-9d68-4eed-900a-43b5f14a70c6,48
Floatzel,フローゼル,1,012f4320-fb6b-4541-b502-a185ca139451,29
Floette,フラエッテ,1,4a261245-088f-4357-a2ff-6c7890e11543,60
Floragato,ニャローテ,1,af1234fc-0c84-4c51-ba4c-cc74829e2d03,6
Floral Crown,おはなのかんむり,1,5f734794-2cd7-4671-b390-7a1f33222268,31
Florges,フラージェス,1,4a261245-088f-4357-a2ff-6c7890e11543,61
Florges BREAK,フラージェスBREAK,1,e2a21580-e660-4e87-921d-56dea35352aa,43
Florges-EX,フラージェスEX,1,c5895636-5372-42da-a880-777a0a52416a,60
Flutter Mane,ハバタクカミ,1,6d9ff692-c95f-40d8-aef9-58089eb14260,59
Flygon,フライゴン,1,80f62c95-9f01-4569-b25d-11f781e01a82,30
Flygon ex,フライゴンex,1,154b30d7-3fc1-4322-af22-f39b9c881d45,27
Flygon V,フライゴンV,1,012f4320-fb6b-4541-b502-a185ca139451,72
Flygon-GX,フライゴンGX,1,4a261245-088f-4357-a2ff-6c7890e11543,44
Flying Pikachu V,そらをとぶピカチュウV,1,798983eb-5b45-49ab-b90a-339a8fd22b4a,23
Flying Pikachu VMAX,そらをとぶピカチュウVMAX,1,798983eb-5b45-49ab-b90a-339a8fd22b4a,24
Flyinium Z: Air Slash,ヒコウZエアスラッシュ,1,03ce403b-f7de-460e-931e-27de38cd44ca,45
Focus Sash,きあいのタスキ,1,18513f31-8b41-4783-9b7b-43ea49365192,88
Fog Crystal,霧の水晶,1,8c1bc8f3-39e4-4b18-a239-4b6b22df60a8,134
Fomantis,カリキリ,1,03ce403b-f7de-460e-931e-27de38cd44ca,4
Foongus,タマゲタケ,1,ca93c4b2-7d37-4881-9306-c30f64a19b88,8
Forest of Giant Plants,巨大植物の森,1,a4b22717-7318-403a-8743-77bfda0624d7,127
Forest Seal Stone,森の封印石,1,248d92ee-d69e-493d-9d4b-0960134db32f,92
Forretress,フォレトス,1,c747cf6e-7ba4-4ec5-8288-d40293a4565f,73
Forretress ex,フォレトスex,1,34dac2ab-c4e1-429a-a8f7-a057ae021a67,5
Fossil Excavation Kit,化石採掘キット,1,738567d0-701f-448b-bba6-70a6b90dbcc4,66
Fossil Excavation Map,化石発掘マップ,1,adc82cca-bad7-4c21-88f1-14482564992e,77
Fossil Researcher,化石研究員,1,18513f31-8b41-4783-9b7b-43ea49365192,89
Fraxure,オノンド,1,4fc047cb-d0d5-4086-b6dd-8f0b1d5dad42,35
Fresh Water Set,おいしいみずセット,1,012f4320-fb6b-4541-b502-a185ca139451,88
Friend Ball,フレンドボール,1,1778f144-2fa0-4cf0-b7ed-b8a42a4f4526,57
Friends in Galar,ガラルの仲間たち,1,80bdd6cc-3aa6-4299-b5b1-43a5f80af030,149
Friends in Hisui,ヒスイの仲間たち,1,8c1bc8f3-39e4-4b18-a239-4b6b22df60a8,160
Friends in Paldea,パルデアの仲間たち,1,d89dc0ae-ec18-4b7e-a147-29ceffa71c2f,174
Friends in Sinnoh,シンオウの仲間たち,1,8c1bc8f3-39e4-4b18-a239-4b6b22df60a8,154
Frigibax,セビエ,1,e86bad58-b459-4ac3-a82c-a122cf1755d6,24
Frillish,プルリル,1,02eba1f1-ab17-434f-b54f-3213cbb54ca3,41
Froakie,ケロマツ,1,adc82cca-bad7-4c21-88f1-14482564992e,17
Frogadier,ゲコガシラ,1,adc82cca-bad7-4c21-88f1-14482564992e,19
Froslass,ユキメノコ,1,248d92ee-d69e-493d-9d4b-0960134db32f,21
Froslass ex,ユキメノコex,1,c5804d11-9c59-4cad-9061-0801b0ba0d9b,1
Frosmoth,モスノウ,1,a945665e-c81a-4c03-924d-624a07458341,29
Frost Rotom,フロストロトム,1,4faa5ea4-2af5-4aea-8154-3d8eac93ff68,13
Frozen City,凍てついた街,1,3b23961b-060c-4eec-b215-11dcd659f7a9,49
Fuecoco,ホゲータ,1,af1234fc-0c84-4c51-ba4c-cc74829e2d03,17
Full Face Guard,フルフェイスガード,1,b86a7ec9-e8f7-4f8c-b4e4-757e2f1d54f6,62
Full Heal,なんでもなおし,1,b40da42f-59cd-4cf5-b07d-0a4e0b111b12,50
Full Metal Lab,フルメタルラボ,1,1fea9ad9-1344-4423-b075-978401221f70,70
Furfrou,トリミアン,1,ec2d763e-ea05-4f77-ade2-b439f60a2adb,59
Furisode Girl,ふりそで,1,012908fb-007c-486d-85ba-d2fcf10d833d,65
Furret,オオタチ,1,89da1d8e-b1db-45f2-8674-eed2ab01058b,77
Fusion Strike Energy,フュージョンエネルギー,1,8c1bc8f3-39e4-4b18-a239-4b6b22df60a8,172
Future Booster Energy Capsule,ブーストエナジー 未来,1,1d6a22e1-15be-46ec-bfa4-71adffe1213e,62
G Booster,Gブースター,1,2f7aa653-531c-4744-b532-e3fead1dfa1f,75
G Scope,Gスコープ,1,2f7aa653-531c-4744-b532-e3fead1dfa1f,74
Gabite,ガバイト,1,012f4320-fb6b-4541-b502-a185ca139451,74
Galar Mine,ガラル鉱山,1,7d28ee74-f539-44c6-9aa1-1af5bf6c65aa,93
Galarian Articuno,ガラル フリーザー,1,8c1bc8f3-39e4-4b18-a239-4b6b22df60a8,49
Galarian Articuno V,ガラル フリーザーV,1,80bdd6cc-3aa6-4299-b5b1-43a5f80af030,60
Galarian Chestplate,ガラルのむねあて,1,b8da2cc6-5a50-4b94-898d-bbb675e70c0a,65
Galarian Corsola,ガラル サニーゴ,1,a945665e-c81a-4c03-924d-624a07458341,43
Galarian Cursola,ガラル サニゴーン,1,a945665e-c81a-4c03-924d-624a07458341,44
Galarian Cursola V,ガラル サニゴーンV,1,c82f1d3a-3f74-454a-9a22-8ee9ac53e4e8,43
Galarian Darmanitan,ガラル ヒヒダルマ,1,43366684-3ba6-4b69-a815-9c96da64469d,38
Galarian Darmanitan V,ガラル ヒヒダルマV,1,55532dfc-3744-4734-b6b3-db9157b43812,23
Galarian Darmanitan VMAX,ガラル ヒヒダルマVMAX,1,55532dfc-3744-4734-b6b3-db9157b43812,24
Galarian Darumaka,ガラル ダルマッカ,1,43366684-3ba6-4b69-a815-9c96da64469d,37
Galarian Farfetch'd,ガラル カモネギ,1,43366684-3ba6-4b69-a815-9c96da64469d,90
Galarian Linoone,ガラル マッスグマ,1,a945665e-c81a-4c03-924d-624a07458341,60
Galarian Meowth,ガラル ニャース,1,248d92ee-d69e-493d-9d4b-0960134db32f,63
Galarian Moltres,ガラル ファイヤー,1,8c1bc8f3-39e4-4b18-a239-4b6b22df60a8,79
Galarian Moltres V,ガラル ファイヤーV,1,8c1bc8f3-39e4-4b18-a239-4b6b22df60a8,80
Galarian Mr. Mime,ガラル バリヤード,1,80bdd6cc-3aa6-4299-b5b1-43a5f80af030,27
Galarian Mr. Rime,ガラル バリコオル,1,80bdd6cc-3aa6-4299-b5b1-43a5f80af030,28
Galarian Obstagoon,ガラル タチフサグマ,1,a945665e-c81a-4c03-924d-624a07458341,61
Galarian Perrserker,ガラル ニャイキング,1,248d92ee-d69e-493d-9d4b-0960134db32f,64
Galarian Perrserker V,ガラル ニャイキングV,1,ca93c4b2-7d37-4881-9306-c30f64a19b88,79
Galarian Ponyta,ガラル ポニータ,1,43366684-3ba6-4b69-a815-9c96da64469d,67
Galarian Rapidash,ガラル ギャロップ,1,43366684-3ba6-4b69-a815-9c96da64469d,68
Galarian Rapidash V,ガラル ギャロップV,1,ec2d763e-ea05-4f77-ade2-b439f60a2adb,29
Galarian Runerigus,ガラル デスバーン,1,43366684-3ba6-4b69-a815-9c96da64469d,93
Galarian Sirfetch'd,ガラル ネギガナイト,1,43366684-3ba6-4b69-a815-9c96da64469d,91
Galarian Sirfetch'd V,ガラル ネギガナイトV,1,55532dfc-3744-4734-b6b3-db9157b43812,65
Galarian Slowbro,ガラル ヤドラン,1,8cce95a2-f537-4156-907d-f331ce13b5d6,41
Galarian Slowking,ガラル ヤドキング,1,ec2d763e-ea05-4f77-ade2-b439f60a2adb,45
Galarian Slowking V,ガラル ヤドキングV,1,b8da2cc6-5a50-4b94-898d-bbb675e70c0a,46
Galarian Slowking VMAX,ガラル ヤドキングVMAX,1,b8da2cc6-5a50-4b94-898d-bbb675e70c0a,47
Galarian Slowpoke,ガラル ヤドン,1,8cce95a2-f537-4156-907d-f331ce13b5d6,21
Galarian Stunfisk,ガラル マッギョ,1,ca93c4b2-7d37-4881-9306-c30f64a19b88,78
Galarian Stunfisk V,ガラル マッギョV,1,34f34ce8-d9b4-4c63-9460-a26290607bc5,55
Galarian Weezing,ガラル マタドガス,1,c56a482d-7434-4e00-bc54-16c38f187c4e,46
Galarian Yamask,ガラル デスマス,1,43366684-3ba6-4b69-a815-9c96da64469d,92
Galarian Zapdos,ガラル サンダー,1,8c1bc8f3-39e4-4b18-a239-4b6b22df60a8,73
Galarian Zapdos V,ガラル サンダーV,1,80bdd6cc-3aa6-4299-b5b1-43a5f80af030,84
Galarian Zigzagoon,ガラル ジグザグマ,1,a945665e-c81a-4c03-924d-624a07458341,59
Gallade,エルレイド,1,ec2d763e-ea05-4f77-ade2-b439f60a2adb,40
Gallade V,エルレイドV,1,54450e62-c2ee-4136-b175-6191e3a2acfc,40
Gallade-EX,エルレイドEX,1,75574306-ef8d-4e8e-b8a5-5d485286a968,80
Galvantula,デンチュラ,1,14496d8f-d11f-4779-bc03-b5a0e25a8a4b,23
Galvantula ex,デンチュラex,1,db8504f1-e9f0-4e60-954a-4818040cfe98,33
Gapejaw Bog,大口の沼,1,248d92ee-d69e-493d-9d4b-0960134db32f,125
Garbodor,ダストダス,1,a945665e-c81a-4c03-924d-624a07458341,63
Garbodor V,ダストダスV,1,b86a7ec9-e8f7-4f8c-b4e4-757e2f1d54f6,30
Garbodor VMAX,ダストダスVMAX,1,b86a7ec9-e8f7-4f8c-b4e4-757e2f1d54f6,31
Garchomp,ガブリアス,1,012f4320-fb6b-4541-b502-a185ca139451,75
Garchomp & Giratina-GX,ガブリアス&ギラティナGX,1,4fc047cb-d0d5-4086-b6dd-8f0b1d5dad42,32
Garchomp ex,ガブリアスex,1,c5804d11-9c59-4cad-9061-0801b0ba0d9b,6
Garchomp V,ガブリアスV,1,8c1bc8f3-39e4-4b18-a239-4b6b22df60a8,109
Gardenia,ナタネ,1,85624ae1-7bf6-4f09-a3c7-d3af5f65893a,60
Gardenia's Vigor,ナタネの活気,1,8c1bc8f3-39e4-4b18-a239-4b6b22df60a8,158
Gardevoir,サーナイト,1,012908fb-007c-486d-85ba-d2fcf10d833d,38
Gardevoir & Sylveon-GX,サーナイト&ニンフィアGX,1,0bf8b1be-1ffe-4105-957e-f4d47b905e05,31
Gardevoir ex,サーナイトex,1,0e5e9c85-befb-4767-b2e3-748891d46454,28
Gardevoir Spirit Link,サーナイトソウルリンク,1,a03039bf-3a15-4b15-9d4f-634488fa9e48,65
Gardevoir V,サーナイトV,1,34f34ce8-d9b4-4c63-9460-a26290607bc5,30
Gardevoir VMAX,サーナイトVMAX,1,34f34ce8-d9b4-4c63-9460-a26290607bc5,31
Gardevoir-EX,サーナイトEX,1,a0688785-c0ff-43fa-84fa-48d14432b701,91
Gardevoir-GX,サーナイトGX,1,ea641579-b748-4519-80bf-909f23f821ca,38
Garganacl,キョジオーン,1,34dac2ab-c4e1-429a-a8f7-a057ae021a67,48
Gastly,ゴース,1,54450e62-c2ee-4136-b175-6191e3a2acfc,21
Gastrodon,トリトドン,1,6e0a46c7-e469-4972-ba98-131cf67c7c94,37
Geeta,オモダカ,1,eb9a2ae1-f752-48e2-bd6e-4a3103023949,103
Genesect,ゲノセクト,1,a7880f19-342f-4727-8b28-2ad012936a2f,36
Genesect ex,ゲノセクトex,1,1b0c8034-f89e-45bd-9339-da3e9963ce3f,69
Genesect V,ゲノセクトV,1,8c1bc8f3-39e4-4b18-a239-4b6b22df60a8,102
Genesect-EX,ゲノセクトEX,1,2f7aa653-531c-4744-b532-e3fead1dfa1f,10
Genesect-GX,ゲノセクトGX,1,8251be2f-446e-47c1-ae16-155441fda939,41
Gengar,ゲンガー,1,54450e62-c2ee-4136-b175-6191e3a2acfc,23
Gengar & Mimikyu-GX,ゲンガー&ミミッキュGX,1,8c3e90a2-295a-49ec-a166-fec75fe3fd8e,38
Gengar ex,ゲンガーex,1,87789899-88a8-4a22-81d5-44cb932626af,47
Gengar Spirit Link,ゲンガーソウルリンク,1,a4b22717-7318-403a-8743-77bfda0624d7,111
Gengar V,ゲンガーV,1,259f0e66-c9f7-4fa0-909c-b6c3006b37b8,1
Gengar VMAX,ゲンガーVMAX,1,259f0e66-c9f7-4fa0-909c-b6c3006b37b8,2
Gengar-EX,ゲンガーEX,1,c5895636-5372-42da-a880-777a0a52416a,33
Geodude,イシツブテ,1,a945665e-c81a-4c03-924d-624a07458341,52
Ghetsis,ゲーチス,1,3b23961b-060c-4eec-b215-11dcd659f7a9,48
Gholdengo,サーフゴー,1,154b30d7-3fc1-4322-af22-f39b9c881d45,38
Gholdengo ex,サーフゴーex,1,c5804d11-9c59-4cad-9061-0801b0ba0d9b,50
Giacomo,ピーニャ,1,e86bad58-b459-4ac3-a82c-a122cf1755d6,69
Giant Bomb,ジャイアントボム,1,14496d8f-d11f-4779-bc03-b5a0e25a8a4b,84
Giant Cape,大きなマント,1,6b8faf93-bc0b-4539-aca0-5b0cdcba2d41,49
Giant Hearth,巨大なカマド,1,4fc047cb-d0d5-4086-b6dd-8f0b1d5dad42,50
Gible,フカマル,1,012f4320-fb6b-4541-b502-a185ca139451,73
Gift Energy,ギフトエネルギー,1,ca93c4b2-7d37-4881-9306-c30f64a19b88,100
Gigalith,ギガイアス,1,af81f07b-2345-4f9e-baf5-adfa2bcdb807,31
Gimmighoul,コレクレー,1,c5804d11-9c59-4cad-9061-0801b0ba0d9b,20
Giovanni's Charisma,サカキのカリスマ,1,bb411b0c-7378-4681-8d40-30958187c747,162
Giovanni's Exile,サカキの追放,1,94db240f-1949-4c1e-9b92-12425aa31573,85
Giovanni's Scheme,サカキの計画,1,ef6bc45c-08a8-4349-8017-1717b108d3c8,58
Girafarig,キリンリキ,1,ac71e58e-df22-4e89-89a6-7e939bd6632a,45
Giratina,ギラティナ,1,4fc047cb-d0d5-4086-b6dd-8f0b1d5dad42,16
Giratina V,ギラティナV,1,ca93c4b2-7d37-4881-9306-c30f64a19b88,80
Giratina VSTAR,ギラティナVSTAR,1,ca93c4b2-7d37-4881-9306-c30f64a19b88,81
Giratina ◇,ギラティナ,1,30503cd2-8ced-45f5-9b2f-acd3ee55c09a,58
Giratina-EX,ギラティナEX,1,790d2460-b945-4a62-ac80-f5a10254b191,39
Glaceon,グレイシア,1,6e0a46c7-e469-4972-ba98-131cf67c7c94,21
Glaceon ex,グレイシアex,1,d89dc0ae-ec18-4b7e-a147-29ceffa71c2f,41
Glaceon V,グレイシアV,1,a29ec842-6bdb-4f63-9b66-6d63ca4e67cf,24
Glaceon VMAX,グレイシアVMAX,1,a29ec842-6bdb-4f63-9b66-6d63ca4e67cf,25
Glaceon VSTAR,グレイシアVSTAR,1,8c1bc8f3-39e4-4b18-a239-4b6b22df60a8,217
Glaceon-EX,グレイシアEX,1,738567d0-701f-448b-bba6-70a6b90dbcc4,18
Glaceon-GX,グレイシアGX,1,4faa5ea4-2af5-4aea-8154-3d8eac93ff68,11
Gladion,グラジオ,1,03ce403b-f7de-460e-931e-27de38cd44ca,52
Glalie,オニゴーリ,1,248d92ee-d69e-493d-9d4b-0960134db32f,20
Glalie Spirit Link,オニゴーリソウルリンク,1,e2a21580-e660-4e87-921d-56dea35352aa,55
Glalie-EX,オニゴーリEX,1,e2a21580-e660-4e87-921d-56dea35352aa,14
Glameow,ニャルマー,1,0380eb72-bbcd-401c-ba09-fec23007efa7,59
Glass Trumpet,ガラスのラッパ,1,db8504f1-e9f0-4e60-954a-4818040cfe98,89
Glastrier,ブリザポス,1,ca93c4b2-7d37-4881-9306-c30f64a19b88,34
Gligar,グライガー,1,54450e62-c2ee-4136-b175-6191e3a2acfc,38
Glimmet,キラーメ,1,e86bad58-b459-4ac3-a82c-a122cf1755d6,42
Glimmora,キラフロル,1,e86bad58-b459-4ac3-a82c-a122cf1755d6,44
Glimmora ex,キラフロルex,1,eb9a2ae1-f752-48e2-bd6e-4a3103023949,65
Glimwood Tangle,ルミナスメイズの森,1,43366684-3ba6-4b69-a815-9c96da64469d,181
Gliscor,グライオン,1,54450e62-c2ee-4136-b175-6191e3a2acfc,39
Gloom,クサイハナ,1,248d92ee-d69e-493d-9d4b-0960134db32f,2
Gloria,ユウリ,1,80bdd6cc-3aa6-4299-b5b1-43a5f80af030,163
Gogoat,ゴーゴート,1,133c791b-7cad-484f-843a-1fdb007af685,5
Golbat,ゴルバット,1,54450e62-c2ee-4136-b175-6191e3a2acfc,42
Gold Potion,ゴールドポーション,1,b0253502-abfb-4157-a4fc-41821a8bd9f6,58
Goldeen,トサキント,1,0bf8b1be-1ffe-4105-957e-f4d47b905e05,9
Golduck,ゴルダック,1,6e0a46c7-e469-4972-ba98-131cf67c7c94,17
Golem,ゴローニャ,1,a945665e-c81a-4c03-924d-624a07458341,54
Golem ex,ゴローニャex,1,bb411b0c-7378-4681-8d40-30958187c747,76
Golett,ゴビット,1,c56a482d-7434-4e00-bc54-16c38f187c4e,30
Golisopod,グソクムシャ,1,14496d8f-d11f-4779-bc03-b5a0e25a8a4b,21
Golisopod ex,グソクムシャex,1,41226239-da09-4293-b6a3-d53c92094bf5,22
Golisopod-GX,グソクムシャGX,1,ea641579-b748-4519-80bf-909f23f821ca,7
Golurk,ゴルーグ,1,c56a482d-7434-4e00-bc54-16c38f187c4e,31
Golurk V,ゴルーグV,1,b86a7ec9-e8f7-4f8c-b4e4-757e2f1d54f6,15
Goodra,ヌメルゴン,1,a945665e-c81a-4c03-924d-624a07458341,78
Goomy,ヌメラ,1,54450e62-c2ee-4136-b175-6191e3a2acfc,53
Gordie,マクワ,1,a29ec842-6bdb-4f63-9b66-6d63ca4e67cf,67
Gorebyss,サクラビス,1,a945665e-c81a-4c03-924d-624a07458341,25
Gossifleur,ヒメンカ,1,db8504f1-e9f0-4e60-954a-4818040cfe98,8
Gothita,ゴチム,1,234779b1-7c9a-442f-8f8e-de41d5de658c,25
Gothitelle,ゴチルゼル,1,234779b1-7c9a-442f-8f8e-de41d5de658c,27
Gothorita,ゴチミル,1,234779b1-7c9a-442f-8f8e-de41d5de658c,26
Gouging Fire,ウガツホムラ,1,154b30d7-3fc1-4322-af22-f39b9c881d45,9
Gouging Fire ex,ウガツホムラex,1,d89dc0ae-ec18-4b7e-a147-29ceffa71c2f,27
Gourgeist,パンプジン,1,8c1bc8f3-39e4-4b18-a239-4b6b22df60a8,62
Grabber,スナッチアーム,1,bb411b0c-7378-4681-8d40-30958187c747,153
Grafaiai,タギングル,1,34dac2ab-c4e1-429a-a8f7-a057ae021a67,55
Granbull,グランブル,1,a945665e-c81a-4c03-924d-624a07458341,42
Granite Cave,いしのどうくつ,1,542b66c8-7c21-4bdb-affe-8f231b7ce8a6,18
Grant,ザクロ,1,6e0a46c7-e469-4972-ba98-131cf67c7c94,65
Grapploct,オトスパス,1,c56a482d-7434-4e00-bc54-16c38f187c4e,43
Grapploct V,オトスパスV,1,34f34ce8-d9b4-4c63-9460-a26290607bc5,45
Grass Energy,基本炎エネルギー | 基本草エネルギー,2,a945665e-c81a-4c03-924d-624a07458341,128
Grass Memory,グラスメモリ,1,312d4099-d563-4221-b523-a8ab2cf9c24e,123
Graveler,ゴローン,1,a945665e-c81a-4c03-924d-624a07458341,53
Gravity Mountain,グラビティーマウンテン,1,6d9ff692-c95f-40d8-aef9-58089eb14260,106
Gravity Orb,重力玉,1,db8504f1-e9f0-4e60-954a-4818040cfe98,95
Great Ball,スーパーボール,1,cc2feeb0-7efb-4265-9655-142f55afe232,61
Great Big Tree,偉大な大樹,1,db8504f1-e9f0-4e60-954a-4818040cfe98,101
Great Catcher,グレートキャッチャー,1,67f367c1-a48d-4f82-8b03-0cea6da851bb,52
Great Potion,グレートポーション,1,14496d8f-d11f-4779-bc03-b5a0e25a8a4b,81
Great Tusk,イダイナキバ,1,d89dc0ae-ec18-4b7e-a147-29ceffa71c2f,86
Great Tusk ex,イダイナキバex,1,0e5e9c85-befb-4767-b2e3-748891d46454,49
Greavard,ボチ,1,15f71d52-9415-472d-a5cb-2397e385979c,46
Greedent,ヨクバリス,1,c56a482d-7434-4e00-bc54-16c38f187c4e,59
Greedent V,ヨクバリスV,1,a945665e-c81a-4c03-924d-624a07458341,85
Greedent VMAX,ヨクバリスVMAX,1,a945665e-c81a-4c03-924d-624a07458341,86
Green's Exploration,ブルーの探索,1,30503cd2-8ced-45f5-9b2f-acd3ee55c09a,154
Greninja,ゲッコウガ,1,0bf8b1be-1ffe-4105-957e-f4d47b905e05,28
Greninja & Zoroark-GX,ゲッコウガ&ゾロアークGX,1,30503cd2-8ced-45f5-9b2f-acd3ee55c09a,72
Greninja BREAK,ゲッコウガBREAK,1,76c58458-b473-4806-9bb6-903a2d2a9b45,30
Greninja ex,ゲッコウガex,1,97d0e77f-4340-44e3-9fb3-6e227b079a7d,45
Greninja-GX,ゲッコウガGX,1,adc82cca-bad7-4c21-88f1-14482564992e,20
Grimer,ベトベター,1,012f4320-fb6b-4541-b502-a185ca139451,60
Grimmsnarl,オーロンゲ,1,db8504f1-e9f0-4e60-954a-4818040cfe98,66
Grimsley,ギーマ,1,4fc047cb-d0d5-4086-b6dd-8f0b1d5dad42,48
Grookey,サルノリ,1,c56a482d-7434-4e00-bc54-16c38f187c4e,6
Grotle,ハヤシガメ,1,8c1bc8f3-39e4-4b18-a239-4b6b22df60a8,7
Groudon,グラードン,1,67f367c1-a48d-4f82-8b03-0cea6da851bb,32
Groudon Spirit Link,グラードンソウルリンク,1,e249c6c7-6f19-4de0-b421-1d7bce8e588d,64
Groudon-EX,グラードンEX,1,eeb4f01f-3792-421f-9dc9-6a8799cd6a06,32
Grovyle,ジュプトル,1,30503cd2-8ced-45f5-9b2f-acd3ee55c09a,9
Growlithe,ガーディ,1,012908fb-007c-486d-85ba-d2fcf10d833d,12
Grubbin,アゴジムシ,1,a945665e-c81a-4c03-924d-624a07458341,10
Grumpig,ブーピッグ,1,8cce95a2-f537-4156-907d-f331ce13b5d6,23
Grusha,グルーシャ,1,e86bad58-b459-4ac3-a82c-a122cf1755d6,68
Gulpin,ゴクリン,1,1778f144-2fa0-4cf0-b7ed-b8a42a4f4526,26
Gumshoos,デカグース,1,248d92ee-d69e-493d-9d4b-0960134db32f,87
Gumshoos-GX,デカグースGX,1,c9f7833f-defe-4d99-b45a-33fcb5a1fb14,50
Gurdurr,ドテッコツ,1,1b0c8034-f89e-45bd-9339-da3e9963ce3f,51
Gutsy Pickaxe,ガッツのつるはし,1,8c1bc8f3-39e4-4b18-a239-4b6b22df60a8,133
Guzma,グズマ,1,ea641579-b748-4519-80bf-909f23f821ca,49
Guzma & Hala,グズマ&ハラ,1,4a261245-088f-4357-a2ff-6c7890e11543,87
Guzzlord,アクジキング,1,67f367c1-a48d-4f82-8b03-0cea6da851bb,46
Guzzlord-GX,アクジキングGX,1,9f635209-aec1-4acf-84b7-8e77e6be7bc0,33
Gyarados,ギャラドス,1,ea641579-b748-4519-80bf-909f23f821ca,9
Gyarados ex,ギャラドスex,1,0e5e9c85-befb-4767-b2e3-748891d46454,14
Gyarados Spirit Link,ギャラドスソウルリンク,1,76c58458-b473-4806-9bb6-903a2d2a9b45,75
Gyarados V,ギャラドスV,1,d67a90e5-6bf3-4a5b-8181-26f09eca8a1b,20
Gyarados VMAX,ギャラドスVMAX,1,d67a90e5-6bf3-4a5b-8181-26f09eca8a1b,21
Gyarados-EX,ギャラドスEX,1,76c58458-b473-4806-9bb6-903a2d2a9b45,18
Gyarados-GX,ギャラドスGX,1,9f635209-aec1-4acf-84b7-8e77e6be7bc0,8
Gym Trainer,ジムトレーナー,1,43366684-3ba6-4b69-a815-9c96da64469d,192
Haban Berry,ハバンのみ,1,d89dc0ae-ec18-4b7e-a147-29ceffa71c2f,156
Hakamo-o,ジャランゴ,1,4a261245-088f-4357-a2ff-6c7890e11543,70
Hala,ハラ,1,234779b1-7c9a-442f-8f8e-de41d5de658c,49
Hand Trimmer,ハンドトリマー,1,1fea9ad9-1344-4423-b075-978401221f70,61
Handheld Fan,ハンディサーキュレーター,1,aaae146c-17af-45fb-b9fb-165ca527fc03,95
Happiny,ピンプク,1,94db240f-1949-4c1e-9b92-12425aa31573,77
Hapu,ハプウ,1,30503cd2-8ced-45f5-9b2f-acd3ee55c09a,195
Hard Charm,かたいおまもり,1,0f0b8f32-db0e-4bf1-9a12-e6692554debb,57
Hariyama,ハリテヤマ,1,6e0a46c7-e469-4972-ba98-131cf67c7c94,35
Harlequin,クラウン,1,02eba1f1-ab17-434f-b54f-3213cbb54ca3,83
Hassel,ハッサク,1,aaae146c-17af-45fb-b9fb-165ca527fc03,98
Hatenna,ミブリム,1,43366684-3ba6-4b69-a815-9c96da64469d,78
Hatterene,ブリムオン,1,43366684-3ba6-4b69-a815-9c96da64469d,80
Hatterene V,ブリムオンV,1,8c1bc8f3-39e4-4b18-a239-4b6b22df60a8,65
Hatterene VMAX,ブリムオンVMAX,1,8c1bc8f3-39e4-4b18-a239-4b6b22df60a8,66
Hattrem,テブリム,1,43366684-3ba6-4b69-a815-9c96da64469d,79
Hau,ハウ,1,cc2feeb0-7efb-4265-9655-142f55afe232,67
Haunter,ゴースト,1,54450e62-c2ee-4136-b175-6191e3a2acfc,22
Hawlucha,ルチャブル,1,ca93c4b2-7d37-4881-9306-c30f64a19b88,62
Haxorus,オノノクス,1,4fc047cb-d0d5-4086-b6dd-8f0b1d5dad42,36
Head Ringer,ヘッドノイザー(フレア団ハイパーギア),1,c5895636-5372-42da-a880-777a0a52416a,83
Hearthflame Mask Ogerpon,オーガポン かまどのめん,1,562e3ff7-4148-430b-8ea4-e1308f56d05e,21
Hearthflame Mask Ogerpon ex,オーガポン かまどのめんex,1,aaae146c-17af-45fb-b9fb-165ca527fc03,22
Heat Factory ◇,ヒートファクトリー,1,30503cd2-8ced-45f5-9b2f-acd3ee55c09a,166
Heat Fire Energy,ヒート炎エネルギー,1,80bdd6cc-3aa6-4299-b5b1-43a5f80af030,172
Heat Rotom,ヒートロトム,1,85624ae1-7bf6-4f09-a3c7-d3af5f65893a,21
Heatmor,クイタラン,1,a945665e-c81a-4c03-924d-624a07458341,16
Heatran,ヒードラン,1,012f4320-fb6b-4541-b502-a185ca139451,68
Heatran V,ヒードランV,1,6e0a46c7-e469-4972-ba98-131cf67c7c94,14
Heatran VMAX,ヒードランVMAX,1,6e0a46c7-e469-4972-ba98-131cf67c7c94,15
Heatran-EX,ヒードランEX,1,3b23961b-060c-4eec-b215-11dcd659f7a9,6
Heatran-GX,ヒードランGX,1,4fc047cb-d0d5-4086-b6dd-8f0b1d5dad42,4
Heavy Ball,ヘビーボール,1,eeb4f01f-3792-421f-9dc9-6a8799cd6a06,49
Heavy Baton,ヘビーバトン,1,1fea9ad9-1344-4423-b075-978401221f70,66
Heliolisk,エレザード,1,248d92ee-d69e-493d-9d4b-0960134db32f,31
Helioptile,エリキテル,1,248d92ee-d69e-493d-9d4b-0960134db32f,30
Helix Fossil Omanyte,かいの化石 オムナイト,1,738567d0-701f-448b-bba6-70a6b90dbcc4,69
Heracross,ヘラクロス,1,0380eb72-bbcd-401c-ba09-fec23007efa7,5
Heracross-EX,ヘラクロスEX,1,18513f31-8b41-4783-9b7b-43ea49365192,4
Herbal Energy,ハーブエネルギー,1,18513f31-8b41-4783-9b7b-43ea49365192,95
Herdier,ハーデリア,1,bf3433b6-5f29-4156-a1b7-c67eb119b52f,38
Here Comes Team Rocket!,ロケット団参上!,1,13ac4f0e-0e0f-4ab3-9fa0-933a49903236,103
Hero's Cape,ヒーローマント,1,1fea9ad9-1344-4423-b075-978401221f70,64
Hero's Medal,英雄のメダル,1,5ef17897-aa4b-47b6-ba3f-437267d27a85,68
Hex Maniac,オカルトマニア,1,a0688785-c0ff-43fa-84fa-48d14432b701,181
Hiding Darkness Energy,ハイド悪エネルギー,1,80bdd6cc-3aa6-4299-b5b1-43a5f80af030,177
Hiker,やまおとこ,1,312d4099-d563-4221-b523-a8ab2cf9c24e,156
Hilda,トウコ,1,02eba1f1-ab17-434f-b54f-3213cbb54ca3,85
Hippopotas,ヒポポタス,1,ec2d763e-ea05-4f77-ade2-b439f60a2adb,38
Hippowdon,カバルドン,1,ec2d763e-ea05-4f77-ade2-b439f60a2adb,39
Hisuian Arcanine,ヒスイ ウインディ,1,54450e62-c2ee-4136-b175-6191e3a2acfc,33
Hisuian Arcanine V,ヒスイ ウインディV,1,248d92ee-d69e-493d-9d4b-0960134db32f,46
Hisuian Avalugg,ヒスイ クレベース,1,6e0a46c7-e469-4972-ba98-131cf67c7c94,25
Hisuian Basculegion,ヒスイ イダイトウ,1,54450e62-c2ee-4136-b175-6191e3a2acfc,13
Hisuian Basculin,ヒスイ バスラオ,1,54450e62-c2ee-4136-b175-6191e3a2acfc,12
Hisuian Braviary,ヒスイ ウォーグル,1,248d92ee-d69e-493d-9d4b-0960134db32f,85
Hisuian Decidueye,ヒスイ ジュナイパー,1,6e0a46c7-e469-4972-ba98-131cf67c7c94,39
Hisuian Decidueye V,ヒスイ ジュナイパーV,1,0380eb72-bbcd-401c-ba09-fec23007efa7,44
Hisuian Decidueye VSTAR,ヒスイ ジュナイパーVSTAR,1,0380eb72-bbcd-401c-ba09-fec23007efa7,45
Hisuian Electrode,ヒスイ マルマイン,1,6e0a46c7-e469-4972-ba98-131cf67c7c94,3
Hisuian Electrode V,ヒスイ マルマインV,1,54450e62-c2ee-4136-b175-6191e3a2acfc,3
Hisuian Goodra,ヒスイ ヌメルゴン,1,54450e62-c2ee-4136-b175-6191e3a2acfc,55
Hisuian Goodra V,ヒスイ ヌメルゴンV,1,54450e62-c2ee-4136-b175-6191e3a2acfc,56
Hisuian Goodra VSTAR,ヒスイ ヌメルゴンVSTAR,1,54450e62-c2ee-4136-b175-6191e3a2acfc,57
Hisuian Growlithe,ヒスイ ガーディ,1,54450e62-c2ee-4136-b175-6191e3a2acfc,32
Hisuian Heavy Ball,ヒスイのヘビーボール,1,6e0a46c7-e469-4972-ba98-131cf67c7c94,62
Hisuian Lilligant,ヒスイ ドレディア,1,012908fb-007c-486d-85ba-d2fcf10d833d,8
Hisuian Lilligant V,ヒスイ ドレディアV,1,7232c008-006b-4250-8b7a-d6e96202a657,7
Hisuian Lilligant VSTAR,ヒスイ ドレディアVSTAR,1,7232c008-006b-4250-8b7a-d6e96202a657,8
Hisuian Overqwil,ヒスイ ハリーマン,1,0380eb72-bbcd-401c-ba09-fec23007efa7,48
Hisuian Qwilfish,ヒスイ ハリーセン,1,0380eb72-bbcd-401c-ba09-fec23007efa7,47
Hisuian Samurott,ヒスイ ダイケンキ,1,7232c008-006b-4250-8b7a-d6e96202a657,41
Hisuian Samurott V,ヒスイ ダイケンキV,1,8c1bc8f3-39e4-4b18-a239-4b6b22df60a8,86
Hisuian Samurott VSTAR,ヒスイ ダイケンキVSTAR,1,8c1bc8f3-39e4-4b18-a239-4b6b22df60a8,87
Hisuian Sliggoo,ヒスイ ヌメイル,1,54450e62-c2ee-4136-b175-6191e3a2acfc,54
Hisuian Sneasel,ヒスイ ニューラ,1,6e0a46c7-e469-4972-ba98-131cf67c7c94,42
Hisuian Sneasler,ヒスイ オオニューラ,1,6e0a46c7-e469-4972-ba98-131cf67c7c94,43
Hisuian Sneasler V,ヒスイ オオニューラV,1,6e0a46c7-e469-4972-ba98-131cf67c7c94,44
Hisuian Typhlosion,ヒスイ バクフーン,1,7232c008-006b-4250-8b7a-d6e96202a657,23
Hisuian Typhlosion V,ヒスイ バクフーンV,1,0380eb72-bbcd-401c-ba09-fec23007efa7,28
Hisuian Typhlosion VSTAR,ヒスイ バクフーンVSTAR,1,0380eb72-bbcd-401c-ba09-fec23007efa7,29
Hisuian Voltorb,ヒスイ ビリリダマ,1,6e0a46c7-e469-4972-ba98-131cf67c7c94,2
Hisuian Zoroark,ヒスイ ゾロアーク,1,54450e62-c2ee-4136-b175-6191e3a2acfc,30
Hisuian Zoroark V,ヒスイ ゾロアークV,1,54450e62-c2ee-4136-b175-6191e3a2acfc,61
Hisuian Zoroark VSTAR,ヒスイ ゾロアークVSTAR,1,54450e62-c2ee-4136-b175-6191e3a2acfc,62
Hisuian Zorua,ヒスイ ゾロア,1,54450e62-c2ee-4136-b175-6191e3a2acfc,29
Hitmonchan,エビワラー,1,b86a7ec9-e8f7-4f8c-b4e4-757e2f1d54f6,18
Hitmonlee,サワムラー,1,8c3e90a2-295a-49ec-a166-fec75fe3fd8e,54
Hitmontop,カポエラー,1,ac71e58e-df22-4e89-89a6-7e939bd6632a,52
Ho-Oh,ホウオウ,1,1778f144-2fa0-4cf0-b7ed-b8a42a4f4526,48
Ho-Oh V,ホウオウV,1,012908fb-007c-486d-85ba-d2fcf10d833d,55
Ho-Oh-EX,ホウオウEX,1,6b8faf93-bc0b-4539-aca0-5b0cdcba2d41,9
Ho-Oh-GX,ホウオウGX,1,a8568729-9fae-4f33-bea1-c887bbc3f41a,12
Honchkrow,ドンカラス,1,54450e62-c2ee-4136-b175-6191e3a2acfc,45
Honchkrow V,ドンカラスV,1,012f4320-fb6b-4541-b502-a185ca139451,64
Honchkrow-GX,ドンカラスGX,1,94db240f-1949-4c1e-9b92-12425aa31573,56
Honedge,ヒトツキ,1,8cce95a2-f537-4156-907d-f331ce13b5d6,51
Hooligans Jim & Cas,バッドチームのジムとサブ,1,20672802-91f9-40b4-909f-312ffba0dd5b,68
Hoopa,フーパ,1,80bdd6cc-3aa6-4299-b5b1-43a5f80af030,108
Hoopa ex,フーパex,1,c5804d11-9c59-4cad-9061-0801b0ba0d9b,29
Hoopa V,フーパV,1,8c1bc8f3-39e4-4b18-a239-4b6b22df60a8,231
Hoopa-EX,フーパEX,1,a0688785-c0ff-43fa-84fa-48d14432b701,58
Hoopa-GX,フーパGX,1,424e31c9-b164-41cc-bc8b-67667edfab53,31
Hoothoot,ホーホー,1,0380eb72-bbcd-401c-ba09-fec23007efa7,55
Hop's Bag,ホップのバッグ,1,89da1d8e-b1db-45f2-8674-eed2ab01058b,91
Hop's Choice Band,ホップのこだわりハチマキ,1,89da1d8e-b1db-45f2-8674-eed2ab01058b,92
Hop's Corviknight,ホップのアーマーガア,1,89da1d8e-b1db-45f2-8674-eed2ab01058b,68
Hop's Corvisquire,ホップのアオガラス,1,89da1d8e-b1db-45f2-8674-eed2ab01058b,84
Hop's Cramorant,ホップのウッウ,1,89da1d8e-b1db-45f2-8674-eed2ab01058b,87
Hop's Dubwool,ホップのバイウールー,1,89da1d8e-b1db-45f2-8674-eed2ab01058b,86
Hop's Rookidee,ホップのココガラ,1,89da1d8e-b1db-45f2-8674-eed2ab01058b,83
Hop's Sandaconda,ホップのサダイジャ,1,89da1d8e-b1db-45f2-8674-eed2ab01058b,54
Hop's Silicobra,ホップのスナヘビ,1,89da1d8e-b1db-45f2-8674-eed2ab01058b,53
Hop's Snorlax,ホップのカビゴン,1,89da1d8e-b1db-45f2-8674-eed2ab01058b,75
Hop's Wooloo,ホップのウールー,1,89da1d8e-b1db-45f2-8674-eed2ab01058b,85
Hop's Zacian ex,ホップのザシアンex,1,89da1d8e-b1db-45f2-8674-eed2ab01058b,69
Hoppip,ハネッコ,1,30503cd2-8ced-45f5-9b2f-acd3ee55c09a,4
Horror Psychic Energy,ホラー超エネルギー,1,80bdd6cc-3aa6-4299-b5b1-43a5f80af030,175
Horsea,タッツー,1,ca93c4b2-7d37-4881-9306-c30f64a19b88,22
Houndoom,ヘルガー,1,8cce95a2-f537-4156-907d-f331ce13b5d6,45
Houndoom Spirit Link,ヘルガーソウルリンク,1,ef6bc45c-08a8-4349-8017-1717b108d3c8,56
Houndoom V,ヘルガーV,1,c82f1d3a-3f74-454a-9a22-8ee9ac53e4e8,9
Houndoom-EX,ヘルガーEX,1,ef6bc45c-08a8-4349-8017-1717b108d3c8,9
Houndour,デルビル,1,8cce95a2-f537-4156-907d-f331ce13b5d6,44
Houndstone,ハカドッグ,1,15f71d52-9415-472d-a5cb-2397e385979c,48
Hugh,ヒュウ,1,b0253502-abfb-4157-a4fc-41821a8bd9f6,56
Huntail,ハンテール,1,a945665e-c81a-4c03-924d-624a07458341,24
Hunting Gloves,ハンターグローブ,1,80bdd6cc-3aa6-4299-b5b1-43a5f80af030,144
Hustle Belt,ハッスルベルト,1,02909cf1-28d7-484f-bede-01b7da714ab6,87
Hydrapple,カミツオロチ,1,562e3ff7-4148-430b-8ea4-e1308f56d05e,11
Hydrapple ex,カミツオロチex,1,db8504f1-e9f0-4e60-954a-4818040cfe98,12
Hydreigon,サザンドラ,1,b86a7ec9-e8f7-4f8c-b4e4-757e2f1d54f6,44
Hydreigon ex,サザンドラex,1,02eba1f1-ab17-434f-b54f-3213cbb54ca3,62
Hydreigon-EX,サザンドラEX,1,a0688785-c0ff-43fa-84fa-48d14432b701,99
Hyper Aroma,ハイパーアロマ,1,97d0e77f-4340-44e3-9fb3-6e227b079a7d,55
Hyper Potion,すごいきずぐすり,1,43366684-3ba6-4b69-a815-9c96da64469d,160
Hypno,スリーパー,1,ca93c4b2-7d37-4881-9306-c30f64a19b88,43
Hypnotoxic Laser,どくさいみん光線,1,d80a5f18-cad8-457f-90e6-3fbfd527f8c2,63
Ice Rider Calyrex V,はくばバドレックスV | はくばバドレックスVMAX,2,ec2d763e-ea05-4f77-ade2-b439f60a2adb,27
Ice Rider Calyrex VMAX,はくばバドレックスVMAX,1,ec2d763e-ea05-4f77-ade2-b439f60a2adb,28
Ignition Energy,イグニッションエネルギー,1,02eba1f1-ab17-434f-b54f-3213cbb54ca3,86
Ilima,イリマ,1,c9f7833f-defe-4d99-b45a-33fcb5a1fb14,58
Illumise,イルミーゼ,1,02909cf1-28d7-484f-bede-01b7da714ab6,12
Imakuni?'s Doduo,イマクニ?のドードー,1,13ac4f0e-0e0f-4ab3-9fa0-933a49903236,102
Impact Energy,インパクトエネルギー,1,ec2d763e-ea05-4f77-ade2-b439f60a2adb,70
Impidimp,ベロバー,1,db8504f1-e9f0-4e60-954a-4818040cfe98,64
Incineroar,ガオガエン,1,248d92ee-d69e-493d-9d4b-0960134db32f,17
Incineroar ex,ガオガエンex,1,1fea9ad9-1344-4423-b075-978401221f70,22
Incineroar-GX,ガオガエンGX,1,30503cd2-8ced-45f5-9b2f-acd3ee55c09a,82
Indeedee,イエッサン,1,ca93c4b2-7d37-4881-9306-c30f64a19b88,51
Indeedee V,イエッサンV,1,43366684-3ba6-4b69-a815-9c96da64469d,84
Infernape,ゴウカザル,1,012f4320-fb6b-4541-b502-a185ca139451,21
Ingo & Emmet,ノボリとクダリ,1,312d4099-d563-4221-b523-a8ab2cf9c24e,134
Inkay,マーイーカ,1,6e0a46c7-e469-4972-ba98-131cf67c7c94,32
Inteleon,インテレオン,1,80bdd6cc-3aa6-4299-b5b1-43a5f80af030,38
Inteleon V,インテレオンV,1,692e5d4f-0da6-4011-a12c-ffdb1309cba4,22
Inteleon VMAX,インテレオンVMAX,1,692e5d4f-0da6-4011-a12c-ffdb1309cba4,23
Iono,ナンジャモ,1,34dac2ab-c4e1-429a-a8f7-a057ae021a67,69
Iono's Bellibolt ex,ナンジャモのハラバリーex,1,89da1d8e-b1db-45f2-8674-eed2ab01058b,30
Iono's Electrode,ナンジャモのマルマイン,1,89da1d8e-b1db-45f2-8674-eed2ab01058b,27
Iono's Kilowattrel,ナンジャモのタイカイデン,1,89da1d8e-b1db-45f2-8674-eed2ab01058b,32
Iono's Tadbulb,ナンジャモのズピカ,1,89da1d8e-b1db-45f2-8674-eed2ab01058b,29
Iono's Voltorb,ナンジャモのビリリダマ,1,89da1d8e-b1db-45f2-8674-eed2ab01058b,26
Iono's Wattrel,ナンジャモのカイデン,1,89da1d8e-b1db-45f2-8674-eed2ab01058b,31
Irida,カイ,1,6e0a46c7-e469-4972-ba98-131cf67c7c94,64
Iris,アイリス,1,2f7aa653-531c-4744-b532-e3fead1dfa1f,71
Iris's Fighting Spirit,アイリスの闘志,1,89da1d8e-b1db-45f2-8674-eed2ab01058b,94
Iron Boulder,テツノイワオ,1,db8504f1-e9f0-4e60-954a-4818040cfe98,47
Iron Boulder ex,テツノイワオex,1,1fea9ad9-1344-4423-b075-978401221f70,41
Iron Bundle,テツノツツミ,1,1d6a22e1-15be-46ec-bfa4-71adffe1213e,20
Iron Crown,テツノカシラ,1,154b30d7-3fc1-4322-af22-f39b9c881d45,39
Iron Crown ex,テツノカシラex,1,1fea9ad9-1344-4423-b075-978401221f70,36
Iron Hands ex,テツノカイナex,1,1d6a22e1-15be-46ec-bfa4-71adffe1213e,27
Iron Jugulis,テツノコウベ,1,1d6a22e1-15be-46ec-bfa4-71adffe1213e,58
Iron Leaves,テツノイサハ,1,97d0e77f-4340-44e3-9fb3-6e227b079a7d,7
Iron Leaves ex,テツノイサハex,1,1fea9ad9-1344-4423-b075-978401221f70,16
Iron Moth,テツノドクガ,1,1d6a22e1-15be-46ec-bfa4-71adffe1213e,12
Iron Thorns,テツノイバラ,1,1fea9ad9-1344-4423-b075-978401221f70,30
Iron Thorns ex,テツノイバラex,1,97d0e77f-4340-44e3-9fb3-6e227b079a7d,33
Iron Treads,テツノワダチ,1,1fea9ad9-1344-4423-b075-978401221f70,51
Iron Treads ex,テツノワダチex,1,15f71d52-9415-472d-a5cb-2397e385979c,58
Iron Valiant,テツノブジン,1,1fea9ad9-1344-4423-b075-978401221f70,35
Iron Valiant ex,テツノブジンex,1,1d6a22e1-15be-46ec-bfa4-71adffe1213e,38
Iscan,ススキ,1,54450e62-c2ee-4136-b175-6191e3a2acfc,68
Island Challenge Amulet,しまめぐりのあかし,1,4a261245-088f-4357-a2ff-6c7890e11543,85
Ivysaur,フシギソウ,1,cc2feeb0-7efb-4265-9655-142f55afe232,2
Jacq,ジニア,1,0e5e9c85-befb-4767-b2e3-748891d46454,74
Jamming Net,ジャミングネット(フレア団ハイパーギア),1,c5895636-5372-42da-a880-777a0a52416a,82
Jamming Tower,ジャミングタワー,1,c747cf6e-7ba4-4ec5-8288-d40293a4565f,132
Jangmo-o,ジャラコ,1,4a261245-088f-4357-a2ff-6c7890e11543,68
Janine,アンズ,1,67f367c1-a48d-4f82-8b03-0cea6da851bb,55
Janine's Secret Art,アンズの秘技,1,d89dc0ae-ec18-4b7e-a147-29ceffa71c2f,166
Janine's Secret Technique,アンズの秘技,1,0683c46d-715d-4978-bcac-223c867795ea,60
Jasmine,ミカン,1,424e31c9-b164-41cc-bc8b-67667edfab53,51
Jasmine's Look,ミカンのまなざし,1,6d9ff692-c95f-40d8-aef9-58089eb14260,104
Jaw Fossil,アゴの化石,1,18513f31-8b41-4783-9b7b-43ea49365192,85
Jellicent,ブルンゲル,1,57924c09-76eb-4558-9b20-3158526e6c65,22
Jellicent ex,ブルンゲルex,1,02eba1f1-ab17-434f-b54f-3213cbb54ca3,42
Jessie & James,ムサシとコジロウ,1,03ce403b-f7de-460e-931e-27de38cd44ca,48
Jet Energy,ジェットエネルギー,1,af1234fc-0c84-4c51-ba4c-cc74829e2d03,72
Jigglypuff,プリン,1,b86a7ec9-e8f7-4f8c-b4e4-757e2f1d54f6,10
Jirachi,ジラーチ,1,30503cd2-8ced-45f5-9b2f-acd3ee55c09a,90
Jirachi V,ジラーチV,1,7232c008-006b-4250-8b7a-d6e96202a657,25
Jirachi ◇,ジラーチ,1,30503cd2-8ced-45f5-9b2f-acd3ee55c09a,91
Jirachi-EX,ジラーチEX,1,2f7aa653-531c-4744-b532-e3fead1dfa1f,51
Jirachi-GX,ジラーチGX,1,30503cd2-8ced-45f5-9b2f-acd3ee55c09a,180
Jolteon,サンダース,1,80bdd6cc-3aa6-4299-b5b1-43a5f80af030,49
Jolteon ex,サンダースex,1,d89dc0ae-ec18-4b7e-a147-29ceffa71c2f,52
Jolteon V,サンダースV,1,a29ec842-6bdb-4f63-9b66-6d63ca4e67cf,30
Jolteon-EX,サンダースEX,1,a0688785-c0ff-43fa-84fa-48d14432b701,173
Joltik,バチュル,1,14496d8f-d11f-4779-bc03-b5a0e25a8a4b,22
Jubilife Village,コトブキムラ,1,8c1bc8f3-39e4-4b18-a239-4b6b22df60a8,168
Judge,ジャッジマン,1,012908fb-007c-486d-85ba-d2fcf10d833d,63
Judge Whistle,ジャッジマンホイッスル,1,8c3e90a2-295a-49ec-a166-fec75fe3fd8e,78
Jumpluff,ワタッコ,1,30503cd2-8ced-45f5-9b2f-acd3ee55c09a,6
Justified Gloves,正義のグローブ,1,c56a482d-7434-4e00-bc54-16c38f187c4e,62
Jynx,ルージュラ,1,012908fb-007c-486d-85ba-d2fcf10d833d,34
Jynx ex,ルージュラex,1,bb411b0c-7378-4681-8d40-30958187c747,124
Kabu,カブ,1,34f34ce8-d9b4-4c63-9460-a26290607bc5,67
Kabuto,カブト,1,8c3e90a2-295a-49ec-a166-fec75fe3fd8e,58
Kabutops,カブトプス,1,8c3e90a2-295a-49ec-a166-fec75fe3fd8e,59
Kadabra,ユンゲラー,1,bb411b0c-7378-4681-8d40-30958187c747,64
Kahili,カヒリ,1,8251be2f-446e-47c1-ae16-155441fda939,55
Kakuna,コクーン,1,80bdd6cc-3aa6-4299-b5b1-43a5f80af030,2
Kamado,デンボク,1,0380eb72-bbcd-401c-ba09-fec23007efa7,66
Kangaskhan,ガルーラ,1,4fc047cb-d0d5-4086-b6dd-8f0b1d5dad42,37
Kangaskhan ex,ガルーラex,1,bb411b0c-7378-4681-8d40-30958187c747,115
Kangaskhan-EX,ガルーラEX,1,6ba347c2-db70-4a00-bd67-01f48ceff2f5,64
Karate Belt,くろおび,1,4fc047cb-d0d5-4086-b6dd-8f0b1d5dad42,47
Karen,カリン,1,a0688785-c0ff-43fa-84fa-48d14432b701,183
Karen's Conviction,カリンの信念,1,b8da2cc6-5a50-4b94-898d-bbb675e70c0a,66
Karrablast,カブルモ,1,4fc047cb-d0d5-4086-b6dd-8f0b1d5dad42,1
Kartana,カミツルギ,1,30503cd2-8ced-45f5-9b2f-acd3ee55c09a,15
Kartana-GX,カミツルギGX,1,133c791b-7cad-484f-843a-1fdb007af685,37
Katy,カエデ,1,15f71d52-9415-472d-a5cb-2397e385979c,74
Kecleon,カクレオン,1,c56a482d-7434-4e00-bc54-16c38f187c4e,54
Keldeo,ケルディオ,1,248d92ee-d69e-493d-9d4b-0960134db32f,23
Keldeo ex,ケルディオex,1,02eba1f1-ab17-434f-b54f-3213cbb54ca3,27
Keldeo-EX,ケルディオEX,1,eb0a6865-84ff-4f85-b031-54c9d4e4c14d,37
Keldeo-GX,ケルディオGX,1,03ce403b-f7de-460e-931e-27de38cd44ca,19
Kiawe,カキ,1,94db240f-1949-4c1e-9b92-12425aa31573,94
Kieran,スグリ,1,aaae146c-17af-45fb-b9fb-165ca527fc03,96
Kilowattrel,タイカイデン,1,af1234fc-0c84-4c51-ba4c-cc74829e2d03,33
Kindler,キャンプファイヤー,1,012f4320-fb6b-4541-b502-a185ca139451,92
Kingambit,ドドゲザン,1,0e5e9c85-befb-4767-b2e3-748891d46454,58
Kingdra,キングドラ,1,ca93c4b2-7d37-4881-9306-c30f64a19b88,24
Kingdra ex,キングドラex,1,0683c46d-715d-4978-bcac-223c867795ea,12
Kingdra-EX,キングドラEX,1,738567d0-701f-448b-bba6-70a6b90dbcc4,55
Kingdra-GX,キングドラGX,1,80f62c95-9f01-4569-b25d-11f781e01a82,14
Kingler,キングラー,1,94db240f-1949-4c1e-9b92-12425aa31573,27
Kirlia,キルリア,1,012908fb-007c-486d-85ba-d2fcf10d833d,37
Klang,ギギアル,1,012908fb-007c-486d-85ba-d2fcf10d833d,47
Klara,クララ,1,80bdd6cc-3aa6-4299-b5b1-43a5f80af030,151
Klawf,ガケガニ,1,0e5e9c85-befb-4767-b2e3-748891d46454,48
Kleavor,バサギリ,1,0380eb72-bbcd-401c-ba09-fec23007efa7,46
Kleavor V,バサギリV,1,6e0a46c7-e469-4972-ba98-131cf67c7c94,40
Kleavor VSTAR,バサギリVSTAR,1,6e0a46c7-e469-4972-ba98-131cf67c7c94,41
Klefki,クレッフィ,1,b86a7ec9-e8f7-4f8c-b4e4-757e2f1d54f6,37
Klink,ギアル,1,012908fb-007c-486d-85ba-d2fcf10d833d,46
Klinklang,ギギギアル,1,012908fb-007c-486d-85ba-d2fcf10d833d,48
Koffing,ドガース,1,c56a482d-7434-4e00-bc54-16c38f187c4e,44
Kofu,ハイダイ,1,db8504f1-e9f0-4e60-954a-4818040cfe98,99
Koga's Trap,キョウの罠,1,0bf8b1be-1ffe-4105-957e-f4d47b905e05,50
Komala,ネッコアラ,1,6e0a46c7-e469-4972-ba98-131cf67c7c94,59
Kommo-o,ジャラランガ,1,4a261245-088f-4357-a2ff-6c7890e11543,71
Kommo-o-GX,ジャラランガGX,1,234779b1-7c9a-442f-8f8e-de41d5de658c,41
Koraidon,コライドン,1,6d9ff692-c95f-40d8-aef9-58089eb14260,69
Koraidon ex,コライドンex,1,0e5e9c85-befb-4767-b2e3-748891d46454,50
Korrina,コルニ,1,18513f31-8b41-4783-9b7b-43ea49365192,90
Korrina's Focus,コルニの気合い,1,80bdd6cc-3aa6-4299-b5b1-43a5f80af030,152
Krabby,クラブ,1,94db240f-1949-4c1e-9b92-12425aa31573,26
Kricketot,コロボーシ,1,6e0a46c7-e469-4972-ba98-131cf67c7c94,4
Kricketune,コロトック,1,6e0a46c7-e469-4972-ba98-131cf67c7c94,5
Kricketune V,コロトックV,1,80bdd6cc-3aa6-4299-b5b1-43a5f80af030,4
Krokorok,ワルビル,1,ca93c4b2-7d37-4881-9306-c30f64a19b88,69
Krookodile,ワルビアル,1,ca93c4b2-7d37-4881-9306-c30f64a19b88,70
Kubfu,ダクマ,1,80bdd6cc-3aa6-4299-b5b1-43a5f80af030,91
Kyogre,カイオーガ,1,012908fb-007c-486d-85ba-d2fcf10d833d,30
Kyogre Spirit Link,カイオーガソウルリンク,1,a03039bf-3a15-4b15-9d4f-634488fa9e48,64
Kyogre-EX,カイオーガEX,1,b7b434e5-3fee-4321-a856-7cb6afbe5941,15
Kyurem,キュレム,1,b86a7ec9-e8f7-4f8c-b4e4-757e2f1d54f6,45
Kyurem ex,キュレムex,1,1b0c8034-f89e-45bd-9339-da3e9963ce3f,31
Kyurem V,キュレムV,1,ca93c4b2-7d37-4881-9306-c30f64a19b88,29
Kyurem VMAX,キュレムVMAX,1,ca93c4b2-7d37-4881-9306-c30f64a19b88,30
Kyurem-EX,キュレムEX,1,eb0a6865-84ff-4f85-b031-54c9d4e4c14d,36
Lacey,タロ,1,db8504f1-e9f0-4e60-954a-4818040cfe98,98
Lady,おじょうさま,1,ca93c4b2-7d37-4881-9306-c30f64a19b88,96
Lairon,コドラ,1,248d92ee-d69e-493d-9d4b-0960134db32f,66
Lake Acuity,エイチ湖,1,54450e62-c2ee-4136-b175-6191e3a2acfc,71
Lampent,ランプラー,1,0380eb72-bbcd-401c-ba09-fec23007efa7,13
Lana,スイレン,1,02774e64-31dd-4b6c-a9b3-65c24144066e,106
Lana's Aid,スイレンのお世話,1,97d0e77f-4340-44e3-9fb3-6e227b079a7d,64
Lana's Fishing Rod,スイレンのつりざお,1,bf3433b6-5f29-4156-a1b7-c67eb119b52f,42
Lance,ワタル,1,248d92ee-d69e-493d-9d4b-0960134db32f,96
Lance ◇,ワタル♢,1,80f62c95-9f01-4569-b25d-11f781e01a82,50
Landorus,ランドロス,1,94db240f-1949-4c1e-9b92-12425aa31573,52
Landorus-EX,ランドロスEX,1,b0253502-abfb-4157-a4fc-41821a8bd9f6,40
Lanturn,ランターン,1,ca93c4b2-7d37-4881-9306-c30f64a19b88,36
Lapras,ラプラス,1,8c1bc8f3-39e4-4b18-a239-4b6b22df60a8,23
Lapras ex,ラプラスex,1,db8504f1-e9f0-4e60-954a-4818040cfe98,19
Lapras V,ラプラスV,1,43366684-3ba6-4b69-a815-9c96da64469d,31
Lapras VMAX,ラプラスVMAX,1,43366684-3ba6-4b69-a815-9c96da64469d,32
Lapras-GX,ラプラスGX,1,c9f7833f-defe-4d99-b45a-33fcb5a1fb14,16
Larry,アオキ,1,c5804d11-9c59-4cad-9061-0801b0ba0d9b,58
Larry's Efficiency,アオキの手際,1,d89dc0ae-ec18-4b7e-a147-29ceffa71c2f,162
Larvesta,メラルバ,1,248d92ee-d69e-493d-9d4b-0960134db32f,13
Larvitar,ヨーギラス,1,1778f144-2fa0-4cf0-b7ed-b8a42a4f4526,35
Last Chance Potion,ギリギリポーション,1,02909cf1-28d7-484f-bede-01b7da714ab6,79
Latias,ラティアス,1,8c1bc8f3-39e4-4b18-a239-4b6b22df60a8,105
Latias & Latios-GX,ラティアス&ラティオスGX,1,8c3e90a2-295a-49ec-a166-fec75fe3fd8e,60
Latias ex,ラティアスex,1,154b30d7-3fc1-4322-af22-f39b9c881d45,19
Latias ◇,ラティアス,1,02909cf1-28d7-484f-bede-01b7da714ab6,66
Latias-EX,ラティアスEX,1,71a210ff-9d68-4eed-900a-43b5f14a70c6,41
Latios,ラティオス,1,8c1bc8f3-39e4-4b18-a239-4b6b22df60a8,106
Latios ◇,ラティオス,1,02909cf1-28d7-484f-bede-01b7da714ab6,67
Latios-EX,ラティオスEX,1,3b23961b-060c-4eec-b215-11dcd659f7a9,39
Latios-GX,ラティオスGX,1,14496d8f-d11f-4779-bc03-b5a0e25a8a4b,34
Lavender Town,シオンタウン,1,8c3e90a2-295a-49ec-a166-fec75fe3fd8e,90
Leafeon,リーフィア,1,97d0e77f-4340-44e3-9fb3-6e227b079a7d,6
Leafeon ex,リーフィアex,1,d89dc0ae-ec18-4b7e-a147-29ceffa71c2f,3
Leafeon V,リーフィアV,1,8c1bc8f3-39e4-4b18-a239-4b6b22df60a8,11
Leafeon VMAX,リーフィアVMAX,1,a29ec842-6bdb-4f63-9b66-6d63ca4e67cf,3
Leafeon VSTAR,リーフィアVSTAR,1,8c1bc8f3-39e4-4b18-a239-4b6b22df60a8,12
Leafeon-GX,リーフィアGX,1,85624ae1-7bf6-4f09-a3c7-d3af5f65893a,12
Leafy Camo Poncho,葉隠れポンチョ,1,248d92ee-d69e-493d-9d4b-0960134db32f,124
League Staff,リーグスタッフ,1,55532dfc-3744-4734-b6b3-db9157b43812,95
Leavanny,ハハコモリ,1,14496d8f-d11f-4779-bc03-b5a0e25a8a4b,8
Lechonk,グルトン,1,0e5e9c85-befb-4767-b2e3-748891d46454,66
Ledian,レディアン,1,c56a482d-7434-4e00-bc54-16c38f187c4e,2
Ledyba,レディバ,1,c56a482d-7434-4e00-bc54-16c38f187c4e,1
Leftovers,たべのこし,1,bb411b0c-7378-4681-8d40-30958187c747,160
Legacy Energy,レガシーエネルギー,1,aaae146c-17af-45fb-b9fb-165ca527fc03,101
Leon,ダンデ,1,80bdd6cc-3aa6-4299-b5b1-43a5f80af030,154
Letter of Encouragement,はげましのてがみ,1,eb9a2ae1-f752-48e2-bd6e-4a3103023949,100
Level Ball,レベルボール,1,8c1bc8f3-39e4-4b18-a239-4b6b22df60a8,143
Levincia,ハッコウシティ,1,89da1d8e-b1db-45f2-8674-eed2ab01058b,98
Lickilicky,ベロベルト,1,6e0a46c7-e469-4972-ba98-131cf67c7c94,53
Lickitung,ベロリンガ,1,6e0a46c7-e469-4972-ba98-131cf67c7c94,52
Liepard,レパルダス,1,248d92ee-d69e-493d-9d4b-0960134db32f,58
Liepard V,レパルダスV,1,ec2d763e-ea05-4f77-ade2-b439f60a2adb,47
Life Dew,いのちのしずく,1,71a210ff-9d68-4eed-900a-43b5f14a70c6,50
Life Forest ◇,ライフフォレスト,1,30503cd2-8ced-45f5-9b2f-acd3ee55c09a,168
Life Herb,ふっかつそう,1,1778f144-2fa0-4cf0-b7ed-b8a42a4f4526,56
Lightning Energy,基本雷エネルギー,1,30503cd2-8ced-45f5-9b2f-acd3ee55c09a,205
Lileep,リリーラ,1,4a261245-088f-4357-a2ff-6c7890e11543,3
Lillie,リーリエ,1,03ce403b-f7de-460e-931e-27de38cd44ca,53
Lillie's Clefairy ex,リーリエのピッピex,1,89da1d8e-b1db-45f2-8674-eed2ab01058b,33
Lillie's Comfey,リーリエのキュワワー,1,89da1d8e-b1db-45f2-8674-eed2ab01058b,43
Lillie's Cutiefly,リーリエのアブリー,1,89da1d8e-b1db-45f2-8674-eed2ab01058b,41
Lillie's Full Force,リーリエの全力,1,bf3433b6-5f29-4156-a1b7-c67eb119b52f,49
Lillie's Pearl,リーリエのしんじゅ,1,89da1d8e-b1db-45f2-8674-eed2ab01058b,93
Lillie's Poké Doll,リーリエのピッピ人形,1,bf3433b6-5f29-4156-a1b7-c67eb119b52f,43
Lillie's Ribombee,リーリエのアブリボン,1,89da1d8e-b1db-45f2-8674-eed2ab01058b,42
Lilligant,ドレディア,1,234779b1-7c9a-442f-8f8e-de41d5de658c,5
Lillipup,ヨーテリー,1,bf3433b6-5f29-4156-a1b7-c67eb119b52f,37
Linoone,マッスグマ,1,eb9a2ae1-f752-48e2-bd6e-4a3103023949,93
Lisia,ルチア,1,30503cd2-8ced-45f5-9b2f-acd3ee55c09a,158
Lisia's Appeal,ルチアのアピール,1,154b30d7-3fc1-4322-af22-f39b9c881d45,63
Litleo,シシコ,1,ec2d763e-ea05-4f77-ade2-b439f60a2adb,12
Litten,ニャビー,1,248d92ee-d69e-493d-9d4b-0960134db32f,15
Litwick,ヒトモシ,1,0380eb72-bbcd-401c-ba09-fec23007efa7,12
Lokix,エクスレッグ,1,af1234fc-0c84-4c51-ba4c-cc74829e2d03,10
Lombre,ハスブレロ,1,b86a7ec9-e8f7-4f8c-b4e4-757e2f1d54f6,3
Looker,ハンサム,1,4faa5ea4-2af5-4aea-8154-3d8eac93ff68,63
Looker Whistle,ハンサムホイッスル,1,4faa5ea4-2af5-4aea-8154-3d8eac93ff68,57
Lopunny,ミミロップ,1,ca93c4b2-7d37-4881-9306-c30f64a19b88,88
Lost Blender,ロストミキサー,1,30503cd2-8ced-45f5-9b2f-acd3ee55c09a,138
Lost City,ロストシティ,1,ca93c4b2-7d37-4881-9306-c30f64a19b88,99
Lost Vacuum,ロストスイーパー,1,ca93c4b2-7d37-4881-9306-c30f64a19b88,93
Lotad,ハスボー,1,b86a7ec9-e8f7-4f8c-b4e4-757e2f1d54f6,2
Loudred,ドゴーム,1,02909cf1-28d7-484f-bede-01b7da714ab6,73
Love Ball,ラブラブボール,1,97d0e77f-4340-44e3-9fb3-6e227b079a7d,58
Lt. Surge's Strategy,マチスの作戦,1,0bf8b1be-1ffe-4105-957e-f4d47b905e05,51
Lucario,ルカリオ,1,8c1bc8f3-39e4-4b18-a239-4b6b22df60a8,77
Lucario & Melmetal-GX,ルカリオ&メルメタルGX,1,30503cd2-8ced-45f5-9b2f-acd3ee55c09a,83
Lucario VSTAR,ルカリオVSTAR,1,8c1bc8f3-39e4-4b18-a239-4b6b22df60a8,226
Lucario-EX,ルカリオEX,1,a0688785-c0ff-43fa-84fa-48d14432b701,62
Lucario-GX,ルカリオGX,1,7b4aebdd-ad4e-4fd2-a4a1-50ed98bc4e51,30
Lucian,ゴヨウ,1,97d0e77f-4340-44e3-9fb3-6e227b079a7d,62
Lucky Egg,しあわせタマゴ,1,92b1b2b5-1413-4667-96da-f6302db14a80,57
Lucky Energy,ラッキーエネルギー,1,c56a482d-7434-4e00-bc54-16c38f187c4e,70
Lucky Helmet,ラッキーメット,1,97d0e77f-4340-44e3-9fb3-6e227b079a7d,60
Lucky Ice Pop,当たりつきアイス,1,d67a90e5-6bf3-4a5b-8181-26f09eca8a1b,56
Ludicolo,ルンパッパ,1,b86a7ec9-e8f7-4f8c-b4e4-757e2f1d54f6,4
Lugia,ルギア,1,5ef17897-aa4b-47b6-ba3f-437267d27a85,55
Lugia BREAK,ルギアBREAK,1,738567d0-701f-448b-bba6-70a6b90dbcc4,59
Lugia V,ルギアV,1,248d92ee-d69e-493d-9d4b-0960134db32f,79
Lugia VSTAR,ルギアVSTAR,1,248d92ee-d69e-493d-9d4b-0960134db32f,80
Lugia-EX,ルギアEX,1,eb0a6865-84ff-4f85-b031-54c9d4e4c14d,86
Lugia-GX,ルギアGX,1,ac71e58e-df22-4e89-89a6-7e939bd6632a,72
Lum Berry,ラムのみ,1,e7364633-fbf1-400c-8da2-63b129f42c38,58
Lumineon,ネオラント,1,ca93c4b2-7d37-4881-9306-c30f64a19b88,28
Lumineon V,ネオラントV,1,8c1bc8f3-39e4-4b18-a239-4b6b22df60a8,26
Luminous Energy,ルミナスエネルギー,1,af1234fc-0c84-4c51-ba4c-cc74829e2d03,73
Lunala,ルナアーラ,1,4a261245-088f-4357-a2ff-6c7890e11543,39
Lunala ◇,ルナアーラ,1,4faa5ea4-2af5-4aea-8154-3d8eac93ff68,32
Lunala-GX,ルナアーラGX,1,af81f07b-2345-4f9e-baf5-adfa2bcdb807,28
Lunatone,ルナトーン,1,8c1bc8f3-39e4-4b18-a239-4b6b22df60a8,56
Lurantis,ラランテス,1,03ce403b-f7de-460e-931e-27de38cd44ca,5
Lurantis-GX,ラランテスGX,1,af81f07b-2345-4f9e-baf5-adfa2bcdb807,6
Lure Ball,ルアーボール,1,1778f144-2fa0-4cf0-b7ed-b8a42a4f4526,60
Lure Module,ルアーモジュール,1,519974df-352f-47fe-a03f-04e3e551a5da,67
Lusamine,ルザミーネ,1,03ce403b-f7de-460e-931e-27de38cd44ca,54
Lusamine ◇,ルザミーネ,1,ac71e58e-df22-4e89-89a6-7e939bd6632a,92
Luvdisc,ラブカス,1,6e0a46c7-e469-4972-ba98-131cf67c7c94,18
Luxio,ルクシオ,1,248d92ee-d69e-493d-9d4b-0960134db32f,27
Luxray,レントラー,1,248d92ee-d69e-493d-9d4b-0960134db32f,28
Luxray ex,レントラーex,1,aaae146c-17af-45fb-b9fb-165ca527fc03,41
Luxray V,レントラーV,1,7232c008-006b-4250-8b7a-d6e96202a657,21
Luxurious Cape,ゴージャスマント,1,c5804d11-9c59-4cad-9061-0801b0ba0d9b,55
Lycanroc,ルガルガン,1,248d92ee-d69e-493d-9d4b-0960134db32f,54
Lycanroc ex,ルガルガンex,1,af1234fc-0c84-4c51-ba4c-cc74829e2d03,50
Lycanroc V,ルガルガンV,1,b86a7ec9-e8f7-4f8c-b4e4-757e2f1d54f6,24
Lycanroc VMAX,ルガルガンVMAX,1,b86a7ec9-e8f7-4f8c-b4e4-757e2f1d54f6,25
Lycanroc-GX,ルガルガンGX,1,a46aa9cd-922a-487f-a7f2-940f9a23ef57,27
Lysandre,フラダリ,1,6ba347c2-db70-4a00-bd67-01f48ceff2f5,77
Lysandre Labs,フラダリラボ,1,adc82cca-bad7-4c21-88f1-14482564992e,92
Lysandre ◇,フラダリ,1,adc82cca-bad7-4c21-88f1-14482564992e,89
Lysandre's Trump Card,フラダリの奥の手,1,c5895636-5372-42da-a880-777a0a52416a,86
M Aggron-EX,megaボスゴドラEX,1,e249c6c7-6f19-4de0-b421-1d7bce8e588d,46
M Alakazam-EX,megaフーディンEX,1,738567d0-701f-448b-bba6-70a6b90dbcc4,24
M Altaria-EX,megaチルタリスEX,1,738567d0-701f-448b-bba6-70a6b90dbcc4,54
M Ampharos-EX,megaデンリュウEX,1,e19dcfd0-93f5-498e-bc42-b724ceb38c83,86
M Beedrill-EX,megaスピアーEX,1,a4b22717-7318-403a-8743-77bfda0624d7,2
M Blastoise-EX,megaカメックスEX,1,0f0b8f32-db0e-4bf1-9a12-e6692554debb,15
M Camerupt-EX,megaバクーダEX,1,a0688785-c0ff-43fa-84fa-48d14432b701,172
M Charizard-EX,megaリザードンEX,1,6ba347c2-db70-4a00-bd67-01f48ceff2f5,55
M Gallade-EX,megaエルレイドEX,1,75574306-ef8d-4e8e-b8a5-5d485286a968,81
M Gardevoir-EX,megaサーナイトEX,1,a0688785-c0ff-43fa-84fa-48d14432b701,92
M Gengar-EX,megaゲンガーEX,1,c5895636-5372-42da-a880-777a0a52416a,34
M Glalie-EX,megaオニゴーリEX,1,e2a21580-e660-4e87-921d-56dea35352aa,15
M Gyarados-EX,megaギャラドスEX,1,76c58458-b473-4806-9bb6-903a2d2a9b45,19
M Heracross-EX,megaヘラクロスEX,1,18513f31-8b41-4783-9b7b-43ea49365192,5
M Houndoom-EX,megaヘルガーEX,1,ef6bc45c-08a8-4349-8017-1717b108d3c8,10
M Kangaskhan-EX,megaガルーラEX,1,6ba347c2-db70-4a00-bd67-01f48ceff2f5,65
M Latios-EX,megaラティオスEX,1,75574306-ef8d-4e8e-b8a5-5d485286a968,83
M Lucario-EX,megaルカリオEX,1,a0688785-c0ff-43fa-84fa-48d14432b701,63
M Manectric-EX,megaライボルトEX,1,a0688785-c0ff-43fa-84fa-48d14432b701,174
M Mewtwo-EX,megaミュウツーEX,1,ef6bc45c-08a8-4349-8017-1717b108d3c8,28
M Pidgeot-EX,megaピジョットEX,1,13ac4f0e-0e0f-4ab3-9fa0-933a49903236,63
M Rayquaza-EX,megaレックウザEX,1,a0688785-c0ff-43fa-84fa-48d14432b701,105
M Sceptile-EX,megaジュカインEX,1,e19dcfd0-93f5-498e-bc42-b724ceb38c83,83
M Scizor-EX,megaハッサムEX,1,76c58458-b473-4806-9bb6-903a2d2a9b45,58
M Sharpedo-EX,megaサメハダーEX,1,a0688785-c0ff-43fa-84fa-48d14432b701,71
M Tyranitar-EX,megaバンギラスEX,1,e19dcfd0-93f5-498e-bc42-b724ceb38c83,90
M Venusaur-EX,megaフシギバナEX,1,1e661884-d040-47cb-bdf0-f160771af6e1,2
Mabosstiff,マフィティフ,1,15f71d52-9415-472d-a5cb-2397e385979c,55
Machamp,カイリキー,1,54450e62-c2ee-4136-b175-6191e3a2acfc,36
Machamp BREAK,カイリキーBREAK,1,13ac4f0e-0e0f-4ab3-9fa0-933a49903236,58
Machamp V,カイリキーV,1,8c1bc8f3-39e4-4b18-a239-4b6b22df60a8,71
Machamp VMAX,カイリキーVMAX,1,8c1bc8f3-39e4-4b18-a239-4b6b22df60a8,72
Machamp-EX,カイリキーEX,1,e19dcfd0-93f5-498e-bc42-b724ceb38c83,88
Machamp-GX,カイリキーGX,1,25678826-2811-4bff-9b3a-26e10c5db48c,29
Machoke,ゴーリキー,1,54450e62-c2ee-4136-b175-6191e3a2acfc,35
Machop,ワンリキー,1,54450e62-c2ee-4136-b175-6191e3a2acfc,34
Magby,ブビィ,1,41226239-da09-4293-b6a3-d53c92094bf5,10
Magcargo,マグカルゴ,1,ca93c4b2-7d37-4881-9306-c30f64a19b88,16
Magcargo ex,マグカルゴex,1,97d0e77f-4340-44e3-9fb3-6e227b079a7d,13
Magcargo-GX,マグカルゴGX,1,8251be2f-446e-47c1-ae16-155441fda939,12
Magearna,マギアナ,1,6e0a46c7-e469-4972-ba98-131cf67c7c94,50
Magearna V,マギアナV,1,012908fb-007c-486d-85ba-d2fcf10d833d,51
Magearna-EX,マギアナEX,1,a0688785-c0ff-43fa-84fa-48d14432b701,89
Magikarp,コイキング,1,ea641579-b748-4519-80bf-909f23f821ca,8
Magikarp & Wailord-GX,コイキング&ホエルオーGX,1,8c3e90a2-295a-49ec-a166-fec75fe3fd8e,19
Magma Basin,マグマの滝壺,1,8c1bc8f3-39e4-4b18-a239-4b6b22df60a8,170
Magma Pointer,マグマポインター,1,cbbbd49a-cc8b-4bbe-83f2-29ebc09f25e3,26
Magmar,ブーバー,1,8c1bc8f3-39e4-4b18-a239-4b6b22df60a8,16
Magmortar,ブーバーン,1,8c1bc8f3-39e4-4b18-a239-4b6b22df60a8,17
Magnemite,コイル,1,8c1bc8f3-39e4-4b18-a239-4b6b22df60a8,94
Magnetic Storm,磁気嵐,1,6ba347c2-db70-4a00-bd67-01f48ceff2f5,80
Magneton,レアコイル,1,8c1bc8f3-39e4-4b18-a239-4b6b22df60a8,95
Magnezone,ジバコイル,1,8c1bc8f3-39e4-4b18-a239-4b6b22df60a8,96
Magnezone ex,ジバコイルex,1,15f71d52-9415-472d-a5cb-2397e385979c,28
Magnezone V,ジバコイルV,1,54450e62-c2ee-4136-b175-6191e3a2acfc,16
Magnezone VSTAR,ジバコイルVSTAR,1,54450e62-c2ee-4136-b175-6191e3a2acfc,17
Magnezone-EX,ジバコイルEX,1,6ba347c2-db70-4a00-bd67-01f48ceff2f5,30
Maintenance,メンテナンス,1,18513f31-8b41-4783-9b7b-43ea49365192,84
Makuhita,マクノシタ,1,6e0a46c7-e469-4972-ba98-131cf67c7c94,34
Malamar,カラマネロ,1,6e0a46c7-e469-4972-ba98-131cf67c7c94,33
Malamar V,カラマネロV,1,7d28ee74-f539-44c6-9aa1-1af5bf6c65aa,70
Malamar VMAX,カラマネロVMAX,1,7d28ee74-f539-44c6-9aa1-1af5bf6c65aa,71
Malamar-EX,カラマネロEX,1,a0688785-c0ff-43fa-84fa-48d14432b701,76
Mallow,マオ,1,a46aa9cd-922a-487f-a7f2-940f9a23ef57,49
Mallow & Lana,マオ&スイレン,1,4a261245-088f-4357-a2ff-6c7890e11543,89
Mamoswine,マンムー,1,0380eb72-bbcd-401c-ba09-fec23007efa7,20
Mamoswine ex,マンムーex,1,89da1d8e-b1db-45f2-8674-eed2ab01058b,46
Manaphy,マナフィ,1,8c1bc8f3-39e4-4b18-a239-4b6b22df60a8,29
Manaphy-EX,マナフィEX,1,76c58458-b473-4806-9bb6-903a2d2a9b45,21
Mandibuzz,バルジーナ,1,a945665e-c81a-4c03-924d-624a07458341,65
Manectric,ライボルト,1,02909cf1-28d7-484f-bede-01b7da714ab6,34
Manectric Spirit Link,ライボルトソウルリンク,1,c5895636-5372-42da-a880-777a0a52416a,81
Manectric-EX,ライボルトEX,1,c5895636-5372-42da-a880-777a0a52416a,23
Mankey,マンキー,1,8cce95a2-f537-4156-907d-f331ce13b5d6,28
Mantine,マンタイン,1,ac71e58e-df22-4e89-89a6-7e939bd6632a,27
Mantyke,タマンタ,1,c5804d11-9c59-4cad-9061-0801b0ba0d9b,7
Maractus,マラカッチ,1,a945665e-c81a-4c03-924d-624a07458341,6
Mareanie,ヒドイデ,1,ca93c4b2-7d37-4881-9306-c30f64a19b88,71
Mareep,メリープ,1,8c1bc8f3-39e4-4b18-a239-4b6b22df60a8,36
Marill,マリル,1,a8568729-9fae-4f33-bea1-c887bbc3f41a,19
Marnie,マリィ,1,80bdd6cc-3aa6-4299-b5b1-43a5f80af030,160
Marnie's Grimmsnarl ex,マリィのオーロンゲex,1,b42030c0-3702-41e1-b649-a790ce1e1ad1,7
Marnie's Impidimp,マリィのベロバー,1,b42030c0-3702-41e1-b649-a790ce1e1ad1,5
Marnie's Liepard,マリィのレパルダス,1,b42030c0-3702-41e1-b649-a790ce1e1ad1,2
Marnie's Morgrem,マリィのギモー,1,b42030c0-3702-41e1-b649-a790ce1e1ad1,6
Marnie's Morpeko,マリィのモルペコ,1,b42030c0-3702-41e1-b649-a790ce1e1ad1,8
Marnie's Purrloin,マリィのチョロネコ,1,b42030c0-3702-41e1-b649-a790ce1e1ad1,1
Marnie's Scrafty,マリィのズルズキン,1,b42030c0-3702-41e1-b649-a790ce1e1ad1,4
Marnie's Scraggy,マリィのズルッグ,1,b42030c0-3702-41e1-b649-a790ce1e1ad1,3
Marowak,ガラガラ,1,94db240f-1949-4c1e-9b92-12425aa31573,46
Marowak BREAK,ガラガラBREAK,1,ef6bc45c-08a8-4349-8017-1717b108d3c8,36
Mars,マーズ,1,85624ae1-7bf6-4f09-a3c7-d3af5f65893a,62
Marshadow,マーシャドー,1,67f367c1-a48d-4f82-8b03-0cea6da851bb,30
Marshadow & Machamp-GX,マーシャドー&カイリキーGX,1,94db240f-1949-4c1e-9b92-12425aa31573,42
Marshadow-GX,マーシャドーGX,1,ea641579-b748-4519-80bf-909f23f821ca,33
Marshtomp,ヌマクロー,1,02909cf1-28d7-484f-bede-01b7da714ab6,23
Martial Arts Dojo,格闘道場,1,94db240f-1949-4c1e-9b92-12425aa31573,89
Maschiff,オラチフ,1,15f71d52-9415-472d-a5cb-2397e385979c,53
Masquerain,アメモース,1,af81f07b-2345-4f9e-baf5-adfa2bcdb807,3
Maushold,イッカネズミ,1,15f71d52-9415-472d-a5cb-2397e385979c,66
Maushold ex,イッカネズミex,1,1d6a22e1-15be-46ec-bfa4-71adffe1213e,57
Mawile,クチート,1,8cce95a2-f537-4156-907d-f331ce13b5d6,48
Mawile V,クチートV,1,012908fb-007c-486d-85ba-d2fcf10d833d,39
Mawile VSTAR,クチートVSTAR,1,012908fb-007c-486d-85ba-d2fcf10d833d,40
Mawile-GX,クチートGX,1,4fc047cb-d0d5-4086-b6dd-8f0b1d5dad42,30
Max Elixir,ピーピーマックス,1,76c58458-b473-4806-9bb6-903a2d2a9b45,72
Max Potion,まんたんのくすり,1,575b3ae4-5c0c-4abc-93f8-f1f4cc71974a,48
Max Revive,げんきのかたまり,1,1e661884-d040-47cb-bdf0-f160771af6e1,54
Maxie's Hidden Ball Trick,マツブサの隠し玉,1,e249c6c7-6f19-4de0-b421-1d7bce8e588d,67
Maximum Belt,マキシマムベルト,1,d89dc0ae-ec18-4b7e-a147-29ceffa71c2f,159
Medical Energy,メディカルエネルギー,1,c5804d11-9c59-4cad-9061-0801b0ba0d9b,62
Medicham,チャーレム,1,248d92ee-d69e-493d-9d4b-0960134db32f,38
Medicham ex,チャーレムex,1,db8504f1-e9f0-4e60-954a-4818040cfe98,54
Medicham V,チャーレムV,1,d67a90e5-6bf3-4a5b-8181-26f09eca8a1b,36
Meditite,アサナン,1,248d92ee-d69e-493d-9d4b-0960134db32f,37
Mega Catcher,メガキャッチャー,1,738567d0-701f-448b-bba6-70a6b90dbcc4,68
Mega Lopunny & Jigglypuff-GX,メガミミロップ&プリンGX,1,4a261245-088f-4357-a2ff-6c7890e11543,73
Mega Sableye & Tyranitar-GX,メガヤミラミ&バンギラスGX,1,14496d8f-d11f-4779-bc03-b5a0e25a8a4b,54
Meganium,メガニウム,1,ac71e58e-df22-4e89-89a6-7e939bd6632a,5
Megaton Blower,メガトンブロアー,1,154b30d7-3fc1-4322-af22-f39b9c881d45,56
Mela,メロコ,1,41226239-da09-4293-b6a3-d53c92094bf5,66
Melmetal,メルメタル,1,a945665e-c81a-4c03-924d-624a07458341,72
Melmetal V,メルメタルV,1,519974df-352f-47fe-a03f-04e3e551a5da,47
Melmetal VMAX,メルメタルVMAX,1,519974df-352f-47fe-a03f-04e3e551a5da,48
Melmetal-GX,ルカリオ&メルメタルGX,1,30503cd2-8ced-45f5-9b2f-acd3ee55c09a,184
Meloetta,メロエッタ,1,a945665e-c81a-4c03-924d-624a07458341,48
Meloetta ex,メロエッタex,1,1b0c8034-f89e-45bd-9339-da3e9963ce3f,47
Melony,メロン,1,8c1bc8f3-39e4-4b18-a239-4b6b22df60a8,162
Meltan,メルタン,1,a945665e-c81a-4c03-924d-624a07458341,71
Memory Capsule,メモリーカプセル,1,80bdd6cc-3aa6-4299-b5b1-43a5f80af030,147
Memory Energy,メモリーエネルギー,1,ac71e58e-df22-4e89-89a6-7e939bd6632a,95
Meowscarada,マスカーニャ,1,89da1d8e-b1db-45f2-8674-eed2ab01058b,12
Meowscarada ex,マスカーニャex,1,af1234fc-0c84-4c51-ba4c-cc74829e2d03,7
Meowstic,ニャオニクス,1,012908fb-007c-486d-85ba-d2fcf10d833d,42
Meowth,ニャース,1,94db240f-1949-4c1e-9b92-12425aa31573,67
Mesagoza,テーブルシティ,1,15f71d52-9415-472d-a5cb-2397e385979c,78
Mesprit,エムリット,1,6e0a46c7-e469-4972-ba98-131cf67c7c94,30
Metagross,メタグロス,1,ca93c4b2-7d37-4881-9306-c30f64a19b88,75
Metagross V,メタグロスV,1,c56a482d-7434-4e00-bc54-16c38f187c4e,49
Metagross VMAX,メタグロスVMAX,1,c56a482d-7434-4e00-bc54-16c38f187c4e,50
Metagross-GX,メタグロスGX,1,a46aa9cd-922a-487f-a7f2-940f9a23ef57,35
Metal Core Barrier,メタルコアバリア,1,30503cd2-8ced-45f5-9b2f-acd3ee55c09a,142
Metal Energy,基本鋼エネルギー,1,b86a7ec9-e8f7-4f8c-b4e4-757e2f1d54f6,90
Metal Frying Pan,鋼鉄のフライパン,1,7b4aebdd-ad4e-4fd2-a4a1-50ed98bc4e51,42
Metal Goggles,メタルゴーグル,1,424e31c9-b164-41cc-bc8b-67667edfab53,49
Metal Saucer,メタルソーサー,1,43366684-3ba6-4b69-a815-9c96da64469d,166
Metang,メタング,1,ca93c4b2-7d37-4881-9306-c30f64a19b88,74
Metapod,トランセル,1,a945665e-c81a-4c03-924d-624a07458341,2
Mew,ミュウ,1,8c1bc8f3-39e4-4b18-a239-4b6b22df60a8,52
Mew ex,ミュウex,1,bb411b0c-7378-4681-8d40-30958187c747,151
Mew V,ミュウV,1,8c1bc8f3-39e4-4b18-a239-4b6b22df60a8,53
Mew VMAX,ミュウVMAX,1,8c1bc8f3-39e4-4b18-a239-4b6b22df60a8,54
Mew-EX,ミュウEX,1,790d2460-b945-4a62-ac80-f5a10254b191,22
Mewtwo,ミュウツー,1,012908fb-007c-486d-85ba-d2fcf10d833d,35
Mewtwo & Mew-GX,ミュウツー&ミュウGX,1,14496d8f-d11f-4779-bc03-b5a0e25a8a4b,29
Mewtwo Spirit Link,ミュウツーソウルリンク,1,ef6bc45c-08a8-4349-8017-1717b108d3c8,57
Mewtwo V,ミュウツーV,1,8c1bc8f3-39e4-4b18-a239-4b6b22df60a8,50
Mewtwo VSTAR,ミュウツーVSTAR,1,8c1bc8f3-39e4-4b18-a239-4b6b22df60a8,51
Mewtwo-EX,ミュウツーEX,1,eb0a6865-84ff-4f85-b031-54c9d4e4c14d,45
Mewtwo-GX,ミュウツーGX,1,cc2feeb0-7efb-4265-9655-142f55afe232,40
Mienfoo,コジョフー,1,02eba1f1-ab17-434f-b54f-3213cbb54ca3,49
Mienshao,コジョンド,1,02eba1f1-ab17-434f-b54f-3213cbb54ca3,50
Mightyena,グラエナ,1,8c1bc8f3-39e4-4b18-a239-4b6b22df60a8,82
Milcery,マホミル,1,80bdd6cc-3aa6-4299-b5b1-43a5f80af030,80
Milo,ヤロー,1,692e5d4f-0da6-4011-a12c-ffdb1309cba4,67
Milotic,ミロカロス,1,012908fb-007c-486d-85ba-d2fcf10d833d,28
Milotic ex,ミロカロスex,1,6d9ff692-c95f-40d8-aef9-58089eb14260,26
Milotic V,ミロカロスV,1,7d28ee74-f539-44c6-9aa1-1af5bf6c65aa,22
Miltank,ミルタンク,1,8c1bc8f3-39e4-4b18-a239-4b6b22df60a8,119
Mime Jr.,マネネ,1,2e3e2cf1-be86-4808-87f7-fe01973f0325,85
Mimikyu,ミミッキュ,1,ca93c4b2-7d37-4881-9306-c30f64a19b88,50
Mimikyu V,ミミッキュV,1,8cce95a2-f537-4156-907d-f331ce13b5d6,27
Mimikyu VMAX,ミミッキュVMAX,1,80bdd6cc-3aa6-4299-b5b1-43a5f80af030,77
Mimikyu-GX,ミミッキュGX,1,dbb0d0e7-efba-41c2-9f8a-daf68582ed52,38
Mina,マツリカ,1,30503cd2-8ced-45f5-9b2f-acd3ee55c09a,156
Minccino,チラーミィ,1,012f4320-fb6b-4541-b502-a185ca139451,85
Minior,メテノ,1,a46aa9cd-922a-487f-a7f2-940f9a23ef57,28
Minun,マイナン,1,cc2feeb0-7efb-4265-9655-142f55afe232,35
Miracle Intercom,ミラクルインカム,1,6d9ff692-c95f-40d8-aef9-58089eb14260,97
Mirage Gate,ミラージュゲート,1,ca93c4b2-7d37-4881-9306-c30f64a19b88,92
Miraidon,ミライドン,1,1fea9ad9-1344-4423-b075-978401221f70,52
Miraidon ex,ミライドンex,1,15f71d52-9415-472d-a5cb-2397e385979c,37
Miriam,ミモザ,1,15f71d52-9415-472d-a5cb-2397e385979c,77
Misdreavus,ムウマ,1,54450e62-c2ee-4136-b175-6191e3a2acfc,25
Mismagius,ムウマージ,1,54450e62-c2ee-4136-b175-6191e3a2acfc,26
Miss Fortune Sisters,野盗三姉妹,1,54450e62-c2ee-4136-b175-6191e3a2acfc,70
Missing Clover,ミッシングクローバー,1,85624ae1-7bf6-4f09-a3c7-d3af5f65893a,58
Mist Energy,ミストエネルギー,1,1fea9ad9-1344-4423-b075-978401221f70,71
Misty & Lorelei,カスミ&カンナ,1,30503cd2-8ced-45f5-9b2f-acd3ee55c09a,147
Misty's Determination,カスミのやる気,1,13ac4f0e-0e0f-4ab3-9fa0-933a49903236,85
Misty's Favor,カスミのおねがい,1,14496d8f-d11f-4779-bc03-b5a0e25a8a4b,85
Misty's Gyarados,カスミのギャラドス,1,562e3ff7-4148-430b-8ea4-e1308f56d05e,26
Misty's Lapras,カスミのラプラス,1,562e3ff7-4148-430b-8ea4-e1308f56d05e,27
Misty's Magikarp,カスミのコイキング,1,562e3ff7-4148-430b-8ea4-e1308f56d05e,25
Misty's Psyduck,カスミのコダック,1,562e3ff7-4148-430b-8ea4-e1308f56d05e,22
Misty's Starmie,カスミのスターミー,1,562e3ff7-4148-430b-8ea4-e1308f56d05e,24
Misty's Staryu,カスミのヒトデマン,1,562e3ff7-4148-430b-8ea4-e1308f56d05e,23
Mixed Herbs,ミックスハーブ,1,8251be2f-446e-47c1-ae16-155441fda939,52
Molayne,マーレイン,1,a7880f19-342f-4727-8b28-2ad012936a2f,49
Moltres,ファイヤー,1,8c1bc8f3-39e4-4b18-a239-4b6b22df60a8,18
Moltres & Zapdos & Articuno-GX,ファイヤー&サンダー&フリーザーGX,1,03ce403b-f7de-460e-931e-27de38cd44ca,35
Monferno,モウカザル,1,012f4320-fb6b-4541-b502-a185ca139451,20
Moomoo Cheese,モーモーチーズ,1,5ef17897-aa4b-47b6-ba3f-437267d27a85,67
Moomoo Milk,モーモーミルク,1,ac71e58e-df22-4e89-89a6-7e939bd6632a,82
Moon & Sun Badge,月と太陽のバッジ,1,a29ec842-6bdb-4f63-9b66-6d63ca4e67cf,64
Moonlit Hill,月明かりの丘,1,d89dc0ae-ec18-4b7e-a147-29ceffa71c2f,183
Morelull,ネマシュ,1,af81f07b-2345-4f9e-baf5-adfa2bcdb807,7
Morgan,ルミタン,1,312d4099-d563-4221-b523-a8ab2cf9c24e,137
Morgrem,ギモー,1,db8504f1-e9f0-4e60-954a-4818040cfe98,65
Morpeko,モルペコ,1,248d92ee-d69e-493d-9d4b-0960134db32f,62
Morpeko V,モルペコV,1,92b1b2b5-1413-4667-96da-f6302db14a80,19
Morpeko V-UNION,モルペコV-UNION,1,80bdd6cc-3aa6-4299-b5b1-43a5f80af030,56
Morpeko VMAX,モルペコVMAX,1,92b1b2b5-1413-4667-96da-f6302db14a80,20
Morty,マツバ,1,30503cd2-8ced-45f5-9b2f-acd3ee55c09a,155
Morty's Conviction,マツバの確信,1,d89dc0ae-ec18-4b7e-a147-29ceffa71c2f,178
Mothim,ガーメイル,1,012f4320-fb6b-4541-b502-a185ca139451,11
Mount Lanakila,ラナキラマウンテン,1,a8568729-9fae-4f33-bea1-c887bbc3f41a,51
Mountain Ring,マウンテンリング,1,18513f31-8b41-4783-9b7b-43ea49365192,94
Mow Rotom,カットロトム,1,85624ae1-7bf6-4f09-a3c7-d3af5f65893a,13
Mr. Mime,バリヤード,1,54450e62-c2ee-4136-b175-6191e3a2acfc,24
Mr. Mime-GX,バリヤードGX,1,1778f144-2fa0-4cf0-b7ed-b8a42a4f4526,25
Mt. Coronet,テンガン山,1,30503cd2-8ced-45f5-9b2f-acd3ee55c09a,164
Mudbray,ドロバンコ,1,575b3ae4-5c0c-4abc-93f8-f1f4cc71974a,31
Mudkip,ミズゴロウ,1,02909cf1-28d7-484f-bede-01b7da714ab6,21
Mudsdale,バンバドロ,1,575b3ae4-5c0c-4abc-93f8-f1f4cc71974a,32
Muk,ベトベトン,1,012f4320-fb6b-4541-b502-a185ca139451,61
Muk & Alolan Muk-GX,ベトベトン&アローラベトベトンGX,1,94db240f-1949-4c1e-9b92-12425aa31573,29
Multi Switch,マルチつけかえ,1,575b3ae4-5c0c-4abc-93f8-f1f4cc71974a,47
Munchlax,ゴンベ,1,4fc047cb-d0d5-4086-b6dd-8f0b1d5dad42,40
Munkidori,マシマシラ,1,aaae146c-17af-45fb-b9fb-165ca527fc03,55
Munkidori ex,マシマシラex,1,0683c46d-715d-4978-bcac-223c867795ea,37
Munna,ムンナ,1,a945665e-c81a-4c03-924d-624a07458341,46
Murkrow,ヤミカラス,1,54450e62-c2ee-4136-b175-6191e3a2acfc,44
Muscle Band,ちからのハチマキ,1,1e661884-d040-47cb-bdf0-f160771af6e1,57
Musharna,ムシャーナ,1,a945665e-c81a-4c03-924d-624a07458341,47
Mysterious Treasure,ミステリートレジャー,1,14496d8f-d11f-4779-bc03-b5a0e25a8a4b,93
Mystery Energy,ミステリーエネルギー,1,c5895636-5372-42da-a880-777a0a52416a,88
N,N,1,57924c09-76eb-4558-9b20-3158526e6c65,66
N's Castle,Nの城,1,89da1d8e-b1db-45f2-8674-eed2ab01058b,97
N's Darmanitan,Nのヒヒダルマ,1,89da1d8e-b1db-45f2-8674-eed2ab01058b,16
N's Darumaka,Nのダルマッカ,1,89da1d8e-b1db-45f2-8674-eed2ab01058b,15
N's Joltik,Nのバチュル,1,89da1d8e-b1db-45f2-8674-eed2ab01058b,28
N's Klang,Nのギギアル,1,89da1d8e-b1db-45f2-8674-eed2ab01058b,65
N's Klink,Nのギアル,1,89da1d8e-b1db-45f2-8674-eed2ab01058b,64
N's Klinklang,Nのギギギアル,1,89da1d8e-b1db-45f2-8674-eed2ab01058b,66
N's Plot,Nの筋書き,1,1b0c8034-f89e-45bd-9339-da3e9963ce3f,83
N's PP Up,Nのポイントアップ,1,89da1d8e-b1db-45f2-8674-eed2ab01058b,89
N's Purrloin,Nのチョロネコ,1,89da1d8e-b1db-45f2-8674-eed2ab01058b,59
N's Reshiram,Nのレシラム,1,89da1d8e-b1db-45f2-8674-eed2ab01058b,74
N's Resolve,Nの覚悟,1,bf3433b6-5f29-4156-a1b7-c67eb119b52f,45
N's Sigilyph,Nのシンボラー,1,89da1d8e-b1db-45f2-8674-eed2ab01058b,40
N's Zoroark ex,Nのゾロアークex,1,89da1d8e-b1db-45f2-8674-eed2ab01058b,61
N's Zorua,Nのゾロア,1,89da1d8e-b1db-45f2-8674-eed2ab01058b,60
Nacli,コジオ,1,34dac2ab-c4e1-429a-a8f7-a057ae021a67,45
Naclstack,ジオヅム,1,34dac2ab-c4e1-429a-a8f7-a057ae021a67,47
Naganadel,アーゴヨン,1,30503cd2-8ced-45f5-9b2f-acd3ee55c09a,66
Naganadel & Guzzlord-GX,アーゴヨン&アクジキングGX,1,4a261245-088f-4357-a2ff-6c7890e11543,66
Naganadel-GX,アーゴヨンGX,1,03ce403b-f7de-460e-931e-27de38cd44ca,34
Nanu,クチナシ,1,424e31c9-b164-41cc-bc8b-67667edfab53,50
Natu,ネイティ,1,bf3433b6-5f29-4156-a1b7-c67eb119b52f,23
Necrozma,ネクロズマ,1,14496d8f-d11f-4779-bc03-b5a0e25a8a4b,42
Necrozma V,ネクロズマV,1,db89ab0e-03c2-433a-bbc0-771d17066a54,36
Necrozma-GX,ネクロズマGX,1,ea641579-b748-4519-80bf-909f23f821ca,26
Nemona,ネモ,1,542b66c8-7c21-4bdb-affe-8f231b7ce8a6,15
Neo Upper Energy,ネオアッパーエネルギー,1,87789899-88a8-4a22-81d5-44cb932626af,71
Nessa,ルリナ,1,80bdd6cc-3aa6-4299-b5b1-43a5f80af030,164
Nest Ball,ネストボール,1,4fc047cb-d0d5-4086-b6dd-8f0b1d5dad42,52
Net Ball,ネットボール,1,03ce403b-f7de-460e-931e-27de38cd44ca,51
Neutral Center,ニュートラルセンター,1,0683c46d-715d-4978-bcac-223c867795ea,63
Neutralization Zone,ニュートラルセンター,1,d89dc0ae-ec18-4b7e-a147-29ceffa71c2f,184
Nickit,クスネ,1,8c1bc8f3-39e4-4b18-a239-4b6b22df60a8,92
Nidoking,ニドキング,1,8c3e90a2-295a-49ec-a166-fec75fe3fd8e,44
Nidoking BREAK,ニドキングBREAK,1,13ac4f0e-0e0f-4ab3-9fa0-933a49903236,44
Nidoqueen,ニドクイン,1,8c3e90a2-295a-49ec-a166-fec75fe3fd8e,41
Nidoran ♀,ニドラン♀,1,8c3e90a2-295a-49ec-a166-fec75fe3fd8e,39
Nidoran ♂,ニドラン♂,1,bb411b0c-7378-4681-8d40-30958187c747,32
Nidoran♂,ニドラン♂,1,8c3e90a2-295a-49ec-a166-fec75fe3fd8e,42
Nidorina,ニドリーナ,1,8c3e90a2-295a-49ec-a166-fec75fe3fd8e,40
Nidorino,ニドリーノ,1,8c3e90a2-295a-49ec-a166-fec75fe3fd8e,43
Night Academy,夜のアカデミー,1,0683c46d-715d-4978-bcac-223c867795ea,64
Night Stretcher,夜のタンカ,1,0683c46d-715d-4978-bcac-223c867795ea,56
Nihilego,ウツロイド,1,ac71e58e-df22-4e89-89a6-7e939bd6632a,46
Nihilego-GX,ウツロイドGX,1,9f635209-aec1-4acf-84b7-8e77e6be7bc0,22
Nincada,ツチニン,1,dbb0d0e7-efba-41c2-9f8a-daf68582ed52,9
Ninetales,キュウコン,1,ca93c4b2-7d37-4881-9306-c30f64a19b88,14
Ninetales BREAK,キュウコンBREAK,1,13ac4f0e-0e0f-4ab3-9fa0-933a49903236,16
Ninetales ex,キュウコンex,1,bb411b0c-7378-4681-8d40-30958187c747,38
Ninetales V,キュウコンV,1,7d28ee74-f539-44c6-9aa1-1af5bf6c65aa,13
Ninjask,テッカニン,1,dbb0d0e7-efba-41c2-9f8a-daf68582ed52,10
Nita,ラニュイ,1,312d4099-d563-4221-b523-a8ab2cf9c24e,140
Noctowl,ヨルノズク,1,0380eb72-bbcd-401c-ba09-fec23007efa7,56
Noibat,オンバット,1,248d92ee-d69e-493d-9d4b-0960134db32f,73
Noivern,オンバーン,1,248d92ee-d69e-493d-9d4b-0960134db32f,74
Noivern ex,オンバーンex,1,34dac2ab-c4e1-429a-a8f7-a057ae021a67,58
Noivern V,オンバーンV,1,b86a7ec9-e8f7-4f8c-b4e4-757e2f1d54f6,46
Noivern-GX,オンバーンGX,1,a8568729-9fae-4f33-bea1-c887bbc3f41a,40
Normalium Z: Tackle,ノーマルZたいあたり,1,03ce403b-f7de-460e-931e-27de38cd44ca,44
Norman,センリ,1,41226239-da09-4293-b6a3-d53c92094bf5,65
Nosepass,ノズパス,1,012f4320-fb6b-4541-b502-a185ca139451,52
Nugget,きんのたま,1,7d28ee74-f539-44c6-9aa1-1af5bf6c65aa,87
Numel,ドンメル,1,03ce403b-f7de-460e-931e-27de38cd44ca,9
Nuzleaf,コノハナ,1,ca93c4b2-7d37-4881-9306-c30f64a19b88,6
Nymble,マメバッタ,1,af1234fc-0c84-4c51-ba4c-cc74829e2d03,8
Obstruction Letter,ぼうがいレター,1,154b30d7-3fc1-4322-af22-f39b9c881d45,55
Occa Berry,オッカのみ,1,db8504f1-e9f0-4e60-954a-4818040cfe98,93
Octillery,オクタン,1,80bdd6cc-3aa6-4299-b5b1-43a5f80af030,31
Oddish,ナゾノクサ,1,248d92ee-d69e-493d-9d4b-0960134db32f,1
Ogre's Mask,鬼の仮面,1,aaae146c-17af-45fb-b9fb-165ca527fc03,90
Oinkologne,パフュートン,1,eb9a2ae1-f752-48e2-bd6e-4a3103023949,98
Oinkologne ex,パフュートンex,1,0e5e9c85-befb-4767-b2e3-748891d46454,68
Okidogi,イイネイヌ,1,aaae146c-17af-45fb-b9fb-165ca527fc03,64
Okidogi ex,イイネイヌex,1,0683c46d-715d-4978-bcac-223c867795ea,36
Old Amber Aerodactyl,ひみつのコハク プテラ,1,20672802-91f9-40b4-909f-312ffba0dd5b,66
Old Cemetery,いにしえの墓地,1,c56a482d-7434-4e00-bc54-16c38f187c4e,68
Old PC,ボロのパソコン,1,34f34ce8-d9b4-4c63-9460-a26290607bc5,65
Oleana,オリーヴ,1,7d28ee74-f539-44c6-9aa1-1af5bf6c65aa,90
Olivia,ライチ,1,25678826-2811-4bff-9b3a-26e10c5db48c,49
Omanyte,オムナイト,1,8c3e90a2-295a-49ec-a166-fec75fe3fd8e,56
Omastar,オムスター,1,8c3e90a2-295a-49ec-a166-fec75fe3fd8e,57
Omastar BREAK,オムスターBREAK,1,738567d0-701f-448b-bba6-70a6b90dbcc4,17
Omastar V,オムスターV,1,248d92ee-d69e-493d-9d4b-0960134db32f,18
Onix,イワーク,1,a945665e-c81a-4c03-924d-624a07458341,55
Opal,ポプラ,1,5ef17897-aa4b-47b6-ba3f-437267d27a85,72
Oranguru,ヤレユータン,1,248d92ee-d69e-493d-9d4b-0960134db32f,88
Oranguru V,ヤレユータンV,1,6e0a46c7-e469-4972-ba98-131cf67c7c94,58
Orbeetle,イオルブ,1,6e0a46c7-e469-4972-ba98-131cf67c7c94,10
Orbeetle V,イオルブV,1,80bdd6cc-3aa6-4299-b5b1-43a5f80af030,10
Orbeetle VMAX,イオルブVMAX,1,80bdd6cc-3aa6-4299-b5b1-43a5f80af030,11
Order Pad,おとりよせパッド,1,4faa5ea4-2af5-4aea-8154-3d8eac93ff68,53
Ordinary Rod,ふつうのつりざお,1,80bdd6cc-3aa6-4299-b5b1-43a5f80af030,139
Oricorio,オドリドリ,1,8c1bc8f3-39e4-4b18-a239-4b6b22df60a8,22
Oricorio-GX,オドリドリGX,1,4a261245-088f-4357-a2ff-6c7890e11543,35
Origin Forme Dialga V,オリジンディアルガV,1,8c1bc8f3-39e4-4b18-a239-4b6b22df60a8,100
Origin Forme Dialga VSTAR,オリジンディアルガVSTAR,1,8c1bc8f3-39e4-4b18-a239-4b6b22df60a8,101
Origin Forme Palkia V,オリジンパルキアV,1,6e0a46c7-e469-4972-ba98-131cf67c7c94,22
Origin Forme Palkia VSTAR,オリジンパルキアVSTAR,1,6e0a46c7-e469-4972-ba98-131cf67c7c94,23
Ortega,オルティガ,1,eb9a2ae1-f752-48e2-bd6e-4a3103023949,104
Orthworm,ミミズズ,1,e86bad58-b459-4ac3-a82c-a122cf1755d6,55
Orthworm ex,ミミズズex,1,db8504f1-e9f0-4e60-954a-4818040cfe98,74
Oshawott,ミジュマル,1,02eba1f1-ab17-434f-b54f-3213cbb54ca3,18
Pachirisu,パチリス,1,012f4320-fb6b-4541-b502-a185ca139451,40
Pal Pad,ともだちてちょう,1,14496d8f-d11f-4779-bc03-b5a0e25a8a4b,91
Palafin,イルカマン,1,eb9a2ae1-f752-48e2-bd6e-4a3103023949,31
Palafin ex,イルカマンex,1,aaae146c-17af-45fb-b9fb-165ca527fc03,36
Paldean Clodsire,パルデア ドオー,1,eb9a2ae1-f752-48e2-bd6e-4a3103023949,69
Paldean Clodsire ex,パルデア ドオーex,1,af1234fc-0c84-4c51-ba4c-cc74829e2d03,54
Paldean Student,パルデアの学生,1,2e3e2cf1-be86-4808-87f7-fe01973f0325,178
Paldean Tauros,パルデア ケンタロス,1,af1234fc-0c84-4c51-ba4c-cc74829e2d03,11
Paldean Wooper,パルデア ウパー,1,af1234fc-0c84-4c51-ba4c-cc74829e2d03,52
Palkia,パルキア,1,cc2feeb0-7efb-4265-9655-142f55afe232,25
Palkia-EX,パルキアEX,1,2f7aa653-531c-4744-b532-e3fead1dfa1f,54
Palkia-GX,パルキアGX,1,4faa5ea4-2af5-4aea-8154-3d8eac93ff68,45
Palossand,シロデスナ,1,ca93c4b2-7d37-4881-9306-c30f64a19b88,64
Palossand ex,シロデスナex,1,6d9ff692-c95f-40d8-aef9-58089eb14260,57
Palpitoad,ガマガル,1,c56a482d-7434-4e00-bc54-16c38f187c4e,38
Pancham,ヤンチャム,1,248d92ee-d69e-493d-9d4b-0960134db32f,52
Pangoro,ゴロンダ,1,248d92ee-d69e-493d-9d4b-0960134db32f,59
Panic Mask,パニックマスク,1,ca93c4b2-7d37-4881-9306-c30f64a19b88,94
Panpour,ヒヤップ,1,b86a7ec9-e8f7-4f8c-b4e4-757e2f1d54f6,5
Pansage,ヤナップ,1,a8568729-9fae-4f33-bea1-c887bbc3f41a,5
Pansear,バオップ,1,a8568729-9fae-4f33-bea1-c887bbc3f41a,13
Parallel City,パラレルシティ,1,e2a21580-e660-4e87-921d-56dea35352aa,58
Paras,パラス,1,54450e62-c2ee-4136-b175-6191e3a2acfc,1
Parasect,パラセクト,1,54450e62-c2ee-4136-b175-6191e3a2acfc,2
Parasol Lady,パラソルおねえさん,1,c5804d11-9c59-4cad-9061-0801b0ba0d9b,61
Passho Berry,イトケのみ,1,154b30d7-3fc1-4322-af22-f39b9c881d45,58
Passimian,ナゲツケサル,1,80bdd6cc-3aa6-4299-b5b1-43a5f80af030,88
Path to the Peak,頂への雪道,1,8c1bc8f3-39e4-4b18-a239-4b6b22df60a8,165
Patrat,ミネズミ,1,a46aa9cd-922a-487f-a7f2-940f9a23ef57,42
Patrol Cap,パトロールキャップ,1,eb9a2ae1-f752-48e2-bd6e-4a3103023949,101
Pawmi,パモ,1,15f71d52-9415-472d-a5cb-2397e385979c,33
Pawmo,パモット,1,15f71d52-9415-472d-a5cb-2397e385979c,35
Pawmot,パーモット,1,15f71d52-9415-472d-a5cb-2397e385979c,36
Pawniard,コマタナ,1,012908fb-007c-486d-85ba-d2fcf10d833d,49
Payapa Berry,ウタンのみ,1,db8504f1-e9f0-4e60-954a-4818040cfe98,92
Pecharunt,モモワロウ,1,6d9ff692-c95f-40d8-aef9-58089eb14260,75
Pecharunt ex,モモワロウex,1,0683c46d-715d-4978-bcac-223c867795ea,39
Peeking Red Card,のぞきみレッドカード,1,133c791b-7cad-484f-843a-1fdb007af685,47
Pelipper,ペリッパー,1,af81f07b-2345-4f9e-baf5-adfa2bcdb807,14
Penny,ボタン,1,0e5e9c85-befb-4767-b2e3-748891d46454,77
Peonia,シャクヤ,1,c56a482d-7434-4e00-bc54-16c38f187c4e,66
Peony,ピオニー,1,ec2d763e-ea05-4f77-ade2-b439f60a2adb,67
Perilous Jungle,危険な密林,1,87789899-88a8-4a22-81d5-44cb932626af,70
Perrin,サザレ,1,97d0e77f-4340-44e3-9fb3-6e227b079a7d,63
Persian,ペルシアン,1,94db240f-1949-4c1e-9b92-12425aa31573,68
Persian-GX,ペルシアンGX,1,94db240f-1949-4c1e-9b92-12425aa31573,69
Petilil,チュリネ,1,012908fb-007c-486d-85ba-d2fcf10d833d,7
Phanpy,ゴマゾウ,1,ca93c4b2-7d37-4881-9306-c30f64a19b88,58
Phantump,ボクレー,1,ca93c4b2-7d37-4881-9306-c30f64a19b88,11
Pheromosa,フェローチェ,1,adc82cca-bad7-4c21-88f1-14482564992e,9
Pheromosa & Buzzwole-GX,フェローチェ&マッシブーンGX,1,30503cd2-8ced-45f5-9b2f-acd3ee55c09a,1
Pheromosa-GX,フェローチェGX,1,02774e64-31dd-4b6c-a9b3-65c24144066e,12
Phione,フィオネ,1,54450e62-c2ee-4136-b175-6191e3a2acfc,11
Phoebe,フヨウ,1,8cce95a2-f537-4156-907d-f331ce13b5d6,67
Picnic Basket,ピクニックバスケット,1,15f71d52-9415-472d-a5cb-2397e385979c,71
Pidgeot,ピジョット,1,8c3e90a2-295a-49ec-a166-fec75fe3fd8e,70
Pidgeot ex,ピジョットex,1,eb9a2ae1-f752-48e2-bd6e-4a3103023949,89
Pidgeot Spirit Link,ピジョットソウルリンク,1,13ac4f0e-0e0f-4ab3-9fa0-933a49903236,81
Pidgeot V,ピジョットV,1,ca93c4b2-7d37-4881-9306-c30f64a19b88,82
Pidgeot-EX,ピジョットEX,1,13ac4f0e-0e0f-4ab3-9fa0-933a49903236,62
Pidgeotto,ピジョン,1,30503cd2-8ced-45f5-9b2f-acd3ee55c09a,104
Pidgey,ポッポ,1,30503cd2-8ced-45f5-9b2f-acd3ee55c09a,103
Pidove,マメパト,1,4fc047cb-d0d5-4086-b6dd-8f0b1d5dad42,41
Piers,ネズ,1,43366684-3ba6-4b69-a815-9c96da64469d,173
Pignite,チャオブー,1,8cce95a2-f537-4156-907d-f331ce13b5d6,11
Pikachu,ピカチュウ,1,54450e62-c2ee-4136-b175-6191e3a2acfc,14
Pikachu & Zekrom-GX,ピカチュウ&ゼクロムGX,1,30503cd2-8ced-45f5-9b2f-acd3ee55c09a,41
Pikachu ex,ピカチュウex,1,6d9ff692-c95f-40d8-aef9-58089eb14260,33
Pikachu V,ピカチュウV,1,80bdd6cc-3aa6-4299-b5b1-43a5f80af030,45
Pikachu V-UNION,ピカチュウV-UNION,1,798983eb-5b45-49ab-b90a-339a8fd22b4a,25
Pikachu VMAX,ピカチュウVMAX,1,80bdd6cc-3aa6-4299-b5b1-43a5f80af030,46
Pikachu-EX,ピカチュウEX,1,13ac4f0e-0e0f-4ab3-9fa0-933a49903236,94
Pikipek,ツツケラ,1,30503cd2-8ced-45f5-9b2f-acd3ee55c09a,116
Piloswine,イノムー,1,0380eb72-bbcd-401c-ba09-fec23007efa7,19
Pincurchin,バチンウニ,1,34dac2ab-c4e1-429a-a8f7-a057ae021a67,22
Pineco,クヌギダマ,1,c747cf6e-7ba4-4ec5-8288-d40293a4565f,1
Pinsir,カイロス,1,af81f07b-2345-4f9e-baf5-adfa2bcdb807,1
Piplup,ポッチャマ,1,012f4320-fb6b-4541-b502-a185ca139451,25
Plasma Energy,プラズマエネルギー,1,d80a5f18-cad8-457f-90e6-3fbfd527f8c2,67
Plasma Frigate,プラズマフリゲート,1,d80a5f18-cad8-457f-90e6-3fbfd527f8c2,66
Plume Fossil,はねの化石,1,57924c09-76eb-4558-9b20-3158526e6c65,62
Plumeria,プルメリ,1,a8568729-9fae-4f33-bea1-c887bbc3f41a,50
Plusle,プラスル,1,cc2feeb0-7efb-4265-9655-142f55afe232,34
PlusPower,プラスパワー,1,b40da42f-59cd-4cf5-b07d-0a4e0b111b12,51
Po Town,ポータウン,1,ea641579-b748-4519-80bf-909f23f821ca,51
Poipole,ベベノム,1,03ce403b-f7de-460e-931e-27de38cd44ca,32
Poison Barb,どくバリ,1,af81f07b-2345-4f9e-baf5-adfa2bcdb807,57
Pokémon Breeder,ポケモンブリーダー,1,cc2feeb0-7efb-4265-9655-142f55afe232,68
Pokémon Breeder's Nurturing,ポケモンブリーダーの育成,1,34f34ce8-d9b4-4c63-9460-a26290607bc5,68
Pokémon Catcher,ポケモンキャッチャー,1,cc2feeb0-7efb-4265-9655-142f55afe232,66
Pokémon Center,ポケモンセンター,1,eeb4f01f-3792-421f-9dc9-6a8799cd6a06,51
Pokémon Center Lady,ポケモンセンターのお姉さん,1,6ba347c2-db70-4a00-bd67-01f48ceff2f5,78
Pokémon Communication,ポケモン通信,1,67f367c1-a48d-4f82-8b03-0cea6da851bb,54
Pokémon Fan Club,ポケモンだいすきクラブ,1,94db240f-1949-4c1e-9b92-12425aa31573,86
Pokémon League Headquarters,ポケモンリーグ本部,1,eb9a2ae1-f752-48e2-bd6e-4a3103023949,108
Pokémon Research Lab,ポケモンけんきゅうじょ,1,14496d8f-d11f-4779-bc03-b5a0e25a8a4b,89
Poké Kid,ポケモンごっこ,1,43366684-3ba6-4b69-a815-9c96da64469d,197
Poké Maniac,かいじゅうマニア,1,03ce403b-f7de-460e-931e-27de38cd44ca,47
Poké-Vital A,ポケバイタルA,1,0683c46d-715d-4978-bcac-223c867795ea,55
Pokédex,ポケモン図鑑,1,13ac4f0e-0e0f-4ab3-9fa0-933a49903236,78
Pokégear 3.0,ポケギア3.0,1,14496d8f-d11f-4779-bc03-b5a0e25a8a4b,92
PokéNav,ポケナビ,1,1778f144-2fa0-4cf0-b7ed-b8a42a4f4526,58
PokéStop,ポケストップ,1,519974df-352f-47fe-a03f-04e3e551a5da,71
Politoed,ニョロトノ,1,575b3ae4-5c0c-4abc-93f8-f1f4cc71974a,13
Poliwag,ニョロモ,1,94db240f-1949-4c1e-9b92-12425aa31573,20
Poliwhirl,ニョロゾ,1,94db240f-1949-4c1e-9b92-12425aa31573,22
Poliwrath,ニョロボン,1,94db240f-1949-4c1e-9b92-12425aa31573,23
Poltchageist,チャデス,1,97d0e77f-4340-44e3-9fb3-6e227b079a7d,8
Polteageist,ポットデス,1,e86bad58-b459-4ac3-a82c-a122cf1755d6,36
Ponyta,ポニータ,1,6e0a46c7-e469-4972-ba98-131cf67c7c94,11
Poochyena,ポチエナ,1,8c1bc8f3-39e4-4b18-a239-4b6b22df60a8,81
Popplio,アシマリ,1,575b3ae4-5c0c-4abc-93f8-f1f4cc71974a,14
Poppy,ポピー,1,eb9a2ae1-f752-48e2-bd6e-4a3103023949,105
Porygon,ポリゴン,1,ca93c4b2-7d37-4881-9306-c30f64a19b88,83
Porygon-Z,ポリゴンZ,1,ca93c4b2-7d37-4881-9306-c30f64a19b88,85
Porygon2,ポリゴン2,1,ca93c4b2-7d37-4881-9306-c30f64a19b88,84
Postwick,ハロンタウン,1,89da1d8e-b1db-45f2-8674-eed2ab01058b,99
Pot Helmet,なべメット,1,012f4320-fb6b-4541-b502-a185ca139451,91
Potion,きずぐすり,1,85624ae1-7bf6-4f09-a3c7-d3af5f65893a,53
Power Hourglass,力の砂時計,1,0683c46d-715d-4978-bcac-223c867795ea,58
Power Plant,無人発電所,1,bf3433b6-5f29-4156-a1b7-c67eb119b52f,75
Power Tablet,トレーニングコート | パワータブレット,2,8c1bc8f3-39e4-4b18-a239-4b6b22df60a8,139
Powerful Colorless Energy,パワフル無色エネルギー,1,80bdd6cc-3aa6-4299-b5b1-43a5f80af030,179
Practice Studio,レッスンスタジオ,1,af1234fc-0c84-4c51-ba4c-cc74829e2d03,71
Primal Groudon-EX,ゲンシグラードンEX,1,e249c6c7-6f19-4de0-b421-1d7bce8e588d,40
Primal Kyogre-EX,ゲンシカイオーガEX,1,a03039bf-3a15-4b15-9d4f-634488fa9e48,32
Primarina,アシレーヌ,1,8251be2f-446e-47c1-ae16-155441fda939,24
Primarina-GX,アシレーヌGX,1,575b3ae4-5c0c-4abc-93f8-f1f4cc71974a,16
Prime Catcher,プライムキャッチャー,1,1fea9ad9-1344-4423-b075-978401221f70,62
Primeape,オコリザル,1,8cce95a2-f537-4156-907d-f331ce13b5d6,29
Primordial Altar,未開の祭壇,1,248d92ee-d69e-493d-9d4b-0960134db32f,97
Prinplup,ポッタイシ,1,012f4320-fb6b-4541-b502-a185ca139451,26
Prism Energy,プリズムエネルギー,1,1b0c8034-f89e-45bd-9339-da3e9963ce3f,86
Probopass,ダイノーズ,1,012f4320-fb6b-4541-b502-a185ca139451,67
Professor Birch's Observations,オダマキ博士の観察,1,a03039bf-3a15-4b15-9d4f-634488fa9e48,67
Professor Elm's Lecture,ウツギ博士のレクチャー,1,4a261245-088f-4357-a2ff-6c7890e11543,95
Professor Juniper,アララギ博士,1,7816388b-32e3-4c5e-9815-b552741bee9c,53
Professor Kukui,ククイ博士,1,c9f7833f-defe-4d99-b45a-33fcb5a1fb14,59
Professor Oak's Hint,オーキド博士のヒント,1,13ac4f0e-0e0f-4ab3-9fa0-933a49903236,84
Professor Oak's Setup,オーキド博士のセッティング,1,67f367c1-a48d-4f82-8b03-0cea6da851bb,56
Professor Sada's Vitality,オーリム博士の気迫,1,41226239-da09-4293-b6a3-d53c92094bf5,64
Professor Sycamore,プラターヌ博士,1,1e661884-d040-47cb-bdf0-f160771af6e1,58
Professor Turo's Scenario,フトゥー博士のシナリオ,1,1d6a22e1-15be-46ec-bfa4-71adffe1213e,65
Professor's Letter,はかせのてがみ,1,0f0b8f32-db0e-4bf1-9a12-e6692554debb,55
Professor's Research,博士の研究 | 博士の研究(アララギ博士) | 博士の研究(ウィロー博士) | 博士の研究(オーキド博士) | 博士の研究(オーリム博士) | 博士の研究(ナナカマド博士) | 博士の研究(フトゥー博士) | 博士の研究(マグノリア博士),8,8c1bc8f3-39e4-4b18-a239-4b6b22df60a8,159
Protection Cube,プロテクトキューブ,1,6ba347c2-db70-4a00-bd67-01f48ceff2f5,76
Protective Goggles,安全ゴーグル,1,bb411b0c-7378-4681-8d40-30958187c747,157
Psychic Energy,基本超エネルギー,1,c56a482d-7434-4e00-bc54-16c38f187c4e,95
Psychic Memory,サイキックメモリ,1,133c791b-7cad-484f-843a-1fdb007af685,48
Psychics Third Eye,サイキッカーの心眼,1,76c58458-b473-4806-9bb6-903a2d2a9b45,78
Psyduck,コダック,1,6e0a46c7-e469-4972-ba98-131cf67c7c94,16
Pumpkaboo,バケッチャ,1,8c1bc8f3-39e4-4b18-a239-4b6b22df60a8,61
Pupitar,サナギラス,1,1778f144-2fa0-4cf0-b7ed-b8a42a4f4526,36
Purrloin,チョロネコ,1,248d92ee-d69e-493d-9d4b-0960134db32f,57
Purugly,ブニャット,1,0380eb72-bbcd-401c-ba09-fec23007efa7,60
Puzzle of Time,時のパズル,1,76c58458-b473-4806-9bb6-903a2d2a9b45,71
Pyroar,カエンジシ,1,ec2d763e-ea05-4f77-ade2-b439f60a2adb,13
Pyukumuku,ナマコブシ,1,a945665e-c81a-4c03-924d-624a07458341,27
Quad Stone,クワッドストーン,1,248d92ee-d69e-493d-9d4b-0960134db32f,89
Quagsire,ヌオー,1,80f62c95-9f01-4569-b25d-11f781e01a82,19
Quaquaval,ウェーニバル,1,154b30d7-3fc1-4322-af22-f39b9c881d45,15
Quaquaval ex,ウェーニバルex,1,af1234fc-0c84-4c51-ba4c-cc74829e2d03,30
Quaxly,クワッス,1,af1234fc-0c84-4c51-ba4c-cc74829e2d03,27
Quaxwell,ウェルカモ,1,af1234fc-0c84-4c51-ba4c-cc74829e2d03,29
Quick Ball,クイックボール,1,43366684-3ba6-4b69-a815-9c96da64469d,158
Quilava,マグマラシ,1,ac71e58e-df22-4e89-89a6-7e939bd6632a,18
Quilladin,ハリボーグ,1,0f0b8f32-db0e-4bf1-9a12-e6692554debb,8
Qwilfish,ハリーセン,1,ec2d763e-ea05-4f77-ade2-b439f60a2adb,46
Raboot,ラビフット,1,ec2d763e-ea05-4f77-ade2-b439f60a2adb,16
Rabsca,ベラカス,1,e86bad58-b459-4ac3-a82c-a122cf1755d6,37
Radiant Alakazam,かがやくフーディン,1,012908fb-007c-486d-85ba-d2fcf10d833d,31
Radiant Blastoise,かがやくカメックス,1,519974df-352f-47fe-a03f-04e3e551a5da,18
Radiant Charizard,かがやくリザードン,1,8c1bc8f3-39e4-4b18-a239-4b6b22df60a8,15
Radiant Charjabug,かがやくデンヂムシ,1,8c1bc8f3-39e4-4b18-a239-4b6b22df60a8,39
Radiant Eevee,かがやくイーブイ,1,519974df-352f-47fe-a03f-04e3e551a5da,55
Radiant Eternatus,かがやくムゲンダイナ,1,8c1bc8f3-39e4-4b18-a239-4b6b22df60a8,115
Radiant Gardevoir,かがやくサーナイト,1,54450e62-c2ee-4136-b175-6191e3a2acfc,27
Radiant Greninja,かがやくゲッコウガ,1,8c1bc8f3-39e4-4b18-a239-4b6b22df60a8,33
Radiant Hawlucha,かがやくルチャブル,1,8c1bc8f3-39e4-4b18-a239-4b6b22df60a8,78
Radiant Heatran,かがやくヒードラン,1,0380eb72-bbcd-401c-ba09-fec23007efa7,11
Radiant Hisuian Sneasler,かがやくヒスイ オオニューラ,1,54450e62-c2ee-4136-b175-6191e3a2acfc,46
Radiant Jirachi,かがやくジラーチ,1,012908fb-007c-486d-85ba-d2fcf10d833d,45
Radiant Steelix,かがやくハガネール,1,54450e62-c2ee-4136-b175-6191e3a2acfc,50
Radiant Tsareena,かがやくアマージョ,1,012908fb-007c-486d-85ba-d2fcf10d833d,9
Radiant Venusaur,かがやくフシギバナ,1,519974df-352f-47fe-a03f-04e3e551a5da,4
Raging Bolt,タケルライコ,1,db8504f1-e9f0-4e60-954a-4818040cfe98,75
Raging Bolt ex,タケルライコex,1,d89dc0ae-ec18-4b7e-a147-29ceffa71c2f,124
Raichu,ライチュウ,1,54450e62-c2ee-4136-b175-6191e3a2acfc,15
Raichu & Alolan Raichu-GX,ライチュウ&アローラライチュウGX,1,4fc047cb-d0d5-4086-b6dd-8f0b1d5dad42,8
Raichu V,ライチュウV,1,012f4320-fb6b-4541-b502-a185ca139451,34
Raichu-GX,ライチュウGX,1,cc2feeb0-7efb-4265-9655-142f55afe232,30
Raifort,レホール,1,d89dc0ae-ec18-4b7e-a147-29ceffa71c2f,199
Raihan,キバナ,1,8c1bc8f3-39e4-4b18-a239-4b6b22df60a8,151
Raikou,ライコウ,1,30503cd2-8ced-45f5-9b2f-acd3ee55c09a,44
Raikou V,ライコウV,1,8c1bc8f3-39e4-4b18-a239-4b6b22df60a8,38
Raikou-EX,ライコウEX,1,20672802-91f9-40b4-909f-312ffba0dd5b,25
Rainbow Brush,レインボーブラシ,1,02909cf1-28d7-484f-bede-01b7da714ab6,85
Rainbow Energy,レインボーエネルギー,1,af81f07b-2345-4f9e-baf5-adfa2bcdb807,60
Ralts,ラルトス,1,012908fb-007c-486d-85ba-d2fcf10d833d,36
Rampardos,ラムパルド,1,4faa5ea4-2af5-4aea-8154-3d8eac93ff68,35
Rapid Strike Energy,れんげきエネルギー,1,80bdd6cc-3aa6-4299-b5b1-43a5f80af030,184
Rapid Strike Scroll of Skies,れんげきの巻物 天の巻,1,c56a482d-7434-4e00-bc54-16c38f187c4e,63
Rapid Strike Scroll of Swirls,れんげきの巻物 渦の巻,1,db89ab0e-03c2-433a-bbc0-771d17066a54,65
Rapid Strike Scroll of the Flying Dragon,れんげきの巻物 飛竜の巻,1,d67a90e5-6bf3-4a5b-8181-26f09eca8a1b,62
Rapid Strike Style Mustard,マスタード れんげきのかた,1,db89ab0e-03c2-433a-bbc0-771d17066a54,67
Rapid Strike Urshifu,れんげきウーラオス,1,80bdd6cc-3aa6-4299-b5b1-43a5f80af030,42
Rapid Strike Urshifu V,れんげきウーラオスV,1,80bdd6cc-3aa6-4299-b5b1-43a5f80af030,94
Rapid Strike Urshifu VMAX,れんげきウーラオスVMAX,1,80bdd6cc-3aa6-4299-b5b1-43a5f80af030,95
Rapidash,ギャロップ,1,6e0a46c7-e469-4972-ba98-131cf67c7c94,12
Rare Candy,ふしぎなアメ,1,94db240f-1949-4c1e-9b92-12425aa31573,82
Rare Fossil,めずらしい化石,1,43366684-3ba6-4b69-a815-9c96da64469d,165
Raticate,ラッタ,1,0bf8b1be-1ffe-4105-957e-f4d47b905e05,40
Raticate BREAK,ラッタBREAK,1,76c58458-b473-4806-9bb6-903a2d2a9b45,66
Rattata,コラッタ,1,0bf8b1be-1ffe-4105-957e-f4d47b905e05,39
Rayquaza,レックウザ,1,02774e64-31dd-4b6c-a9b3-65c24144066e,84
Rayquaza Spirit Link,レックウザソウルリンク,1,a4b22717-7318-403a-8743-77bfda0624d7,116
Rayquaza V,レックウザV,1,8c1bc8f3-39e4-4b18-a239-4b6b22df60a8,107
Rayquaza VMAX,レックウザVMAX,1,8c1bc8f3-39e4-4b18-a239-4b6b22df60a8,108
Rayquaza-EX,レックウザEX,1,6b8faf93-bc0b-4539-aca0-5b0cdcba2d41,37
Rayquaza-GX,レックウザGX,1,30503cd2-8ced-45f5-9b2f-acd3ee55c09a,100
Reboot Pod,リブートポッド,1,1fea9ad9-1344-4423-b075-978401221f70,63
Recycle,リサイクル,1,7816388b-32e3-4c5e-9815-b552741bee9c,52
Recycle Energy,リサイクルエネルギー,1,03ce403b-f7de-460e-931e-27de38cd44ca,50
Red & Blue,レッド&グリーン,1,4a261245-088f-4357-a2ff-6c7890e11543,90
Red Card,レッドカード,1,0f0b8f32-db0e-4bf1-9a12-e6692554debb,56
Red's Challenge,レッドの挑戦,1,94db240f-1949-4c1e-9b92-12425aa31573,88
Regenerative Energy,リゲインエネルギー,1,248d92ee-d69e-493d-9d4b-0960134db32f,98
Regice,レジアイス,1,6e0a46c7-e469-4972-ba98-131cf67c7c94,19
Regidrago,レジドラゴ,1,6e0a46c7-e469-4972-ba98-131cf67c7c94,51
Regidrago V,レジドラゴV,1,248d92ee-d69e-493d-9d4b-0960134db32f,76
Regidrago VSTAR,レジドラゴVSTAR,1,248d92ee-d69e-493d-9d4b-0960134db32f,77
Regieleki,レジエレキ,1,8c1bc8f3-39e4-4b18-a239-4b6b22df60a8,45
Regieleki V,レジエレキV,1,248d92ee-d69e-493d-9d4b-0960134db32f,33
Regieleki VMAX,レジエレキVMAX,1,248d92ee-d69e-493d-9d4b-0960134db32f,34
Regigigas,レジギガス,1,8c1bc8f3-39e4-4b18-a239-4b6b22df60a8,123
Regigigas V,レジギガスV,1,8c1bc8f3-39e4-4b18-a239-4b6b22df60a8,124
Regigigas VSTAR,レジギガスVSTAR,1,8c1bc8f3-39e4-4b18-a239-4b6b22df60a8,125
Regigigas-EX,レジギガスEX,1,eeb4f01f-3792-421f-9dc9-6a8799cd6a06,45
Regirock,レジロック,1,6e0a46c7-e469-4972-ba98-131cf67c7c94,36
Regirock ex,レジロックex,1,c747cf6e-7ba4-4ec5-8288-d40293a4565f,55
Regirock-EX,レジロックEX,1,a0688785-c0ff-43fa-84fa-48d14432b701,61
Registeel,レジスチル,1,8c1bc8f3-39e4-4b18-a239-4b6b22df60a8,97
Registeel-EX,レジスチルEX,1,6b8faf93-bc0b-4539-aca0-5b0cdcba2d41,34
Relicanth,ジーランス,1,248d92ee-d69e-493d-9d4b-0960134db32f,22
Rellor,シガロコ,1,e86bad58-b459-4ac3-a82c-a122cf1755d6,13
Remoraid,テッポウオ,1,80bdd6cc-3aa6-4299-b5b1-43a5f80af030,30
Repeat Ball,リピートボール,1,e249c6c7-6f19-4de0-b421-1d7bce8e588d,62
Repel,むしよけスプレー,1,c9f7833f-defe-4d99-b45a-33fcb5a1fb14,55
Rescue Board,緊急ボード,1,97d0e77f-4340-44e3-9fb3-6e227b079a7d,95
Rescue Carrier,レスキューキャリー,1,8c1bc8f3-39e4-4b18-a239-4b6b22df60a8,142
Rescue Scarf,レスキュースカーフ,1,790d2460-b945-4a62-ac80-f5a10254b191,49
Rescue Stretcher,レスキュータンカ,1,94db240f-1949-4c1e-9b92-12425aa31573,93
Reset Stamp,リセットスタンプ,1,4fc047cb-d0d5-4086-b6dd-8f0b1d5dad42,46
Reshiram,レシラム,1,cc2feeb0-7efb-4265-9655-142f55afe232,15
Reshiram & Charizard-GX,レシラム&リザードンGX,1,94db240f-1949-4c1e-9b92-12425aa31573,7
Reshiram & Zekrom-GX,レシラム&ゼクロムGX,1,bf3433b6-5f29-4156-a1b7-c67eb119b52f,36
Reshiram ex,レシラムex,1,02eba1f1-ab17-434f-b54f-3213cbb54ca3,17
Reshiram V,レシラムV,1,012908fb-007c-486d-85ba-d2fcf10d833d,15
Reshiram-EX,レシラムEX,1,eb0a6865-84ff-4f85-b031-54c9d4e4c14d,21
Reshiram-GX,レシラムGX,1,80f62c95-9f01-4569-b25d-11f781e01a82,8
Reuniclus,ランクルス,1,248d92ee-d69e-493d-9d4b-0960134db32f,42
Revavroom,ブロロローム,1,0e5e9c85-befb-4767-b2e3-748891d46454,61
Revavroom ex,ブロロロームex,1,eb9a2ae1-f752-48e2-bd6e-4a3103023949,85
Reversal Energy,リバーサルエネルギー,1,e86bad58-b459-4ac3-a82c-a122cf1755d6,71
Reversal Trigger,リバーサルトリガー,1,2f7aa653-531c-4744-b532-e3fead1dfa1f,70
Reverse Valley,リバースバレー,1,76c58458-b473-4806-9bb6-903a2d2a9b45,79
Revive,げんきのかけら,1,b40da42f-59cd-4cf5-b07d-0a4e0b111b12,48
Rhydon,サイドン,1,0380eb72-bbcd-401c-ba09-fec23007efa7,38
Rhyhorn,サイホーン,1,0380eb72-bbcd-401c-ba09-fec23007efa7,37
Rhyperior,ドサイドン,1,0380eb72-bbcd-401c-ba09-fec23007efa7,39
Rhyperior V,ドサイドンV,1,c82f1d3a-3f74-454a-9a22-8ee9ac53e4e8,49
Ribbon Badge,リボンバッジ,1,a29ec842-6bdb-4f63-9b66-6d63ca4e67cf,65
Ribombee,アブリボン,1,c56a482d-7434-4e00-bc54-16c38f187c4e,35
Rich Energy,リッチエネルギー,1,154b30d7-3fc1-4322-af22-f39b9c881d45,64
Rigid Band,ガチガチバンド,1,bb411b0c-7378-4681-8d40-30958187c747,159
Rika,チリ,1,c5804d11-9c59-4cad-9061-0801b0ba0d9b,60
Rillaboom,ゴリランダー,1,c56a482d-7434-4e00-bc54-16c38f187c4e,8
Rillaboom V,ゴリランダーV,1,43366684-3ba6-4b69-a815-9c96da64469d,9
Rillaboom VMAX,ゴリランダーVMAX,1,43366684-3ba6-4b69-a815-9c96da64469d,10
Riolu,リオル,1,8c1bc8f3-39e4-4b18-a239-4b6b22df60a8,76
Roaring Moon,トドロクツキ,1,d89dc0ae-ec18-4b7e-a147-29ceffa71c2f,100
Roaring Moon ex,トドロクツキex,1,41226239-da09-4293-b6a3-d53c92094bf5,54
Roark,ヒョウタ,1,1d6a22e1-15be-46ec-bfa4-71adffe1213e,64
Robo Substitute,みがわりロボ(フレア団ギア),1,c5895636-5372-42da-a880-777a0a52416a,80
Rock Chestplate,岩のむねあて,1,0e5e9c85-befb-4767-b2e3-748891d46454,71
Rock Guard,ロックガード,1,3b23961b-060c-4eec-b215-11dcd659f7a9,50
Rockruff,イワンコ,1,248d92ee-d69e-493d-9d4b-0960134db32f,53
Rocky Helmet,ゴツゴツメット,1,15f71d52-9415-472d-a5cb-2397e385979c,73
Roggenrola,ダンゴロ,1,af81f07b-2345-4f9e-baf5-adfa2bcdb807,29
Roller Skater,ローラースケーター,1,67f367c1-a48d-4f82-8b03-0cea6da851bb,58
Roller Skates,ローラースケート,1,1e661884-d040-47cb-bdf0-f160771af6e1,56
Rolycoly,タンドン,1,8cce95a2-f537-4156-907d-f331ce13b5d6,32
Rookidee,ココガラ,1,a945665e-c81a-4c03-924d-624a07458341,87
Root Fossil Lileep,ねっこの化石 リリーラ,1,2f7aa653-531c-4744-b532-e3fead1dfa1f,65
Rosa,メイ,1,bf3433b6-5f29-4156-a1b7-c67eb119b52f,47
Rose,ローズ,1,80bdd6cc-3aa6-4299-b5b1-43a5f80af030,165
Rose Tower,ローズタワー,1,43366684-3ba6-4b69-a815-9c96da64469d,182
Roseanne's Backup,ハマナのバックアップ,1,012f4320-fb6b-4541-b502-a185ca139451,96
Roselia,ロゼリア,1,0380eb72-bbcd-401c-ba09-fec23007efa7,6
Roserade,ロズレイド,1,0380eb72-bbcd-401c-ba09-fec23007efa7,7
Rotom,ロトム,1,54450e62-c2ee-4136-b175-6191e3a2acfc,18
Rotom Bike,ロトムじてんしゃ,1,43366684-3ba6-4b69-a815-9c96da64469d,167
Rotom Dex,ロトム図鑑,1,4fc047cb-d0d5-4086-b6dd-8f0b1d5dad42,53
Rotom Dex Poké Finder Mode,ロトム図鑑 ポケファインダーモード,1,a8568729-9fae-4f33-bea1-c887bbc3f41a,47
Rotom V,ロトムV,1,ca93c4b2-7d37-4881-9306-c30f64a19b88,37
Rough Seas,うねりの大海,1,a03039bf-3a15-4b15-9d4f-634488fa9e48,68
Rowlet,モクロー,1,6e0a46c7-e469-4972-ba98-131cf67c7c94,6
Rowlet & Alolan Exeggutor-GX,モクロー&アローラナッシーGX,1,03ce403b-f7de-460e-931e-27de38cd44ca,1
Roxanne,ツツジ,1,8c1bc8f3-39e4-4b18-a239-4b6b22df60a8,157
Roxie,ホミカ | ホミカの演奏,2,bf3433b6-5f29-4156-a1b7-c67eb119b52f,46
Rubber Gloves,ゴムのグローブ,1,d67a90e5-6bf3-4a5b-8181-26f09eca8a1b,60
Ruffian,怖いお兄さん,1,89da1d8e-b1db-45f2-8674-eed2ab01058b,95
Rufflet,ワシボン,1,248d92ee-d69e-493d-9d4b-0960134db32f,84
Rugged Helmet,いかついメット,1,ec2d763e-ea05-4f77-ade2-b439f60a2adb,61
Rusted Shield,くちたたて,1,43366684-3ba6-4b69-a815-9c96da64469d,169
Rusted Sword,くちたけん,1,43366684-3ba6-4b69-a815-9c96da64469d,168
Ryme,ライム,1,eb9a2ae1-f752-48e2-bd6e-4a3103023949,106
Sableye,ヤミラミ,1,ca93c4b2-7d37-4881-9306-c30f64a19b88,44
Sableye V,ヤミラミV,1,92b1b2b5-1413-4667-96da-f6302db14a80,36
Sabrina's Suggestion,ナツメの暗示,1,8c3e90a2-295a-49ec-a166-fec75fe3fd8e,88
Sacred Ash,せいなるはい,1,562e3ff7-4148-430b-8ea4-e1308f56d05e,56
Saguaro,サワロ,1,34dac2ab-c4e1-429a-a8f7-a057ae021a67,68
Sail Fossil,ヒレの化石,1,18513f31-8b41-4783-9b7b-43ea49365192,86
Salamence,ボーマンダ,1,02909cf1-28d7-484f-bede-01b7da714ab6,65
Salamence ex,ボーマンダex,1,89da1d8e-b1db-45f2-8674-eed2ab01058b,72
Salamence V,ボーマンダV,1,c82f1d3a-3f74-454a-9a22-8ee9ac53e4e8,80
Salamence VMAX,ボーマンダVMAX,1,c82f1d3a-3f74-454a-9a22-8ee9ac53e4e8,81
Salamence-GX,ボーマンダGX,1,1778f144-2fa0-4cf0-b7ed-b8a42a4f4526,45
Salandit,ヤトウモリ,1,012908fb-007c-486d-85ba-d2fcf10d833d,20
Salazzle,エンニュート,1,012908fb-007c-486d-85ba-d2fcf10d833d,21
Salazzle-GX,エンニュートGX,1,25678826-2811-4bff-9b3a-26e10c5db48c,10
Salvatore,セイジ,1,1fea9ad9-1344-4423-b075-978401221f70,68
Samurott,ダイケンキ,1,02eba1f1-ab17-434f-b54f-3213cbb54ca3,20
Sandaconda,サダイジャ,1,0e5e9c85-befb-4767-b2e3-748891d46454,47
Sandaconda V,サダイジャV,1,ec2d763e-ea05-4f77-ade2-b439f60a2adb,43
Sandaconda VMAX,サダイジャVMAX,1,ec2d763e-ea05-4f77-ade2-b439f60a2adb,44
Sandile,メグロコ,1,ca93c4b2-7d37-4881-9306-c30f64a19b88,68
Sandshrew,サンド,1,a7880f19-342f-4727-8b28-2ad012936a2f,21
Sandslash,サンドパン,1,a7880f19-342f-4727-8b28-2ad012936a2f,22
Sandy Shocks ex,スナノケガワex,1,41226239-da09-4293-b6a3-d53c92094bf5,42
Sandygast,スナバァ,1,ca93c4b2-7d37-4881-9306-c30f64a19b88,63
Sawk,ダゲキ,1,012f4320-fb6b-4541-b502-a185ca139451,57
Sawsbuck,メブキジカ,1,ec2d763e-ea05-4f77-ade2-b439f60a2adb,6
Scatterbug,コフキムシ,1,8cce95a2-f537-4156-907d-f331ce13b5d6,4
Sceptile,ジュカイン,1,02909cf1-28d7-484f-bede-01b7da714ab6,4
Sceptile Spirit Link,ジュカインソウルリンク,1,a4b22717-7318-403a-8743-77bfda0624d7,112
Sceptile-EX,ジュカインEX,1,e19dcfd0-93f5-498e-bc42-b724ceb38c83,82
Sceptile-GX,ジュカインGX,1,30503cd2-8ced-45f5-9b2f-acd3ee55c09a,10
Schoolboy,スクールボーイ,1,d67a90e5-6bf3-4a5b-8181-26f09eca8a1b,64
Schoolgirl,スクールガール,1,b86a7ec9-e8f7-4f8c-b4e4-757e2f1d54f6,64
Scizor,ハッサム,1,012908fb-007c-486d-85ba-d2fcf10d833d,44
Scizor ex,ハッサムex,1,1fea9ad9-1344-4423-b075-978401221f70,44
Scizor Spirit Link,ハッサムソウルリンク,1,76c58458-b473-4806-9bb6-903a2d2a9b45,76
Scizor V,ハッサムV,1,c82f1d3a-3f74-454a-9a22-8ee9ac53e4e8,66
Scizor VMAX,ハッサムVMAX,1,c82f1d3a-3f74-454a-9a22-8ee9ac53e4e8,67
Scizor-EX,ハッサムEX,1,76c58458-b473-4806-9bb6-903a2d2a9b45,57
Scizor-GX,ハッサムGX,1,1778f144-2fa0-4cf0-b7ed-b8a42a4f4526,41
Scolipede,ペンドラー,1,a8568729-9fae-4f33-bea1-c887bbc3f41a,24
Scoop Up Cyclone,ポケモン回収サイクロン,1,aaae146c-17af-45fb-b9fb-165ca527fc03,93
Scoop Up Net,回収ネット,1,80bdd6cc-3aa6-4299-b5b1-43a5f80af030,133
Scorbunny,ヒバニー,1,ec2d763e-ea05-4f77-ade2-b439f60a2adb,15
Scorched Earth,灼熱の大地,1,e249c6c7-6f19-4de0-b421-1d7bce8e588d,69
Scovillain,スコヴィラン,1,15f71d52-9415-472d-a5cb-2397e385979c,14
Scovillain ex,スコヴィランex,1,6d9ff692-c95f-40d8-aef9-58089eb14260,23
Scrafty,ズルズキン,1,14496d8f-d11f-4779-bc03-b5a0e25a8a4b,60
Scraggy,ズルッグ,1,14496d8f-d11f-4779-bc03-b5a0e25a8a4b,59
Scramble Switch,スクランブルスイッチ,1,6d9ff692-c95f-40d8-aef9-58089eb14260,95
Scream Tail,サケブシッポ,1,41226239-da09-4293-b6a3-d53c92094bf5,32
Scream Tail ex,サケブシッポex,1,97d0e77f-4340-44e3-9fb3-6e227b079a7d,40
Scyther,ストライク,1,012908fb-007c-486d-85ba-d2fcf10d833d,1
Sea of Nothingness,虚ろの海,1,9f635209-aec1-4acf-84b7-8e77e6be7bc0,48
Seadra,シードラ,1,ca93c4b2-7d37-4881-9306-c30f64a19b88,23
Seaking,アズマオウ,1,0bf8b1be-1ffe-4105-957e-f4d47b905e05,10
Sealeo,トドグラー,1,ec2d763e-ea05-4f77-ade2-b439f60a2adb,23
Secret Box,シークレットボックス,1,aaae146c-17af-45fb-b9fb-165ca527fc03,92
Seedot,タネボー,1,ca93c4b2-7d37-4881-9306-c30f64a19b88,5
Seel,パウワウ,1,ca93c4b2-7d37-4881-9306-c30f64a19b88,20
Seismitoad,ガマゲロゲ,1,c56a482d-7434-4e00-bc54-16c38f187c4e,39
Seismitoad-EX,ガマゲロゲEX,1,18513f31-8b41-4783-9b7b-43ea49365192,20
Sentret,オタチ,1,89da1d8e-b1db-45f2-8674-eed2ab01058b,76
Serena,セレナ,1,012908fb-007c-486d-85ba-d2fcf10d833d,64
Serperior,ジャローダ,1,b40da42f-59cd-4cf5-b07d-0a4e0b111b12,3
Serperior ex,ジャローダex,1,1b0c8034-f89e-45bd-9339-da3e9963ce3f,3
Serperior V,ジャローダV,1,012908fb-007c-486d-85ba-d2fcf10d833d,5
Serperior VSTAR,ジャローダVSTAR,1,012908fb-007c-486d-85ba-d2fcf10d833d,6
Servine,ジャノビー,1,1b0c8034-f89e-45bd-9339-da3e9963ce3f,2
Seviper,ハブネーク,1,ea641579-b748-4519-80bf-909f23f821ca,18
Sewaddle,クルミル,1,14496d8f-d11f-4779-bc03-b5a0e25a8a4b,5
Shadow Rider Calyrex V,こくばバドレックスV,1,c56a482d-7434-4e00-bc54-16c38f187c4e,36
Shadow Rider Calyrex VMAX,こくばバドレックスVMAX,1,c56a482d-7434-4e00-bc54-16c38f187c4e,37
Shadow Triad,ダークトリニティ,1,71a210ff-9d68-4eed-900a-43b5f14a70c6,49
Sharpedo,サメハダー,1,af81f07b-2345-4f9e-baf5-adfa2bcdb807,39
Sharpedo-EX,サメハダーEX,1,a0688785-c0ff-43fa-84fa-48d14432b701,70
Shauna,サナ,1,d67a90e5-6bf3-4a5b-8181-26f09eca8a1b,63
Shauntal,シキミ,1,c5804d11-9c59-4cad-9061-0801b0ba0d9b,59
Shaymin,シェイミ,1,248d92ee-d69e-493d-9d4b-0960134db32f,81
Shaymin V,シェイミV,1,012f4320-fb6b-4541-b502-a185ca139451,12
Shaymin VSTAR,シェイミVSTAR,1,012f4320-fb6b-4541-b502-a185ca139451,13
Shaymin ◇,シェイミ,1,30503cd2-8ced-45f5-9b2f-acd3ee55c09a,11
Shaymin-EX,シェイミEX,1,b7b434e5-3fee-4321-a856-7cb6afbe5941,5
Shedinja,ヌケニン,1,dbb0d0e7-efba-41c2-9f8a-daf68582ed52,15
Shelgon,コモルー,1,1778f144-2fa0-4cf0-b7ed-b8a42a4f4526,44
Shellder,シェルダー,1,c9f7833f-defe-4d99-b45a-33fcb5a1fb14,14
Shellos,カラナクシ,1,6e0a46c7-e469-4972-ba98-131cf67c7c94,20
Shelmet,チョボマキ,1,a945665e-c81a-4c03-924d-624a07458341,7
Shield Energy,シールドエネルギー,1,e249c6c7-6f19-4de0-b421-1d7bce8e588d,70
Shieldon,タテトプス,1,6e0a46c7-e469-4972-ba98-131cf67c7c94,46
Shiftry,ダーテング,1,ca93c4b2-7d37-4881-9306-c30f64a19b88,7
Shiftry-GX,ダーテングGX,1,02909cf1-28d7-484f-bede-01b7da714ab6,8
Shiinotic,マシェード,1,af81f07b-2345-4f9e-baf5-adfa2bcdb807,8
Shining Arceus,ひかるアルセウス,1,cc2feeb0-7efb-4265-9655-142f55afe232,59
Shining Celebi,ひかるセレビィ,1,cc2feeb0-7efb-4265-9655-142f55afe232,4
Shining Genesect,ひかるゲノセクト,1,cc2feeb0-7efb-4265-9655-142f55afe232,10
Shining Jirachi,ひかるジラーチ,1,cc2feeb0-7efb-4265-9655-142f55afe232,43
Shining Lugia,ひかるルギア,1,cc2feeb0-7efb-4265-9655-142f55afe232,58
Shining Mew,ひかるミュウ,1,cc2feeb0-7efb-4265-9655-142f55afe232,41
Shining Rayquaza,ひかるレックウザ,1,cc2feeb0-7efb-4265-9655-142f55afe232,57
Shining Volcanion,ひかるボルケニオン,1,cc2feeb0-7efb-4265-9655-142f55afe232,28
Shinx,コリンク,1,248d92ee-d69e-493d-9d4b-0960134db32f,26
Shopping Center,ファッションモール,1,a29ec842-6bdb-4f63-9b66-6d63ca4e67cf,68
Shrine of Memories,記憶のほこら,1,e249c6c7-6f19-4de0-b421-1d7bce8e588d,68
Shrine of Punishment,戒めの祠,1,94db240f-1949-4c1e-9b92-12425aa31573,115
Shroodle,シルシュルー,1,34dac2ab-c4e1-429a-a8f7-a057ae021a67,53
Shroomish,キノココ,1,a945665e-c81a-4c03-924d-624a07458341,4
Shuckle,ツボツボ,1,30503cd2-8ced-45f5-9b2f-acd3ee55c09a,7
Shuckle-GX,ツボツボGX,1,ac71e58e-df22-4e89-89a6-7e939bd6632a,13
Shuppet,カゲボウズ,1,ca93c4b2-7d37-4881-9306-c30f64a19b88,45
Sidney,カゲツ,1,a945665e-c81a-4c03-924d-624a07458341,95
Siebold,ズミ,1,c56a482d-7434-4e00-bc54-16c38f187c4e,67
Sightseer,かんこうきゃく,1,14496d8f-d11f-4779-bc03-b5a0e25a8a4b,94
Sigilyph,シンボラー,1,248d92ee-d69e-493d-9d4b-0960134db32f,39
Sigilyph-GX,シンボラーGX,1,dbb0d0e7-efba-41c2-9f8a-daf68582ed52,18
Silcoon,カラサリス,1,54450e62-c2ee-4136-b175-6191e3a2acfc,5
Silent Lab,サイレントラボ,1,a03039bf-3a15-4b15-9d4f-634488fa9e48,69
Silicobra,スナヘビ,1,0e5e9c85-befb-4767-b2e3-748891d46454,46
Silvally,シルヴァディ,1,03ce403b-f7de-460e-931e-27de38cd44ca,43
Silvally-GX,シルヴァディGX,1,bf3433b6-5f29-4156-a1b7-c67eb119b52f,41
Silver Bangle,シルバーバングル,1,2f7aa653-531c-4744-b532-e3fead1dfa1f,68
Silver Mirror,白銀の鏡,1,2f7aa653-531c-4744-b532-e3fead1dfa1f,69
Simipour,ヒヤッキー,1,b86a7ec9-e8f7-4f8c-b4e4-757e2f1d54f6,6
Simisage,ヤナッキー,1,a8568729-9fae-4f33-bea1-c887bbc3f41a,6
Simisear,バオッキー,1,a8568729-9fae-4f33-bea1-c887bbc3f41a,14
Simisear V,バオッキーV,1,8c1bc8f3-39e4-4b18-a239-4b6b22df60a8,20
Simisear VSTAR,バオッキーVSTAR,1,8c1bc8f3-39e4-4b18-a239-4b6b22df60a8,21
Single Strike Energy,いちげきエネルギー,1,8cce95a2-f537-4156-907d-f331ce13b5d6,70
Single Strike Scroll of Piercing,いちげきの巻物 貫通の巻,1,ec2d763e-ea05-4f77-ade2-b439f60a2adb,62
Single Strike Scroll of Scorn,いちげきの巻物 怒りの巻,1,8cce95a2-f537-4156-907d-f331ce13b5d6,64
Single Strike Scroll of the Fanged Dragon,いちげきの巻物 牙竜の巻,1,b86a7ec9-e8f7-4f8c-b4e4-757e2f1d54f6,61
Single Strike Style Mustard,マスタード いちげきのかた,1,8cce95a2-f537-4156-907d-f331ce13b5d6,68
Single Strike Urshifu,いちげきウーラオス,1,80bdd6cc-3aa6-4299-b5b1-43a5f80af030,111
Single Strike Urshifu V,いちげきウーラオスV,1,8cce95a2-f537-4156-907d-f331ce13b5d6,36
Single Strike Urshifu VMAX,いちげきウーラオスVMAX,1,8cce95a2-f537-4156-907d-f331ce13b5d6,37
Sinistcha,ヤバソチャ,1,aaae146c-17af-45fb-b9fb-165ca527fc03,14
Sinistcha ex,ヤバソチャex,1,97d0e77f-4340-44e3-9fb3-6e227b079a7d,9
Sinistea,ヤバチャ,1,e86bad58-b459-4ac3-a82c-a122cf1755d6,35
Sitrus Berry,オボンのみ,1,92b1b2b5-1413-4667-96da-f6302db14a80,55
Sizzlipede,ヤクデ,1,6d9ff692-c95f-40d8-aef9-58089eb14260,15
Skarmory,エアームド,1,b86a7ec9-e8f7-4f8c-b4e4-757e2f1d54f6,36
Skarmory-EX,エアームドEX,1,1e661884-d040-47cb-bdf0-f160771af6e1,39
Skaters' Park,スケーターズパーク,1,a945665e-c81a-4c03-924d-624a07458341,99
Skeledirge,ラウドボーン,1,6d9ff692-c95f-40d8-aef9-58089eb14260,19
Skeledirge ex,ラウドボーンex,1,af1234fc-0c84-4c51-ba4c-cc74829e2d03,20
Skiddo,メェークル,1,133c791b-7cad-484f-843a-1fdb007af685,4
Skiploom,ポポッコ,1,30503cd2-8ced-45f5-9b2f-acd3ee55c09a,5
Skitty,エネコ,1,a945665e-c81a-4c03-924d-624a07458341,81
Skorupi,スコルピ,1,14496d8f-d11f-4779-bc03-b5a0e25a8a4b,35
Skrelp,クズモー,1,248d92ee-d69e-493d-9d4b-0960134db32f,60
Skuntank,スカタンク,1,85624ae1-7bf6-4f09-a3c7-d3af5f65893a,30
Skuntank V,スカタンクV,1,248d92ee-d69e-493d-9d4b-0960134db32f,56
Skwovet,ホシガリス,1,c56a482d-7434-4e00-bc54-16c38f187c4e,58
Sky Field,スカイフィールド,1,a4b22717-7318-403a-8743-77bfda0624d7,129
Sky Pillar,そらのはしら,1,02909cf1-28d7-484f-bede-01b7da714ab6,95
Sky Seal Stone,空の封印石,1,8c1bc8f3-39e4-4b18-a239-4b6b22df60a8,146
Skyarrow Bridge,スカイアローブリッジ,1,b7b434e5-3fee-4321-a856-7cb6afbe5941,51
Skyla,フウロ,1,43366684-3ba6-4b69-a815-9c96da64469d,195
Slaking,ケッキング,1,b86a7ec9-e8f7-4f8c-b4e4-757e2f1d54f6,52
Slaking ex,ケッキングex,1,6d9ff692-c95f-40d8-aef9-58089eb14260,84
Slaking V,ケッキングV,1,519974df-352f-47fe-a03f-04e3e551a5da,59
Slakoth,ナマケロ,1,b86a7ec9-e8f7-4f8c-b4e4-757e2f1d54f6,50
Sliggoo,ヌメイル,1,a945665e-c81a-4c03-924d-624a07458341,77
Slither Wing,チヲハウハネ,1,41226239-da09-4293-b6a3-d53c92094bf5,41
Slowbro,ヤドラン,1,234779b1-7c9a-442f-8f8e-de41d5de658c,24
Slowking,ヤドキング,1,25678826-2811-4bff-9b3a-26e10c5db48c,23
Slowking ex,ヤドキングex,1,e86bad58-b459-4ac3-a82c-a122cf1755d6,30
Slowpoke,ヤドン,1,234779b1-7c9a-442f-8f8e-de41d5de658c,23
Slowpoke & Psyduck-GX,ヤドン&コダックGX,1,14496d8f-d11f-4779-bc03-b5a0e25a8a4b,11
Slugma,マグマッグ,1,ca93c4b2-7d37-4881-9306-c30f64a19b88,15
Slumbering Forest,まどろみの森,1,14496d8f-d11f-4779-bc03-b5a0e25a8a4b,88
Slurpuff,ペロリーム,1,ca93c4b2-7d37-4881-9306-c30f64a19b88,48
Smeargle,ドーブル,1,012908fb-007c-486d-85ba-d2fcf10d833d,54
Smoliv,ミニーブ,1,c747cf6e-7ba4-4ec5-8288-d40293a4565f,10
Smoochum,ムチュール,1,154b30d7-3fc1-4322-af22-f39b9c881d45,18
Sneasel,ニューラ,1,c56a482d-7434-4e00-bc54-16c38f187c4e,11
Snivy,ツタージャ,1,1b0c8034-f89e-45bd-9339-da3e9963ce3f,1
Snom,ユキハミ,1,a945665e-c81a-4c03-924d-624a07458341,28
Snorlax,カビゴン,1,54450e62-c2ee-4136-b175-6191e3a2acfc,58
Snorlax Doll,カビゴンドール,1,41226239-da09-4293-b6a3-d53c92094bf5,59
Snorlax V,カビゴンV,1,92b1b2b5-1413-4667-96da-f6302db14a80,45
Snorlax VMAX,カビゴンVMAX,1,92b1b2b5-1413-4667-96da-f6302db14a80,46
Snorunt,ユキワラシ,1,248d92ee-d69e-493d-9d4b-0960134db32f,19
Snover,ユキカブリ,1,54450e62-c2ee-4136-b175-6191e3a2acfc,9
Snow Leaf Badge,スノーリーフバッジ,1,a29ec842-6bdb-4f63-9b66-6d63ca4e67cf,63
Snubbull,ブルー,1,a945665e-c81a-4c03-924d-624a07458341,41
Sobble,メッソン,1,80bdd6cc-3aa6-4299-b5b1-43a5f80af030,36
Solgaleo,ソルガレオ,1,4a261245-088f-4357-a2ff-6c7890e11543,55
Solgaleo & Lunala-GX,ソルガレオ&ルナアーラGX,1,bf3433b6-5f29-4156-a1b7-c67eb119b52f,20
Solgaleo ◇,ソルガレオ,1,85624ae1-7bf6-4f09-a3c7-d3af5f65893a,43
Solgaleo-GX,ソルガレオGX,1,c9f7833f-defe-4d99-b45a-33fcb5a1fb14,40
Solosis,ユニラン,1,248d92ee-d69e-493d-9d4b-0960134db32f,40
Solrock,ソルロック,1,8c1bc8f3-39e4-4b18-a239-4b6b22df60a8,74
Sonia,ソニア,1,692e5d4f-0da6-4011-a12c-ffdb1309cba4,65
Sophocles,マーマネ,1,25678826-2811-4bff-9b3a-26e10c5db48c,48
Spark,スパーク,1,519974df-352f-47fe-a03f-04e3e551a5da,69
Sparkling Crystal,きらめく結晶,1,db8504f1-e9f0-4e60-954a-4818040cfe98,94
Sparkling Robe,輝くガウン,1,18513f31-8b41-4783-9b7b-43ea49365192,87
Spearow,オニスズメ,1,8cce95a2-f537-4156-907d-f331ce13b5d6,55
Spectrier,レイスポス,1,ca93c4b2-7d37-4881-9306-c30f64a19b88,55
Speed Lightning Energy,スピード雷エネルギー,1,80bdd6cc-3aa6-4299-b5b1-43a5f80af030,174
Spell Tag,のろいのおふだ,1,30503cd2-8ced-45f5-9b2f-acd3ee55c09a,141
Spewpa,コフーライ,1,8cce95a2-f537-4156-907d-f331ce13b5d6,5
Spheal,タマザラシ,1,ec2d763e-ea05-4f77-ade2-b439f60a2adb,22
Spidops,ワナイダー,1,34dac2ab-c4e1-429a-a8f7-a057ae021a67,9
Spidops ex,ワナイダーex,1,15f71d52-9415-472d-a5cb-2397e385979c,8
Spike Energy,スパイクエネルギー,1,89da1d8e-b1db-45f2-8674-eed2ab01058b,100
Spikemuth,スパイクタウン,1,c82f1d3a-3f74-454a-9a22-8ee9ac53e4e8,97
Spikemuth Gym,スパイクタウンジム,1,b42030c0-3702-41e1-b649-a790ce1e1ad1,19
Spinarak,イトマル,1,248d92ee-d69e-493d-9d4b-0960134db32f,6
Spinda,パッチール,1,ca93c4b2-7d37-4881-9306-c30f64a19b88,86
Spiral Energy,スパイラルエネルギー,1,c56a482d-7434-4e00-bc54-16c38f187c4e,69
Spirit Mask,れいかいのお面,1,d67a90e5-6bf3-4a5b-8181-26f09eca8a1b,61
Spiritomb,ミカルゲ,1,54450e62-c2ee-4136-b175-6191e3a2acfc,47
Splash Energy,スプラッシュエネルギー,1,76c58458-b473-4806-9bb6-903a2d2a9b45,80
Spoink,バネブー,1,8cce95a2-f537-4156-907d-f331ce13b5d6,22
Spongy Gloves,スポンジグローブ,1,a945665e-c81a-4c03-924d-624a07458341,93
Sprigatito,ニャオハ,1,af1234fc-0c84-4c51-ba4c-cc74829e2d03,4
Spritzee,シュシュプ,1,0bf8b1be-1ffe-4105-957e-f4d47b905e05,37
Squawkabilly,イキリンコ,1,c747cf6e-7ba4-4ec5-8288-d40293a4565f,86
Squawkabilly ex,イキリンコex,1,e86bad58-b459-4ac3-a82c-a122cf1755d6,65
Squirtle,ゼニガメ,1,30503cd2-8ced-45f5-9b2f-acd3ee55c09a,29
Stadium Nav,スタジアムナビ,1,14496d8f-d11f-4779-bc03-b5a0e25a8a4b,82
Stakataka,ツンデツンデ,1,30503cd2-8ced-45f5-9b2f-acd3ee55c09a,71
Stakataka-GX,ツンデツンデGX,1,02909cf1-28d7-484f-bede-01b7da714ab6,60
Stantler,オドシシ,1,0380eb72-bbcd-401c-ba09-fec23007efa7,57
Staraptor,ムクホーク,1,012f4320-fb6b-4541-b502-a185ca139451,80
Staravia,ムクバード,1,012f4320-fb6b-4541-b502-a185ca139451,79
Starly,ムックル,1,012f4320-fb6b-4541-b502-a185ca139451,78
Starmie,スターミー,1,a945665e-c81a-4c03-924d-624a07458341,19
Starmie BREAK,スターミーBREAK,1,13ac4f0e-0e0f-4ab3-9fa0-933a49903236,30
Starmie V,スターミーV,1,0380eb72-bbcd-401c-ba09-fec23007efa7,17
Startling Megaphone,びっくりメガホン,1,6ba347c2-db70-4a00-bd67-01f48ceff2f5,74
Staryu,ヒトデマン,1,a945665e-c81a-4c03-924d-624a07458341,18
Stealthy Hood,隠密フード,1,0bf8b1be-1ffe-4105-957e-f4d47b905e05,46
Steelix,ハガネール,1,a945665e-c81a-4c03-924d-624a07458341,56
Steelix V,ハガネールV,1,5ef17897-aa4b-47b6-ba3f-437267d27a85,46
Steenee,アママイコ,1,ec2d763e-ea05-4f77-ade2-b439f60a2adb,8
Steven's Baltoy,ダイゴのヤジロン,1,542b66c8-7c21-4bdb-affe-8f231b7ce8a6,1
Steven's Beldum,ダイゴのダンバル,1,542b66c8-7c21-4bdb-affe-8f231b7ce8a6,5
Steven's Carbink,ダイゴのメレシー,1,542b66c8-7c21-4bdb-affe-8f231b7ce8a6,3
Steven's Claydol,ダイゴのネンドール,1,542b66c8-7c21-4bdb-affe-8f231b7ce8a6,2
Steven's Metagross ex,ダイゴのメタグロスex,1,542b66c8-7c21-4bdb-affe-8f231b7ce8a6,7
Steven's Metang,ダイゴのメタング,1,542b66c8-7c21-4bdb-affe-8f231b7ce8a6,6
Steven's Resolve,ダイゴの決断,1,02909cf1-28d7-484f-bede-01b7da714ab6,88
Steven's Skarmory,ダイゴのエアームド,1,542b66c8-7c21-4bdb-affe-8f231b7ce8a6,4
Stone Fighting Energy,ストーン闘エネルギー,1,80bdd6cc-3aa6-4299-b5b1-43a5f80af030,176
Stonjourner,イシヘンジン,1,ca93c4b2-7d37-4881-9306-c30f64a19b88,65
Stonjourner V,イシヘンジンV,1,e7364633-fbf1-400c-8da2-63b129f42c38,34
Stonjourner VMAX,イシヘンジンVMAX,1,e7364633-fbf1-400c-8da2-63b129f42c38,35
Stormy Mountains,嵐の山脈,1,8c1bc8f3-39e4-4b18-a239-4b6b22df60a8,164
Stoutland,ムーランド,1,bf3433b6-5f29-4156-a1b7-c67eb119b52f,39
Stoutland V,ムーランドV,1,8cce95a2-f537-4156-907d-f331ce13b5d6,59
Strong Energy,ストロングエネルギー,1,18513f31-8b41-4783-9b7b-43ea49365192,96
Stufful,ヌイコグマ,1,67f367c1-a48d-4f82-8b03-0cea6da851bb,48
Stunfisk,マッギョ,1,248d92ee-d69e-493d-9d4b-0960134db32f,29
Stunky,スカンプー,1,85624ae1-7bf6-4f09-a3c7-d3af5f65893a,29
Sudowoodo,ウソッキー,1,54450e62-c2ee-4136-b175-6191e3a2acfc,37
Suicune,スイクン,1,8251be2f-446e-47c1-ae16-155441fda939,18
Suicune V,スイクンV,1,8c1bc8f3-39e4-4b18-a239-4b6b22df60a8,24
Suicune-GX,スイクンGX,1,ac71e58e-df22-4e89-89a6-7e939bd6632a,28
Sunflora,キマワリ,1,ca93c4b2-7d37-4881-9306-c30f64a19b88,4
Sunkern,ヒマナッツ,1,ca93c4b2-7d37-4881-9306-c30f64a19b88,3
Super Boost Energy ◇,超ブーストエネルギー,1,30503cd2-8ced-45f5-9b2f-acd3ee55c09a,170
Super Potion,いいきずぐすり,1,89da1d8e-b1db-45f2-8674-eed2ab01058b,88
Super Rod,すごいつりざお,1,e86bad58-b459-4ac3-a82c-a122cf1755d6,66
Super Scoop Up,スーパーポケモン回収,1,ea641579-b748-4519-80bf-909f23f821ca,48
Supereffective Glasses,ばつぐんグラス,1,6e0a46c7-e469-4972-ba98-131cf67c7c94,63
Superior Energy Retrieval,スーパーエネルギー回収,1,af1234fc-0c84-4c51-ba4c-cc74829e2d03,64
Surfer,サーファー,1,154b30d7-3fc1-4322-af22-f39b9c881d45,61
Surfing Pikachu V,なみのりピカチュウV,1,798983eb-5b45-49ab-b90a-339a8fd22b4a,21
Surfing Pikachu VMAX,なみのりピカチュウVMAX,1,798983eb-5b45-49ab-b90a-339a8fd22b4a,22
Surprise Box,びっくりボックス,1,0bf8b1be-1ffe-4105-957e-f4d47b905e05,44
Surskit,アメタマ,1,af81f07b-2345-4f9e-baf5-adfa2bcdb807,2
Survival Brace,サバイブギプス,1,97d0e77f-4340-44e3-9fb3-6e227b079a7d,59
Suspicious Food Tin,妖しいカンヅメ,1,34f34ce8-d9b4-4c63-9460-a26290607bc5,63
Swablu,チルット,1,012908fb-007c-486d-85ba-d2fcf10d833d,56
Swadloon,クルマユ,1,14496d8f-d11f-4779-bc03-b5a0e25a8a4b,7
Swalot,マルノーム,1,1778f144-2fa0-4cf0-b7ed-b8a42a4f4526,27
Swampert,ラグラージ,1,02909cf1-28d7-484f-bede-01b7da714ab6,24
Swanna,スワンナ,1,4a261245-088f-4357-a2ff-6c7890e11543,24
Sweet Honey,あまいミツ,1,0380eb72-bbcd-401c-ba09-fec23007efa7,62
Swellow,オオスバメ,1,234779b1-7c9a-442f-8f8e-de41d5de658c,45
Swinub,ウリムー,1,0380eb72-bbcd-401c-ba09-fec23007efa7,18
Swirlix,ペロッパフ,1,ca93c4b2-7d37-4881-9306-c30f64a19b88,47
Switch,ポケモンいれかえ,1,012908fb-007c-486d-85ba-d2fcf10d833d,61
Switch Cart,いれかえカート,1,7232c008-006b-4250-8b7a-d6e96202a657,60
Switch Raft,いれかえフロート,1,80f62c95-9f01-4569-b25d-11f781e01a82,44
Switching Cups,すりかえカップ,1,b86a7ec9-e8f7-4f8c-b4e4-757e2f1d54f6,58
Swoobat,ココロモリ,1,4a261245-088f-4357-a2ff-6c7890e11543,30
Sylveon,ニンフィア,1,4a261245-088f-4357-a2ff-6c7890e11543,64
Sylveon ex,ニンフィアex,1,d89dc0ae-ec18-4b7e-a147-29ceffa71c2f,69
Sylveon V,ニンフィアV,1,80bdd6cc-3aa6-4299-b5b1-43a5f80af030,74
Sylveon VMAX,ニンフィアVMAX,1,80bdd6cc-3aa6-4299-b5b1-43a5f80af030,75
Sylveon-EX,ニンフィアEX,1,5f734794-2cd7-4671-b390-7a1f33222268,25
Sylveon-GX,ニンフィアGX,1,575b3ae4-5c0c-4abc-93f8-f1f4cc71974a,40
Tadbulb,ズピカ,1,34dac2ab-c4e1-429a-a8f7-a057ae021a67,23
Tag Call,タッグコール,1,4a261245-088f-4357-a2ff-6c7890e11543,83
Tag Switch,タッグスイッチ,1,4fc047cb-d0d5-4086-b6dd-8f0b1d5dad42,45
Taillow,スバメ,1,234779b1-7c9a-442f-8f8e-de41d5de658c,44
Talonflame,ファイアロー,1,ca93c4b2-7d37-4881-9306-c30f64a19b88,19
Talonflame V,ファイアローV,1,55532dfc-3744-4734-b6b3-db9157b43812,16
Tandemaus,ワッカネズミ,1,15f71d52-9415-472d-a5cb-2397e385979c,64
Tangela,モンジャラ,1,248d92ee-d69e-493d-9d4b-0960134db32f,4
Tangrowth,モジャンボ,1,248d92ee-d69e-493d-9d4b-0960134db32f,5
Tapu Bulu,カプ・ブルル,1,25678826-2811-4bff-9b3a-26e10c5db48c,6
Tapu Bulu-GX,カプ・ブルルGX,1,25678826-2811-4bff-9b3a-26e10c5db48c,7
Tapu Fini,カプ・レヒレ,1,c56a482d-7434-4e00-bc54-16c38f187c4e,16
Tapu Fini-GX,カプ・レヒレGX,1,25678826-2811-4bff-9b3a-26e10c5db48c,18
Tapu Koko,カプ・コケコ,1,14496d8f-d11f-4779-bc03-b5a0e25a8a4b,28
Tapu Koko ex,カプ・コケコex,1,c5804d11-9c59-4cad-9061-0801b0ba0d9b,19
Tapu Koko V,カプ・コケコV,1,8cce95a2-f537-4156-907d-f331ce13b5d6,17
Tapu Koko VMAX,カプ・コケコVMAX,1,8cce95a2-f537-4156-907d-f331ce13b5d6,18
Tapu Koko ◇,カプ・コケコ,1,30503cd2-8ced-45f5-9b2f-acd3ee55c09a,49
Tapu Koko-GX,カプ・コケコGX,1,234779b1-7c9a-442f-8f8e-de41d5de658c,22
Tapu Lele,カプ・テテフ,1,012908fb-007c-486d-85ba-d2fcf10d833d,43
Tapu Lele-GX,カプ・テテフGX,1,a46aa9cd-922a-487f-a7f2-940f9a23ef57,22
Target Whistle,ターゲットホイッスル(フレア団ギア),1,c5895636-5372-42da-a880-777a0a52416a,78
Tarountula,タマンチュラ,1,15f71d52-9415-472d-a5cb-2397e385979c,6
Tate & Liza,フウとラン,1,4fc047cb-d0d5-4086-b6dd-8f0b1d5dad42,54
Tatsugiri,シャリタツ,1,0e5e9c85-befb-4767-b2e3-748891d46454,22
Tatsugiri ex,シャリタツex,1,6d9ff692-c95f-40d8-aef9-58089eb14260,81
Tauros,ケンタロス,1,248d92ee-d69e-493d-9d4b-0960134db32f,78
Tauros-GX,ケンタロスGX,1,af81f07b-2345-4f9e-baf5-adfa2bcdb807,47
Teal Mask Ogerpon,オーガポン みどりのめん,1,aaae146c-17af-45fb-b9fb-165ca527fc03,15
Teal Mask Ogerpon ex,オーガポン みどりのめんex,1,aaae146c-17af-45fb-b9fb-165ca527fc03,16
Team Aqua Admin,アクア団の幹部,1,cbbbd49a-cc8b-4bbe-83f2-29ebc09f25e3,27
Team Aqua Grunt,アクア団のしたっぱ,1,cbbbd49a-cc8b-4bbe-83f2-29ebc09f25e3,28
Team Aqua's Carvanha,アクア団のキバニア,1,cbbbd49a-cc8b-4bbe-83f2-29ebc09f25e3,20
Team Aqua's Great Ball,アクア団のスーパーボール,1,cbbbd49a-cc8b-4bbe-83f2-29ebc09f25e3,23
Team Aqua's Grimer,アクア団のベトベター,1,cbbbd49a-cc8b-4bbe-83f2-29ebc09f25e3,7
Team Aqua's Kyogre-EX,アクア団のカイオーガEX,1,cbbbd49a-cc8b-4bbe-83f2-29ebc09f25e3,6
Team Aqua's Mightyena,アクア団のグラエナ,1,cbbbd49a-cc8b-4bbe-83f2-29ebc09f25e3,18
Team Aqua's Muk,アクア団のベトベトン,1,cbbbd49a-cc8b-4bbe-83f2-29ebc09f25e3,8
Team Aqua's Poochyena,アクア団のポチエナ,1,cbbbd49a-cc8b-4bbe-83f2-29ebc09f25e3,16
Team Aqua's Sealeo,アクア団のトドグラー,1,cbbbd49a-cc8b-4bbe-83f2-29ebc09f25e3,4
Team Aqua's Secret Base,アクア団の秘密基地,1,cbbbd49a-cc8b-4bbe-83f2-29ebc09f25e3,31
Team Aqua's Seviper,アクア団のハブネーク,1,cbbbd49a-cc8b-4bbe-83f2-29ebc09f25e3,9
Team Aqua's Sharpedo,アクア団のサメハダー,1,cbbbd49a-cc8b-4bbe-83f2-29ebc09f25e3,21
Team Aqua's Spheal,アクア団のタマザラシ,1,cbbbd49a-cc8b-4bbe-83f2-29ebc09f25e3,3
Team Aqua's Walrein,アクア団のトドゼルガ,1,cbbbd49a-cc8b-4bbe-83f2-29ebc09f25e3,5
Team Flare Grunt,フレア団のしたっぱ,1,a0688785-c0ff-43fa-84fa-48d14432b701,186
Team Magma Admin,マグマ団の幹部,1,cbbbd49a-cc8b-4bbe-83f2-29ebc09f25e3,29
Team Magma Grunt,マグマ団のしたっぱ,1,cbbbd49a-cc8b-4bbe-83f2-29ebc09f25e3,30
Team Magma's Aggron,マグマ団のボスゴドラ,1,cbbbd49a-cc8b-4bbe-83f2-29ebc09f25e3,14
Team Magma's Aron,マグマ団のココドラ,1,cbbbd49a-cc8b-4bbe-83f2-29ebc09f25e3,12
Team Magma's Baltoy,マグマ団のヤジロン,1,cbbbd49a-cc8b-4bbe-83f2-29ebc09f25e3,10
Team Magma's Camerupt,マグマ団のバクーダ,1,cbbbd49a-cc8b-4bbe-83f2-29ebc09f25e3,2
Team Magma's Claydol,マグマ団のネンドール,1,cbbbd49a-cc8b-4bbe-83f2-29ebc09f25e3,11
Team Magma's Great Ball,マグマ団のスーパーボール,1,cbbbd49a-cc8b-4bbe-83f2-29ebc09f25e3,24
Team Magma's Groudon-EX,マグマ団のグラードンEX,1,cbbbd49a-cc8b-4bbe-83f2-29ebc09f25e3,15
Team Magma's Lairon,マグマ団のコドラ,1,cbbbd49a-cc8b-4bbe-83f2-29ebc09f25e3,13
Team Magma's Mightyena,マグマ団のグラエナ,1,cbbbd49a-cc8b-4bbe-83f2-29ebc09f25e3,19
Team Magma's Numel,マグマ団のドンメル,1,cbbbd49a-cc8b-4bbe-83f2-29ebc09f25e3,1
Team Magma's Poochyena,マグマ団のポチエナ,1,cbbbd49a-cc8b-4bbe-83f2-29ebc09f25e3,17
Team Magma's Secret Base,マグマ団の秘密基地,1,cbbbd49a-cc8b-4bbe-83f2-29ebc09f25e3,32
Team Magma's Zangoose,マグマ団のザングース,1,cbbbd49a-cc8b-4bbe-83f2-29ebc09f25e3,22
Team Plasma Ball,プラズマ団のモンスターボール,1,71a210ff-9d68-4eed-900a-43b5f14a70c6,47
Team Plasma Grunt,プラズマ団のしたっぱ,1,d80a5f18-cad8-457f-90e6-3fbfd527f8c2,65
Team Rocket Energy,ロケット団エネルギー,1,c747cf6e-7ba4-4ec5-8288-d40293a4565f,98
Team Rocket's Ampharos,ロケット団のデンリュウ,1,c747cf6e-7ba4-4ec5-8288-d40293a4565f,36
Team Rocket's Arbok,ロケット団のアーボック,1,c747cf6e-7ba4-4ec5-8288-d40293a4565f,57
Team Rocket's Archer,ロケット団のアポロ,1,c747cf6e-7ba4-4ec5-8288-d40293a4565f,92
Team Rocket's Ariana,ロケット団のアテナ,1,c747cf6e-7ba4-4ec5-8288-d40293a4565f,91
Team Rocket's Articuno,ロケット団のフリーザー,1,c747cf6e-7ba4-4ec5-8288-d40293a4565f,22
Team Rocket's Blipbug,ロケット団のサッチムシ,1,c747cf6e-7ba4-4ec5-8288-d40293a4565f,7
Team Rocket's Chingling,ロケット団のリーシャン,1,c747cf6e-7ba4-4ec5-8288-d40293a4565f,41
Team Rocket's Crobat ex,ロケット団のクロバットex,1,c747cf6e-7ba4-4ec5-8288-d40293a4565f,66
Team Rocket's Dottler,ロケット団のレドームシ,1,c747cf6e-7ba4-4ec5-8288-d40293a4565f,43
Team Rocket's Drowzee,ロケット団のスリープ,1,c747cf6e-7ba4-4ec5-8288-d40293a4565f,37
Team Rocket's Ekans,ロケット団のアーボ,1,c747cf6e-7ba4-4ec5-8288-d40293a4565f,56
Team Rocket's Factory,ロケット団のファクトリー,1,c747cf6e-7ba4-4ec5-8288-d40293a4565f,97
Team Rocket's Flaaffy,ロケット団のモココ,1,c747cf6e-7ba4-4ec5-8288-d40293a4565f,35
Team Rocket's Giovanni,ロケット団のサカキ,1,c747cf6e-7ba4-4ec5-8288-d40293a4565f,93
Team Rocket's Golbat,ロケット団のゴルバット,1,c747cf6e-7ba4-4ec5-8288-d40293a4565f,65
Team Rocket's Great Ball,ロケット団のスーパーボール,1,c747cf6e-7ba4-4ec5-8288-d40293a4565f,88
Team Rocket's Grimer,ロケット団のベトベター,1,c747cf6e-7ba4-4ec5-8288-d40293a4565f,67
Team Rocket's Handiwork,ロケット団の工作,1,738567d0-701f-448b-bba6-70a6b90dbcc4,77
Team Rocket's Hindering Robo,ロケット団のおじゃまロボ,1,c747cf6e-7ba4-4ec5-8288-d40293a4565f,87
Team Rocket's Houndoom,ロケット団のヘルガー,1,c747cf6e-7ba4-4ec5-8288-d40293a4565f,17
Team Rocket's Houndour,ロケット団のデルビル,1,c747cf6e-7ba4-4ec5-8288-d40293a4565f,16
Team Rocket's Hypno,ロケット団のスリーパー,1,c747cf6e-7ba4-4ec5-8288-d40293a4565f,38
Team Rocket's Koffing,ロケット団のドガース,1,c747cf6e-7ba4-4ec5-8288-d40293a4565f,69
Team Rocket's Larvitar,ロケット団のヨーギラス,1,c747cf6e-7ba4-4ec5-8288-d40293a4565f,48
Team Rocket's Mareep,ロケット団のメリープ,1,c747cf6e-7ba4-4ec5-8288-d40293a4565f,34
Team Rocket's Meowth,ロケット団のニャース,1,c747cf6e-7ba4-4ec5-8288-d40293a4565f,78
Team Rocket's Mewtwo ex,ロケット団のミュウツーex,1,c747cf6e-7ba4-4ec5-8288-d40293a4565f,39
Team Rocket's Mimikyu,ロケット団のミミッキュ,1,c747cf6e-7ba4-4ec5-8288-d40293a4565f,42
Team Rocket's Moltres ex,ロケット団のファイヤーex,1,c747cf6e-7ba4-4ec5-8288-d40293a4565f,15
Team Rocket's Muk,ロケット団のベトベトン,1,c747cf6e-7ba4-4ec5-8288-d40293a4565f,68
Team Rocket's Murkrow,ロケット団のヤミカラス,1,c747cf6e-7ba4-4ec5-8288-d40293a4565f,71
Team Rocket's Nidoking ex,ロケット団のニドキングex,1,c747cf6e-7ba4-4ec5-8288-d40293a4565f,63
Team Rocket's Nidoqueen,ロケット団のニドクイン,1,c747cf6e-7ba4-4ec5-8288-d40293a4565f,60
Team Rocket's Nidoran ♀,ロケット団のニドラン♀,1,c747cf6e-7ba4-4ec5-8288-d40293a4565f,58
Team Rocket's Nidoran ♂,ロケット団のニドラン♂,1,c747cf6e-7ba4-4ec5-8288-d40293a4565f,61
Team Rocket's Nidorina,ロケット団のニドリーナ,1,c747cf6e-7ba4-4ec5-8288-d40293a4565f,59
Team Rocket's Nidorino,ロケット団のニドリーノ,1,c747cf6e-7ba4-4ec5-8288-d40293a4565f,62
Team Rocket's Orbeetle,ロケット団のイオルブ,1,c747cf6e-7ba4-4ec5-8288-d40293a4565f,44
Team Rocket's Persian ex,ロケット団のペルシアンex,1,c747cf6e-7ba4-4ec5-8288-d40293a4565f,79
Team Rocket's Petrel,ロケット団のラムダ,1,c747cf6e-7ba4-4ec5-8288-d40293a4565f,94
Team Rocket's Porygon,ロケット団のポリゴン,1,c747cf6e-7ba4-4ec5-8288-d40293a4565f,81
Team Rocket's Porygon-Z,ロケット団のポリゴンZ,1,c747cf6e-7ba4-4ec5-8288-d40293a4565f,83
Team Rocket's Porygon2,ロケット団のポリゴン2,1,c747cf6e-7ba4-4ec5-8288-d40293a4565f,82
Team Rocket's Proton,ロケット団のランス,1,c747cf6e-7ba4-4ec5-8288-d40293a4565f,95
Team Rocket's Pupitar,ロケット団のサナギラス,1,c747cf6e-7ba4-4ec5-8288-d40293a4565f,49
Team Rocket's Raticate,ロケット団のラッタ,1,c747cf6e-7ba4-4ec5-8288-d40293a4565f,77
Team Rocket's Rattata,ロケット団のコラッタ,1,c747cf6e-7ba4-4ec5-8288-d40293a4565f,76
Team Rocket's Receiver,ロケット団のレシーバー,1,c747cf6e-7ba4-4ec5-8288-d40293a4565f,90
Team Rocket's Sneasel,ロケット団のニューラ,1,c747cf6e-7ba4-4ec5-8288-d40293a4565f,72
Team Rocket's Spidops,ロケット団のワナイダー,1,c747cf6e-7ba4-4ec5-8288-d40293a4565f,9
Team Rocket's Surprise Bomb,ロケット団のびっくりボム,1,c747cf6e-7ba4-4ec5-8288-d40293a4565f,89
Team Rocket's Tarountula,ロケット団のタマンチュラ,1,c747cf6e-7ba4-4ec5-8288-d40293a4565f,8
Team Rocket's Tyranitar,ロケット団のバンギラス,1,c747cf6e-7ba4-4ec5-8288-d40293a4565f,50
Team Rocket's Watchtower,ロケット団の監視塔,1,c747cf6e-7ba4-4ec5-8288-d40293a4565f,96
Team Rocket's Weezing,ロケット団のマタドガス,1,c747cf6e-7ba4-4ec5-8288-d40293a4565f,70
Team Rocket's Wobbuffet,ロケット団のソーナンス,1,c747cf6e-7ba4-4ec5-8288-d40293a4565f,40
Team Rocket's Zapdos,ロケット団のサンダー,1,c747cf6e-7ba4-4ec5-8288-d40293a4565f,33
Team Rocket's Zubat,ロケット団のズバット,1,c747cf6e-7ba4-4ec5-8288-d40293a4565f,64
Team Skull Grunt,スカル団のしたっぱ,1,af81f07b-2345-4f9e-baf5-adfa2bcdb807,58
Team Star Grunt,スター団のしたっぱ,1,0e5e9c85-befb-4767-b2e3-748891d46454,75
Team Yell Grunt,エール団のしたっぱ,1,92b1b2b5-1413-4667-96da-f6302db14a80,58
Team Yell Towel,エール団のおうえんタオル,1,43366684-3ba6-4b69-a815-9c96da64469d,156
Teammates,センパイとコウハイ,1,e249c6c7-6f19-4de0-b421-1d7bce8e588d,66
Technical Machine Blindside,ワザマシン やみうち,1,c5804d11-9c59-4cad-9061-0801b0ba0d9b,57
Technical Machine Turbo Energize,ワザマシン エナジーターボ,1,c5804d11-9c59-4cad-9061-0801b0ba0d9b,56
Technical Machine: Crisis Punch,ワザマシン かじばのいっぱつ,1,2e3e2cf1-be86-4808-87f7-fe01973f0325,170
Technical Machine: Devolution,ワザマシン デヴォリューション,1,41226239-da09-4293-b6a3-d53c92094bf5,63
Technical Machine: Evolution,ワザマシン エヴォリューション,1,1d6a22e1-15be-46ec-bfa4-71adffe1213e,63
Technical Machine: Fluorite,ワザマシン フローライト,1,6d9ff692-c95f-40d8-aef9-58089eb14260,101
Techno Radar,テクノレーダー,1,1d6a22e1-15be-46ec-bfa4-71adffe1213e,60
Teddiursa,ヒメグマ,1,6e0a46c7-e469-4972-ba98-131cf67c7c94,55
Telescopic Sight,望遠スコープ,1,80bdd6cc-3aa6-4299-b5b1-43a5f80af030,146
Temple of Sinnoh,シンオウ神殿,1,6e0a46c7-e469-4972-ba98-131cf67c7c94,67
Tentacool,メノクラゲ,1,a46aa9cd-922a-487f-a7f2-940f9a23ef57,8
Tentacruel,ドククラゲ,1,a46aa9cd-922a-487f-a7f2-940f9a23ef57,9
Tepig,ポカブ,1,8cce95a2-f537-4156-907d-f331ce13b5d6,10
Tera Orb,テラスタルオーブ,1,d89dc0ae-ec18-4b7e-a147-29ceffa71c2f,145
Terapagos,テラパゴス,1,6d9ff692-c95f-40d8-aef9-58089eb14260,93
Terapagos ex,テラパゴスex,1,db8504f1-e9f0-4e60-954a-4818040cfe98,88
Terrakion,テラキオン,1,248d92ee-d69e-493d-9d4b-0960134db32f,51
Terrakion-EX,テラキオンEX,1,790d2460-b945-4a62-ac80-f5a10254b191,32
Therapeutic Energy,セラピーエネルギー,1,34dac2ab-c4e1-429a-a8f7-a057ae021a67,71
Thievul,フォクスライ,1,8c1bc8f3-39e4-4b18-a239-4b6b22df60a8,93
Thorton,ネジキ,1,ca93c4b2-7d37-4881-9306-c30f64a19b88,97
Throh,ナゲキ,1,012f4320-fb6b-4541-b502-a185ca139451,56
Thunder Mountain ◇,サンダーマウンテン,1,30503cd2-8ced-45f5-9b2f-acd3ee55c09a,163
Thundurus,ボルトロス,1,4fc047cb-d0d5-4086-b6dd-8f0b1d5dad42,12
Thundurus-EX,ボルトロスEX,1,71a210ff-9d68-4eed-900a-43b5f14a70c6,20
Thwackey,バチンキー,1,c56a482d-7434-4e00-bc54-16c38f187c4e,7
Tierno,ティエルノ,1,0f0b8f32-db0e-4bf1-9a12-e6692554debb,59
Timburr,ドッコラー,1,1b0c8034-f89e-45bd-9339-da3e9963ce3f,50
Timer Ball,タイマーボール,1,c9f7833f-defe-4d99-b45a-33fcb5a1fb14,54
Ting-Lu,ディンルー,1,41226239-da09-4293-b6a3-d53c92094bf5,43
Ting-Lu ex,ディンルーex,1,34dac2ab-c4e1-429a-a8f7-a057ae021a67,49
Tinkatink,カヌチャン,1,af1234fc-0c84-4c51-ba4c-cc74829e2d03,40
Tinkaton,デカヌチャン,1,af1234fc-0c84-4c51-ba4c-cc74829e2d03,43
Tinkaton ex,デカヌチャンex,1,34dac2ab-c4e1-429a-a8f7-a057ae021a67,35
Tinkatuff,ナカヌチャン,1,af1234fc-0c84-4c51-ba4c-cc74829e2d03,42
Tirtouga,プロトーガ,1,14496d8f-d11f-4779-bc03-b5a0e25a8a4b,16
Toedscool,ノノクラゲ,1,15f71d52-9415-472d-a5cb-2397e385979c,9
Toedscruel,リククラゲ,1,15f71d52-9415-472d-a5cb-2397e385979c,11
Toedscruel ex,リククラゲex,1,2e3e2cf1-be86-4808-87f7-fe01973f0325,19
Togedemaru,トゲデマル,1,248d92ee-d69e-493d-9d4b-0960134db32f,69
Togekiss,トゲキッス,1,6e0a46c7-e469-4972-ba98-131cf67c7c94,28
Togekiss V,トゲキッスV,1,5ef17897-aa4b-47b6-ba3f-437267d27a85,58
Togekiss VMAX,トゲキッスVMAX,1,5ef17897-aa4b-47b6-ba3f-437267d27a85,59
Togepi,トゲピー,1,6e0a46c7-e469-4972-ba98-131cf67c7c94,26
Togepi & Cleffa & Igglybuff-GX,トゲピー&ピィ&ププリンGX,1,30503cd2-8ced-45f5-9b2f-acd3ee55c09a,94
Togetic,トゲチック,1,6e0a46c7-e469-4972-ba98-131cf67c7c94,27
Tool Box,ツールボックス,1,ca93c4b2-7d37-4881-9306-c30f64a19b88,91
Tool Jammer,ツールジャマー,1,db89ab0e-03c2-433a-bbc0-771d17066a54,64
Tool Retriever,ツールストリップ,1,18513f31-8b41-4783-9b7b-43ea49365192,83
Tool Scrapper,ツールスクラッパー,1,80bdd6cc-3aa6-4299-b5b1-43a5f80af030,138
Torchic,アチャモ,1,1778f144-2fa0-4cf0-b7ed-b8a42a4f4526,11
Torkoal,コータス,1,6e0a46c7-e469-4972-ba98-131cf67c7c94,13
Torkoal V,コータスV,1,92b1b2b5-1413-4667-96da-f6302db14a80,6
Tormenting Spray,いちゃもんスプレー,1,ea641579-b748-4519-80bf-909f23f821ca,47
Tornadus,トルネロス,1,012f4320-fb6b-4541-b502-a185ca139451,87
Tornadus V,トルネロスV,1,ec2d763e-ea05-4f77-ade2-b439f60a2adb,57
Tornadus VMAX,トルネロスVMAX,1,ec2d763e-ea05-4f77-ade2-b439f60a2adb,58
Tornadus-EX,トルネロスEX,1,71a210ff-9d68-4eed-900a-43b5f14a70c6,46
Torracat,ニャヒート,1,248d92ee-d69e-493d-9d4b-0960134db32f,16
Torterra,ドダイトス,1,8c1bc8f3-39e4-4b18-a239-4b6b22df60a8,8
Torterra ex,ドダイトスex,1,87789899-88a8-4a22-81d5-44cb932626af,5
Totodile,ワニノコ,1,a945665e-c81a-4c03-924d-624a07458341,20
Toucannon,ドデカバシ,1,af81f07b-2345-4f9e-baf5-adfa2bcdb807,51
Tower of Darkness,あくの塔,1,8cce95a2-f537-4156-907d-f331ce13b5d6,69
Tower of Waters,みずの塔,1,80bdd6cc-3aa6-4299-b5b1-43a5f80af030,170
Town Map,タウンマップ,1,b0253502-abfb-4157-a4fc-41821a8bd9f6,55
Town Store,タウンデパート,1,eb9a2ae1-f752-48e2-bd6e-4a3103023949,107
Toxapex,ドヒドイデ,1,ca93c4b2-7d37-4881-9306-c30f64a19b88,72
Toxapex-GX,ドヒドイデGX,1,575b3ae4-5c0c-4abc-93f8-f1f4cc71974a,26
Toxel,エレズン,1,8c1bc8f3-39e4-4b18-a239-4b6b22df60a8,43
Toxicroak,ドクロッグ,1,54450e62-c2ee-4136-b175-6191e3a2acfc,49
Toxicroak ex,ドクロッグex,1,0e5e9c85-befb-4767-b2e3-748891d46454,55
Toxicroak-EX,ドクロッグEX,1,6ba347c2-db70-4a00-bd67-01f48ceff2f5,36
Toxtricity,ストリンダー,1,8c1bc8f3-39e4-4b18-a239-4b6b22df60a8,44
Toxtricity ex,ストリンダーex,1,1d6a22e1-15be-46ec-bfa4-71adffe1213e,40
Toxtricity V,ストリンダーV,1,43366684-3ba6-4b69-a815-9c96da64469d,59
Toxtricity VMAX,ストリンダーVMAX,1,43366684-3ba6-4b69-a815-9c96da64469d,60
Toy Catcher,トイキャッチャー,1,d67a90e5-6bf3-4a5b-8181-26f09eca8a1b,58
Trainers' Mail,トレーナーズポスト,1,a4b22717-7318-403a-8743-77bfda0624d7,102
Training Center,トレーニングセンター,1,18513f31-8b41-4783-9b7b-43ea49365192,92
Training Court,トレーニングコート | 基本草エネルギー,2,a945665e-c81a-4c03-924d-624a07458341,127
Tranquill,ハトーボー,1,4fc047cb-d0d5-4086-b6dd-8f0b1d5dad42,42
Trapinch,ナックラー,1,4a261245-088f-4357-a2ff-6c7890e11543,41
Treasure Energy,トレジャーエネルギー,1,a29ec842-6bdb-4f63-9b66-6d63ca4e67cf,69
Treasure Gadget,トレジャーガジェット,1,d89dc0ae-ec18-4b7e-a147-29ceffa71c2f,146
Treecko,キモリ,1,30503cd2-8ced-45f5-9b2f-acd3ee55c09a,8
Trekking Shoes,トレッキングシューズ,1,8c1bc8f3-39e4-4b18-a239-4b6b22df60a8,137
Trevenant,オーロット,1,ca93c4b2-7d37-4881-9306-c30f64a19b88,12
Trevenant & Dusknoir-GX,オーロット&ヨノワールGX,1,30503cd2-8ced-45f5-9b2f-acd3ee55c09a,53
Trevenant BREAK,オーロットBREAK,1,a0688785-c0ff-43fa-84fa-48d14432b701,55
Trevenant V,オーロットV,1,d67a90e5-6bf3-4a5b-8181-26f09eca8a1b,7
Trevenant VMAX,オーロットVMAX,1,d67a90e5-6bf3-4a5b-8181-26f09eca8a1b,8
Trevenant-EX,オーロットEX,1,e249c6c7-6f19-4de0-b421-1d7bce8e588d,11
Trick Shovel,いたずらスコップ,1,6ba347c2-db70-4a00-bd67-01f48ceff2f5,72
Triple Acceleration Energy,トリプル加速エネルギー,1,94db240f-1949-4c1e-9b92-12425aa31573,91
Tropius,トロピウス,1,012f4320-fb6b-4541-b502-a185ca139451,5
Trubbish,ヤブクロン,1,a945665e-c81a-4c03-924d-624a07458341,62
Trumbeak,ケララッパ,1,30503cd2-8ced-45f5-9b2f-acd3ee55c09a,117
Tsareena,アマージョ,1,ec2d763e-ea05-4f77-ade2-b439f60a2adb,9
Tsareena ex,アマージョex,1,41226239-da09-4293-b6a3-d53c92094bf5,20
Tsareena V,アマージョV,1,a945665e-c81a-4c03-924d-624a07458341,11
Tulip,リップ,1,1d6a22e1-15be-46ec-bfa4-71adffe1213e,66
Turbo Patch,ターボパッチ,1,80bdd6cc-3aa6-4299-b5b1-43a5f80af030,136
Turffield Stadium,ターフスタジアム,1,80bdd6cc-3aa6-4299-b5b1-43a5f80af030,169
Turtonator,バクガメス,1,85624ae1-7bf6-4f09-a3c7-d3af5f65893a,24
Turtonator-GX,バクガメスGX,1,234779b1-7c9a-442f-8f8e-de41d5de658c,9
Turtwig,ナエトル,1,8c1bc8f3-39e4-4b18-a239-4b6b22df60a8,6
TV Reporter,TVレポーター,1,1778f144-2fa0-4cf0-b7ed-b8a42a4f4526,62
Twin Energy,ツインエネルギー,1,b86a7ec9-e8f7-4f8c-b4e4-757e2f1d54f6,67
Twist Mountain,ネジ山,1,20672802-91f9-40b4-909f-312ffba0dd5b,69
Tyme,タイム,1,d89dc0ae-ec18-4b7e-a147-29ceffa71c2f,193
Tympole,オタマロ,1,c56a482d-7434-4e00-bc54-16c38f187c4e,15
Tynamo,シビシラス,1,ca93c4b2-7d37-4881-9306-c30f64a19b88,39
Type: Null,タイプ:ヌル,1,03ce403b-f7de-460e-931e-27de38cd44ca,42
Typhlosion,バクフーン,1,ac71e58e-df22-4e89-89a6-7e939bd6632a,19
Tyranitar,バンギラス,1,1778f144-2fa0-4cf0-b7ed-b8a42a4f4526,38
Tyranitar ex,バンギラスex,1,eb9a2ae1-f752-48e2-bd6e-4a3103023949,32
Tyranitar V,バンギラスV,1,8cce95a2-f537-4156-907d-f331ce13b5d6,46
Tyranitar-EX,バンギラスEX,1,e19dcfd0-93f5-498e-bc42-b724ceb38c83,89
Tyranitar-GX,バンギラスGX,1,ac71e58e-df22-4e89-89a6-7e939bd6632a,59
Tyrantrum,ガチゴラス,1,adc82cca-bad7-4c21-88f1-14482564992e,46
Tyrogue,バルキー,1,94db240f-1949-4c1e-9b92-12425aa31573,51
Tyrunt,チゴラス,1,adc82cca-bad7-4c21-88f1-14482564992e,45
U-Turn Board,Uターンボード,1,03ce403b-f7de-460e-931e-27de38cd44ca,46
Ultra Ball,ハイパーボール,1,8c1bc8f3-39e4-4b18-a239-4b6b22df60a8,138
Ultra Forest Kartenvoy,ウルトラフォレストのかみつかい,1,a7880f19-342f-4727-8b28-2ad012936a2f,47
Ultra Necrozma,ウルトラネクロズマ,1,4a261245-088f-4357-a2ff-6c7890e11543,72
Ultra Necrozma-GX,ウルトラネクロズマGX,1,30503cd2-8ced-45f5-9b2f-acd3ee55c09a,101
Ultra Recon Squad,ウルトラ調査隊,1,7b4aebdd-ad4e-4fd2-a4a1-50ed98bc4e51,44
Ultra Space,ウルトラスペース,1,7b4aebdd-ad4e-4fd2-a4a1-50ed98bc4e51,47
Umbreon,ブラッキー,1,ac71e58e-df22-4e89-89a6-7e939bd6632a,58
Umbreon & Darkrai-GX,ブラッキー&ダークライGX,1,30503cd2-8ced-45f5-9b2f-acd3ee55c09a,181
Umbreon ex,ブラッキーex,1,d89dc0ae-ec18-4b7e-a147-29ceffa71c2f,93
Umbreon V,ブラッキーV,1,80bdd6cc-3aa6-4299-b5b1-43a5f80af030,100
Umbreon VMAX,ブラッキーVMAX,1,80bdd6cc-3aa6-4299-b5b1-43a5f80af030,101
Umbreon-EX,ブラッキーEX,1,738567d0-701f-448b-bba6-70a6b90dbcc4,42
Umbreon-GX,ブラッキーGX,1,af81f07b-2345-4f9e-baf5-adfa2bcdb807,37
Underground Expedition,地底探険隊,1,1778f144-2fa0-4cf0-b7ed-b8a42a4f4526,61
Unfair Stamp,アンフェアスタンプ,1,97d0e77f-4340-44e3-9fb3-6e227b079a7d,53
Unfezant,ケンホロウ,1,4fc047cb-d0d5-4086-b6dd-8f0b1d5dad42,43
Unidentified Fossil,なぞの化石,1,6e0a46c7-e469-4972-ba98-131cf67c7c94,61
Unit Energy FDF,ユニットエネルギー闘悪妖,1,adc82cca-bad7-4c21-88f1-14482564992e,94
Unit Energy Fighting Darkness Fairy,ユニットエネルギー闘悪妖,1,adc82cca-bad7-4c21-88f1-14482564992e,110
Unit Energy GFW,ユニットエネルギー草炎水,1,7b4aebdd-ad4e-4fd2-a4a1-50ed98bc4e51,49
Unit Energy Grass Fire Water,ユニットエネルギー草炎水,1,85624ae1-7bf6-4f09-a3c7-d3af5f65893a,78
Unit Energy Lightning Psychic Metal,ユニットエネルギー雷超鋼,1,4faa5ea4-2af5-4aea-8154-3d8eac93ff68,78
Unit Energy LPM,ユニットエネルギー雷超鋼,1,4faa5ea4-2af5-4aea-8154-3d8eac93ff68,66
Unown,アンノーン,1,ac71e58e-df22-4e89-89a6-7e939bd6632a,41
Unown V,アンノーンV,1,248d92ee-d69e-493d-9d4b-0960134db32f,35
Unown VSTAR,アンノーンVSTAR,1,248d92ee-d69e-493d-9d4b-0960134db32f,36
Urn of Vitality,活力の壺,1,8cce95a2-f537-4156-907d-f331ce13b5d6,62
Ursaluna,ガチグマ,1,6e0a46c7-e469-4972-ba98-131cf67c7c94,57
Ursaring,リングマ,1,6e0a46c7-e469-4972-ba98-131cf67c7c94,56
Uxie,ユクシー,1,6e0a46c7-e469-4972-ba98-131cf67c7c94,29
V Guard Energy,Vガードエネルギー,1,012908fb-007c-486d-85ba-d2fcf10d833d,68
Vanillish,バニリッチ,1,234779b1-7c9a-442f-8f8e-de41d5de658c,18
Vanillite,バニプッチ,1,234779b1-7c9a-442f-8f8e-de41d5de658c,17
Vanilluxe,バイバニラ,1,234779b1-7c9a-442f-8f8e-de41d5de658c,19
Vaporeon,シャワーズ,1,80bdd6cc-3aa6-4299-b5b1-43a5f80af030,29
Vaporeon ex,シャワーズex,1,d89dc0ae-ec18-4b7e-a147-29ceffa71c2f,31
Vaporeon V,シャワーズV,1,a29ec842-6bdb-4f63-9b66-6d63ca4e67cf,15
Varoom,ブロロン,1,0e5e9c85-befb-4767-b2e3-748891d46454,59
Veluza,ミガルーサ,1,e86bad58-b459-4ac3-a82c-a122cf1755d6,23
Vengeful Punch,リベンジパンチ,1,eb9a2ae1-f752-48e2-bd6e-4a3103023949,102
Venipede,フシデ,1,a8568729-9fae-4f33-bea1-c887bbc3f41a,22
Venomoth,モルフォン,1,ca93c4b2-7d37-4881-9306-c30f64a19b88,2
Venomoth-GX,モルフォンGX,1,0bf8b1be-1ffe-4105-957e-f4d47b905e05,2
Venonat,コンパン,1,ca93c4b2-7d37-4881-9306-c30f64a19b88,1
Venusaur,フシギバナ,1,cc2feeb0-7efb-4265-9655-142f55afe232,3
Venusaur & Snivy-GX,フシギバナ&ツタージャGX,1,67f367c1-a48d-4f82-8b03-0cea6da851bb,1
Venusaur ex,フシギバナex,1,bb411b0c-7378-4681-8d40-30958187c747,3
Venusaur Spirit Link,フシギバナソウルリンク,1,13ac4f0e-0e0f-4ab3-9fa0-933a49903236,82
Venusaur-EX,フシギバナEX,1,1e661884-d040-47cb-bdf0-f160771af6e1,1
Vespiquen,ビークイン,1,0380eb72-bbcd-401c-ba09-fec23007efa7,9
Vespiquen ex,ビークインex,1,eb9a2ae1-f752-48e2-bd6e-4a3103023949,51
Vibrava,ビブラーバ,1,4a261245-088f-4357-a2ff-6c7890e11543,43
Victini,ビクティニ,1,248d92ee-d69e-493d-9d4b-0960134db32f,12
Victini V,ビクティニV,1,db89ab0e-03c2-433a-bbc0-771d17066a54,12
Victini VMAX,ビクティニVMAX,1,db89ab0e-03c2-433a-bbc0-771d17066a54,13
Victini ◇,ビクティニ,1,30503cd2-8ced-45f5-9b2f-acd3ee55c09a,21
Victini-EX,ビクティニEX,1,eb0a6865-84ff-4f85-b031-54c9d4e4c14d,16
Victory Piece,ビクトリーピース,1,d80a5f18-cad8-457f-90e6-3fbfd527f8c2,70
Victreebel,ウツボット,1,234779b1-7c9a-442f-8f8e-de41d5de658c,3
Victreebell,ウツボット,1,db89ab0e-03c2-433a-bbc0-771d17066a54,3
Vigoroth,ヤルキモノ,1,b86a7ec9-e8f7-4f8c-b4e4-757e2f1d54f6,51
Vikavolt,クワガノン,1,a945665e-c81a-4c03-924d-624a07458341,33
Vikavolt V,クワガノンV,1,34f34ce8-d9b4-4c63-9460-a26290607bc5,25
Vikavolt-GX,クワガノンGX,1,575b3ae4-5c0c-4abc-93f8-f1f4cc71974a,21
Vileplume,ラフレシア,1,0380eb72-bbcd-401c-ba09-fec23007efa7,3
Vileplume-GX,ラフレシアGX,1,bf3433b6-5f29-4156-a1b7-c67eb119b52f,3
Virbank City Gym,タチワキシティジム,1,b0253502-abfb-4157-a4fc-41821a8bd9f6,57
Viridian Forest,トキワの森,1,03ce403b-f7de-460e-931e-27de38cd44ca,68
Virizion,ビリジオン,1,248d92ee-d69e-493d-9d4b-0960134db32f,8
Virizion V,ビリジオンV,1,0380eb72-bbcd-401c-ba09-fec23007efa7,10
Virizion-EX,ビリジオンEX,1,2f7aa653-531c-4744-b532-e3fead1dfa1f,9
Virizion-GX,ビリジオンGX,1,8251be2f-446e-47c1-ae16-155441fda939,6
Vitality Band,げんきのハチマキ,1,92b1b2b5-1413-4667-96da-f6302db14a80,56
Vivillon,ビビヨン,1,8cce95a2-f537-4156-907d-f331ce13b5d6,6
Volbeat,バルビート,1,02909cf1-28d7-484f-bede-01b7da714ab6,11
Volcanion,ボルケニオン,1,012908fb-007c-486d-85ba-d2fcf10d833d,19
Volcanion ex,ボルケニオンex,1,89da1d8e-b1db-45f2-8674-eed2ab01058b,17
Volcanion V,ボルケニオンV,1,ec2d763e-ea05-4f77-ade2-b439f60a2adb,14
Volcanion ◇,ボルケニオン,1,30503cd2-8ced-45f5-9b2f-acd3ee55c09a,37
Volcarona,ウルガモス,1,248d92ee-d69e-493d-9d4b-0960134db32f,14
Volcarona V,ウルガモスV,1,d67a90e5-6bf3-4a5b-8181-26f09eca8a1b,15
Volcarona-GX,ウルガモスGX,1,4a261245-088f-4357-a2ff-6c7890e11543,13
Volkner,デンジ,1,30503cd2-8ced-45f5-9b2f-acd3ee55c09a,153
Volo,ウォロ,1,54450e62-c2ee-4136-b175-6191e3a2acfc,67
Voltorb,ビリリダマ,1,80bdd6cc-3aa6-4299-b5b1-43a5f80af030,47
VS Seeker,バトルサーチャー,1,a4b22717-7318-403a-8743-77bfda0624d7,105
Vullaby,バルチャイ,1,a945665e-c81a-4c03-924d-624a07458341,64
Vulpix,ロコン,1,ca93c4b2-7d37-4881-9306-c30f64a19b88,13
Wailmer,ホエルコ,1,ca93c4b2-7d37-4881-9306-c30f64a19b88,25
Wailord,ホエルオー,1,ca93c4b2-7d37-4881-9306-c30f64a19b88,26
Wailord-EX,ホエルオーEX,1,a03039bf-3a15-4b15-9d4f-634488fa9e48,17
Wait and See Hammer,あとだしハンマー,1,ac71e58e-df22-4e89-89a6-7e939bd6632a,77
Wait and See Turbo,あとだしターボ,1,0380eb72-bbcd-401c-ba09-fec23007efa7,61
Walking Wake,ウネルミナモ,1,97d0e77f-4340-44e3-9fb3-6e227b079a7d,26
Walking Wake ex,ウネルミナモex,1,d89dc0ae-ec18-4b7e-a147-29ceffa71c2f,49
Wallace,ミクリ,1,012908fb-007c-486d-85ba-d2fcf10d833d,66
Wally,ミツル,1,75574306-ef8d-4e8e-b8a5-5d485286a968,89
Walrein,トドゼルガ,1,ec2d763e-ea05-4f77-ade2-b439f60a2adb,24
Warp Energy,ワープエネルギー,1,cc2feeb0-7efb-4265-9655-142f55afe232,72
Wartortle,カメール,1,30503cd2-8ced-45f5-9b2f-acd3ee55c09a,30
Wash Rotom,ウォッシュロトム,1,4faa5ea4-2af5-4aea-8154-3d8eac93ff68,12
Wash Water Energy,ウォッシュ水エネルギー,1,80bdd6cc-3aa6-4299-b5b1-43a5f80af030,173
Watchog,ミルホッグ,1,a46aa9cd-922a-487f-a7f2-940f9a23ef57,43
Water Energy,基本水エネルギー,1,ec2d763e-ea05-4f77-ade2-b439f60a2adb,95
Water Memory,ウォーターメモリ,1,312d4099-d563-4221-b523-a8ab2cf9c24e,121
Wattrel,カイデン,1,af1234fc-0c84-4c51-ba4c-cc74829e2d03,31
Weakness Guard Energy,ウィークガードエネルギー,1,14496d8f-d11f-4779-bc03-b5a0e25a8a4b,90
Weakness Policy,じゃくてんほけん,1,25678826-2811-4bff-9b3a-26e10c5db48c,45
Weavile,マニューラ,1,c56a482d-7434-4e00-bc54-16c38f187c4e,12
Weavile-GX,マニューラGX,1,30503cd2-8ced-45f5-9b2f-acd3ee55c09a,183
Weeding Gloves,草取りグローブ,1,c56a482d-7434-4e00-bc54-16c38f187c4e,61
Weedle,ビードル,1,80bdd6cc-3aa6-4299-b5b1-43a5f80af030,1
Weepinbell,ウツドン,1,234779b1-7c9a-442f-8f8e-de41d5de658c,2
Weezing,マタドガス,1,c56a482d-7434-4e00-bc54-16c38f187c4e,45
Wela Volcano Park,ヴェラ火山公園,1,80f62c95-9f01-4569-b25d-11f781e01a82,51
Welcoming Lantern,おむかえちょうちん,1,ec2d763e-ea05-4f77-ade2-b439f60a2adb,93
Welder,溶接工,1,94db240f-1949-4c1e-9b92-12425aa31573,87
Wellspring Mask Ogerpon,オーガポン いどのめん,1,562e3ff7-4148-430b-8ea4-e1308f56d05e,33
Wellspring Mask Ogerpon ex,オーガポン いどのめんex,1,aaae146c-17af-45fb-b9fb-165ca527fc03,38
Whimsicott,エルフーン,1,14496d8f-d11f-4779-bc03-b5a0e25a8a4b,63
Whimsicott ex,エルフーンex,1,02eba1f1-ab17-434f-b54f-3213cbb54ca3,5
Whimsicott V,エルフーンV,1,012f4320-fb6b-4541-b502-a185ca139451,49
Whimsicott VSTAR,エルフーンVSTAR,1,012f4320-fb6b-4541-b502-a185ca139451,50
Whimsicott-GX,エルフーンGX,1,94db240f-1949-4c1e-9b92-12425aa31573,66
Whirlipede,ホイーガ,1,a8568729-9fae-4f33-bea1-c887bbc3f41a,23
Whiscash,ナマズン,1,0380eb72-bbcd-401c-ba09-fec23007efa7,22
Whismur,ゴニョニョ,1,02909cf1-28d7-484f-bede-01b7da714ab6,71
White Kyurem,ホワイトキュレム,1,30503cd2-8ced-45f5-9b2f-acd3ee55c09a,35
White Kyurem-EX,ホワイトキュレムEX,1,eb0a6865-84ff-4f85-b031-54c9d4e4c14d,85
White Kyurem-GX,ホワイトキュレムGX,1,80f62c95-9f01-4569-b25d-11f781e01a82,35
Whitney,アカネ,1,ac71e58e-df22-4e89-89a6-7e939bd6632a,87
Wicke,ビッケ,1,ea641579-b748-4519-80bf-909f23f821ca,50
Wigglytuff,プクリン,1,b86a7ec9-e8f7-4f8c-b4e4-757e2f1d54f6,11
Wigglytuff ex,プクリンex,1,bb411b0c-7378-4681-8d40-30958187c747,40
Wiglett,ウミディグダ,1,0e5e9c85-befb-4767-b2e3-748891d46454,18
Will,イツキ,1,bf3433b6-5f29-4156-a1b7-c67eb119b52f,44
Wimpod,コソクムシ,1,14496d8f-d11f-4779-bc03-b5a0e25a8a4b,20
Windup Arm,からくりアーム,1,54450e62-c2ee-4136-b175-6191e3a2acfc,65
Wingull,キャモメ,1,af81f07b-2345-4f9e-baf5-adfa2bcdb807,13
Winona,ナギ,1,75574306-ef8d-4e8e-b8a5-5d485286a968,88
Wishful Baton,ねがいのバトン,1,25678826-2811-4bff-9b3a-26e10c5db48c,46
Wishiwashi,ヨワシ,1,bf3433b6-5f29-4156-a1b7-c67eb119b52f,13
Wishiwashi-GX,ヨワシGX,1,30503cd2-8ced-45f5-9b2f-acd3ee55c09a,39
Wo-Chien,チオンジェン,1,1d6a22e1-15be-46ec-bfa4-71adffe1213e,9
Wo-Chien ex,チオンジェンex,1,e86bad58-b459-4ac3-a82c-a122cf1755d6,15
Wobbuffet,ソーナンス,1,b86a7ec9-e8f7-4f8c-b4e4-757e2f1d54f6,13
Wobbuffet BREAK,ソーナンスBREAK,1,a4b22717-7318-403a-8743-77bfda0624d7,55
Wobbuffet V,ソーナンスV,1,e7364633-fbf1-400c-8da2-63b129f42c38,26
Wonder Energy,ワンダーエネルギー,1,a03039bf-3a15-4b15-9d4f-634488fa9e48,70
Wondrous Labyrinth ◇,ワンダーラビリンス,1,30503cd2-8ced-45f5-9b2f-acd3ee55c09a,169
Woobat,コロモリ,1,4a261245-088f-4357-a2ff-6c7890e11543,29
Wooloo,ウールー,1,b86a7ec9-e8f7-4f8c-b4e4-757e2f1d54f6,54
Wooper,ウパー,1,80f62c95-9f01-4569-b25d-11f781e01a82,18
Worker,さぎょういん,1,248d92ee-d69e-493d-9d4b-0960134db32f,93
Wormadam,ミノマダム,1,012f4320-fb6b-4541-b502-a185ca139451,10
Wugtrio,ウミトリオ,1,0e5e9c85-befb-4767-b2e3-748891d46454,20
Wugtrio ex,ウミトリオex,1,87789899-88a8-4a22-81d5-44cb932626af,25
Wurmple,ケムッソ,1,54450e62-c2ee-4136-b175-6191e3a2acfc,4
Wynaut,ソーナノ,1,14496d8f-d11f-4779-bc03-b5a0e25a8a4b,33
Wyndon Stadium,シュートスタジアム,1,55532dfc-3744-4734-b6b3-db9157b43812,98
Wyrdeer,アヤシシ,1,0380eb72-bbcd-401c-ba09-fec23007efa7,36
Wyrdeer V,アヤシシV,1,8c1bc8f3-39e4-4b18-a239-4b6b22df60a8,131
Xatu,ネイティオ,1,bf3433b6-5f29-4156-a1b7-c67eb119b52f,24
Xerneas,ゼルネアス,1,9f635209-aec1-4acf-84b7-8e77e6be7bc0,36
Xerneas BREAK,ゼルネアスBREAK,1,a0688785-c0ff-43fa-84fa-48d14432b701,97
Xerneas ◇,ゼルネアス,1,dbb0d0e7-efba-41c2-9f8a-daf68582ed52,33
Xerneas-EX,ゼルネアスEX,1,1e661884-d040-47cb-bdf0-f160771af6e1,44
Xerneas-GX,ゼルネアスGX,1,adc82cca-bad7-4c21-88f1-14482564992e,64
Xerosic,クセロシキ,1,c5895636-5372-42da-a880-777a0a52416a,85
Xerosic's Scheme,クセロシキのたくらみ,1,0683c46d-715d-4978-bcac-223c867795ea,62
Xtransceiver,ライブキャスター,1,57924c09-76eb-4558-9b20-3158526e6c65,61
Xurkitree,デンジュモク,1,03ce403b-f7de-460e-931e-27de38cd44ca,24
Xurkitree-GX,デンジュモクGX,1,02774e64-31dd-4b6c-a9b3-65c24144066e,33
Yamask,デスマス,1,02eba1f1-ab17-434f-b54f-3213cbb54ca3,36
Yamper,ワンパチ,1,8cce95a2-f537-4156-907d-f331ce13b5d6,19
Yanma,ヤンヤンマ,1,012908fb-007c-486d-85ba-d2fcf10d833d,2
Yanmega,メガヤンマ,1,012908fb-007c-486d-85ba-d2fcf10d833d,3
Yanmega ex,メガヤンマex,1,562e3ff7-4148-430b-8ea4-e1308f56d05e,3
Yell Horn,おうえんYホーン,1,c82f1d3a-3f74-454a-9a22-8ee9ac53e4e8,89
Youngster,たんぱんこぞう,1,80bafe30-b936-4474-87c8-2bea79d320a4,26
Yungoos,ヤングース,1,248d92ee-d69e-493d-9d4b-0960134db32f,86
Yveltal,イベルタル,1,14496d8f-d11f-4779-bc03-b5a0e25a8a4b,61
Yveltal-EX,イベルタルEX,1,a0688785-c0ff-43fa-84fa-48d14432b701,79
Yveltal-GX,イベルタルGX,1,adc82cca-bad7-4c21-88f1-14482564992e,55
Zacian,ザシアン,1,012908fb-007c-486d-85ba-d2fcf10d833d,52
Zacian V,ザシアンV,1,8c1bc8f3-39e4-4b18-a239-4b6b22df60a8,67
Zamazenta,ザマゼンタ,1,012908fb-007c-486d-85ba-d2fcf10d833d,53
Zamazenta V,ザマゼンタV,1,8c1bc8f3-39e4-4b18-a239-4b6b22df60a8,103
Zangoose,ザングース,1,67f367c1-a48d-4f82-8b03-0cea6da851bb,47
Zapdos,サンダー,1,80bdd6cc-3aa6-4299-b5b1-43a5f80af030,50
Zapdos ex,サンダーex,1,bb411b0c-7378-4681-8d40-30958187c747,145
Zarude,ザルード,1,012908fb-007c-486d-85ba-d2fcf10d833d,10
Zarude V,ザルードV,1,5ef17897-aa4b-47b6-ba3f-437267d27a85,13
Zebstrika,ゼブライカ,1,c56a482d-7434-4e00-bc54-16c38f187c4e,22
Zekrom,ゼクロム,1,80bdd6cc-3aa6-4299-b5b1-43a5f80af030,53
Zekrom ex,ゼクロムex,1,1b0c8034-f89e-45bd-9339-da3e9963ce3f,37
Zekrom-EX,ゼクロムEX,1,eb0a6865-84ff-4f85-b031-54c9d4e4c14d,44
Zeraora,ゼラオラ,1,248d92ee-d69e-493d-9d4b-0960134db32f,32
Zeraora V,ゼラオラV,1,8c1bc8f3-39e4-4b18-a239-4b6b22df60a8,40
Zeraora VMAX,ゼラオラVMAX,1,8c1bc8f3-39e4-4b18-a239-4b6b22df60a8,41
Zeraora VSTAR,ゼラオラVSTAR,1,8c1bc8f3-39e4-4b18-a239-4b6b22df60a8,42
Zeraora-GX,ゼラオラGX,1,30503cd2-8ced-45f5-9b2f-acd3ee55c09a,51
Zigzagoon,ジグザグマ,1,eb9a2ae1-f752-48e2-bd6e-4a3103023949,92
Zinnia,ヒガナ,1,80f62c95-9f01-4569-b25d-11f781e01a82,49
Zinnia's Resolve,ヒガナの決意,1,d67a90e5-6bf3-4a5b-8181-26f09eca8a1b,65
Zisu,ペリーラ,1,7232c008-006b-4250-8b7a-d6e96202a657,66
Zoroark,ゾロアーク,1,8c1bc8f3-39e4-4b18-a239-4b6b22df60a8,91
Zoroark BREAK,ゾロアークBREAK,1,a0688785-c0ff-43fa-84fa-48d14432b701,75
Zoroark-GX,ゾロアークGX,1,cc2feeb0-7efb-4265-9655-142f55afe232,54
Zorua,ゾロア,1,8c1bc8f3-39e4-4b18-a239-4b6b22df60a8,90
Zubat,ズバット,1,54450e62-c2ee-4136-b175-6191e3a2acfc,41
Zweilous,ジヘッド,1,b86a7ec9-e8f7-4f8c-b4e4-757e2f1d54f6,43
Zygarde,ジガルデ,1,248d92ee-d69e-493d-9d4b-0960134db32f,75
Zygarde-EX,ジガルデEX,1,a0688785-c0ff-43fa-84fa-48d14432b701,69
Zygarde-GX,ジガルデGX,1,adc82cca-bad7-4c21-88f1-14482564992e,50
