card_id,series_name,set_code,set_name,card_number,name,rarity,image_url,scrydex_id,scrydex_url
b625b916-14ae-4407-8bf8-354d4d3279a7,ソード・シールド,S12a,VSTARユニバース,255,基本超エネルギー,SR,"https://images.scrydex.com/magicthegathering/HOB-255/small"",""medium"":""https://images.scrydex.com/magicthegathering/HOB-255/medium"",""large"":""https://images.scrydex.com/magicthegathering/HOB-255/large""}],""rulings"":[],""printings"":[""HOB""],""availability"":[""arena"",""mtgo"",""paper""],""expansion"":{""id"":""HOB"",""name"":""The",swsh12a_ja,https://scrydex.com/pokemon/expansions/vstar-universe/swsh12a_ja
9fb68e81-b67e-4064-ac61-d7ad110144f1,ソード・シールド,S12a,VSTARユニバース,256,基本闘エネルギー,SR,"https://images.scrydex.com/magicthegathering/HOB-256/small"",""medium"":""https://images.scrydex.com/magicthegathering/HOB-256/medium"",""large"":""https://images.scrydex.com/magicthegathering/HOB-256/large""}],""rulings"":[],""printings"":[""HOB""],""availability"":[""arena"",""mtgo"",""paper""],""expansion"":{""id"":""HOB"",""name"":""The",swsh12a_ja,https://scrydex.com/pokemon/expansions/vstar-universe/swsh12a_ja
f97dcff1-08c3-46d6-b45c-63388051b0eb,ソード・シールド,S12a,VSTARユニバース,257,基本悪エネルギー,SR,"https://images.scrydex.com/magicthegathering/HOB-257/small"",""medium"":""https://images.scrydex.com/magicthegathering/HOB-257/medium"",""large"":""https://images.scrydex.com/magicthegathering/HOB-257/large""}],""rulings"":[],""printings"":[""HOB""],""availability"":[""arena"",""mtgo"",""paper""],""expansion"":{""id"":""HOB"",""name"":""The",swsh12a_ja,https://scrydex.com/pokemon/expansions/vstar-universe/swsh12a_ja
33908657-cd8b-4cfd-9946-a52deedf9ac6,ソード・シールド,S12a,VSTARユニバース,258,基本鋼エネルギー,SR,"https://images.scrydex.com/magicthegathering/HOB-258/small"",""medium"":""https://images.scrydex.com/magicthegathering/HOB-258/medium"",""large"":""https://images.scrydex.com/magicthegathering/HOB-258/large""}],""rulings"":[],""printings"":[""HOB""],""availability"":[""arena"",""mtgo"",""paper""],""expansion"":{""id"":""HOB"",""name"":""The",swsh12a_ja,https://scrydex.com/pokemon/expansions/vstar-universe/swsh12a_ja
568745e2-f5b5-442c-a0fa-3230ec94c7c9,ソード・シールド,S12a,VSTARユニバース,259,オリジンパルキアVSTAR,UR,"https://images.scrydex.com/magicthegathering/HOB-259/small"",""medium"":""https://images.scrydex.com/magicthegathering/HOB-259/medium"",""large"":""https://images.scrydex.com/magicthegathering/HOB-259/large""}],""rulings"":[],""printings"":[""HOB""],""availability"":[""arena"",""mtgo"",""paper""],""expansion"":{""id"":""HOB"",""name"":""The",swsh12a_ja,https://scrydex.com/pokemon/expansions/vstar-universe/swsh12a_ja
a77aac64-2e84-454b-8f3f-e12da7e81d94,ソード・シールド,S12a,VSTARユニバース,260,オリジンディアルガVSTAR,UR,"https://images.scrydex.com/magicthegathering/HOB-260/small"",""medium"":""https://images.scrydex.com/magicthegathering/HOB-260/medium"",""large"":""https://images.scrydex.com/magicthegathering/HOB-260/large""}],""rulings"":[],""printings"":[""HOB""],""availability"":[""arena"",""mtgo"",""paper""],""expansion"":{""id"":""HOB"",""name"":""The",swsh12a_ja,https://scrydex.com/pokemon/expansions/vstar-universe/swsh12a_ja
608b0260-ea80-4164-8763-60dce5ca94e5,ソード・シールド,S12a,VSTARユニバース,261,ギラティナVSTAR,UR,"https://images.scrydex.com/magicthegathering/HOB-261/small"",""medium"":""https://images.scrydex.com/magicthegathering/HOB-261/medium"",""large"":""https://images.scrydex.com/magicthegathering/HOB-261/large""}],""rulings"":[],""printings"":[""HOB""],""availability"":[""arena"",""mtgo"",""paper""],""expansion"":{""id"":""HOB"",""name"":""The",swsh12a_ja,https://scrydex.com/pokemon/expansions/vstar-universe/swsh12a_ja
c2d87edb-f856-404b-b113-ecad5b432e09,ソード・シールド,S12a,VSTARユニバース,262,アルセウスVSTAR,UR,"https://images.scrydex.com/magicthegathering/HOB-262/small"",""medium"":""https://images.scrydex.com/magicthegathering/HOB-262/medium"",""large"":""https://images.scrydex.com/magicthegathering/HOB-262/large""}],""rulings"":[],""printings"":[""HOB""],""availability"":[""arena"",""mtgo"",""paper""],""expansion"":{""id"":""HOB"",""name"":""The",swsh12a_ja,https://scrydex.com/pokemon/expansions/vstar-universe/swsh12a_ja
46d43fad-3ec0-4180-8fb0-0277995872cd,ソード・シールド,S8b,VMAXクライマックス,251,ザマゼンタV,CSR,"https://images.scrydex.com/magicthegathering/HOB-251/small"",""medium"":""https://images.scrydex.com/magicthegathering/HOB-251/medium"",""large"":""https://images.scrydex.com/magicthegathering/HOB-251/large""}],""rulings"":[],""printings"":[""HOB""],""availability"":[""arena"",""mtgo"",""paper""],""expansion"":{""id"":""HOB"",""name"":""The",swsh8b_ja,https://scrydex.com/pokemon/expansions/vmax-climax/swsh8b_ja
52274923-0a5f-4a0c-bbc8-a890819fd0b5,ソード・シールド,S8b,VMAXクライマックス,252,レックウザVMAX,CSR,"https://images.scrydex.com/magicthegathering/HOB-252/small"",""medium"":""https://images.scrydex.com/magicthegathering/HOB-252/medium"",""large"":""https://images.scrydex.com/magicthegathering/HOB-252/large""}],""rulings"":[],""printings"":[""HOB""],""availability"":[""arena"",""mtgo"",""paper""],""expansion"":{""id"":""HOB"",""name"":""The",swsh8b_ja,https://scrydex.com/pokemon/expansions/vmax-climax/swsh8b_ja
90b0817d-0bce-4d3a-9a18-83340ecbd463,ソード・シールド,S8b,VMAXクライマックス,253,ジュラルドンVMAX,CSR,"https://images.scrydex.com/magicthegathering/HOB-253/small"",""medium"":""https://images.scrydex.com/magicthegathering/HOB-253/medium"",""large"":""https://images.scrydex.com/magicthegathering/HOB-253/large""}],""rulings"":[],""printings"":[""HOB""],""availability"":[""arena"",""mtgo"",""paper""],""expansion"":{""id"":""HOB"",""name"":""The",swsh8b_ja,https://scrydex.com/pokemon/expansions/vmax-climax/swsh8b_ja
164ae5f7-5030-4049-bea4-ea5df4c912de,ソード・シールド,S8b,VMAXクライマックス,254,ハピナスV,CSR,"https://images.scrydex.com/magicthegathering/HOB-254/small"",""medium"":""https://images.scrydex.com/magicthegathering/HOB-254/medium"",""large"":""https://images.scrydex.com/magicthegathering/HOB-254/large""}],""rulings"":[],""printings"":[""HOB"",""PW26""],""availability"":[""arena"",""mtgo"",""paper""],""expansion"":{""id"":""HOB"",""name"":""The",swsh8b_ja,https://scrydex.com/pokemon/expansions/vmax-climax/swsh8b_ja
8512e2a5-cc20-4f71-aaaf-deaa08e51cdd,ソード・シールド,S8b,VMAXクライマックス,255,アセロラの予感,SR,"https://images.scrydex.com/magicthegathering/HOB-255/small"",""medium"":""https://images.scrydex.com/magicthegathering/HOB-255/medium"",""large"":""https://images.scrydex.com/magicthegathering/HOB-255/large""}],""rulings"":[],""printings"":[""HOB""],""availability"":[""arena"",""mtgo"",""paper""],""expansion"":{""id"":""HOB"",""name"":""The",swsh8b_ja,https://scrydex.com/pokemon/expansions/vmax-climax/swsh8b_ja
def3b016-e5d4-4764-8691-7ce5dbdbe0f5,ソード・シールド,S8b,VMAXクライマックス,256,オニオン,SR,"https://images.scrydex.com/magicthegathering/HOB-256/small"",""medium"":""https://images.scrydex.com/magicthegathering/HOB-256/medium"",""large"":""https://images.scrydex.com/magicthegathering/HOB-256/large""}],""rulings"":[],""printings"":[""HOB""],""availability"":[""arena"",""mtgo"",""paper""],""expansion"":{""id"":""HOB"",""name"":""The",swsh8b_ja,https://scrydex.com/pokemon/expansions/vmax-climax/swsh8b_ja
771476ee-1be5-4e76-ba4b-e232e745dd89,ソード・シールド,S8b,VMAXクライマックス,257,カブ,SR,"https://images.scrydex.com/magicthegathering/HOB-257/small"",""medium"":""https://images.scrydex.com/magicthegathering/HOB-257/medium"",""large"":""https://images.scrydex.com/magicthegathering/HOB-257/large""}],""rulings"":[],""printings"":[""HOB""],""availability"":[""arena"",""mtgo"",""paper""],""expansion"":{""id"":""HOB"",""name"":""The",swsh8b_ja,https://scrydex.com/pokemon/expansions/vmax-climax/swsh8b_ja
5580c0f9-4069-4cf6-a27f-3fb505ac01b7,ソード・シールド,S8b,VMAXクライマックス,258,ガラルの仲間たち,SR,"https://images.scrydex.com/magicthegathering/HOB-258/small"",""medium"":""https://images.scrydex.com/magicthegathering/HOB-258/medium"",""large"":""https://images.scrydex.com/magicthegathering/HOB-258/large""}],""rulings"":[],""printings"":[""HOB""],""availability"":[""arena"",""mtgo"",""paper""],""expansion"":{""id"":""HOB"",""name"":""The",swsh8b_ja,https://scrydex.com/pokemon/expansions/vmax-climax/swsh8b_ja
f1c2d4ed-02c7-446e-8172-785d43335db6,ソード・シールド,S8b,VMAXクライマックス,259,キバナ,SR,"https://images.scrydex.com/magicthegathering/HOB-259/small"",""medium"":""https://images.scrydex.com/magicthegathering/HOB-259/medium"",""large"":""https://images.scrydex.com/magicthegathering/HOB-259/large""}],""rulings"":[],""printings"":[""HOB""],""availability"":[""arena"",""mtgo"",""paper""],""expansion"":{""id"":""HOB"",""name"":""The",swsh8b_ja,https://scrydex.com/pokemon/expansions/vmax-climax/swsh8b_ja
f0a90c51-3141-4f10-8b7a-4515871025a7,ソード・シールド,S8b,VMAXクライマックス,260,コック,SR,"https://images.scrydex.com/magicthegathering/HOB-260/small"",""medium"":""https://images.scrydex.com/magicthegathering/HOB-260/medium"",""large"":""https://images.scrydex.com/magicthegathering/HOB-260/large""}],""rulings"":[],""printings"":[""HOB""],""availability"":[""arena"",""mtgo"",""paper""],""expansion"":{""id"":""HOB"",""name"":""The",swsh8b_ja,https://scrydex.com/pokemon/expansions/vmax-climax/swsh8b_ja
36591537-1bd1-4d2d-b0dc-fb01fc0e268f,ソード・シールド,S8b,VMAXクライマックス,261,サイトウ,SR,"https://images.scrydex.com/magicthegathering/HOB-261/small"",""medium"":""https://images.scrydex.com/magicthegathering/HOB-261/medium"",""large"":""https://images.scrydex.com/magicthegathering/HOB-261/large""}],""rulings"":[],""printings"":[""HOB""],""availability"":[""arena"",""mtgo"",""paper""],""expansion"":{""id"":""HOB"",""name"":""The",swsh8b_ja,https://scrydex.com/pokemon/expansions/vmax-climax/swsh8b_ja
7963a6fc-564c-4455-a05b-a5afff083853,ソード・シールド,S8b,VMAXクライマックス,262,ジャッジマン,SR,"https://images.scrydex.com/magicthegathering/HOB-262/small"",""medium"":""https://images.scrydex.com/magicthegathering/HOB-262/medium"",""large"":""https://images.scrydex.com/magicthegathering/HOB-262/large""}],""rulings"":[],""printings"":[""HOB""],""availability"":[""arena"",""mtgo"",""paper""],""expansion"":{""id"":""HOB"",""name"":""The",swsh8b_ja,https://scrydex.com/pokemon/expansions/vmax-climax/swsh8b_ja
a22ed4c0-a50e-4eca-b7bd-e53ef8ec437f,ソード・シールド,S8b,VMAXクライマックス,263,ソッドとシルディ,SR,"https://images.scrydex.com/magicthegathering/HOB-263/small"",""medium"":""https://images.scrydex.com/magicthegathering/HOB-263/medium"",""large"":""https://images.scrydex.com/magicthegathering/HOB-263/large""}],""rulings"":[],""printings"":[""HOB""],""availability"":[""arena"",""mtgo"",""paper""],""expansion"":{""id"":""HOB"",""name"":""The",swsh8b_ja,https://scrydex.com/pokemon/expansions/vmax-climax/swsh8b_ja
3d4802d6-6fe6-44a2-b9e1-af8fd993df8c,ソード・シールド,S8b,VMAXクライマックス,264,ネズ,SR,"https://images.scrydex.com/pokemon/swsh8-264/small"",""medium"":""https://images.scrydex.com/pokemon/swsh8-264/medium"",""large"":""https://images.scrydex.com/pokemon/swsh8-264/large""}],""expansion"":{""id"":""swsh8"",""name"":""Fusion",swsh8b_ja,https://scrydex.com/pokemon/expansions/vmax-climax/swsh8b_ja
c4697b06-5959-4afa-97cd-ef6f781fff01,ソード・シールド,S8b,VMAXクライマックス,265,バーネット博士,SR,"https://images.scrydex.com/magicthegathering/HOB-265/small"",""medium"":""https://images.scrydex.com/magicthegathering/HOB-265/medium"",""large"":""https://images.scrydex.com/magicthegathering/HOB-265/large""}],""rulings"":[],""printings"":[""HOB""],""availability"":[""arena"",""mtgo"",""paper""],""expansion"":{""id"":""HOB"",""name"":""The",swsh8b_ja,https://scrydex.com/pokemon/expansions/vmax-climax/swsh8b_ja
c433b1aa-bc9c-4a4f-bb75-6c919e18b041,ソード・シールド,S8b,VMAXクライマックス,266,博士の研究,SR,"https://images.scrydex.com/magicthegathering/HOB-266/small"",""medium"":""https://images.scrydex.com/magicthegathering/HOB-266/medium"",""large"":""https://images.scrydex.com/magicthegathering/HOB-266/large""}],""rulings"":[],""printings"":[""HOB""],""availability"":[""arena"",""mtgo"",""paper""],""expansion"":{""id"":""HOB"",""name"":""The",swsh8b_ja,https://scrydex.com/pokemon/expansions/vmax-climax/swsh8b_ja
4dad0853-acbd-411e-9c79-99e682f5d808,ソード・シールド,S8b,VMAXクライマックス,267,冒険家の発見,SR,"https://images.scrydex.com/magicthegathering/HOB-267/small"",""medium"":""https://images.scrydex.com/magicthegathering/HOB-267/medium"",""large"":""https://images.scrydex.com/magicthegathering/HOB-267/large""}],""rulings"":[],""printings"":[""HOB""],""availability"":[""arena"",""mtgo"",""paper""],""expansion"":{""id"":""HOB"",""name"":""The",swsh8b_ja,https://scrydex.com/pokemon/expansions/vmax-climax/swsh8b_ja
7b2981bd-1a87-46d6-8ade-3cbefc148a2e,ソード・シールド,S8b,VMAXクライマックス,268,ボスの指令,SR,"https://images.scrydex.com/magicthegathering/HOB-268/small"",""medium"":""https://images.scrydex.com/magicthegathering/HOB-268/medium"",""large"":""https://images.scrydex.com/magicthegathering/HOB-268/large""}],""rulings"":[],""printings"":[""HOB""],""availability"":[""arena"",""mtgo"",""paper""],""expansion"":{""id"":""HOB"",""name"":""The",swsh8b_ja,https://scrydex.com/pokemon/expansions/vmax-climax/swsh8b_ja
a1e5396b-a278-4757-9b68-7b7c8c39da72,ソード・シールド,S8b,VMAXクライマックス,269,ポプラ,SR,"https://images.scrydex.com/magicthegathering/HOB-269/small"",""medium"":""https://images.scrydex.com/magicthegathering/HOB-269/medium"",""large"":""https://images.scrydex.com/magicthegathering/HOB-269/large""}],""rulings"":[],""printings"":[""HOB""],""availability"":[""arena"",""mtgo"",""paper""],""expansion"":{""id"":""HOB"",""name"":""The",swsh8b_ja,https://scrydex.com/pokemon/expansions/vmax-climax/swsh8b_ja
f58355fb-3074-427b-b3e2-47d1fd6b1fd2,ソード・シールド,S8b,VMAXクライマックス,270,マクワ,SR,"https://images.scrydex.com/magicthegathering/HOB-270/small"",""medium"":""https://images.scrydex.com/magicthegathering/HOB-270/medium"",""large"":""https://images.scrydex.com/magicthegathering/HOB-270/large""}],""rulings"":[],""printings"":[""HOB""],""availability"":[""arena"",""mtgo"",""paper""],""expansion"":{""id"":""HOB"",""name"":""The",swsh8b_ja,https://scrydex.com/pokemon/expansions/vmax-climax/swsh8b_ja
4665e8db-52db-40fe-abfa-f60ffdc63bb0,ソード・シールド,S8b,VMAXクライマックス,271,マスター,SR,"https://images.scrydex.com/magicthegathering/HOB-271/small"",""medium"":""https://images.scrydex.com/magicthegathering/HOB-271/medium"",""large"":""https://images.scrydex.com/magicthegathering/HOB-271/large""}],""rulings"":[],""printings"":[""HOB""],""availability"":[""arena"",""mtgo"",""paper""],""expansion"":{""id"":""HOB"",""name"":""The",swsh8b_ja,https://scrydex.com/pokemon/expansions/vmax-climax/swsh8b_ja
dd7f562d-b827-4c7b-b492-83f5be674e33,ソード・シールド,S8b,VMAXクライマックス,272,マスタード いちげきのかた,SR,"https://images.scrydex.com/magicthegathering/HOB-272/small"",""medium"":""https://images.scrydex.com/magicthegathering/HOB-272/medium"",""large"":""https://images.scrydex.com/magicthegathering/HOB-272/large""}],""rulings"":[],""printings"":[""HOB""],""availability"":[""arena"",""mtgo"",""paper""],""expansion"":{""id"":""HOB"",""name"":""The",swsh8b_ja,https://scrydex.com/pokemon/expansions/vmax-climax/swsh8b_ja
720aa934-c719-4720-ab36-b42649ca75d1,ソード・シールド,S8b,VMAXクライマックス,273,マスタード れんげきのかた,SR,"https://images.scrydex.com/magicthegathering/HOB-273/small"",""medium"":""https://images.scrydex.com/magicthegathering/HOB-273/medium"",""large"":""https://images.scrydex.com/magicthegathering/HOB-273/large""}],""rulings"":[],""printings"":[""HOB""],""availability"":[""arena"",""mtgo"",""paper""],""expansion"":{""id"":""HOB"",""name"":""The",swsh8b_ja,https://scrydex.com/pokemon/expansions/vmax-climax/swsh8b_ja
dd3feaf1-86b4-4378-b743-8f50b480d71a,ソード・シールド,S8b,VMAXクライマックス,274,メロン,SR,"https://images.scrydex.com/magicthegathering/HOB-274/small"",""medium"":""https://images.scrydex.com/magicthegathering/HOB-274/medium"",""large"":""https://images.scrydex.com/magicthegathering/HOB-274/large""}],""rulings"":[],""printings"":[""HOB""],""availability"":[""arena"",""mtgo"",""paper""],""expansion"":{""id"":""HOB"",""name"":""The",swsh8b_ja,https://scrydex.com/pokemon/expansions/vmax-climax/swsh8b_ja
b49f9665-0e76-40d2-8a19-0c9ee194fdcc,ソード・シールド,S8b,VMAXクライマックス,275,ヤロー,SR,"https://images.scrydex.com/magicthegathering/HOB-275/small"",""medium"":""https://images.scrydex.com/magicthegathering/HOB-275/medium"",""large"":""https://images.scrydex.com/magicthegathering/HOB-275/large""}],""rulings"":[],""printings"":[""HOB""],""availability"":[""arena"",""mtgo"",""paper""],""expansion"":{""id"":""HOB"",""name"":""The",swsh8b_ja,https://scrydex.com/pokemon/expansions/vmax-climax/swsh8b_ja
32e80b8e-edc0-4955-b2d0-676aa17b6892,ソード・シールド,S8b,VMAXクライマックス,276,ユウリ,SR,"https://images.scrydex.com/magicthegathering/HOB-276/small"",""medium"":""https://images.scrydex.com/magicthegathering/HOB-276/medium"",""large"":""https://images.scrydex.com/magicthegathering/HOB-276/large""}],""rulings"":[],""printings"":[""HOB""],""availability"":[""arena"",""mtgo"",""paper""],""expansion"":{""id"":""HOB"",""name"":""The",swsh8b_ja,https://scrydex.com/pokemon/expansions/vmax-climax/swsh8b_ja
8ca3a9ba-8184-4554-9ecd-fcd762ac92ca,ソード・シールド,S8b,VMAXクライマックス,277,ルリナ,SR,"https://images.scrydex.com/magicthegathering/HOB-277/small"",""medium"":""https://images.scrydex.com/magicthegathering/HOB-277/medium"",""large"":""https://images.scrydex.com/magicthegathering/HOB-277/large""}],""rulings"":[],""printings"":[""HOB""],""availability"":[""arena"",""mtgo"",""paper""],""expansion"":{""id"":""HOB"",""name"":""The",swsh8b_ja,https://scrydex.com/pokemon/expansions/vmax-climax/swsh8b_ja
11232322-8f9f-4275-9fb4-f977aabb1ef7,ソード・シールド,S8b,VMAXクライマックス,278,はくばバドレックスVMAX,UR,"https://images.scrydex.com/magicthegathering/HOB-278/small"",""medium"":""https://images.scrydex.com/magicthegathering/HOB-278/medium"",""large"":""https://images.scrydex.com/magicthegathering/HOB-278/large""}],""rulings"":[],""printings"":[""HOB""],""availability"":[""arena"",""mtgo"",""paper""],""expansion"":{""id"":""HOB"",""name"":""The",swsh8b_ja,https://scrydex.com/pokemon/expansions/vmax-climax/swsh8b_ja
8c80d052-dd86-45cf-bc71-cc5ccf7b01b7,ソード・シールド,S8b,VMAXクライマックス,279,ピカチュウVMAX,UR,"https://images.scrydex.com/magicthegathering/HOB-279/small"",""medium"":""https://images.scrydex.com/magicthegathering/HOB-279/medium"",""large"":""https://images.scrydex.com/magicthegathering/HOB-279/large""}],""rulings"":[],""printings"":[""HOB""],""availability"":[""arena"",""mtgo"",""paper""],""expansion"":{""id"":""HOB"",""name"":""The",swsh8b_ja,https://scrydex.com/pokemon/expansions/vmax-climax/swsh8b_ja
2c3f7517-11e5-4776-9bf6-906c1a792017,ソード・シールド,S8b,VMAXクライマックス,280,ミュウVMAX,UR,"https://images.scrydex.com/magicthegathering/HOB-280/small"",""medium"":""https://images.scrydex.com/magicthegathering/HOB-280/medium"",""large"":""https://images.scrydex.com/magicthegathering/HOB-280/large""}],""rulings"":[],""printings"":[""HOB""],""availability"":[""arena"",""mtgo"",""paper""],""expansion"":{""id"":""HOB"",""name"":""The",swsh8b_ja,https://scrydex.com/pokemon/expansions/vmax-climax/swsh8b_ja
505485ef-ffe0-4d6e-9014-a928ac91854e,ソード・シールド,S8b,VMAXクライマックス,281,こくばバドレックスVMAX,UR,"https://images.scrydex.com/magicthegathering/HOB-281/small"",""medium"":""https://images.scrydex.com/magicthegathering/HOB-281/medium"",""large"":""https://images.scrydex.com/magicthegathering/HOB-281/large""}],""rulings"":[],""printings"":[""HOB""],""availability"":[""arena"",""mtgo"",""paper""],""expansion"":{""id"":""HOB"",""name"":""The",swsh8b_ja,https://scrydex.com/pokemon/expansions/vmax-climax/swsh8b_ja
d71be709-08cb-4f65-948f-c27c4b7df13d,ソード・シールド,S8b,VMAXクライマックス,282,いちげきウーラオスVMAX,UR,"https://images.scrydex.com/magicthegathering/HOB-282/small"",""medium"":""https://images.scrydex.com/magicthegathering/HOB-282/medium"",""large"":""https://images.scrydex.com/magicthegathering/HOB-282/large""}],""rulings"":[],""printings"":[""HOB""],""availability"":[""arena"",""mtgo"",""paper""],""expansion"":{""id"":""HOB"",""name"":""The",swsh8b_ja,https://scrydex.com/pokemon/expansions/vmax-climax/swsh8b_ja
6a0b275a-b55a-44c0-b279-2853a039719f,ソード・シールド,S8b,VMAXクライマックス,283,れんげきウーラオスVMAX,UR,"https://images.scrydex.com/magicthegathering/HOB-283/small"",""medium"":""https://images.scrydex.com/magicthegathering/HOB-283/medium"",""large"":""https://images.scrydex.com/magicthegathering/HOB-283/large""}],""rulings"":[],""printings"":[""HOB""],""availability"":[""arena"",""mtgo"",""paper""],""expansion"":{""id"":""HOB"",""name"":""The",swsh8b_ja,https://scrydex.com/pokemon/expansions/vmax-climax/swsh8b_ja
5ef7fce0-749d-4404-97ee-db2ba5b218f9,ソード・シールド,S8b,VMAXクライマックス,284,レックウザVMAX,UR,"https://images.scrydex.com/magicthegathering/HOB-284/small"",""medium"":""https://images.scrydex.com/magicthegathering/HOB-284/medium"",""large"":""https://images.scrydex.com/magicthegathering/HOB-284/large""}],""rulings"":[],""printings"":[""HOB""],""availability"":[""arena"",""mtgo"",""paper""],""expansion"":{""id"":""HOB"",""name"":""The",swsh8b_ja,https://scrydex.com/pokemon/expansions/vmax-climax/swsh8b_ja
645a9e19-de5c-44c4-b566-5435e2b7d16a,ソード・シールド,S8b,VMAXクライマックス,285,ジュラルドンVMAX,UR,"https://images.scrydex.com/magicthegathering/HOB-285/small"",""medium"":""https://images.scrydex.com/magicthegathering/HOB-285/medium"",""large"":""https://images.scrydex.com/magicthegathering/HOB-285/large""}],""rulings"":[],""printings"":[""HOB""],""availability"":[""arena"",""mtgo"",""paper""],""expansion"":{""id"":""HOB"",""name"":""The",swsh8b_ja,https://scrydex.com/pokemon/expansions/vmax-climax/swsh8b_ja
f325fb2f-a1e2-47e0-93df-313201e0d88e,SMシリーズ,SM2L,アローラの月光,056,ヨワシGX,HR,"https://images.scrydex.com/magicthegathering/HOC-56/small"",""medium"":""https://images.scrydex.com/magicthegathering/HOC-56/medium"",""large"":""https://images.scrydex.com/magicthegathering/HOC-56/large""}],""rulings"":[{""date"":""2023/11/03"",""text"":""An",sm2l_ja,https://scrydex.com/pokemon/expansions/alolan-moonlight/sm2l_ja
cf8c6c16-8a46-408f-a3a1-b1b05a396bc8,SMシリーズ,SM2L,アローラの月光,057,カプ・テテフGX,HR,"https://images.scrydex.com/magicthegathering/HOC-57/small"",""medium"":""https://images.scrydex.com/magicthegathering/HOC-57/medium"",""large"":""https://images.scrydex.com/magicthegathering/HOC-57/large""}],""rulings"":[{""date"":""2025/09/19"",""text"":""If",sm2l_ja,https://scrydex.com/pokemon/expansions/alolan-moonlight/sm2l_ja
e0363fec-9541-4adb-b947-b3b0ba758934,SMシリーズ,SM2L,アローラの月光,058,ルガルガンGX,HR,"https://images.scrydex.com/magicthegathering/HOC-58/small"",""medium"":""https://images.scrydex.com/magicthegathering/HOC-58/medium"",""large"":""https://images.scrydex.com/magicthegathering/HOC-58/large""}],""rulings"":[{""date"":""2023/06/16"",""text"":""To",sm2l_ja,https://scrydex.com/pokemon/expansions/alolan-moonlight/sm2l_ja
5c4a2d75-a252-484f-b36e-da80300aa6ea,SMシリーズ,SM2L,アローラの月光,059,メタグロスGX,HR,"https://images.scrydex.com/magicthegathering/HOC-59/small"",""medium"":""https://images.scrydex.com/magicthegathering/HOC-59/medium"",""large"":""https://images.scrydex.com/magicthegathering/HOC-59/large""}],""rulings"":[{""date"":""2023/06/16"",""text"":""Amass",sm2l_ja,https://scrydex.com/pokemon/expansions/alolan-moonlight/sm2l_ja
b5c73840-fb8f-4307-8597-1a0f0f4c60cd,SMシリーズ,SM2L,アローラの月光,060,アクアパッチ,UR,"https://images.scrydex.com/magicthegathering/SLD-2452/small"",""medium"":""https://images.scrydex.com/magicthegathering/SLD-2452/medium"",""large"":""https://images.scrydex.com/magicthegathering/SLD-2452/large""}],""rulings"":[{""date"":""2024/03/08"",""text"":""Energy",sm2l_ja,https://scrydex.com/pokemon/expansions/alolan-moonlight/sm2l_ja
5bd5a06d-7158-4cb4-b2c7-8a03f43c858c,SMシリーズ,SM2L,アローラの月光,061,改造ハンマー,UR,"https://images.scrydex.com/magicthegathering/HOC-61/small"",""medium"":""https://images.scrydex.com/magicthegathering/HOC-61/medium"",""large"":""https://images.scrydex.com/magicthegathering/HOC-61/large""}],""rulings"":[{""date"":""2023/06/16"",""text"":""If",sm2l_ja,https://scrydex.com/pokemon/expansions/alolan-moonlight/sm2l_ja
ab121191-57a3-44bc-9d76-5acfe4079d0e,SMシリーズ,SM2L,アローラの月光,062,基本闘エネルギー,UR,"https://images.scrydex.com/pokemon/base3-62/small"",""medium"":""https://images.scrydex.com/pokemon/base3-62/medium"",""large"":""https://images.scrydex.com/pokemon/base3-62/large""}],""expansion"":{""id"":""base3"",""name"":""Fossil"",""series"":""Base"",""code"":""FO"",""total"":62,""printed_total"":62,""language"":""English"",""language_code"":""EN"",""release_date"":""1999/10/10"",""is_online_only"":false,""logo"":""https://images.scrydex.com/pokemon/base3-logo/logo"",""symbol"":""https://images.scrydex.com/pokemon/base3-symbol/symbol""},""language"":""English"",""language_code"":""EN"",""expansion_sort_order"":62,""variants"":[{""name"":""firstEdition"",""images"":[],""marketplaces"":[{""name"":""tcgplayer"",""product_id"":""44464"",""purchase_url"":""https://scrydex.com/pokemon/cards/base3-62/purchase?type=tcgplayer",sm2l_ja,https://scrydex.com/pokemon/expansions/alolan-moonlight/sm2l_ja
7f71ebea-2083-4dc9-aada-53082739b2f0,SVシリーズ,SV4a,レイジングサーフ,251,タイカイデン,,"https://images.scrydex.com/magicthegathering/HOB-251/small"",""medium"":""https://images.scrydex.com/magicthegathering/HOB-251/medium"",""large"":""https://images.scrydex.com/magicthegathering/HOB-251/large""}],""rulings"":[],""printings"":[""HOB""],""availability"":[""arena"",""mtgo"",""paper""],""expansion"":{""id"":""HOB"",""name"":""The",sv4a_ja,https://scrydex.com/pokemon/expansions/shiny-treasure-ex/sv4a_ja
51fae3e5-fe8f-4b90-bf08-3c259b2ba90e,SVシリーズ,SV4a,レイジングサーフ,252,プクリン,,"https://images.scrydex.com/magicthegathering/HOB-252/small"",""medium"":""https://images.scrydex.com/magicthegathering/HOB-252/medium"",""large"":""https://images.scrydex.com/magicthegathering/HOB-252/large""}],""rulings"":[],""printings"":[""HOB""],""availability"":[""arena"",""mtgo"",""paper""],""expansion"":{""id"":""HOB"",""name"":""The",sv4a_ja,https://scrydex.com/pokemon/expansions/shiny-treasure-ex/sv4a_ja
c8c91916-0f2e-4ad8-bf42-969c4c040662,SVシリーズ,SV4a,レイジングサーフ,253,ケーシィ,,"https://images.scrydex.com/magicthegathering/HOB-253/small"",""medium"":""https://images.scrydex.com/magicthegathering/HOB-253/medium"",""large"":""https://images.scrydex.com/magicthegathering/HOB-253/large""}],""rulings"":[],""printings"":[""HOB""],""availability"":[""arena"",""mtgo"",""paper""],""expansion"":{""id"":""HOB"",""name"":""The",sv4a_ja,https://scrydex.com/pokemon/expansions/shiny-treasure-ex/sv4a_ja
8c51160f-e16a-4d0c-adeb-19d7fb3c0666,SVシリーズ,SV4a,レイジングサーフ,254,ユンゲラー,,"https://images.scrydex.com/magicthegathering/HOB-254/small"",""medium"":""https://images.scrydex.com/magicthegathering/HOB-254/medium"",""large"":""https://images.scrydex.com/magicthegathering/HOB-254/large""}],""rulings"":[],""printings"":[""HOB"",""PW26""],""availability"":[""arena"",""mtgo"",""paper""],""expansion"":{""id"":""HOB"",""name"":""The",sv4a_ja,https://scrydex.com/pokemon/expansions/shiny-treasure-ex/sv4a_ja
8bd06a67-7af0-475b-8e87-a8bc220ae435,SVシリーズ,SV4a,レイジングサーフ,255,ピィ,,"https://images.scrydex.com/magicthegathering/HOB-255/small"",""medium"":""https://images.scrydex.com/magicthegathering/HOB-255/medium"",""large"":""https://images.scrydex.com/magicthegathering/HOB-255/large""}],""rulings"":[],""printings"":[""HOB""],""availability"":[""arena"",""mtgo"",""paper""],""expansion"":{""id"":""HOB"",""name"":""The",sv4a_ja,https://scrydex.com/pokemon/expansions/shiny-treasure-ex/sv4a_ja
7ca176e5-b1d3-411e-b640-baf663d37126,SVシリーズ,SV4a,レイジングサーフ,256,ネイティ,,"https://images.scrydex.com/magicthegathering/HOB-256/small"",""medium"":""https://images.scrydex.com/magicthegathering/HOB-256/medium"",""large"":""https://images.scrydex.com/magicthegathering/HOB-256/large""}],""rulings"":[],""printings"":[""HOB""],""availability"":[""arena"",""mtgo"",""paper""],""expansion"":{""id"":""HOB"",""name"":""The",sv4a_ja,https://scrydex.com/pokemon/expansions/shiny-treasure-ex/sv4a_ja
5d276c04-ce18-4b94-89e0-8701b751ab96,SVシリーズ,SV4a,レイジングサーフ,257,ネイティオ,,"https://images.scrydex.com/magicthegathering/HOB-257/small"",""medium"":""https://images.scrydex.com/magicthegathering/HOB-257/medium"",""large"":""https://images.scrydex.com/magicthegathering/HOB-257/large""}],""rulings"":[],""printings"":[""HOB""],""availability"":[""arena"",""mtgo"",""paper""],""expansion"":{""id"":""HOB"",""name"":""The",sv4a_ja,https://scrydex.com/pokemon/expansions/shiny-treasure-ex/sv4a_ja
c93fe0c5-69c4-47dc-9120-92d8ee8e3c05,SVシリーズ,SV4a,レイジングサーフ,258,ラルトス,,"https://images.scrydex.com/magicthegathering/HOB-258/small"",""medium"":""https://images.scrydex.com/magicthegathering/HOB-258/medium"",""large"":""https://images.scrydex.com/magicthegathering/HOB-258/large""}],""rulings"":[],""printings"":[""HOB""],""availability"":[""arena"",""mtgo"",""paper""],""expansion"":{""id"":""HOB"",""name"":""The",sv4a_ja,https://scrydex.com/pokemon/expansions/shiny-treasure-ex/sv4a_ja
dc5854dd-c3dd-4046-81bc-c3b0f837dd6c,SVシリーズ,SV4a,レイジングサーフ,259,キルリア,,"https://images.scrydex.com/magicthegathering/HOB-259/small"",""medium"":""https://images.scrydex.com/magicthegathering/HOB-259/medium"",""large"":""https://images.scrydex.com/magicthegathering/HOB-259/large""}],""rulings"":[],""printings"":[""HOB""],""availability"":[""arena"",""mtgo"",""paper""],""expansion"":{""id"":""HOB"",""name"":""The",sv4a_ja,https://scrydex.com/pokemon/expansions/shiny-treasure-ex/sv4a_ja
0a474b01-ed13-418e-851d-c51244e7bdaa,SVシリーズ,SV4a,レイジングサーフ,260,フワンテ,,"https://images.scrydex.com/magicthegathering/HOB-260/small"",""medium"":""https://images.scrydex.com/magicthegathering/HOB-260/medium"",""large"":""https://images.scrydex.com/magicthegathering/HOB-260/large""}],""rulings"":[],""printings"":[""HOB""],""availability"":[""arena"",""mtgo"",""paper""],""expansion"":{""id"":""HOB"",""name"":""The",sv4a_ja,https://scrydex.com/pokemon/expansions/shiny-treasure-ex/sv4a_ja
73c6f4df-d9f3-4443-be90-388cc320adcb,SVシリーズ,SV4a,レイジングサーフ,261,フワライド,,"https://images.scrydex.com/magicthegathering/HOB-261/small"",""medium"":""https://images.scrydex.com/magicthegathering/HOB-261/medium"",""large"":""https://images.scrydex.com/magicthegathering/HOB-261/large""}],""rulings"":[],""printings"":[""HOB""],""availability"":[""arena"",""mtgo"",""paper""],""expansion"":{""id"":""HOB"",""name"":""The",sv4a_ja,https://scrydex.com/pokemon/expansions/shiny-treasure-ex/sv4a_ja
ccd2635d-b8d8-4cc3-90eb-dfbe0e2b1fb1,SVシリーズ,SV4a,レイジングサーフ,262,マネネ,,"https://images.scrydex.com/magicthegathering/HOB-262/small"",""medium"":""https://images.scrydex.com/magicthegathering/HOB-262/medium"",""large"":""https://images.scrydex.com/magicthegathering/HOB-262/large""}],""rulings"":[],""printings"":[""HOB""],""availability"":[""arena"",""mtgo"",""paper""],""expansion"":{""id"":""HOB"",""name"":""The",sv4a_ja,https://scrydex.com/pokemon/expansions/shiny-treasure-ex/sv4a_ja
3a37166f-03b1-446f-9848-7494700ee737,SVシリーズ,SV4a,レイジングサーフ,263,ミカルゲ,,"https://images.scrydex.com/magicthegathering/HOB-263/small"",""medium"":""https://images.scrydex.com/magicthegathering/HOB-263/medium"",""large"":""https://images.scrydex.com/magicthegathering/HOB-263/large""}],""rulings"":[],""printings"":[""HOB""],""availability"":[""arena"",""mtgo"",""paper""],""expansion"":{""id"":""HOB"",""name"":""The",sv4a_ja,https://scrydex.com/pokemon/expansions/shiny-treasure-ex/sv4a_ja
9e175bd8-73e1-437d-adda-bef0c91887c9,SVシリーズ,SV4a,レイジングサーフ,264,クレッフィ,,"https://images.scrydex.com/pokemon/swsh8-264/small"",""medium"":""https://images.scrydex.com/pokemon/swsh8-264/medium"",""large"":""https://images.scrydex.com/pokemon/swsh8-264/large""}],""expansion"":{""id"":""swsh8"",""name"":""Fusion",sv4a_ja,https://scrydex.com/pokemon/expansions/shiny-treasure-ex/sv4a_ja
10f880e9-c447-4924-bf4d-d7e4b2ee38b8,SVシリーズ,SV4a,レイジングサーフ,265,ミミッキュ,,"https://images.scrydex.com/magicthegathering/HOB-265/small"",""medium"":""https://images.scrydex.com/magicthegathering/HOB-265/medium"",""large"":""https://images.scrydex.com/magicthegathering/HOB-265/large""}],""rulings"":[],""printings"":[""HOB""],""availability"":[""arena"",""mtgo"",""paper""],""expansion"":{""id"":""HOB"",""name"":""The",sv4a_ja,https://scrydex.com/pokemon/expansions/shiny-treasure-ex/sv4a_ja
988e8687-f50a-41eb-bee3-6a7c016fb6f1,SVシリーズ,SV4a,レイジングサーフ,266,パピモッチ,,"https://images.scrydex.com/magicthegathering/HOB-266/small"",""medium"":""https://images.scrydex.com/magicthegathering/HOB-266/medium"",""large"":""https://images.scrydex.com/magicthegathering/HOB-266/large""}],""rulings"":[],""printings"":[""HOB""],""availability"":[""arena"",""mtgo"",""paper""],""expansion"":{""id"":""HOB"",""name"":""The",sv4a_ja,https://scrydex.com/pokemon/expansions/shiny-treasure-ex/sv4a_ja
939ccbbc-f46e-492e-b4c0-37f0d449c85f,SVシリーズ,SV4a,レイジングサーフ,267,バウッツェル,,"https://images.scrydex.com/magicthegathering/HOB-267/small"",""medium"":""https://images.scrydex.com/magicthegathering/HOB-267/medium"",""large"":""https://images.scrydex.com/magicthegathering/HOB-267/large""}],""rulings"":[],""printings"":[""HOB""],""availability"":[""arena"",""mtgo"",""paper""],""expansion"":{""id"":""HOB"",""name"":""The",sv4a_ja,https://scrydex.com/pokemon/expansions/shiny-treasure-ex/sv4a_ja
9e733405-1262-491b-88e9-5f99e7f19d02,SVシリーズ,SV4a,レイジングサーフ,268,ソウブレイズ,,"https://images.scrydex.com/magicthegathering/HOB-268/small"",""medium"":""https://images.scrydex.com/magicthegathering/HOB-268/medium"",""large"":""https://images.scrydex.com/magicthegathering/HOB-268/large""}],""rulings"":[],""printings"":[""HOB""],""availability"":[""arena"",""mtgo"",""paper""],""expansion"":{""id"":""HOB"",""name"":""The",sv4a_ja,https://scrydex.com/pokemon/expansions/shiny-treasure-ex/sv4a_ja
2782789d-6a74-4864-8a9e-64933914222e,SVシリーズ,SV4a,レイジングサーフ,269,ベラカス,,"https://images.scrydex.com/magicthegathering/HOB-269/small"",""medium"":""https://images.scrydex.com/magicthegathering/HOB-269/medium"",""large"":""https://images.scrydex.com/magicthegathering/HOB-269/large""}],""rulings"":[],""printings"":[""HOB""],""availability"":[""arena"",""mtgo"",""paper""],""expansion"":{""id"":""HOB"",""name"":""The",sv4a_ja,https://scrydex.com/pokemon/expansions/shiny-treasure-ex/sv4a_ja
b8cdb0c4-2c77-4959-8a50-47be07c25101,SVシリーズ,SV4a,レイジングサーフ,270,ヒラヒナ,,"https://images.scrydex.com/magicthegathering/HOB-270/small"",""medium"":""https://images.scrydex.com/magicthegathering/HOB-270/medium"",""large"":""https://images.scrydex.com/magicthegathering/HOB-270/large""}],""rulings"":[],""printings"":[""HOB""],""availability"":[""arena"",""mtgo"",""paper""],""expansion"":{""id"":""HOB"",""name"":""The",sv4a_ja,https://scrydex.com/pokemon/expansions/shiny-treasure-ex/sv4a_ja
39483c05-cd0f-4077-8852-2765c40f1944,SVシリーズ,SV4a,レイジングサーフ,271,カヌチャン,,"https://images.scrydex.com/magicthegathering/HOB-271/small"",""medium"":""https://images.scrydex.com/magicthegathering/HOB-271/medium"",""large"":""https://images.scrydex.com/magicthegathering/HOB-271/large""}],""rulings"":[],""printings"":[""HOB""],""availability"":[""arena"",""mtgo"",""paper""],""expansion"":{""id"":""HOB"",""name"":""The",sv4a_ja,https://scrydex.com/pokemon/expansions/shiny-treasure-ex/sv4a_ja
e4d837f8-d98a-44d1-9994-132dc41565d7,SVシリーズ,SV4a,レイジングサーフ,272,ナカヌチャン,,"https://images.scrydex.com/magicthegathering/HOB-272/small"",""medium"":""https://images.scrydex.com/magicthegathering/HOB-272/medium"",""large"":""https://images.scrydex.com/magicthegathering/HOB-272/large""}],""rulings"":[],""printings"":[""HOB""],""availability"":[""arena"",""mtgo"",""paper""],""expansion"":{""id"":""HOB"",""name"":""The",sv4a_ja,https://scrydex.com/pokemon/expansions/shiny-treasure-ex/sv4a_ja
7b4e92d4-ae6b-4448-aec7-8790116150f6,SVシリーズ,SV4a,レイジングサーフ,273,デカヌチャン,,"https://images.scrydex.com/magicthegathering/HOB-273/small"",""medium"":""https://images.scrydex.com/magicthegathering/HOB-273/medium"",""large"":""https://images.scrydex.com/magicthegathering/HOB-273/large""}],""rulings"":[],""printings"":[""HOB""],""availability"":[""arena"",""mtgo"",""paper""],""expansion"":{""id"":""HOB"",""name"":""The",sv4a_ja,https://scrydex.com/pokemon/expansions/shiny-treasure-ex/sv4a_ja
88eefe2b-fbb6-45bf-9a7a-c23ca60a1897,SVシリーズ,SV4a,レイジングサーフ,274,ボチ,,"https://images.scrydex.com/magicthegathering/HOB-274/small"",""medium"":""https://images.scrydex.com/magicthegathering/HOB-274/medium"",""large"":""https://images.scrydex.com/magicthegathering/HOB-274/large""}],""rulings"":[],""printings"":[""HOB""],""availability"":[""arena"",""mtgo"",""paper""],""expansion"":{""id"":""HOB"",""name"":""The",sv4a_ja,https://scrydex.com/pokemon/expansions/shiny-treasure-ex/sv4a_ja
69cd924e-349f-416a-b2a3-4b4c4676b952,SVシリーズ,SV4a,レイジングサーフ,275,ハカドッグ,,"https://images.scrydex.com/magicthegathering/HOB-275/small"",""medium"":""https://images.scrydex.com/magicthegathering/HOB-275/medium"",""large"":""https://images.scrydex.com/magicthegathering/HOB-275/large""}],""rulings"":[],""printings"":[""HOB""],""availability"":[""arena"",""mtgo"",""paper""],""expansion"":{""id"":""HOB"",""name"":""The",sv4a_ja,https://scrydex.com/pokemon/expansions/shiny-treasure-ex/sv4a_ja
bfca9079-86b5-488c-afc2-309dbf8721b8,SVシリーズ,SV4a,レイジングサーフ,276,マンキー,,"https://images.scrydex.com/magicthegathering/HOB-276/small"",""medium"":""https://images.scrydex.com/magicthegathering/HOB-276/medium"",""large"":""https://images.scrydex.com/magicthegathering/HOB-276/large""}],""rulings"":[],""printings"":[""HOB""],""availability"":[""arena"",""mtgo"",""paper""],""expansion"":{""id"":""HOB"",""name"":""The",sv4a_ja,https://scrydex.com/pokemon/expansions/shiny-treasure-ex/sv4a_ja
e61b430d-7ba9-410a-adb4-f4110cc8445f,SVシリーズ,SV4a,レイジングサーフ,277,オコリザル,,"https://images.scrydex.com/magicthegathering/HOB-277/small"",""medium"":""https://images.scrydex.com/magicthegathering/HOB-277/medium"",""large"":""https://images.scrydex.com/magicthegathering/HOB-277/large""}],""rulings"":[],""printings"":[""HOB""],""availability"":[""arena"",""mtgo"",""paper""],""expansion"":{""id"":""HOB"",""name"":""The",sv4a_ja,https://scrydex.com/pokemon/expansions/shiny-treasure-ex/sv4a_ja
c854c37f-bab3-46c4-8992-17dce1017ec1,SVシリーズ,SV4a,レイジングサーフ,278,コノヨザル,,"https://images.scrydex.com/magicthegathering/HOB-278/small"",""medium"":""https://images.scrydex.com/magicthegathering/HOB-278/medium"",""large"":""https://images.scrydex.com/magicthegathering/HOB-278/large""}],""rulings"":[],""printings"":[""HOB""],""availability"":[""arena"",""mtgo"",""paper""],""expansion"":{""id"":""HOB"",""name"":""The",sv4a_ja,https://scrydex.com/pokemon/expansions/shiny-treasure-ex/sv4a_ja
81a5aa36-02a8-48ef-a337-2344d83663c6,SVシリーズ,SV4a,レイジングサーフ,279,パルデア ケンタロス,,"https://images.scrydex.com/magicthegathering/HOB-279/small"",""medium"":""https://images.scrydex.com/magicthegathering/HOB-279/medium"",""large"":""https://images.scrydex.com/magicthegathering/HOB-279/large""}],""rulings"":[],""printings"":[""HOB""],""availability"":[""arena"",""mtgo"",""paper""],""expansion"":{""id"":""HOB"",""name"":""The",sv4a_ja,https://scrydex.com/pokemon/expansions/shiny-treasure-ex/sv4a_ja
a385c5c2-6e95-47dc-b43e-8999eda110d6,SVシリーズ,SV4a,レイジングサーフ,280,リオル,,"https://images.scrydex.com/magicthegathering/HOB-280/small"",""medium"":""https://images.scrydex.com/magicthegathering/HOB-280/medium"",""large"":""https://images.scrydex.com/magicthegathering/HOB-280/large""}],""rulings"":[],""printings"":[""HOB""],""availability"":[""arena"",""mtgo"",""paper""],""expansion"":{""id"":""HOB"",""name"":""The",sv4a_ja,https://scrydex.com/pokemon/expansions/shiny-treasure-ex/sv4a_ja
3d5bb2d4-84b3-4d7d-9b51-c0d06b6195ca,SVシリーズ,SV4a,レイジングサーフ,281,ルカリオ,,"https://images.scrydex.com/magicthegathering/HOB-281/small"",""medium"":""https://images.scrydex.com/magicthegathering/HOB-281/medium"",""large"":""https://images.scrydex.com/magicthegathering/HOB-281/large""}],""rulings"":[],""printings"":[""HOB""],""availability"":[""arena"",""mtgo"",""paper""],""expansion"":{""id"":""HOB"",""name"":""The",sv4a_ja,https://scrydex.com/pokemon/expansions/shiny-treasure-ex/sv4a_ja
2011a608-996a-4d31-98c0-85018548aed0,SVシリーズ,SV4a,レイジングサーフ,282,ルチャブル,,"https://images.scrydex.com/magicthegathering/HOB-282/small"",""medium"":""https://images.scrydex.com/magicthegathering/HOB-282/medium"",""large"":""https://images.scrydex.com/magicthegathering/HOB-282/large""}],""rulings"":[],""printings"":[""HOB""],""availability"":[""arena"",""mtgo"",""paper""],""expansion"":{""id"":""HOB"",""name"":""The",sv4a_ja,https://scrydex.com/pokemon/expansions/shiny-treasure-ex/sv4a_ja
0d5db5d9-72a8-4c6c-b18a-ea1045f8b579,SVシリーズ,SV4a,レイジングサーフ,283,コジオ,,"https://images.scrydex.com/magicthegathering/HOB-283/small"",""medium"":""https://images.scrydex.com/magicthegathering/HOB-283/medium"",""large"":""https://images.scrydex.com/magicthegathering/HOB-283/large""}],""rulings"":[],""printings"":[""HOB""],""availability"":[""arena"",""mtgo"",""paper""],""expansion"":{""id"":""HOB"",""name"":""The",sv4a_ja,https://scrydex.com/pokemon/expansions/shiny-treasure-ex/sv4a_ja
e2e79925-0c16-419f-a3d7-ab7b2f80a80e,SVシリーズ,SV4a,レイジングサーフ,284,ジオヅム,,"https://images.scrydex.com/magicthegathering/HOB-284/small"",""medium"":""https://images.scrydex.com/magicthegathering/HOB-284/medium"",""large"":""https://images.scrydex.com/magicthegathering/HOB-284/large""}],""rulings"":[],""printings"":[""HOB""],""availability"":[""arena"",""mtgo"",""paper""],""expansion"":{""id"":""HOB"",""name"":""The",sv4a_ja,https://scrydex.com/pokemon/expansions/shiny-treasure-ex/sv4a_ja
92b3fc15-99f7-4ce9-9811-fd7b42caa83b,SVシリーズ,SV4a,レイジングサーフ,285,キョジオーン,,"https://images.scrydex.com/magicthegathering/HOB-285/small"",""medium"":""https://images.scrydex.com/magicthegathering/HOB-285/medium"",""large"":""https://images.scrydex.com/magicthegathering/HOB-285/large""}],""rulings"":[],""printings"":[""HOB""],""availability"":[""arena"",""mtgo"",""paper""],""expansion"":{""id"":""HOB"",""name"":""The",sv4a_ja,https://scrydex.com/pokemon/expansions/shiny-treasure-ex/sv4a_ja
29cea58d-d9b9-4460-a475-8a56563f6515,SVシリーズ,SV4a,レイジングサーフ,286,キラーメ,,"https://images.scrydex.com/magicthegathering/HOB-286/small"",""medium"":""https://images.scrydex.com/magicthegathering/HOB-286/medium"",""large"":""https://images.scrydex.com/magicthegathering/HOB-286/large""}],""rulings"":[],""printings"":[""HOB""],""availability"":[""arena"",""mtgo"",""paper""],""expansion"":{""id"":""HOB"",""name"":""The",sv4a_ja,https://scrydex.com/pokemon/expansions/shiny-treasure-ex/sv4a_ja
793adc72-cc7f-4913-b735-85648e66e20c,SVシリーズ,SV4a,レイジングサーフ,287,パルデア ウパー,,"https://images.scrydex.com/magicthegathering/HOB-287/small"",""medium"":""https://images.scrydex.com/magicthegathering/HOB-287/medium"",""large"":""https://images.scrydex.com/magicthegathering/HOB-287/large""}],""rulings"":[],""printings"":[""HOB""],""availability"":[""arena"",""mtgo"",""paper""],""expansion"":{""id"":""HOB"",""name"":""The",sv4a_ja,https://scrydex.com/pokemon/expansions/shiny-treasure-ex/sv4a_ja
f6fd5616-9bcc-46ae-9c43-d72ac506d913,SVシリーズ,SV4a,レイジングサーフ,288,ヤミカラス,,"https://images.scrydex.com/magicthegathering/HOB-288/small"",""medium"":""https://images.scrydex.com/magicthegathering/HOB-288/medium"",""large"":""https://images.scrydex.com/magicthegathering/HOB-288/large""}],""rulings"":[{""date"":""2017/09/29"",""text"":""Settle",sv4a_ja,https://scrydex.com/pokemon/expansions/shiny-treasure-ex/sv4a_ja
f7e8eb85-51ac-4d15-9b3c-f837cf039bdd,SVシリーズ,SV4a,レイジングサーフ,289,ニューラ,,"https://images.scrydex.com/magicthegathering/HOB-289/small"",""medium"":""https://images.scrydex.com/magicthegathering/HOB-289/medium"",""large"":""https://images.scrydex.com/magicthegathering/HOB-289/large""}],""rulings"":[],""printings"":[""HOB"",""PW26""],""availability"":[""arena"",""mtgo"",""paper""],""expansion"":{""id"":""HOB"",""name"":""The",sv4a_ja,https://scrydex.com/pokemon/expansions/shiny-treasure-ex/sv4a_ja
33330e95-57c7-4c2b-8a4e-22314eb7c602,SVシリーズ,SV4a,レイジングサーフ,290,マニューラ,,"https://images.scrydex.com/magicthegathering/HOB-290/small"",""medium"":""https://images.scrydex.com/magicthegathering/HOB-290/medium"",""large"":""https://images.scrydex.com/magicthegathering/HOB-290/large""}],""rulings"":[],""printings"":[""HOB""],""availability"":[""arena"",""mtgo"",""paper""],""expansion"":{""id"":""HOB"",""name"":""The",sv4a_ja,https://scrydex.com/pokemon/expansions/shiny-treasure-ex/sv4a_ja
4f5af842-6c84-45c4-b70e-e1c1c38ce2cf,SVシリーズ,SV4a,レイジングサーフ,291,ヤミラミ,,"https://images.scrydex.com/magicthegathering/HOB-291/small"",""medium"":""https://images.scrydex.com/magicthegathering/HOB-291/medium"",""large"":""https://images.scrydex.com/magicthegathering/HOB-291/large""}],""rulings"":[],""printings"":[""HOB""],""availability"":[""arena"",""mtgo"",""paper""],""expansion"":{""id"":""HOB"",""name"":""The",sv4a_ja,https://scrydex.com/pokemon/expansions/shiny-treasure-ex/sv4a_ja
7bf03cab-c9d0-4b1d-a81f-bc28816634ff,SVシリーズ,SV4a,レイジングサーフ,292,コマタナ,,"https://images.scrydex.com/magicthegathering/HOB-292/small"",""medium"":""https://images.scrydex.com/magicthegathering/HOB-292/medium"",""large"":""https://images.scrydex.com/magicthegathering/HOB-292/large""}],""rulings"":[],""printings"":[""HOB"",""PSPL""],""availability"":[""arena"",""mtgo"",""paper""],""expansion"":{""id"":""HOB"",""name"":""The",sv4a_ja,https://scrydex.com/pokemon/expansions/shiny-treasure-ex/sv4a_ja
dfdb8c18-eecc-4dd1-b0bb-09a80ff6a059,SVシリーズ,SV4a,レイジングサーフ,293,キリキザン,,"https://images.scrydex.com/magicthegathering/HOB-293/small"",""medium"":""https://images.scrydex.com/magicthegathering/HOB-293/medium"",""large"":""https://images.scrydex.com/magicthegathering/HOB-293/large""}],""rulings"":[],""printings"":[""HOB""],""availability"":[""arena"",""mtgo"",""paper""],""expansion"":{""id"":""HOB"",""name"":""The",sv4a_ja,https://scrydex.com/pokemon/expansions/shiny-treasure-ex/sv4a_ja
2e80e7c7-670e-401f-a09c-65f11e28b86e,SVシリーズ,SV4a,レイジングサーフ,294,ドドゲザン,,"https://images.scrydex.com/magicthegathering/HOB-294/small"",""medium"":""https://images.scrydex.com/magicthegathering/HOB-294/medium"",""large"":""https://images.scrydex.com/magicthegathering/HOB-294/large""}],""rulings"":[],""printings"":[""HOB""],""availability"":[""arena"",""mtgo"",""paper""],""expansion"":{""id"":""HOB"",""name"":""The",sv4a_ja,https://scrydex.com/pokemon/expansions/shiny-treasure-ex/sv4a_ja
40d6e638-0686-47df-971c-4f515c9330a3,SVシリーズ,SV4a,レイジングサーフ,295,オラチフ,,"https://images.scrydex.com/magicthegathering/HOB-295/small"",""medium"":""https://images.scrydex.com/magicthegathering/HOB-295/medium"",""large"":""https://images.scrydex.com/magicthegathering/HOB-295/large""}],""rulings"":[],""printings"":[""HOB""],""availability"":[""arena"",""mtgo"",""paper""],""expansion"":{""id"":""HOB"",""name"":""The",sv4a_ja,https://scrydex.com/pokemon/expansions/shiny-treasure-ex/sv4a_ja
fcf8448a-907b-40bc-bdbf-4e9a3e27dc6b,SVシリーズ,SV4a,レイジングサーフ,296,マフィティフ,,"https://images.scrydex.com/magicthegathering/HOB-296/small"",""medium"":""https://images.scrydex.com/magicthegathering/HOB-296/medium"",""large"":""https://images.scrydex.com/magicthegathering/HOB-296/large""}],""rulings"":[],""printings"":[""HOB""],""availability"":[""arena"",""mtgo"",""paper""],""expansion"":{""id"":""HOB"",""name"":""The",sv4a_ja,https://scrydex.com/pokemon/expansions/shiny-treasure-ex/sv4a_ja
7f0742a2-baba-4e75-9e79-914d2ca2dc26,SVシリーズ,SV4a,レイジングサーフ,297,シルシュルー,,"https://images.scrydex.com/magicthegathering/HOB-297/small"",""medium"":""https://images.scrydex.com/magicthegathering/HOB-297/medium"",""large"":""https://images.scrydex.com/magicthegathering/HOB-297/large""}],""rulings"":[],""printings"":[""HOB""],""availability"":[""arena"",""mtgo"",""paper""],""expansion"":{""id"":""HOB"",""name"":""The",sv4a_ja,https://scrydex.com/pokemon/expansions/shiny-treasure-ex/sv4a_ja
28dc70d0-d142-4d53-b2dd-e9ef5abcc635,SVシリーズ,SV4a,レイジングサーフ,298,タギングル,,"https://images.scrydex.com/riftbound/OGN-298/small"",""medium"":""https://images.scrydex.com/riftbound/OGN-298/medium"",""large"":""https://images.scrydex.com/riftbound/OGN-298/large""}],""expansion"":{""id"":""OGN"",""name"":""Origins"",""type"":""Main"",""code"":""OGN"",""total"":352,""printed_total"":298,""release_date"":""2025/10/31"",""logo"":""https://images.scrydex.com/riftbound/OGN-logo/logo"",""symbol"":null,""language"":""English"",""language_code"":""EN""},""language"":""English"",""language_code"":""EN"",""expansion_sort_order"":328,""variants"":[{""name"":""normal"",""images"":[],""marketplaces"":[{""name"":""tcgplayer"",""product_id"":""653092"",""purchase_url"":""https://scrydex.com/riftbound/cards/OGN-298/purchase?type=tcgplayer",sv4a_ja,https://scrydex.com/pokemon/expansions/shiny-treasure-ex/sv4a_ja
f7c7a983-ff29-4161-a021-e6ad04f0bb0b,SVシリーズ,SV4a,レイジングサーフ,299,ハッサム,,"https://images.scrydex.com/magicthegathering/HOB-299/small"",""medium"":""https://images.scrydex.com/magicthegathering/HOB-299/medium"",""large"":""https://images.scrydex.com/magicthegathering/HOB-299/large""}],""rulings"":[],""printings"":[""HOB""],""availability"":[""arena"",""mtgo"",""paper""],""expansion"":{""id"":""HOB"",""name"":""The",sv4a_ja,https://scrydex.com/pokemon/expansions/shiny-treasure-ex/sv4a_ja
101e8dda-a85f-4df7-9fc0-abdbe62ca1aa,SVシリーズ,SV4a,レイジングサーフ,300,ブロロン,,"https://images.scrydex.com/magicthegathering/HOB-300/small"",""medium"":""https://images.scrydex.com/magicthegathering/HOB-300/medium"",""large"":""https://images.scrydex.com/magicthegathering/HOB-300/large""}],""rulings"":[],""printings"":[""HOB""],""availability"":[""arena"",""mtgo"",""paper""],""expansion"":{""id"":""HOB"",""name"":""The",sv4a_ja,https://scrydex.com/pokemon/expansions/shiny-treasure-ex/sv4a_ja
c0b83a10-8bf9-42ed-a6b1-24771515e647,SVシリーズ,SV4a,レイジングサーフ,301,ブロロローム,,"https://images.scrydex.com/magicthegathering/HOB-301/small"",""medium"":""https://images.scrydex.com/magicthegathering/HOB-301/medium"",""large"":""https://images.scrydex.com/magicthegathering/HOB-301/large""}],""rulings"":[],""printings"":[""HOB""],""availability"":[""arena"",""mtgo"",""paper""],""expansion"":{""id"":""HOB"",""name"":""The",sv4a_ja,https://scrydex.com/pokemon/expansions/shiny-treasure-ex/sv4a_ja
1a572b00-3bf2-4cc9-bb13-d4ec361f0016,SVシリーズ,SV4a,レイジングサーフ,302,オンバット,,"https://images.scrydex.com/magicthegathering/HOB-302/small"",""medium"":""https://images.scrydex.com/magicthegathering/HOB-302/medium"",""large"":""https://images.scrydex.com/magicthegathering/HOB-302/large""}],""rulings"":[],""printings"":[""HOB"",""PMEI""],""availability"":[""arena"",""mtgo"",""paper""],""expansion"":{""id"":""HOB"",""name"":""The",sv4a_ja,https://scrydex.com/pokemon/expansions/shiny-treasure-ex/sv4a_ja
c49256cc-a179-4d58-93e6-18157897201f,SVシリーズ,SV4a,レイジングサーフ,303,モトトカゲ,,"https://images.scrydex.com/magicthegathering/HOB-303/small"",""medium"":""https://images.scrydex.com/magicthegathering/HOB-303/medium"",""large"":""https://images.scrydex.com/magicthegathering/HOB-303/large""}],""rulings"":[],""printings"":[""HOB""],""availability"":[""arena"",""mtgo"",""paper""],""expansion"":{""id"":""HOB"",""name"":""The",sv4a_ja,https://scrydex.com/pokemon/expansions/shiny-treasure-ex/sv4a_ja
886101e6-1619-4b73-a801-2e58eb796198,SVシリーズ,SV4a,レイジングサーフ,304,ポッポ,,"https://images.scrydex.com/magicthegathering/HOB-304/small"",""medium"":""https://images.scrydex.com/magicthegathering/HOB-304/medium"",""large"":""https://images.scrydex.com/magicthegathering/HOB-304/large""}],""rulings"":[],""printings"":[""HOB""],""availability"":[""arena"",""mtgo"",""paper""],""expansion"":{""id"":""HOB"",""name"":""The",sv4a_ja,https://scrydex.com/pokemon/expansions/shiny-treasure-ex/sv4a_ja
f4090c9f-c3b9-4427-838d-e14d0e61431b,SVシリーズ,SV4a,レイジングサーフ,305,ピジョン,,"https://images.scrydex.com/magicthegathering/HOB-305/small"",""medium"":""https://images.scrydex.com/magicthegathering/HOB-305/medium"",""large"":""https://images.scrydex.com/magicthegathering/HOB-305/large""}],""rulings"":[],""printings"":[""HOB""],""availability"":[""arena"",""mtgo"",""paper""],""expansion"":{""id"":""HOB"",""name"":""The",sv4a_ja,https://scrydex.com/pokemon/expansions/shiny-treasure-ex/sv4a_ja
15ae91ce-dc2c-4060-b375-2d34f1b0f9ae,SVシリーズ,SV4a,レイジングサーフ,306,プリン,,"https://images.scrydex.com/magicthegathering/HOB-306/small"",""medium"":""https://images.scrydex.com/magicthegathering/HOB-306/medium"",""large"":""https://images.scrydex.com/magicthegathering/HOB-306/large""}],""rulings"":[],""printings"":[""HOB""],""availability"":[""arena"",""mtgo"",""paper""],""expansion"":{""id"":""HOB"",""name"":""The",sv4a_ja,https://scrydex.com/pokemon/expansions/shiny-treasure-ex/sv4a_ja
71ec6223-0d6f-4c8d-a2d8-75ff62b9e9b7,SVシリーズ,SV4a,レイジングサーフ,307,ドードー,,"https://images.scrydex.com/magicthegathering/HOB-307/small"",""medium"":""https://images.scrydex.com/magicthegathering/HOB-307/medium"",""large"":""https://images.scrydex.com/magicthegathering/HOB-307/large""}],""rulings"":[],""printings"":[""HOB""],""availability"":[""arena"",""mtgo"",""paper""],""expansion"":{""id"":""HOB"",""name"":""The",sv4a_ja,https://scrydex.com/pokemon/expansions/shiny-treasure-ex/sv4a_ja
ed471045-c2ff-4ec8-8030-346aad6e09b7,SVシリーズ,SV4a,レイジングサーフ,308,ドードリオ,,"https://images.scrydex.com/magicthegathering/HOB-308/small"",""medium"":""https://images.scrydex.com/magicthegathering/HOB-308/medium"",""large"":""https://images.scrydex.com/magicthegathering/HOB-308/large""}],""rulings"":[],""printings"":[""HOB""],""availability"":[""arena"",""mtgo"",""paper""],""expansion"":{""id"":""HOB"",""name"":""The",sv4a_ja,https://scrydex.com/pokemon/expansions/shiny-treasure-ex/sv4a_ja
ebcb84c0-4f9a-4b77-bb9e-caae3ea7a273,SVシリーズ,SV4a,レイジングサーフ,309,メタモン,,"https://images.scrydex.com/magicthegathering/HOB-309/small"",""medium"":""https://images.scrydex.com/magicthegathering/HOB-309/medium"",""large"":""https://images.scrydex.com/magicthegathering/HOB-309/large""}],""rulings"":[],""printings"":[""HOB""],""availability"":[""arena"",""mtgo"",""paper""],""expansion"":{""id"":""HOB"",""name"":""The",sv4a_ja,https://scrydex.com/pokemon/expansions/shiny-treasure-ex/sv4a_ja
538e0611-c088-4b77-abe5-316389a4a2d7,SVシリーズ,SV4a,レイジングサーフ,310,カビゴン,,"https://images.scrydex.com/magicthegathering/HOB-310/small"",""medium"":""https://images.scrydex.com/magicthegathering/HOB-310/medium"",""large"":""https://images.scrydex.com/magicthegathering/HOB-310/large""}],""rulings"":[],""printings"":[""HOB""],""availability"":[""arena"",""mtgo"",""paper""],""expansion"":{""id"":""HOB"",""name"":""The",sv4a_ja,https://scrydex.com/pokemon/expansions/shiny-treasure-ex/sv4a_ja
6cc03142-6a52-48d0-adcd-3ac50f84f8ba,SVシリーズ,SV4a,レイジングサーフ,311,キャモメ,,"https://images.scrydex.com/magicthegathering/HOB-311/small"",""medium"":""https://images.scrydex.com/magicthegathering/HOB-311/medium"",""large"":""https://images.scrydex.com/magicthegathering/HOB-311/large""}],""rulings"":[],""printings"":[""HOB""],""availability"":[""arena"",""mtgo"",""paper""],""expansion"":{""id"":""HOB"",""name"":""The",sv4a_ja,https://scrydex.com/pokemon/expansions/shiny-treasure-ex/sv4a_ja
e7df8302-78aa-4e29-8eb5-f61d653665b8,SVシリーズ,SV4a,レイジングサーフ,312,ペリッパー,,"https://images.scrydex.com/magicthegathering/HOB-312/small"",""medium"":""https://images.scrydex.com/magicthegathering/HOB-312/medium"",""large"":""https://images.scrydex.com/magicthegathering/HOB-312/large""}],""rulings"":[],""printings"":[""HOB"",""PURL""],""availability"":[""arena"",""mtgo"",""paper""],""expansion"":{""id"":""HOB"",""name"":""The",sv4a_ja,https://scrydex.com/pokemon/expansions/shiny-treasure-ex/sv4a_ja
037d52a0-62e5-4b01-a796-d2dc251c9884,SVシリーズ,SV4a,レイジングサーフ,313,ホシガリス,,"https://images.scrydex.com/magicthegathering/HOB-313/small"",""medium"":""https://images.scrydex.com/magicthegathering/HOB-313/medium"",""large"":""https://images.scrydex.com/magicthegathering/HOB-313/large""}],""rulings"":[],""printings"":[""10E"",""2ED"",""2XM"",""30A"",""3ED"",""40K"",""4BB"",""4ED"",""5ED"",""6ED"",""7ED"",""8ED"",""9ED"",""ACR"",""AFR"",""AKH"",""AKR"",""ALA"",""ANA"",""ANB"",""ARC"",""ATH"",""AVR"",""BBD"",""BFZ"",""BLB"",""BRB"",""BRC"",""BRO"",""C13"",""C14"",""C15"",""C16"",""C17"",""C18"",""C19"",""CED"",""CEI"",""CHK"",""CLB"",""CLU"",""CM2"",""CMA"",""CMD"",""CMM"",""CMR"",""CST"",""DDC"",""DDE"",""DDF"",""DDG"",""DDH"",""DDI"",""DDK"",""DDL"",""DDN"",""DDO"",""DDP"",""DDQ"",""DFT"",""DMR"",""DMU"",""DOM"",""DSK"",""DTK"",""DVD"",""E01"",""ECL"",""ELD"",""EOE"",""FBB"",""FDN"",""FIC"",""FIN"",""FRF"",""G17"",""GK1"",""GK2"",""GN2"",""GN3"",""GNT"",""GRN"",""GS1"",""H09"",""HBG"",""HOB"",""HOP"",""HOU"",""ICE"",""IKO"",""INR"",""INV"",""ISD"",""ITP"",""J14"",""J22"",""J25"",""JMP"",""KHM"",""KLD"",""KLR"",""KTK"",""LCI"",""LEA"",""LEB"",""LRW"",""LTR"",""M10"",""M11"",""M12"",""M13"",""M14"",""M15"",""M19"",""M20"",""M21"",""MBS"",""MD1"",""ME1"",""ME3"",""MH2"",""MH3"",""MID"",""MIR"",""MKM"",""MMQ"",""MOM"",""MRD"",""MSC"",""MSH"",""NEO"",""NPH"",""ODY"",""OLEP"",""ONE"",""ONS"",""ORI"",""OTJ"",""P02"",""P23"",""PAL00"",""PAL01"",""PAL03"",""PAL04"",""PAL05"",""PAL06"",""PAL99"",""PALP"",""PANA"",""PARL"",""PC2"",""PCA"",""PDGM"",""PELP"",""PF19"",""PF20"",""PGPX"",""PGRU"",""PIP"",""PL26"",""PLST"",""PMPS"",""PMPS06"",""PMPS07"",""PMPS08"",""PMPS09"",""PMPS10"",""PMPS11"",""POR"",""PPP1"",""PRM"",""PRW2"",""PRWK"",""PS11"",""PSAL"",""PSS2"",""PSS3"",""PSS4"",""PTC"",""PTK"",""PZ2"",""RAV"",""REX"",""RIX"",""RNA"",""ROE"",""RQS"",""RTR"",""S99"",""SCD"",""SHM"",""SIR"",""SLD"",""SLP"",""SNC"",""SOI"",""SOM"",""SOS"",""SPM"",""STX"",""SUM"",""TD0"",""TD2"",""TDM"",""THB"",""THS"",""TLA"",""TLE"",""TMP"",""TMT"",""TPR"",""TSP"",""UGL"",""UND"",""UNF"",""UNH"",""USG"",""UST"",""VOW"",""WAR"",""WC00"",""WC02"",""WC03"",""WC04"",""WC97"",""WC98"",""WHO"",""WOE"",""XANA"",""XLN"",""ZEN"",""ZNR""],""availability"":[""arena"",""mtgo"",""paper""],""expansion"":{""id"":""HOB"",""name"":""The",sv4a_ja,https://scrydex.com/pokemon/expansions/shiny-treasure-ex/sv4a_ja
bfa579fe-5b06-47fa-9d8d-4d3687e214d5,SVシリーズ,SV4a,レイジングサーフ,314,ヨクバリス,,"https://images.scrydex.com/magicthegathering/HOB-314/small"",""medium"":""https://images.scrydex.com/magicthegathering/HOB-314/medium"",""large"":""https://images.scrydex.com/magicthegathering/HOB-314/large""}],""rulings"":[],""printings"":[""10E"",""2ED"",""2XM"",""30A"",""3ED"",""40K"",""4BB"",""4ED"",""5ED"",""6ED"",""7ED"",""8ED"",""9ED"",""ACR"",""AFR"",""AKH"",""AKR"",""ALA"",""ANA"",""ANB"",""ARC"",""ATH"",""AVR"",""BBD"",""BFZ"",""BLB"",""BRB"",""BRC"",""BRO"",""C13"",""C14"",""C15"",""C16"",""C17"",""C18"",""C19"",""CED"",""CEI"",""CHK"",""CLB"",""CLU"",""CM2"",""CMA"",""CMD"",""CMM"",""CMR"",""CST"",""DDC"",""DDE"",""DDF"",""DDG"",""DDH"",""DDI"",""DDK"",""DDL"",""DDN"",""DDO"",""DDP"",""DDQ"",""DFT"",""DMR"",""DMU"",""DOM"",""DSK"",""DTK"",""DVD"",""E01"",""ECL"",""ELD"",""EOE"",""FBB"",""FDN"",""FIC"",""FIN"",""FRF"",""G17"",""GK1"",""GK2"",""GN2"",""GN3"",""GNT"",""GRN"",""GS1"",""H09"",""HBG"",""HOB"",""HOP"",""HOU"",""ICE"",""IKO"",""INR"",""INV"",""ISD"",""ITP"",""J14"",""J22"",""J25"",""JMP"",""KHM"",""KLD"",""KLR"",""KTK"",""LCI"",""LEA"",""LEB"",""LRW"",""LTR"",""M10"",""M11"",""M12"",""M13"",""M14"",""M15"",""M19"",""M20"",""M21"",""MBS"",""MD1"",""ME1"",""ME3"",""MH2"",""MH3"",""MID"",""MIR"",""MKM"",""MMQ"",""MOM"",""MRD"",""MSC"",""MSH"",""NEO"",""NPH"",""ODY"",""OLEP"",""ONE"",""ONS"",""ORI"",""OTJ"",""P02"",""P23"",""PAL00"",""PAL01"",""PAL03"",""PAL04"",""PAL05"",""PAL06"",""PAL99"",""PALP"",""PANA"",""PARL"",""PC2"",""PCA"",""PDGM"",""PELP"",""PF19"",""PF20"",""PGPX"",""PGRU"",""PIP"",""PL26"",""PLST"",""PMPS"",""PMPS06"",""PMPS07"",""PMPS08"",""PMPS09"",""PMPS10"",""PMPS11"",""POR"",""PPP1"",""PRM"",""PRW2"",""PRWK"",""PS11"",""PSAL"",""PSS2"",""PSS3"",""PSS4"",""PTC"",""PTK"",""PZ2"",""RAV"",""REX"",""RIX"",""RNA"",""ROE"",""RQS"",""RTR"",""S99"",""SCD"",""SHM"",""SIR"",""SLD"",""SLP"",""SNC"",""SOI"",""SOM"",""SOS"",""SPM"",""STX"",""SUM"",""TD0"",""TD2"",""TDM"",""THB"",""THS"",""TLA"",""TLE"",""TMP"",""TMT"",""TPR"",""TSP"",""UGL"",""UND"",""UNF"",""UNH"",""USG"",""UST"",""VOW"",""WAR"",""WC00"",""WC02"",""WC03"",""WC04"",""WC97"",""WC98"",""WHO"",""WOE"",""XANA"",""XLN"",""ZEN"",""ZNR""],""availability"":[""arena"",""mtgo"",""paper""],""expansion"":{""id"":""HOB"",""name"":""The",sv4a_ja,https://scrydex.com/pokemon/expansions/shiny-treasure-ex/sv4a_ja
cf51e28c-af55-4529-8fc2-c2170875fccc,SVシリーズ,SV4a,レイジングサーフ,315,グルトン,,"https://images.scrydex.com/magicthegathering/HOB-315/small"",""medium"":""https://images.scrydex.com/magicthegathering/HOB-315/medium"",""large"":""https://images.scrydex.com/magicthegathering/HOB-315/large""}],""rulings"":[],""printings"":[""10E"",""2ED"",""2XM"",""30A"",""3ED"",""40K"",""4BB"",""4ED"",""5ED"",""6ED"",""7ED"",""8ED"",""9ED"",""ACR"",""AFR"",""AKH"",""AKR"",""ALA"",""ANA"",""ANB"",""ARC"",""ATH"",""AVR"",""BBD"",""BFZ"",""BLB"",""BRB"",""BRC"",""BRO"",""C13"",""C14"",""C15"",""C16"",""C17"",""C18"",""C19"",""CED"",""CEI"",""CHK"",""CLB"",""CLU"",""CM2"",""CMA"",""CMD"",""CMM"",""CMR"",""CST"",""DDC"",""DDE"",""DDF"",""DDG"",""DDH"",""DDI"",""DDK"",""DDL"",""DDN"",""DDO"",""DDP"",""DDQ"",""DFT"",""DMR"",""DMU"",""DOM"",""DSK"",""DTK"",""DVD"",""E01"",""ECL"",""ELD"",""EOE"",""FBB"",""FDN"",""FIC"",""FIN"",""FRF"",""G17"",""GK1"",""GK2"",""GN2"",""GN3"",""GNT"",""GRN"",""GS1"",""H09"",""HBG"",""HOB"",""HOP"",""HOU"",""ICE"",""IKO"",""INR"",""INV"",""ISD"",""ITP"",""J14"",""J22"",""J25"",""JMP"",""KHM"",""KLD"",""KLR"",""KTK"",""LCI"",""LEA"",""LEB"",""LRW"",""LTR"",""M10"",""M11"",""M12"",""M13"",""M14"",""M15"",""M19"",""M20"",""M21"",""MBS"",""MD1"",""ME1"",""ME3"",""MH2"",""MH3"",""MID"",""MIR"",""MKM"",""MMQ"",""MOM"",""MRD"",""MSC"",""MSH"",""NEO"",""NPH"",""ODY"",""OLEP"",""ONE"",""ONS"",""ORI"",""OTJ"",""P02"",""P23"",""PAL00"",""PAL01"",""PAL03"",""PAL04"",""PAL05"",""PAL06"",""PAL99"",""PALP"",""PANA"",""PARL"",""PC2"",""PCA"",""PDGM"",""PELP"",""PF19"",""PF20"",""PGPX"",""PGRU"",""PIP"",""PL26"",""PLST"",""PMPS"",""PMPS06"",""PMPS07"",""PMPS08"",""PMPS09"",""PMPS10"",""PMPS11"",""POR"",""PPP1"",""PRM"",""PRW2"",""PRWK"",""PS11"",""PSAL"",""PSS2"",""PSS3"",""PSS4"",""PTC"",""PTK"",""PZ2"",""RAV"",""REX"",""RIX"",""RNA"",""ROE"",""RQS"",""RTR"",""S99"",""SCD"",""SHM"",""SIR"",""SLD"",""SLP"",""SNC"",""SOI"",""SOM"",""SOS"",""SPM"",""STX"",""SUM"",""TD0"",""TD2"",""TDM"",""THB"",""THS"",""TLA"",""TLE"",""TMP"",""TMT"",""TPR"",""TSP"",""UGL"",""UND"",""UNF"",""UNH"",""USG"",""UST"",""VOW"",""WAR"",""WC00"",""WC02"",""WC03"",""WC04"",""WC97"",""WC98"",""WHO"",""WOE"",""XANA"",""XLN"",""ZEN"",""ZNR""],""availability"":[""arena"",""mtgo"",""paper""],""expansion"":{""id"":""HOB"",""name"":""The",sv4a_ja,https://scrydex.com/pokemon/expansions/shiny-treasure-ex/sv4a_ja
95ad697a-e39a-48b7-98e7-b436a2f736b7,SVシリーズ,SV4a,レイジングサーフ,316,パフュートン,,"https://images.scrydex.com/magicthegathering/HOB-316/small"",""medium"":""https://images.scrydex.com/magicthegathering/HOB-316/medium"",""large"":""https://images.scrydex.com/magicthegathering/HOB-316/large""}],""rulings"":[],""printings"":[""10E"",""2ED"",""2XM"",""30A"",""3ED"",""40K"",""4BB"",""4ED"",""5ED"",""6ED"",""7ED"",""8ED"",""9ED"",""ACR"",""AFR"",""AKH"",""AKR"",""ALA"",""ANA"",""ANB"",""ARC"",""ATH"",""AVR"",""BBD"",""BFZ"",""BLB"",""BRB"",""BRC"",""BRO"",""C13"",""C14"",""C15"",""C16"",""C17"",""C18"",""C19"",""CED"",""CEI"",""CHK"",""CLB"",""CLU"",""CM2"",""CMA"",""CMD"",""CMM"",""CMR"",""CST"",""DDC"",""DDE"",""DDF"",""DDG"",""DDH"",""DDI"",""DDK"",""DDL"",""DDN"",""DDO"",""DDP"",""DDQ"",""DFT"",""DMR"",""DMU"",""DOM"",""DSK"",""DTK"",""DVD"",""E01"",""ECL"",""ELD"",""EOE"",""FBB"",""FDN"",""FIC"",""FIN"",""FRF"",""G17"",""GK1"",""GK2"",""GN2"",""GN3"",""GNT"",""GRN"",""GS1"",""H09"",""HBG"",""HOB"",""HOP"",""HOU"",""ICE"",""IKO"",""INR"",""INV"",""ISD"",""ITP"",""J14"",""J22"",""J25"",""JMP"",""KHM"",""KLD"",""KLR"",""KTK"",""LCI"",""LEA"",""LEB"",""LRW"",""LTR"",""M10"",""M11"",""M12"",""M13"",""M14"",""M15"",""M19"",""M20"",""M21"",""MBS"",""MD1"",""ME1"",""ME3"",""MH2"",""MH3"",""MID"",""MIR"",""MKM"",""MMQ"",""MOM"",""MRD"",""MSC"",""MSH"",""NEO"",""NPH"",""ODY"",""OLEP"",""ONE"",""ONS"",""ORI"",""OTJ"",""P02"",""P23"",""PAL00"",""PAL01"",""PAL03"",""PAL04"",""PAL05"",""PAL06"",""PAL99"",""PALP"",""PANA"",""PARL"",""PC2"",""PCA"",""PDGM"",""PELP"",""PF19"",""PF20"",""PGPX"",""PGRU"",""PIP"",""PL26"",""PLST"",""PMPS"",""PMPS06"",""PMPS07"",""PMPS08"",""PMPS09"",""PMPS10"",""PMPS11"",""POR"",""PPP1"",""PRM"",""PRW2"",""PRWK"",""PS11"",""PSAL"",""PSS2"",""PSS3"",""PSS4"",""PTC"",""PTK"",""PZ2"",""RAV"",""REX"",""RIX"",""RNA"",""ROE"",""RQS"",""RTR"",""S99"",""SCD"",""SHM"",""SIR"",""SLD"",""SLP"",""SNC"",""SOI"",""SOM"",""SOS"",""SPM"",""STX"",""SUM"",""TD0"",""TD2"",""TDM"",""THB"",""THS"",""TLA"",""TLE"",""TMP"",""TMT"",""TPR"",""TSP"",""UGL"",""UND"",""UNF"",""UNH"",""USG"",""UST"",""VOW"",""WAR"",""WC00"",""WC02"",""WC03"",""WC04"",""WC97"",""WC98"",""WHO"",""WOE"",""XANA"",""XLN"",""ZEN"",""ZNR""],""availability"":[""arena"",""mtgo"",""paper""],""expansion"":{""id"":""HOB"",""name"":""The",sv4a_ja,https://scrydex.com/pokemon/expansions/shiny-treasure-ex/sv4a_ja
afe9dcfa-a5c5-48a3-9400-c3e731f6b5fd,SVシリーズ,SV4a,レイジングサーフ,317,ワッカネズミ,,"https://images.scrydex.com/magicthegathering/HOB-317/small"",""medium"":""https://images.scrydex.com/magicthegathering/HOB-317/medium"",""large"":""https://images.scrydex.com/magicthegathering/HOB-317/large""}],""rulings"":[],""printings"":[""10E"",""2ED"",""2XM"",""30A"",""3ED"",""40K"",""4BB"",""4ED"",""5ED"",""6ED"",""7ED"",""8ED"",""9ED"",""ACR"",""AFR"",""AKH"",""AKR"",""ALA"",""ANA"",""ANB"",""ARC"",""ATH"",""AVR"",""BBD"",""BFZ"",""BLB"",""BRB"",""BRC"",""BRO"",""C13"",""C14"",""C15"",""C16"",""C17"",""C18"",""C19"",""CED"",""CEI"",""CHK"",""CLB"",""CLU"",""CM2"",""CMA"",""CMD"",""CMM"",""CMR"",""CST"",""DDC"",""DDE"",""DDF"",""DDG"",""DDH"",""DDI"",""DDK"",""DDL"",""DDN"",""DDO"",""DDP"",""DDQ"",""DFT"",""DMR"",""DMU"",""DOM"",""DSK"",""DTK"",""DVD"",""E01"",""ECL"",""ELD"",""EOE"",""FBB"",""FDN"",""FIC"",""FIN"",""FRF"",""G17"",""GK1"",""GK2"",""GN2"",""GN3"",""GNT"",""GRN"",""GS1"",""H09"",""HBG"",""HOB"",""HOP"",""HOU"",""ICE"",""IKO"",""INR"",""INV"",""ISD"",""ITP"",""J14"",""J22"",""J25"",""JMP"",""KHM"",""KLD"",""KLR"",""KTK"",""LCI"",""LEA"",""LEB"",""LRW"",""LTR"",""M10"",""M11"",""M12"",""M13"",""M14"",""M15"",""M19"",""M20"",""M21"",""MBS"",""MD1"",""ME1"",""ME3"",""MH2"",""MH3"",""MID"",""MIR"",""MKM"",""MMQ"",""MOM"",""MRD"",""MSC"",""MSH"",""NEO"",""NPH"",""ODY"",""OLEP"",""ONE"",""ONS"",""ORI"",""OTJ"",""P02"",""P23"",""PAL00"",""PAL01"",""PAL03"",""PAL04"",""PAL05"",""PAL06"",""PAL99"",""PALP"",""PANA"",""PARL"",""PC2"",""PCA"",""PDGM"",""PELP"",""PF19"",""PF20"",""PGPX"",""PGRU"",""PIP"",""PL26"",""PLST"",""PMPS"",""PMPS06"",""PMPS07"",""PMPS08"",""PMPS09"",""PMPS10"",""PMPS11"",""POR"",""PPP1"",""PRM"",""PRW2"",""PRWK"",""PS11"",""PSAL"",""PSS2"",""PSS3"",""PSS4"",""PTC"",""PTK"",""PZ2"",""RAV"",""REX"",""RIX"",""RNA"",""ROE"",""RQS"",""RTR"",""S99"",""SCD"",""SHM"",""SIR"",""SLD"",""SLP"",""SNC"",""SOI"",""SOM"",""SOS"",""SPM"",""STX"",""SUM"",""TD0"",""TD2"",""TDM"",""THB"",""THS"",""TLA"",""TLE"",""TMP"",""TMT"",""TPR"",""TSP"",""UGL"",""UND"",""UNF"",""UNH"",""USG"",""UST"",""VOW"",""WAR"",""WC00"",""WC02"",""WC03"",""WC04"",""WC97"",""WC98"",""WHO"",""WOE"",""XANA"",""XLN"",""ZEN"",""ZNR""],""availability"":[""arena"",""mtgo"",""paper""],""expansion"":{""id"":""HOB"",""name"":""The",sv4a_ja,https://scrydex.com/pokemon/expansions/shiny-treasure-ex/sv4a_ja
12da38b7-afa3-4dcf-a641-4dc00756ab06,SVシリーズ,SV4a,レイジングサーフ,318,イッカネズミ,,"https://images.scrydex.com/magicthegathering/HOB-318/small"",""medium"":""https://images.scrydex.com/magicthegathering/HOB-318/medium"",""large"":""https://images.scrydex.com/magicthegathering/HOB-318/large""}],""rulings"":[],""printings"":[""10E"",""2ED"",""2XM"",""30A"",""3ED"",""40K"",""4BB"",""4ED"",""5ED"",""6ED"",""7ED"",""8ED"",""9ED"",""ACR"",""AFR"",""AKH"",""AKR"",""ALA"",""ANA"",""ANB"",""ARC"",""ATH"",""AVR"",""BBD"",""BFZ"",""BLB"",""BRB"",""BRC"",""BRO"",""C13"",""C14"",""C15"",""C16"",""C17"",""C18"",""C19"",""CED"",""CEI"",""CHK"",""CLB"",""CLU"",""CM2"",""CMA"",""CMD"",""CMM"",""CMR"",""CST"",""DDC"",""DDE"",""DDF"",""DDG"",""DDH"",""DDI"",""DDK"",""DDL"",""DDN"",""DDO"",""DDP"",""DDQ"",""DFT"",""DMR"",""DMU"",""DOM"",""DSK"",""DTK"",""DVD"",""E01"",""ECL"",""ELD"",""EOE"",""FBB"",""FDN"",""FIC"",""FIN"",""FRF"",""G17"",""GK1"",""GK2"",""GN2"",""GN3"",""GNT"",""GRN"",""GS1"",""H09"",""HBG"",""HOB"",""HOP"",""HOU"",""ICE"",""IKO"",""INR"",""INV"",""ISD"",""ITP"",""J14"",""J22"",""J25"",""JMP"",""KHM"",""KLD"",""KLR"",""KTK"",""LCI"",""LEA"",""LEB"",""LRW"",""LTR"",""M10"",""M11"",""M12"",""M13"",""M14"",""M15"",""M19"",""M20"",""M21"",""MBS"",""MD1"",""ME1"",""ME3"",""MH2"",""MH3"",""MID"",""MIR"",""MKM"",""MMQ"",""MOM"",""MRD"",""MSC"",""MSH"",""NEO"",""NPH"",""ODY"",""OLEP"",""ONE"",""ONS"",""ORI"",""OTJ"",""P02"",""P23"",""PAL00"",""PAL01"",""PAL03"",""PAL04"",""PAL05"",""PAL06"",""PAL99"",""PALP"",""PANA"",""PARL"",""PC2"",""PCA"",""PDGM"",""PELP"",""PF19"",""PF20"",""PGPX"",""PGRU"",""PIP"",""PL26"",""PLST"",""PMPS"",""PMPS06"",""PMPS07"",""PMPS08"",""PMPS09"",""PMPS10"",""PMPS11"",""POR"",""PPP1"",""PRM"",""PRW2"",""PRWK"",""PS11"",""PSAL"",""PSS2"",""PSS3"",""PSS4"",""PTC"",""PTK"",""PZ2"",""RAV"",""REX"",""RIX"",""RNA"",""ROE"",""RQS"",""RTR"",""S99"",""SCD"",""SHM"",""SIR"",""SLD"",""SLP"",""SNC"",""SOI"",""SOM"",""SOS"",""SPM"",""STX"",""SUM"",""TD0"",""TD2"",""TDM"",""THB"",""THS"",""TLA"",""TLE"",""TMP"",""TMT"",""TPR"",""TSP"",""UGL"",""UND"",""UNF"",""UNH"",""USG"",""UST"",""VOW"",""WAR"",""WC00"",""WC02"",""WC03"",""WC04"",""WC97"",""WC98"",""WHO"",""WOE"",""XANA"",""XLN"",""ZEN"",""ZNR""],""availability"":[""arena"",""mtgo"",""paper""],""expansion"":{""id"":""HOB"",""name"":""The",sv4a_ja,https://scrydex.com/pokemon/expansions/shiny-treasure-ex/sv4a_ja
7ecee3ef-fe5a-4c70-9c14-9d980d58a138,SVシリーズ,SV4a,レイジングサーフ,319,カラミンゴ,,"https://images.scrydex.com/magicthegathering/HOB-319/small"",""medium"":""https://images.scrydex.com/magicthegathering/HOB-319/medium"",""large"":""https://images.scrydex.com/magicthegathering/HOB-319/large""}],""rulings"":[],""printings"":[""10E"",""2ED"",""2XM"",""30A"",""3ED"",""40K"",""4BB"",""4ED"",""5ED"",""6ED"",""7ED"",""8ED"",""9ED"",""ACR"",""AFR"",""AKH"",""AKR"",""ALA"",""ANA"",""ANB"",""ARC"",""ATH"",""AVR"",""BBD"",""BFZ"",""BLB"",""BRB"",""BRC"",""BRO"",""C13"",""C14"",""C15"",""C16"",""C17"",""C18"",""C19"",""CED"",""CEI"",""CHK"",""CLB"",""CLU"",""CM2"",""CMA"",""CMD"",""CMM"",""CMR"",""CST"",""DDC"",""DDE"",""DDF"",""DDG"",""DDH"",""DDI"",""DDK"",""DDL"",""DDN"",""DDO"",""DDP"",""DDQ"",""DFT"",""DMR"",""DMU"",""DOM"",""DSK"",""DTK"",""DVD"",""E01"",""ECL"",""ELD"",""EOE"",""FBB"",""FDN"",""FIC"",""FIN"",""FRF"",""G17"",""GK1"",""GK2"",""GN2"",""GN3"",""GNT"",""GRN"",""GS1"",""H09"",""HBG"",""HOB"",""HOP"",""HOU"",""ICE"",""IKO"",""INR"",""INV"",""ISD"",""ITP"",""J14"",""J22"",""J25"",""JMP"",""KHM"",""KLD"",""KLR"",""KTK"",""LCI"",""LEA"",""LEB"",""LRW"",""LTR"",""M10"",""M11"",""M12"",""M13"",""M14"",""M15"",""M19"",""M20"",""M21"",""MBS"",""MD1"",""ME1"",""ME3"",""MH2"",""MH3"",""MID"",""MIR"",""MKM"",""MMQ"",""MOM"",""MRD"",""MSC"",""MSH"",""NEO"",""NPH"",""ODY"",""OLEP"",""ONE"",""ONS"",""ORI"",""OTJ"",""P02"",""P23"",""PAL00"",""PAL01"",""PAL03"",""PAL04"",""PAL05"",""PAL06"",""PAL99"",""PALP"",""PANA"",""PARL"",""PC2"",""PCA"",""PDGM"",""PELP"",""PF19"",""PF20"",""PGPX"",""PGRU"",""PIP"",""PL26"",""PLST"",""PMPS"",""PMPS06"",""PMPS07"",""PMPS08"",""PMPS09"",""PMPS10"",""PMPS11"",""POR"",""PPP1"",""PRM"",""PRW2"",""PRWK"",""PS11"",""PSAL"",""PSS2"",""PSS3"",""PSS4"",""PTC"",""PTK"",""PZ2"",""RAV"",""REX"",""RIX"",""RNA"",""ROE"",""RQS"",""RTR"",""S99"",""SCD"",""SHM"",""SIR"",""SLD"",""SLP"",""SNC"",""SOI"",""SOM"",""SOS"",""SPM"",""STX"",""SUM"",""TD0"",""TD2"",""TDM"",""THB"",""THS"",""TLA"",""TLE"",""TMP"",""TMT"",""TPR"",""TSP"",""UGL"",""UND"",""UNF"",""UNH"",""USG"",""UST"",""VOW"",""WAR"",""WC00"",""WC02"",""WC03"",""WC04"",""WC97"",""WC98"",""WHO"",""WOE"",""XANA"",""XLN"",""ZEN"",""ZNR""],""availability"":[""arena"",""mtgo"",""paper""],""expansion"":{""id"":""HOB"",""name"":""The",sv4a_ja,https://scrydex.com/pokemon/expansions/shiny-treasure-ex/sv4a_ja
54e65dd5-21a2-43ad-91ce-caa06ffc5453,SVシリーズ,SV4a,レイジングサーフ,320,フォレトスex,,"https://images.scrydex.com/magicthegathering/HOB-320/small"",""medium"":""https://images.scrydex.com/magicthegathering/HOB-320/medium"",""large"":""https://images.scrydex.com/magicthegathering/HOB-320/large""}],""rulings"":[],""printings"":[""10E"",""2ED"",""2XM"",""30A"",""3ED"",""40K"",""4BB"",""4ED"",""5ED"",""6ED"",""7ED"",""8ED"",""9ED"",""ACR"",""AFR"",""AKH"",""AKR"",""ALA"",""ANA"",""ANB"",""ARC"",""ATH"",""AVR"",""BBD"",""BFZ"",""BLB"",""BRB"",""BRC"",""BRO"",""C13"",""C14"",""C15"",""C16"",""C17"",""C18"",""C19"",""CED"",""CEI"",""CHK"",""CLB"",""CLU"",""CM2"",""CMA"",""CMD"",""CMM"",""CMR"",""CST"",""DDC"",""DDE"",""DDF"",""DDG"",""DDH"",""DDI"",""DDK"",""DDL"",""DDN"",""DDO"",""DDP"",""DDQ"",""DFT"",""DMR"",""DMU"",""DOM"",""DSK"",""DTK"",""DVD"",""E01"",""ECL"",""ELD"",""EOE"",""FBB"",""FDN"",""FIC"",""FIN"",""FRF"",""G17"",""GK1"",""GK2"",""GN2"",""GN3"",""GNT"",""GRN"",""GS1"",""H09"",""HBG"",""HOB"",""HOP"",""HOU"",""ICE"",""IKO"",""INR"",""INV"",""ISD"",""ITP"",""J14"",""J22"",""J25"",""JMP"",""KHM"",""KLD"",""KLR"",""KTK"",""LCI"",""LEA"",""LEB"",""LRW"",""LTR"",""M10"",""M11"",""M12"",""M13"",""M14"",""M15"",""M19"",""M20"",""M21"",""MBS"",""MD1"",""ME1"",""ME3"",""MH2"",""MH3"",""MID"",""MIR"",""MKM"",""MMQ"",""MOM"",""MRD"",""MSC"",""MSH"",""NEO"",""NPH"",""ODY"",""OLEP"",""ONE"",""ONS"",""ORI"",""OTJ"",""P02"",""P23"",""PAL00"",""PAL01"",""PAL03"",""PAL04"",""PAL05"",""PAL06"",""PAL99"",""PALP"",""PANA"",""PARL"",""PC2"",""PCA"",""PDGM"",""PELP"",""PF19"",""PF20"",""PGPX"",""PGRU"",""PIP"",""PL26"",""PLST"",""PMPS"",""PMPS06"",""PMPS07"",""PMPS08"",""PMPS09"",""PMPS10"",""PMPS11"",""POR"",""PPP1"",""PRM"",""PRW2"",""PRWK"",""PS11"",""PSAL"",""PSS2"",""PSS3"",""PSS4"",""PTC"",""PTK"",""PZ2"",""RAV"",""REX"",""RIX"",""RNA"",""ROE"",""RQS"",""RTR"",""S99"",""SCD"",""SHM"",""SIR"",""SLD"",""SLP"",""SNC"",""SOI"",""SOM"",""SOS"",""SPM"",""STX"",""SUM"",""TD0"",""TD2"",""TDM"",""THB"",""THS"",""TLA"",""TLE"",""TMP"",""TMT"",""TPR"",""TSP"",""UGL"",""UND"",""UNF"",""UNH"",""USG"",""UST"",""VOW"",""WAR"",""WC00"",""WC02"",""WC03"",""WC04"",""WC97"",""WC98"",""WHO"",""WOE"",""XANA"",""XLN"",""ZEN"",""ZNR""],""availability"":[""arena"",""mtgo"",""paper""],""expansion"":{""id"":""HOB"",""name"":""The",sv4a_ja,https://scrydex.com/pokemon/expansions/shiny-treasure-ex/sv4a_ja
5e4fd77d-e801-4fe8-aacb-e051c4ace774,SVシリーズ,SV4a,レイジングサーフ,321,マスカーニャex,,"https://images.scrydex.com/magicthegathering/HOB-321/small"",""medium"":""https://images.scrydex.com/magicthegathering/HOB-321/medium"",""large"":""https://images.scrydex.com/magicthegathering/HOB-321/large""}],""rulings"":[],""printings"":[""HOB""],""availability"":[""arena"",""mtgo"",""paper""],""expansion"":{""id"":""HOB"",""name"":""The",sv4a_ja,https://scrydex.com/pokemon/expansions/shiny-treasure-ex/sv4a_ja
ceac7555-d6eb-49cb-9575-96b5595f7976,SVシリーズ,SV4a,レイジングサーフ,322,リククラゲex,,"https://images.scrydex.com/magicthegathering/MSH-322/small"",""medium"":""https://images.scrydex.com/magicthegathering/MSH-322/medium"",""large"":""https://images.scrydex.com/magicthegathering/MSH-322/large""}],""rulings"":[],""printings"":[""MSH""],""availability"":[""mtgo"",""paper""],""expansion"":{""id"":""MSH"",""name"":""Marvel",sv4a_ja,https://scrydex.com/pokemon/expansions/shiny-treasure-ex/sv4a_ja
ec2ad8c6-d4ff-4faa-b0b8-44be7918e72e,SVシリーズ,SV4a,レイジングサーフ,323,クエスパトラex,,"https://images.scrydex.com/magicthegathering/MSH-323/small"",""medium"":""https://images.scrydex.com/magicthegathering/MSH-323/medium"",""large"":""https://images.scrydex.com/magicthegathering/MSH-323/large""}],""rulings"":[],""printings"":[""MSH""],""availability"":[""mtgo"",""paper""],""expansion"":{""id"":""MSH"",""name"":""Marvel",sv4a_ja,https://scrydex.com/pokemon/expansions/shiny-treasure-ex/sv4a_ja
0b4d1c9b-b617-4fe3-a07f-818d35aa24d7,SVシリーズ,SV4a,レイジングサーフ,324,ラウドボーンex,,"https://images.scrydex.com/magicthegathering/MSH-324/small"",""medium"":""https://images.scrydex.com/magicthegathering/MSH-324/medium"",""large"":""https://images.scrydex.com/magicthegathering/MSH-324/large""}],""rulings"":[],""printings"":[""MSH""],""availability"":[""mtgo"",""paper""],""expansion"":{""id"":""MSH"",""name"":""Marvel",sv4a_ja,https://scrydex.com/pokemon/expansions/shiny-treasure-ex/sv4a_ja
eff67dcf-260d-4872-b896-c4cbf214fe7e,SVシリーズ,SV4a,レイジングサーフ,325,ウェーニバルex,,"https://images.scrydex.com/magicthegathering/MSH-325/small"",""medium"":""https://images.scrydex.com/magicthegathering/MSH-325/medium"",""large"":""https://images.scrydex.com/magicthegathering/MSH-325/large""}],""rulings"":[],""printings"":[""MSH""],""availability"":[""mtgo"",""paper""],""expansion"":{""id"":""MSH"",""name"":""Marvel",sv4a_ja,https://scrydex.com/pokemon/expansions/shiny-treasure-ex/sv4a_ja
069d91a7-f600-4e71-92d5-b69612193352,SVシリーズ,SV4a,レイジングサーフ,326,フーディンex,,"https://images.scrydex.com/magicthegathering/MSH-326/small"",""medium"":""https://images.scrydex.com/magicthegathering/MSH-326/medium"",""large"":""https://images.scrydex.com/magicthegathering/MSH-326/large""}],""rulings"":[],""printings"":[""MSH"",""PSPL""],""availability"":[""mtgo"",""paper""],""expansion"":{""id"":""MSH"",""name"":""Marvel",sv4a_ja,https://scrydex.com/pokemon/expansions/shiny-treasure-ex/sv4a_ja
2dddcada-5e42-4abf-9416-ded83772c2cc,SVシリーズ,SV4a,レイジングサーフ,327,ミュウex,,"https://images.scrydex.com/magicthegathering/MSH-327/small"",""medium"":""https://images.scrydex.com/magicthegathering/MSH-327/medium"",""large"":""https://images.scrydex.com/magicthegathering/MSH-327/large""}],""rulings"":[],""printings"":[""MSH""],""availability"":[""mtgo"",""paper""],""expansion"":{""id"":""MSH"",""name"":""Marvel",sv4a_ja,https://scrydex.com/pokemon/expansions/shiny-treasure-ex/sv4a_ja
b3bacd15-354c-4a2a-9e86-79379245fc4d,SVシリーズ,SV4a,レイジングサーフ,328,サーナイトex,,"https://images.scrydex.com/magicthegathering/MSH-328/small"",""medium"":""https://images.scrydex.com/magicthegathering/MSH-328/medium"",""large"":""https://images.scrydex.com/magicthegathering/MSH-328/large""},{""type"":""back"",""small"":""https://images.scrydex.com/magicthegathering/MSH-328A/small"",""medium"":""https://images.scrydex.com/magicthegathering/MSH-328A/medium"",""large"":""https://images.scrydex.com/magicthegathering/MSH-328A/large""}],""rulings"":[],""printings"":[""MSH""],""availability"":[""mtgo"",""paper""],""expansion"":{""id"":""MSH"",""name"":""Marvel",sv4a_ja,https://scrydex.com/pokemon/expansions/shiny-treasure-ex/sv4a_ja
6bed662b-52ea-41c2-8ac7-24c6bb0c018d,SVシリーズ,SV4a,レイジングサーフ,329,キラフロルex,,"https://images.scrydex.com/magicthegathering/MSH-329/small"",""medium"":""https://images.scrydex.com/magicthegathering/MSH-329/medium"",""large"":""https://images.scrydex.com/magicthegathering/MSH-329/large""}],""rulings"":[],""printings"":[""MSH""],""availability"":[""mtgo"",""paper""],""expansion"":{""id"":""MSH"",""name"":""Marvel",sv4a_ja,https://scrydex.com/pokemon/expansions/shiny-treasure-ex/sv4a_ja
7a4e81f4-2821-4f5c-a86e-a21177c9b53f,SVシリーズ,SV4a,レイジングサーフ,330,イダイナキバex,,"https://images.scrydex.com/magicthegathering/MSH-330/small"",""medium"":""https://images.scrydex.com/magicthegathering/MSH-330/medium"",""large"":""https://images.scrydex.com/magicthegathering/MSH-330/large""}],""rulings"":[],""printings"":[""MSH""],""availability"":[""mtgo"",""paper""],""expansion"":{""id"":""MSH"",""name"":""Marvel",sv4a_ja,https://scrydex.com/pokemon/expansions/shiny-treasure-ex/sv4a_ja
c0f93694-cb6a-4774-9dc1-7715c1cbdb88,SVシリーズ,SV4a,レイジングサーフ,331,リザードンex,,"https://images.scrydex.com/magicthegathering/MSH-331/small"",""medium"":""https://images.scrydex.com/magicthegathering/MSH-331/medium"",""large"":""https://images.scrydex.com/magicthegathering/MSH-331/large""},{""type"":""back"",""small"":""https://images.scrydex.com/magicthegathering/MSH-331A/small"",""medium"":""https://images.scrydex.com/magicthegathering/MSH-331A/medium"",""large"":""https://images.scrydex.com/magicthegathering/MSH-331A/large""}],""rulings"":[],""printings"":[""MSH""],""availability"":[""mtgo"",""paper""],""expansion"":{""id"":""MSH"",""name"":""Marvel",sv4a_ja,https://scrydex.com/pokemon/expansions/shiny-treasure-ex/sv4a_ja
69972291-f9e0-4a2a-aedf-7fda90fafd9f,SVシリーズ,SV4a,レイジングサーフ,332,パルデア ドオーex,,"https://images.scrydex.com/magicthegathering/MSH-332/small"",""medium"":""https://images.scrydex.com/magicthegathering/MSH-332/medium"",""large"":""https://images.scrydex.com/magicthegathering/MSH-332/large""}],""rulings"":[],""printings"":[""MSH""],""availability"":[""mtgo"",""paper""],""expansion"":{""id"":""MSH"",""name"":""Marvel",sv4a_ja,https://scrydex.com/pokemon/expansions/shiny-treasure-ex/sv4a_ja
b9585ef4-e0f1-4ecd-93e1-c6b245afb14f,SVシリーズ,SV4a,レイジングサーフ,333,テツノワダチex,,"https://images.scrydex.com/magicthegathering/MSH-333/small"",""medium"":""https://images.scrydex.com/magicthegathering/MSH-333/medium"",""large"":""https://images.scrydex.com/magicthegathering/MSH-333/large""}],""rulings"":[],""printings"":[""MSH""],""availability"":[""mtgo"",""paper""],""expansion"":{""id"":""MSH"",""name"":""Marvel",sv4a_ja,https://scrydex.com/pokemon/expansions/shiny-treasure-ex/sv4a_ja
fd379046-f403-4507-b67b-4015de7d0637,SVシリーズ,SV4a,レイジングサーフ,334,オンバーンex,,"https://images.scrydex.com/magicthegathering/MSH-334/small"",""medium"":""https://images.scrydex.com/magicthegathering/MSH-334/medium"",""large"":""https://images.scrydex.com/magicthegathering/MSH-334/large""}],""rulings"":[],""printings"":[""MSH""],""availability"":[""mtgo"",""paper""],""expansion"":{""id"":""MSH"",""name"":""Marvel",sv4a_ja,https://scrydex.com/pokemon/expansions/shiny-treasure-ex/sv4a_ja
80f6a266-8ecd-4f01-927a-dfba3b897d4d,SVシリーズ,SV4a,レイジングサーフ,335,ピジョットex,,"https://images.scrydex.com/magicthegathering/MSH-335/small"",""medium"":""https://images.scrydex.com/magicthegathering/MSH-335/medium"",""large"":""https://images.scrydex.com/magicthegathering/MSH-335/large""}],""rulings"":[],""printings"":[""MSH""],""availability"":[""mtgo"",""paper""],""expansion"":{""id"":""MSH"",""name"":""Marvel",sv4a_ja,https://scrydex.com/pokemon/expansions/shiny-treasure-ex/sv4a_ja
d3d51724-5865-401b-96c2-a8c4343c6f7e,SVシリーズ,SV4a,レイジングサーフ,336,プクリンex,,"https://images.scrydex.com/magicthegathering/MSH-336/small"",""medium"":""https://images.scrydex.com/magicthegathering/MSH-336/medium"",""large"":""https://images.scrydex.com/magicthegathering/MSH-336/large""}],""rulings"":[],""printings"":[""MSH""],""availability"":[""mtgo"",""paper""],""expansion"":{""id"":""MSH"",""name"":""Marvel",sv4a_ja,https://scrydex.com/pokemon/expansions/shiny-treasure-ex/sv4a_ja
2105a5e6-8a1a-4133-89e6-8a45dfab8d57,SVシリーズ,SV4a,レイジングサーフ,337,イキリンコex,,"https://images.scrydex.com/magicthegathering/MSH-337/small"",""medium"":""https://images.scrydex.com/magicthegathering/MSH-337/medium"",""large"":""https://images.scrydex.com/magicthegathering/MSH-337/large""}],""rulings"":[],""printings"":[""MSH""],""availability"":[""mtgo"",""paper""],""expansion"":{""id"":""MSH"",""name"":""Marvel",sv4a_ja,https://scrydex.com/pokemon/expansions/shiny-treasure-ex/sv4a_ja
c6c468e5-010f-4794-86ec-a65f6cae5851,SVシリーズ,SV4a,レイジングサーフ,338,ウミトリオ,,"https://images.scrydex.com/magicthegathering/MSH-338/small"",""medium"":""https://images.scrydex.com/magicthegathering/MSH-338/medium"",""large"":""https://images.scrydex.com/magicthegathering/MSH-338/large""}],""rulings"":[],""printings"":[""MSH""],""availability"":[""mtgo"",""paper""],""expansion"":{""id"":""MSH"",""name"":""Marvel",sv4a_ja,https://scrydex.com/pokemon/expansions/shiny-treasure-ex/sv4a_ja
5d225451-a56b-4333-8ce7-85041255e257,SVシリーズ,SV4a,レイジングサーフ,339,イルカマン,,"https://images.scrydex.com/magicthegathering/MSH-339/small"",""medium"":""https://images.scrydex.com/magicthegathering/MSH-339/medium"",""large"":""https://images.scrydex.com/magicthegathering/MSH-339/large""}],""rulings"":[],""printings"":[""MSH""],""availability"":[""mtgo"",""paper""],""expansion"":{""id"":""MSH"",""name"":""Marvel",sv4a_ja,https://scrydex.com/pokemon/expansions/shiny-treasure-ex/sv4a_ja
b26a51ee-5f83-4bda-9066-72fbf19edc08,SVシリーズ,SV4a,レイジングサーフ,340,パモ,,"https://images.scrydex.com/magicthegathering/MSH-340/small"",""medium"":""https://images.scrydex.com/magicthegathering/MSH-340/medium"",""large"":""https://images.scrydex.com/magicthegathering/MSH-340/large""}],""rulings"":[{""date"":""2023/02/04"",""text"":""If",sv4a_ja,https://scrydex.com/pokemon/expansions/shiny-treasure-ex/sv4a_ja
131ee8f8-9765-48cf-9124-6ffe91a7e5b0,SVシリーズ,SV4a,レイジングサーフ,341,ミミッキュ,,"https://images.scrydex.com/magicthegathering/MSH-341/small"",""medium"":""https://images.scrydex.com/magicthegathering/MSH-341/medium"",""large"":""https://images.scrydex.com/magicthegathering/MSH-341/large""}],""rulings"":[],""printings"":[""MSH""],""availability"":[""mtgo"",""paper""],""expansion"":{""id"":""MSH"",""name"":""Marvel",sv4a_ja,https://scrydex.com/pokemon/expansions/shiny-treasure-ex/sv4a_ja
cc448bcf-9bd1-4ee6-b542-74830af46176,SVシリーズ,SV4a,レイジングサーフ,342,ジャッジマン,,"https://images.scrydex.com/magicthegathering/MSH-342/small"",""medium"":""https://images.scrydex.com/magicthegathering/MSH-342/medium"",""large"":""https://images.scrydex.com/magicthegathering/MSH-342/large""}],""rulings"":[],""printings"":[""MSH""],""availability"":[""mtgo"",""paper""],""expansion"":{""id"":""MSH"",""name"":""Marvel",sv4a_ja,https://scrydex.com/pokemon/expansions/shiny-treasure-ex/sv4a_ja
c30b97bc-8c3f-49a1-b153-3b543122d3e0,SVシリーズ,SV4a,レイジングサーフ,343,ネモ,,"https://images.scrydex.com/magicthegathering/MSH-343/small"",""medium"":""https://images.scrydex.com/magicthegathering/MSH-343/medium"",""large"":""https://images.scrydex.com/magicthegathering/MSH-343/large""}],""rulings"":[],""printings"":[""MSH"",""PMEI""],""availability"":[""mtgo"",""paper""],""expansion"":{""id"":""MSH"",""name"":""Marvel",sv4a_ja,https://scrydex.com/pokemon/expansions/shiny-treasure-ex/sv4a_ja
06833880-17e4-479d-8562-595609ff448e,SVシリーズ,SV4a,レイジングサーフ,344,ネルケ,,"https://images.scrydex.com/magicthegathering/MSH-344/small"",""medium"":""https://images.scrydex.com/magicthegathering/MSH-344/medium"",""large"":""https://images.scrydex.com/magicthegathering/MSH-344/large""}],""rulings"":[],""printings"":[""MSH""],""availability"":[""mtgo"",""paper""],""expansion"":{""id"":""MSH"",""name"":""Marvel",sv4a_ja,https://scrydex.com/pokemon/expansions/shiny-treasure-ex/sv4a_ja
4243473a-df2f-4f65-b870-fe881cd5e565,SVシリーズ,SV4a,レイジングサーフ,345,パルデアの学生,,"https://images.scrydex.com/magicthegathering/MSH-345/small"",""medium"":""https://images.scrydex.com/magicthegathering/MSH-345/medium"",""large"":""https://images.scrydex.com/magicthegathering/MSH-345/large""},{""type"":""back"",""small"":""https://images.scrydex.com/magicthegathering/MSH-345A/small"",""medium"":""https://images.scrydex.com/magicthegathering/MSH-345A/medium"",""large"":""https://images.scrydex.com/magicthegathering/MSH-345A/large""}],""rulings"":[],""printings"":[""MSH""],""availability"":[""mtgo"",""paper""],""expansion"":{""id"":""MSH"",""name"":""Marvel",sv4a_ja,https://scrydex.com/pokemon/expansions/shiny-treasure-ex/sv4a_ja
55bdfb56-b8c4-485c-8cb7-f0e50aa5af86,SVシリーズ,SV4a,レイジングサーフ,346,パルデアの学生,,"https://images.scrydex.com/magicthegathering/MSH-346/small"",""medium"":""https://images.scrydex.com/magicthegathering/MSH-346/medium"",""large"":""https://images.scrydex.com/magicthegathering/MSH-346/large""},{""type"":""back"",""small"":""https://images.scrydex.com/magicthegathering/MSH-346A/small"",""medium"":""https://images.scrydex.com/magicthegathering/MSH-346A/medium"",""large"":""https://images.scrydex.com/magicthegathering/MSH-346A/large""}],""rulings"":[],""printings"":[""MSH""],""availability"":[""mtgo"",""paper""],""expansion"":{""id"":""MSH"",""name"":""Marvel",sv4a_ja,https://scrydex.com/pokemon/expansions/shiny-treasure-ex/sv4a_ja
5a898bc4-e05c-4152-be90-a3e1bc88186c,SVシリーズ,SV4a,レイジングサーフ,347,ミュウex,,"https://images.scrydex.com/magicthegathering/MSH-347/small"",""medium"":""https://images.scrydex.com/magicthegathering/MSH-347/medium"",""large"":""https://images.scrydex.com/magicthegathering/MSH-347/large""}],""rulings"":[],""printings"":[""MSH""],""availability"":[""mtgo"",""paper""],""expansion"":{""id"":""MSH"",""name"":""Marvel",sv4a_ja,https://scrydex.com/pokemon/expansions/shiny-treasure-ex/sv4a_ja
990c5e1e-ba2c-41f1-b2e9-865d9f3be485,SVシリーズ,SV4a,レイジングサーフ,348,サーナイトex,,"https://images.scrydex.com/magicthegathering/MSH-348/small"",""medium"":""https://images.scrydex.com/magicthegathering/MSH-348/medium"",""large"":""https://images.scrydex.com/magicthegathering/MSH-348/large""}],""rulings"":[],""printings"":[""DMU"",""J25"",""MSH"",""OTJ""],""availability"":[""mtgo"",""paper""],""expansion"":{""id"":""MSH"",""name"":""Marvel",sv4a_ja,https://scrydex.com/pokemon/expansions/shiny-treasure-ex/sv4a_ja
cae999f1-f074-49e4-83f7-6543c041d50e,SVシリーズ,SV4a,レイジングサーフ,349,リザードンex,,"https://images.scrydex.com/magicthegathering/MSH-349/small"",""medium"":""https://images.scrydex.com/magicthegathering/MSH-349/medium"",""large"":""https://images.scrydex.com/magicthegathering/MSH-349/large""}],""rulings"":[],""printings"":[""MSH""],""availability"":[""mtgo"",""paper""],""expansion"":{""id"":""MSH"",""name"":""Marvel",sv4a_ja,https://scrydex.com/pokemon/expansions/shiny-treasure-ex/sv4a_ja
94c4dc9f-906d-4115-824d-18c0fe02b2ae,SVシリーズ,SV4a,レイジングサーフ,350,ナンジャモ,,"https://images.scrydex.com/magicthegathering/MSH-350/small"",""medium"":""https://images.scrydex.com/magicthegathering/MSH-350/medium"",""large"":""https://images.scrydex.com/magicthegathering/MSH-350/large""},{""type"":""back"",""small"":""https://images.scrydex.com/magicthegathering/MSH-350A/small"",""medium"":""https://images.scrydex.com/magicthegathering/MSH-350A/medium"",""large"":""https://images.scrydex.com/magicthegathering/MSH-350A/large""}],""rulings"":[],""printings"":[""MSH""],""availability"":[""mtgo"",""paper""],""expansion"":{""id"":""MSH"",""name"":""Marvel",sv4a_ja,https://scrydex.com/pokemon/expansions/shiny-treasure-ex/sv4a_ja
2cd837ef-49d6-4663-821a-7bee479bc905,SVシリーズ,SV4a,レイジングサーフ,351,ネモ,,"https://images.scrydex.com/magicthegathering/MSH-351/small"",""medium"":""https://images.scrydex.com/magicthegathering/MSH-351/medium"",""large"":""https://images.scrydex.com/magicthegathering/MSH-351/large""}],""rulings"":[],""printings"":[""MSH""],""availability"":[""mtgo"",""paper""],""expansion"":{""id"":""MSH"",""name"":""Marvel",sv4a_ja,https://scrydex.com/pokemon/expansions/shiny-treasure-ex/sv4a_ja
18269f95-9da3-4005-aecd-0f771ca30709,SVシリーズ,SV4a,レイジングサーフ,352,ネルケ,,"https://images.scrydex.com/magicthegathering/MSH-352/small"",""medium"":""https://images.scrydex.com/magicthegathering/MSH-352/medium"",""large"":""https://images.scrydex.com/magicthegathering/MSH-352/large""}],""rulings"":[],""printings"":[""MSH""],""availability"":[""mtgo"",""paper""],""expansion"":{""id"":""MSH"",""name"":""Marvel",sv4a_ja,https://scrydex.com/pokemon/expansions/shiny-treasure-ex/sv4a_ja
d3eabd2f-e898-4b23-8792-874f3aeaa7e3,SVシリーズ,SV4a,レイジングサーフ,353,ペパー,,"https://images.scrydex.com/magicthegathering/MSH-353/small"",""medium"":""https://images.scrydex.com/magicthegathering/MSH-353/medium"",""large"":""https://images.scrydex.com/magicthegathering/MSH-353/large""}],""rulings"":[],""printings"":[""MSH""],""availability"":[""mtgo"",""paper""],""expansion"":{""id"":""MSH"",""name"":""Marvel",sv4a_ja,https://scrydex.com/pokemon/expansions/shiny-treasure-ex/sv4a_ja
5a36f18b-ba96-4366-b8f7-3f72ed232510,SVシリーズ,SV4a,レイジングサーフ,354,ボタン,,"https://images.scrydex.com/magicthegathering/MSH-354/small"",""medium"":""https://images.scrydex.com/magicthegathering/MSH-354/medium"",""large"":""https://images.scrydex.com/magicthegathering/MSH-354/large""}],""rulings"":[],""printings"":[""MSH""],""availability"":[""mtgo"",""paper""],""expansion"":{""id"":""MSH"",""name"":""Marvel",sv4a_ja,https://scrydex.com/pokemon/expansions/shiny-treasure-ex/sv4a_ja
37c51d91-0c83-45bf-8062-68de2fd3a85b,SVシリーズ,SV4a,レイジングサーフ,355,チオンジェンex,,"https://images.scrydex.com/magicthegathering/MSH-355/small"",""medium"":""https://images.scrydex.com/magicthegathering/MSH-355/medium"",""large"":""https://images.scrydex.com/magicthegathering/MSH-355/large""},{""type"":""back"",""small"":""https://images.scrydex.com/magicthegathering/MSH-355A/small"",""medium"":""https://images.scrydex.com/magicthegathering/MSH-355A/medium"",""large"":""https://images.scrydex.com/magicthegathering/MSH-355A/large""}],""rulings"":[],""printings"":[""MSH""],""availability"":[""mtgo"",""paper""],""expansion"":{""id"":""MSH"",""name"":""Marvel",sv4a_ja,https://scrydex.com/pokemon/expansions/shiny-treasure-ex/sv4a_ja
1dce99d9-e53c-4e11-9472-dd0371927e66,SVシリーズ,SV4a,レイジングサーフ,356,イーユイex,,"https://images.scrydex.com/magicthegathering/MSH-356/small"",""medium"":""https://images.scrydex.com/magicthegathering/MSH-356/medium"",""large"":""https://images.scrydex.com/magicthegathering/MSH-356/large""},{""type"":""back"",""small"":""https://images.scrydex.com/magicthegathering/MSH-356A/small"",""medium"":""https://images.scrydex.com/magicthegathering/MSH-356A/medium"",""large"":""https://images.scrydex.com/magicthegathering/MSH-356A/large""}],""rulings"":[],""printings"":[""MSH""],""availability"":[""mtgo"",""paper""],""expansion"":{""id"":""MSH"",""name"":""Marvel",sv4a_ja,https://scrydex.com/pokemon/expansions/shiny-treasure-ex/sv4a_ja
fe66d2a4-9a28-49da-a7f7-28a5be9e3be8,SVシリーズ,SV4a,レイジングサーフ,357,パオジアンex,,"https://images.scrydex.com/magicthegathering/MSH-357/small"",""medium"":""https://images.scrydex.com/magicthegathering/MSH-357/medium"",""large"":""https://images.scrydex.com/magicthegathering/MSH-357/large""}],""rulings"":[],""printings"":[""MSH""],""availability"":[""mtgo"",""paper""],""expansion"":{""id"":""MSH"",""name"":""Marvel",sv4a_ja,https://scrydex.com/pokemon/expansions/shiny-treasure-ex/sv4a_ja
85bf9a4e-896f-4845-914b-bc35a0088348,SVシリーズ,SV4a,レイジングサーフ,358,ミライドンex,,"https://images.scrydex.com/magicthegathering/MSH-358/small"",""medium"":""https://images.scrydex.com/magicthegathering/MSH-358/medium"",""large"":""https://images.scrydex.com/magicthegathering/MSH-358/large""}],""rulings"":[],""printings"":[""MSH""],""availability"":[""mtgo"",""paper""],""expansion"":{""id"":""MSH"",""name"":""Marvel",sv4a_ja,https://scrydex.com/pokemon/expansions/shiny-treasure-ex/sv4a_ja
4932eb1c-2a41-4db8-9a90-e7a1e8b523df,SVシリーズ,SV4a,レイジングサーフ,359,ディンルーex,,"https://images.scrydex.com/magicthegathering/MSH-359/small"",""medium"":""https://images.scrydex.com/magicthegathering/MSH-359/medium"",""large"":""https://images.scrydex.com/magicthegathering/MSH-359/large""},{""type"":""back"",""small"":""https://images.scrydex.com/magicthegathering/MSH-359A/small"",""medium"":""https://images.scrydex.com/magicthegathering/MSH-359A/medium"",""large"":""https://images.scrydex.com/magicthegathering/MSH-359A/large""}],""rulings"":[],""printings"":[""MSH""],""availability"":[""mtgo"",""paper""],""expansion"":{""id"":""MSH"",""name"":""Marvel",sv4a_ja,https://scrydex.com/pokemon/expansions/shiny-treasure-ex/sv4a_ja
f3d04893-17cd-48bd-a993-688eb57eceb8,SVシリーズ,SV4a,レイジングサーフ,360,コライドンex,,"https://images.scrydex.com/magicthegathering/MSH-360/small"",""medium"":""https://images.scrydex.com/magicthegathering/MSH-360/medium"",""large"":""https://images.scrydex.com/magicthegathering/MSH-360/large""}],""rulings"":[],""printings"":[""MSH""],""availability"":[""mtgo"",""paper""],""expansion"":{""id"":""MSH"",""name"":""Marvel",sv4a_ja,https://scrydex.com/pokemon/expansions/shiny-treasure-ex/sv4a_ja
dd2f921c-6eea-44b1-ad5e-2f3c73f2952e,ソード・シールド,S4a,シャイニースターV,251,ヤバチャ,,"https://images.scrydex.com/magicthegathering/HOB-251/small"",""medium"":""https://images.scrydex.com/magicthegathering/HOB-251/medium"",""large"":""https://images.scrydex.com/magicthegathering/HOB-251/large""}],""rulings"":[],""printings"":[""HOB""],""availability"":[""arena"",""mtgo"",""paper""],""expansion"":{""id"":""HOB"",""name"":""The",swsh4a_ja,https://scrydex.com/pokemon/expansions/shiny-star-v/swsh4a_ja
10eb5e84-e330-4742-8739-616169079a99,ソード・シールド,S4a,シャイニースターV,252,ポットデス,,"https://images.scrydex.com/magicthegathering/HOB-252/small"",""medium"":""https://images.scrydex.com/magicthegathering/HOB-252/medium"",""large"":""https://images.scrydex.com/magicthegathering/HOB-252/large""}],""rulings"":[],""printings"":[""HOB""],""availability"":[""arena"",""mtgo"",""paper""],""expansion"":{""id"":""HOB"",""name"":""The",swsh4a_ja,https://scrydex.com/pokemon/expansions/shiny-star-v/swsh4a_ja
ec76aa4d-2b75-4fc7-86c8-477668f83dcb,ソード・シールド,S4a,シャイニースターV,253,ミブリム,,"https://images.scrydex.com/magicthegathering/HOB-253/small"",""medium"":""https://images.scrydex.com/magicthegathering/HOB-253/medium"",""large"":""https://images.scrydex.com/magicthegathering/HOB-253/large""}],""rulings"":[],""printings"":[""HOB""],""availability"":[""arena"",""mtgo"",""paper""],""expansion"":{""id"":""HOB"",""name"":""The",swsh4a_ja,https://scrydex.com/pokemon/expansions/shiny-star-v/swsh4a_ja
5a4fa795-50fd-47c7-83af-9babe7869012,ソード・シールド,S4a,シャイニースターV,254,テブリム,,"https://images.scrydex.com/magicthegathering/HOB-254/small"",""medium"":""https://images.scrydex.com/magicthegathering/HOB-254/medium"",""large"":""https://images.scrydex.com/magicthegathering/HOB-254/large""}],""rulings"":[],""printings"":[""HOB"",""PW26""],""availability"":[""arena"",""mtgo"",""paper""],""expansion"":{""id"":""HOB"",""name"":""The",swsh4a_ja,https://scrydex.com/pokemon/expansions/shiny-star-v/swsh4a_ja
af0326a0-8222-45dd-b328-fe9d4fefd5cf,ソード・シールド,S4a,シャイニースターV,255,ブリムオン,,"https://images.scrydex.com/magicthegathering/HOB-255/small"",""medium"":""https://images.scrydex.com/magicthegathering/HOB-255/medium"",""large"":""https://images.scrydex.com/magicthegathering/HOB-255/large""}],""rulings"":[],""printings"":[""HOB""],""availability"":[""arena"",""mtgo"",""paper""],""expansion"":{""id"":""HOB"",""name"":""The",swsh4a_ja,https://scrydex.com/pokemon/expansions/shiny-star-v/swsh4a_ja
daf27e80-ae56-464c-a9a6-6312c6b189b9,ソード・シールド,S4a,シャイニースターV,256,マホミル,,"https://images.scrydex.com/magicthegathering/HOB-256/small"",""medium"":""https://images.scrydex.com/magicthegathering/HOB-256/medium"",""large"":""https://images.scrydex.com/magicthegathering/HOB-256/large""}],""rulings"":[],""printings"":[""HOB""],""availability"":[""arena"",""mtgo"",""paper""],""expansion"":{""id"":""HOB"",""name"":""The",swsh4a_ja,https://scrydex.com/pokemon/expansions/shiny-star-v/swsh4a_ja
e139f24c-d23e-4305-86ba-c99a5e8af37d,ソード・シールド,S4a,シャイニースターV,257,マホイップ,,"https://images.scrydex.com/magicthegathering/HOB-257/small"",""medium"":""https://images.scrydex.com/magicthegathering/HOB-257/medium"",""large"":""https://images.scrydex.com/magicthegathering/HOB-257/large""}],""rulings"":[],""printings"":[""HOB""],""availability"":[""arena"",""mtgo"",""paper""],""expansion"":{""id"":""HOB"",""name"":""The",swsh4a_ja,https://scrydex.com/pokemon/expansions/shiny-star-v/swsh4a_ja
06cc3863-ce56-4dcb-b350-ae7c3d0a6afb,ソード・シールド,S4a,シャイニースターV,258,イエッサン,,"https://images.scrydex.com/magicthegathering/HOB-258/small"",""medium"":""https://images.scrydex.com/magicthegathering/HOB-258/medium"",""large"":""https://images.scrydex.com/magicthegathering/HOB-258/large""}],""rulings"":[],""printings"":[""HOB""],""availability"":[""arena"",""mtgo"",""paper""],""expansion"":{""id"":""HOB"",""name"":""The",swsh4a_ja,https://scrydex.com/pokemon/expansions/shiny-star-v/swsh4a_ja
7046c345-8a37-4889-8018-6ca7acc934f5,ソード・シールド,S4a,シャイニースターV,259,ドラメシヤ,,"https://images.scrydex.com/magicthegathering/HOB-259/small"",""medium"":""https://images.scrydex.com/magicthegathering/HOB-259/medium"",""large"":""https://images.scrydex.com/magicthegathering/HOB-259/large""}],""rulings"":[],""printings"":[""HOB""],""availability"":[""arena"",""mtgo"",""paper""],""expansion"":{""id"":""HOB"",""name"":""The",swsh4a_ja,https://scrydex.com/pokemon/expansions/shiny-star-v/swsh4a_ja
85f8e45a-8884-4580-a059-402ab2ad97ca,ソード・シールド,S4a,シャイニースターV,260,ドロンチ,,"https://images.scrydex.com/magicthegathering/HOB-260/small"",""medium"":""https://images.scrydex.com/magicthegathering/HOB-260/medium"",""large"":""https://images.scrydex.com/magicthegathering/HOB-260/large""}],""rulings"":[],""printings"":[""HOB""],""availability"":[""arena"",""mtgo"",""paper""],""expansion"":{""id"":""HOB"",""name"":""The",swsh4a_ja,https://scrydex.com/pokemon/expansions/shiny-star-v/swsh4a_ja
691dd3fd-844f-4e91-ad45-71b75f5a3027,ソード・シールド,S4a,シャイニースターV,261,ドラパルト,,"https://images.scrydex.com/magicthegathering/HOB-261/small"",""medium"":""https://images.scrydex.com/magicthegathering/HOB-261/medium"",""large"":""https://images.scrydex.com/magicthegathering/HOB-261/large""}],""rulings"":[],""printings"":[""HOB""],""availability"":[""arena"",""mtgo"",""paper""],""expansion"":{""id"":""HOB"",""name"":""The",swsh4a_ja,https://scrydex.com/pokemon/expansions/shiny-star-v/swsh4a_ja
43ba8434-a4e3-4ebe-8437-57e6d3fb02fe,ソード・シールド,S4a,シャイニースターV,262,ガラル カモネギ,,"https://images.scrydex.com/magicthegathering/HOB-262/small"",""medium"":""https://images.scrydex.com/magicthegathering/HOB-262/medium"",""large"":""https://images.scrydex.com/magicthegathering/HOB-262/large""}],""rulings"":[],""printings"":[""HOB""],""availability"":[""arena"",""mtgo"",""paper""],""expansion"":{""id"":""HOB"",""name"":""The",swsh4a_ja,https://scrydex.com/pokemon/expansions/shiny-star-v/swsh4a_ja
b3c792dd-eb3b-49f2-8c5b-b7a822de7e57,ソード・シールド,S4a,シャイニースターV,263,ガラル ネギガナイト,,"https://images.scrydex.com/magicthegathering/HOB-263/small"",""medium"":""https://images.scrydex.com/magicthegathering/HOB-263/medium"",""large"":""https://images.scrydex.com/magicthegathering/HOB-263/large""}],""rulings"":[],""printings"":[""HOB""],""availability"":[""arena"",""mtgo"",""paper""],""expansion"":{""id"":""HOB"",""name"":""The",swsh4a_ja,https://scrydex.com/pokemon/expansions/shiny-star-v/swsh4a_ja
b2a5b7e0-6023-4e20-9e0e-aaebdb3ddd7a,ソード・シールド,S4a,シャイニースターV,264,ガラル デスマス,,"https://images.scrydex.com/pokemon/swsh8-264/small"",""medium"":""https://images.scrydex.com/pokemon/swsh8-264/medium"",""large"":""https://images.scrydex.com/pokemon/swsh8-264/large""}],""expansion"":{""id"":""swsh8"",""name"":""Fusion",swsh4a_ja,https://scrydex.com/pokemon/expansions/shiny-star-v/swsh4a_ja
338f5c8b-e6b0-4700-be45-1eade387fea7,ソード・シールド,S4a,シャイニースターV,265,ガラル デスバーン,,"https://images.scrydex.com/magicthegathering/HOB-265/small"",""medium"":""https://images.scrydex.com/magicthegathering/HOB-265/medium"",""large"":""https://images.scrydex.com/magicthegathering/HOB-265/large""}],""rulings"":[],""printings"":[""HOB""],""availability"":[""arena"",""mtgo"",""paper""],""expansion"":{""id"":""HOB"",""name"":""The",swsh4a_ja,https://scrydex.com/pokemon/expansions/shiny-star-v/swsh4a_ja
7bd1bf0d-8de7-48d1-a4ad-caa4381b0176,ソード・シールド,S4a,シャイニースターV,266,タンドン,,"https://images.scrydex.com/magicthegathering/HOB-266/small"",""medium"":""https://images.scrydex.com/magicthegathering/HOB-266/medium"",""large"":""https://images.scrydex.com/magicthegathering/HOB-266/large""}],""rulings"":[],""printings"":[""HOB""],""availability"":[""arena"",""mtgo"",""paper""],""expansion"":{""id"":""HOB"",""name"":""The",swsh4a_ja,https://scrydex.com/pokemon/expansions/shiny-star-v/swsh4a_ja
eab2c7a2-34bf-4eeb-ae06-119e157de427,ソード・シールド,S4a,シャイニースターV,267,トロッゴン,,"https://images.scrydex.com/magicthegathering/HOB-267/small"",""medium"":""https://images.scrydex.com/magicthegathering/HOB-267/medium"",""large"":""https://images.scrydex.com/magicthegathering/HOB-267/large""}],""rulings"":[],""printings"":[""HOB""],""availability"":[""arena"",""mtgo"",""paper""],""expansion"":{""id"":""HOB"",""name"":""The",swsh4a_ja,https://scrydex.com/pokemon/expansions/shiny-star-v/swsh4a_ja
35d49a15-d4d4-45a9-8fad-fac8a21a8bb5,ソード・シールド,S4a,シャイニースターV,268,セキタンザン,,"https://images.scrydex.com/magicthegathering/HOB-268/small"",""medium"":""https://images.scrydex.com/magicthegathering/HOB-268/medium"",""large"":""https://images.scrydex.com/magicthegathering/HOB-268/large""}],""rulings"":[],""printings"":[""HOB""],""availability"":[""arena"",""mtgo"",""paper""],""expansion"":{""id"":""HOB"",""name"":""The",swsh4a_ja,https://scrydex.com/pokemon/expansions/shiny-star-v/swsh4a_ja
f6826a43-853f-4bba-b1ef-b2f4841c1f98,ソード・シールド,S4a,シャイニースターV,269,スナヘビ,,"https://images.scrydex.com/magicthegathering/HOB-269/small"",""medium"":""https://images.scrydex.com/magicthegathering/HOB-269/medium"",""large"":""https://images.scrydex.com/magicthegathering/HOB-269/large""}],""rulings"":[],""printings"":[""HOB""],""availability"":[""arena"",""mtgo"",""paper""],""expansion"":{""id"":""HOB"",""name"":""The",swsh4a_ja,https://scrydex.com/pokemon/expansions/shiny-star-v/swsh4a_ja
c69c3e2c-4646-47d7-b9c5-bb697127cf18,ソード・シールド,S4a,シャイニースターV,270,サダイジャ,,"https://images.scrydex.com/magicthegathering/HOB-270/small"",""medium"":""https://images.scrydex.com/magicthegathering/HOB-270/medium"",""large"":""https://images.scrydex.com/magicthegathering/HOB-270/large""}],""rulings"":[],""printings"":[""HOB""],""availability"":[""arena"",""mtgo"",""paper""],""expansion"":{""id"":""HOB"",""name"":""The",swsh4a_ja,https://scrydex.com/pokemon/expansions/shiny-star-v/swsh4a_ja
423d3121-29db-49f6-8a71-a84dafb2a118,ソード・シールド,S4a,シャイニースターV,271,タタッコ,,"https://images.scrydex.com/magicthegathering/HOB-271/small"",""medium"":""https://images.scrydex.com/magicthegathering/HOB-271/medium"",""large"":""https://images.scrydex.com/magicthegathering/HOB-271/large""}],""rulings"":[],""printings"":[""HOB""],""availability"":[""arena"",""mtgo"",""paper""],""expansion"":{""id"":""HOB"",""name"":""The",swsh4a_ja,https://scrydex.com/pokemon/expansions/shiny-star-v/swsh4a_ja
d66b9360-44af-4df7-93d9-69db004f0ec5,ソード・シールド,S4a,シャイニースターV,272,オトスパス,,"https://images.scrydex.com/magicthegathering/HOB-272/small"",""medium"":""https://images.scrydex.com/magicthegathering/HOB-272/medium"",""large"":""https://images.scrydex.com/magicthegathering/HOB-272/large""}],""rulings"":[],""printings"":[""HOB""],""availability"":[""arena"",""mtgo"",""paper""],""expansion"":{""id"":""HOB"",""name"":""The",swsh4a_ja,https://scrydex.com/pokemon/expansions/shiny-star-v/swsh4a_ja
8e0605ee-d551-483e-8a11-f49f9cd99ba3,ソード・シールド,S4a,シャイニースターV,273,タイレーツ,,"https://images.scrydex.com/magicthegathering/HOB-273/small"",""medium"":""https://images.scrydex.com/magicthegathering/HOB-273/medium"",""large"":""https://images.scrydex.com/magicthegathering/HOB-273/large""}],""rulings"":[],""printings"":[""HOB""],""availability"":[""arena"",""mtgo"",""paper""],""expansion"":{""id"":""HOB"",""name"":""The",swsh4a_ja,https://scrydex.com/pokemon/expansions/shiny-star-v/swsh4a_ja
a753568c-9cee-4cd1-97fd-6b7d0f4803e5,ソード・シールド,S4a,シャイニースターV,274,イシヘンジン,,"https://images.scrydex.com/magicthegathering/HOB-274/small"",""medium"":""https://images.scrydex.com/magicthegathering/HOB-274/medium"",""large"":""https://images.scrydex.com/magicthegathering/HOB-274/large""}],""rulings"":[],""printings"":[""HOB""],""availability"":[""arena"",""mtgo"",""paper""],""expansion"":{""id"":""HOB"",""name"":""The",swsh4a_ja,https://scrydex.com/pokemon/expansions/shiny-star-v/swsh4a_ja
fd5b3bd8-dea7-4baa-9c6d-621e0ba3ce5a,ソード・シールド,S4a,シャイニースターV,275,ドガース,,"https://images.scrydex.com/magicthegathering/HOB-275/small"",""medium"":""https://images.scrydex.com/magicthegathering/HOB-275/medium"",""large"":""https://images.scrydex.com/magicthegathering/HOB-275/large""}],""rulings"":[],""printings"":[""HOB""],""availability"":[""arena"",""mtgo"",""paper""],""expansion"":{""id"":""HOB"",""name"":""The",swsh4a_ja,https://scrydex.com/pokemon/expansions/shiny-star-v/swsh4a_ja
2ba39add-af81-4a35-82cc-d03d6962a4be,ソード・シールド,S4a,シャイニースターV,276,ガラル マタドガス,,"https://images.scrydex.com/magicthegathering/HOB-276/small"",""medium"":""https://images.scrydex.com/magicthegathering/HOB-276/medium"",""large"":""https://images.scrydex.com/magicthegathering/HOB-276/large""}],""rulings"":[],""printings"":[""HOB""],""availability"":[""arena"",""mtgo"",""paper""],""expansion"":{""id"":""HOB"",""name"":""The",swsh4a_ja,https://scrydex.com/pokemon/expansions/shiny-star-v/swsh4a_ja
e430b06e-5e21-4682-833b-79d7eecc38ff,ソード・シールド,S4a,シャイニースターV,277,ガラル ジグザグマ,,"https://images.scrydex.com/magicthegathering/HOB-277/small"",""medium"":""https://images.scrydex.com/magicthegathering/HOB-277/medium"",""large"":""https://images.scrydex.com/magicthegathering/HOB-277/large""}],""rulings"":[],""printings"":[""HOB""],""availability"":[""arena"",""mtgo"",""paper""],""expansion"":{""id"":""HOB"",""name"":""The",swsh4a_ja,https://scrydex.com/pokemon/expansions/shiny-star-v/swsh4a_ja
100c9dd5-d891-4b71-8839-153a418ba862,ソード・シールド,S4a,シャイニースターV,278,ガラル マッスグマ,,"https://images.scrydex.com/magicthegathering/HOB-278/small"",""medium"":""https://images.scrydex.com/magicthegathering/HOB-278/medium"",""large"":""https://images.scrydex.com/magicthegathering/HOB-278/large""}],""rulings"":[],""printings"":[""HOB""],""availability"":[""arena"",""mtgo"",""paper""],""expansion"":{""id"":""HOB"",""name"":""The",swsh4a_ja,https://scrydex.com/pokemon/expansions/shiny-star-v/swsh4a_ja
1d4126e9-14ed-4de3-8abb-eeb527d4019e,ソード・シールド,S4a,シャイニースターV,279,ガラル タチフサグマ,,"https://images.scrydex.com/magicthegathering/HOB-279/small"",""medium"":""https://images.scrydex.com/magicthegathering/HOB-279/medium"",""large"":""https://images.scrydex.com/magicthegathering/HOB-279/large""}],""rulings"":[],""printings"":[""HOB""],""availability"":[""arena"",""mtgo"",""paper""],""expansion"":{""id"":""HOB"",""name"":""The",swsh4a_ja,https://scrydex.com/pokemon/expansions/shiny-star-v/swsh4a_ja
30c2067a-0124-43bf-8305-cbd3185a1202,ソード・シールド,S4a,シャイニースターV,280,クスネ,,"https://images.scrydex.com/magicthegathering/HOB-280/small"",""medium"":""https://images.scrydex.com/magicthegathering/HOB-280/medium"",""large"":""https://images.scrydex.com/magicthegathering/HOB-280/large""}],""rulings"":[],""printings"":[""HOB""],""availability"":[""arena"",""mtgo"",""paper""],""expansion"":{""id"":""HOB"",""name"":""The",swsh4a_ja,https://scrydex.com/pokemon/expansions/shiny-star-v/swsh4a_ja
f99a286f-75c6-41c5-ba60-5978e93f568f,ソード・シールド,S4a,シャイニースターV,281,フォクスライ,,"https://images.scrydex.com/magicthegathering/HOB-281/small"",""medium"":""https://images.scrydex.com/magicthegathering/HOB-281/medium"",""large"":""https://images.scrydex.com/magicthegathering/HOB-281/large""}],""rulings"":[],""printings"":[""HOB""],""availability"":[""arena"",""mtgo"",""paper""],""expansion"":{""id"":""HOB"",""name"":""The",swsh4a_ja,https://scrydex.com/pokemon/expansions/shiny-star-v/swsh4a_ja
44bd6349-a2ad-4e81-a9d7-eba93f1ae12b,ソード・シールド,S4a,シャイニースターV,282,ベロバー,,"https://images.scrydex.com/magicthegathering/HOB-282/small"",""medium"":""https://images.scrydex.com/magicthegathering/HOB-282/medium"",""large"":""https://images.scrydex.com/magicthegathering/HOB-282/large""}],""rulings"":[],""printings"":[""HOB""],""availability"":[""arena"",""mtgo"",""paper""],""expansion"":{""id"":""HOB"",""name"":""The",swsh4a_ja,https://scrydex.com/pokemon/expansions/shiny-star-v/swsh4a_ja
bbd0cd52-e63d-4785-9f2a-72828d61e2ab,ソード・シールド,S4a,シャイニースターV,283,ギモー,,"https://images.scrydex.com/magicthegathering/HOB-283/small"",""medium"":""https://images.scrydex.com/magicthegathering/HOB-283/medium"",""large"":""https://images.scrydex.com/magicthegathering/HOB-283/large""}],""rulings"":[],""printings"":[""HOB""],""availability"":[""arena"",""mtgo"",""paper""],""expansion"":{""id"":""HOB"",""name"":""The",swsh4a_ja,https://scrydex.com/pokemon/expansions/shiny-star-v/swsh4a_ja
b70ed372-38ee-4afe-b0e9-b7ed19b50860,ソード・シールド,S4a,シャイニースターV,284,オーロンゲ,,"https://images.scrydex.com/magicthegathering/HOB-284/small"",""medium"":""https://images.scrydex.com/magicthegathering/HOB-284/medium"",""large"":""https://images.scrydex.com/magicthegathering/HOB-284/large""}],""rulings"":[],""printings"":[""HOB""],""availability"":[""arena"",""mtgo"",""paper""],""expansion"":{""id"":""HOB"",""name"":""The",swsh4a_ja,https://scrydex.com/pokemon/expansions/shiny-star-v/swsh4a_ja
ca24c54b-32cf-4ad5-a9c3-0b53fa168dba,ソード・シールド,S4a,シャイニースターV,285,ガラル ニャース,,"https://images.scrydex.com/magicthegathering/HOB-285/small"",""medium"":""https://images.scrydex.com/magicthegathering/HOB-285/medium"",""large"":""https://images.scrydex.com/magicthegathering/HOB-285/large""}],""rulings"":[],""printings"":[""HOB""],""availability"":[""arena"",""mtgo"",""paper""],""expansion"":{""id"":""HOB"",""name"":""The",swsh4a_ja,https://scrydex.com/pokemon/expansions/shiny-star-v/swsh4a_ja
280ecaf0-8f71-42b3-b794-a06477c714ea,ソード・シールド,S4a,シャイニースターV,286,ガラル ニャイキング,,"https://images.scrydex.com/magicthegathering/HOB-286/small"",""medium"":""https://images.scrydex.com/magicthegathering/HOB-286/medium"",""large"":""https://images.scrydex.com/magicthegathering/HOB-286/large""}],""rulings"":[],""printings"":[""HOB""],""availability"":[""arena"",""mtgo"",""paper""],""expansion"":{""id"":""HOB"",""name"":""The",swsh4a_ja,https://scrydex.com/pokemon/expansions/shiny-star-v/swsh4a_ja
9495a98b-4860-40fd-8a0a-e36e7fd2a4af,ソード・シールド,S4a,シャイニースターV,287,ガラルマッギョ,,"https://images.scrydex.com/magicthegathering/HOB-287/small"",""medium"":""https://images.scrydex.com/magicthegathering/HOB-287/medium"",""large"":""https://images.scrydex.com/magicthegathering/HOB-287/large""}],""rulings"":[],""printings"":[""HOB""],""availability"":[""arena"",""mtgo"",""paper""],""expansion"":{""id"":""HOB"",""name"":""The",swsh4a_ja,https://scrydex.com/pokemon/expansions/shiny-star-v/swsh4a_ja
62fe6a08-d979-4bdd-ba5d-4c9e7943f8e8,ソード・シールド,S4a,シャイニースターV,288,アーマーガア,,"https://images.scrydex.com/magicthegathering/HOB-288/small"",""medium"":""https://images.scrydex.com/magicthegathering/HOB-288/medium"",""large"":""https://images.scrydex.com/magicthegathering/HOB-288/large""}],""rulings"":[{""date"":""2017/09/29"",""text"":""Settle",swsh4a_ja,https://scrydex.com/pokemon/expansions/shiny-star-v/swsh4a_ja
b0440a53-f9c1-4f90-985a-ce0bd5ad124a,ソード・シールド,S4a,シャイニースターV,289,ゾウドウ,,"https://images.scrydex.com/magicthegathering/HOB-289/small"",""medium"":""https://images.scrydex.com/magicthegathering/HOB-289/medium"",""large"":""https://images.scrydex.com/magicthegathering/HOB-289/large""}],""rulings"":[],""printings"":[""HOB"",""PW26""],""availability"":[""arena"",""mtgo"",""paper""],""expansion"":{""id"":""HOB"",""name"":""The",swsh4a_ja,https://scrydex.com/pokemon/expansions/shiny-star-v/swsh4a_ja
10accccb-c473-44d8-855b-fdd9916d9f46,ソード・シールド,S4a,シャイニースターV,290,ダイオウドウ,,"https://images.scrydex.com/magicthegathering/HOB-290/small"",""medium"":""https://images.scrydex.com/magicthegathering/HOB-290/medium"",""large"":""https://images.scrydex.com/magicthegathering/HOB-290/large""}],""rulings"":[],""printings"":[""HOB""],""availability"":[""arena"",""mtgo"",""paper""],""expansion"":{""id"":""HOB"",""name"":""The",swsh4a_ja,https://scrydex.com/pokemon/expansions/shiny-star-v/swsh4a_ja
356c0799-fc63-47e5-b693-ab544c40caae,ソード・シールド,S4a,シャイニースターV,291,ジュラルドン,,"https://images.scrydex.com/magicthegathering/HOB-291/small"",""medium"":""https://images.scrydex.com/magicthegathering/HOB-291/medium"",""large"":""https://images.scrydex.com/magicthegathering/HOB-291/large""}],""rulings"":[],""printings"":[""HOB""],""availability"":[""arena"",""mtgo"",""paper""],""expansion"":{""id"":""HOB"",""name"":""The",swsh4a_ja,https://scrydex.com/pokemon/expansions/shiny-star-v/swsh4a_ja
bbf2c6eb-26f4-4705-9f28-2fc71467aed8,ソード・シールド,S4a,シャイニースターV,292,チラーミィ,,"https://images.scrydex.com/magicthegathering/HOB-292/small"",""medium"":""https://images.scrydex.com/magicthegathering/HOB-292/medium"",""large"":""https://images.scrydex.com/magicthegathering/HOB-292/large""}],""rulings"":[],""printings"":[""HOB"",""PSPL""],""availability"":[""arena"",""mtgo"",""paper""],""expansion"":{""id"":""HOB"",""name"":""The",swsh4a_ja,https://scrydex.com/pokemon/expansions/shiny-star-v/swsh4a_ja
77fb613b-2063-439f-9f58-e05d4bb666b1,ソード・シールド,S4a,シャイニースターV,293,チラチーノ,,"https://images.scrydex.com/magicthegathering/HOB-293/small"",""medium"":""https://images.scrydex.com/magicthegathering/HOB-293/medium"",""large"":""https://images.scrydex.com/magicthegathering/HOB-293/large""}],""rulings"":[],""printings"":[""HOB""],""availability"":[""arena"",""mtgo"",""paper""],""expansion"":{""id"":""HOB"",""name"":""The",swsh4a_ja,https://scrydex.com/pokemon/expansions/shiny-star-v/swsh4a_ja
25c3987c-63fd-40c1-870b-cc68f1971ee3,ソード・シールド,S4a,シャイニースターV,294,コアルヒー,,"https://images.scrydex.com/magicthegathering/HOB-294/small"",""medium"":""https://images.scrydex.com/magicthegathering/HOB-294/medium"",""large"":""https://images.scrydex.com/magicthegathering/HOB-294/large""}],""rulings"":[],""printings"":[""HOB""],""availability"":[""arena"",""mtgo"",""paper""],""expansion"":{""id"":""HOB"",""name"":""The",swsh4a_ja,https://scrydex.com/pokemon/expansions/shiny-star-v/swsh4a_ja
052d27e5-7fec-4c25-a0e7-e6fbe34bf984,ソード・シールド,S4a,シャイニースターV,295,スワンナ,,"https://images.scrydex.com/magicthegathering/HOB-295/small"",""medium"":""https://images.scrydex.com/magicthegathering/HOB-295/medium"",""large"":""https://images.scrydex.com/magicthegathering/HOB-295/large""}],""rulings"":[],""printings"":[""HOB""],""availability"":[""arena"",""mtgo"",""paper""],""expansion"":{""id"":""HOB"",""name"":""The",swsh4a_ja,https://scrydex.com/pokemon/expansions/shiny-star-v/swsh4a_ja
cd8c5620-1a60-44df-81a9-c9e5d93cf88c,ソード・シールド,S4a,シャイニースターV,296,ホルビー,,"https://images.scrydex.com/magicthegathering/HOB-296/small"",""medium"":""https://images.scrydex.com/magicthegathering/HOB-296/medium"",""large"":""https://images.scrydex.com/magicthegathering/HOB-296/large""}],""rulings"":[],""printings"":[""HOB""],""availability"":[""arena"",""mtgo"",""paper""],""expansion"":{""id"":""HOB"",""name"":""The",swsh4a_ja,https://scrydex.com/pokemon/expansions/shiny-star-v/swsh4a_ja
3b1e7cbb-2b05-482b-8d8b-6621895ac154,ソード・シールド,S4a,シャイニースターV,297,ヤレユータン,,"https://images.scrydex.com/magicthegathering/HOB-297/small"",""medium"":""https://images.scrydex.com/magicthegathering/HOB-297/medium"",""large"":""https://images.scrydex.com/magicthegathering/HOB-297/large""}],""rulings"":[],""printings"":[""HOB""],""availability"":[""arena"",""mtgo"",""paper""],""expansion"":{""id"":""HOB"",""name"":""The",swsh4a_ja,https://scrydex.com/pokemon/expansions/shiny-star-v/swsh4a_ja
cd7ff223-a227-4e8f-807a-447dfa34813c,ソード・シールド,S4a,シャイニースターV,298,ホシガリス,,"https://images.scrydex.com/riftbound/OGN-298/small"",""medium"":""https://images.scrydex.com/riftbound/OGN-298/medium"",""large"":""https://images.scrydex.com/riftbound/OGN-298/large""}],""expansion"":{""id"":""OGN"",""name"":""Origins"",""type"":""Main"",""code"":""OGN"",""total"":352,""printed_total"":298,""release_date"":""2025/10/31"",""logo"":""https://images.scrydex.com/riftbound/OGN-logo/logo"",""symbol"":null,""language"":""English"",""language_code"":""EN""},""language"":""English"",""language_code"":""EN"",""expansion_sort_order"":328,""variants"":[{""name"":""normal"",""images"":[],""marketplaces"":[{""name"":""tcgplayer"",""product_id"":""653092"",""purchase_url"":""https://scrydex.com/riftbound/cards/OGN-298/purchase?type=tcgplayer",swsh4a_ja,https://scrydex.com/pokemon/expansions/shiny-star-v/swsh4a_ja
396bbba5-97a7-4313-867e-ff8e9b71b8e7,ソード・シールド,S4a,シャイニースターV,299,ヨクバリス,,"https://images.scrydex.com/magicthegathering/HOB-299/small"",""medium"":""https://images.scrydex.com/magicthegathering/HOB-299/medium"",""large"":""https://images.scrydex.com/magicthegathering/HOB-299/large""}],""rulings"":[],""printings"":[""HOB""],""availability"":[""arena"",""mtgo"",""paper""],""expansion"":{""id"":""HOB"",""name"":""The",swsh4a_ja,https://scrydex.com/pokemon/expansions/shiny-star-v/swsh4a_ja
ecb98749-8340-4126-a02b-1e9b50d53e30,ソード・シールド,S4a,シャイニースターV,300,ココガラ,,"https://images.scrydex.com/magicthegathering/HOB-300/small"",""medium"":""https://images.scrydex.com/magicthegathering/HOB-300/medium"",""large"":""https://images.scrydex.com/magicthegathering/HOB-300/large""}],""rulings"":[],""printings"":[""HOB""],""availability"":[""arena"",""mtgo"",""paper""],""expansion"":{""id"":""HOB"",""name"":""The",swsh4a_ja,https://scrydex.com/pokemon/expansions/shiny-star-v/swsh4a_ja
34164679-76a6-4d26-b446-fda7063692c2,ソード・シールド,S4a,シャイニースターV,301,アオガラス,,"https://images.scrydex.com/magicthegathering/HOB-301/small"",""medium"":""https://images.scrydex.com/magicthegathering/HOB-301/medium"",""large"":""https://images.scrydex.com/magicthegathering/HOB-301/large""}],""rulings"":[],""printings"":[""HOB""],""availability"":[""arena"",""mtgo"",""paper""],""expansion"":{""id"":""HOB"",""name"":""The",swsh4a_ja,https://scrydex.com/pokemon/expansions/shiny-star-v/swsh4a_ja
4a3bc556-0e8b-4ae7-90f3-7d545cfff9e4,ソード・シールド,S4a,シャイニースターV,302,ウールー,,"https://images.scrydex.com/magicthegathering/HOB-302/small"",""medium"":""https://images.scrydex.com/magicthegathering/HOB-302/medium"",""large"":""https://images.scrydex.com/magicthegathering/HOB-302/large""}],""rulings"":[],""printings"":[""HOB"",""PMEI""],""availability"":[""arena"",""mtgo"",""paper""],""expansion"":{""id"":""HOB"",""name"":""The",swsh4a_ja,https://scrydex.com/pokemon/expansions/shiny-star-v/swsh4a_ja
ff44cd72-1b99-4f12-9850-a9c9d9cfd8df,ソード・シールド,S4a,シャイニースターV,303,バイウールー,,"https://images.scrydex.com/magicthegathering/HOB-303/small"",""medium"":""https://images.scrydex.com/magicthegathering/HOB-303/medium"",""large"":""https://images.scrydex.com/magicthegathering/HOB-303/large""}],""rulings"":[],""printings"":[""HOB""],""availability"":[""arena"",""mtgo"",""paper""],""expansion"":{""id"":""HOB"",""name"":""The",swsh4a_ja,https://scrydex.com/pokemon/expansions/shiny-star-v/swsh4a_ja
483cda6a-684c-4662-a0bd-80dc5b8135b8,ソード・シールド,S4a,シャイニースターV,304,ゴリランダーV,,"https://images.scrydex.com/magicthegathering/HOB-304/small"",""medium"":""https://images.scrydex.com/magicthegathering/HOB-304/medium"",""large"":""https://images.scrydex.com/magicthegathering/HOB-304/large""}],""rulings"":[],""printings"":[""HOB""],""availability"":[""arena"",""mtgo"",""paper""],""expansion"":{""id"":""HOB"",""name"":""The",swsh4a_ja,https://scrydex.com/pokemon/expansions/shiny-star-v/swsh4a_ja
b5ed5b29-a993-4a8d-bc23-56063404bedb,ソード・シールド,S4a,シャイニースターV,305,ゴリランダーVMAX,,"https://images.scrydex.com/magicthegathering/HOB-305/small"",""medium"":""https://images.scrydex.com/magicthegathering/HOB-305/medium"",""large"":""https://images.scrydex.com/magicthegathering/HOB-305/large""}],""rulings"":[],""printings"":[""HOB""],""availability"":[""arena"",""mtgo"",""paper""],""expansion"":{""id"":""HOB"",""name"":""The",swsh4a_ja,https://scrydex.com/pokemon/expansions/shiny-star-v/swsh4a_ja
8c8e6c29-f916-444e-82b3-e1be99d69a74,ソード・シールド,S4a,シャイニースターV,306,ワタシラガV,,"https://images.scrydex.com/magicthegathering/HOB-306/small"",""medium"":""https://images.scrydex.com/magicthegathering/HOB-306/medium"",""large"":""https://images.scrydex.com/magicthegathering/HOB-306/large""}],""rulings"":[],""printings"":[""HOB""],""availability"":[""arena"",""mtgo"",""paper""],""expansion"":{""id"":""HOB"",""name"":""The",swsh4a_ja,https://scrydex.com/pokemon/expansions/shiny-star-v/swsh4a_ja
066a7c28-1d25-40d3-9fef-aee85b92276f,ソード・シールド,S4a,シャイニースターV,307,リザードンV,,"https://images.scrydex.com/magicthegathering/HOB-307/small"",""medium"":""https://images.scrydex.com/magicthegathering/HOB-307/medium"",""large"":""https://images.scrydex.com/magicthegathering/HOB-307/large""}],""rulings"":[],""printings"":[""HOB""],""availability"":[""arena"",""mtgo"",""paper""],""expansion"":{""id"":""HOB"",""name"":""The",swsh4a_ja,https://scrydex.com/pokemon/expansions/shiny-star-v/swsh4a_ja
821a2422-225a-4ab7-b152-85901d162d29,ソード・シールド,S4a,シャイニースターV,308,リザードンVMAX,,"https://images.scrydex.com/magicthegathering/HOB-308/small"",""medium"":""https://images.scrydex.com/magicthegathering/HOB-308/medium"",""large"":""https://images.scrydex.com/magicthegathering/HOB-308/large""}],""rulings"":[],""printings"":[""HOB""],""availability"":[""arena"",""mtgo"",""paper""],""expansion"":{""id"":""HOB"",""name"":""The",swsh4a_ja,https://scrydex.com/pokemon/expansions/shiny-star-v/swsh4a_ja
3f570608-7d0d-4f5c-a69c-1aca4846dd6b,ソード・シールド,S4a,シャイニースターV,309,マルヤクデV,,"https://images.scrydex.com/magicthegathering/HOB-309/small"",""medium"":""https://images.scrydex.com/magicthegathering/HOB-309/medium"",""large"":""https://images.scrydex.com/magicthegathering/HOB-309/large""}],""rulings"":[],""printings"":[""HOB""],""availability"":[""arena"",""mtgo"",""paper""],""expansion"":{""id"":""HOB"",""name"":""The",swsh4a_ja,https://scrydex.com/pokemon/expansions/shiny-star-v/swsh4a_ja
82adb5a6-8dfa-4f13-8038-91f5264bcb67,ソード・シールド,S4a,シャイニースターV,310,マルヤクデVMAX,,"https://images.scrydex.com/magicthegathering/HOB-310/small"",""medium"":""https://images.scrydex.com/magicthegathering/HOB-310/medium"",""large"":""https://images.scrydex.com/magicthegathering/HOB-310/large""}],""rulings"":[],""printings"":[""HOB""],""availability"":[""arena"",""mtgo"",""paper""],""expansion"":{""id"":""HOB"",""name"":""The",swsh4a_ja,https://scrydex.com/pokemon/expansions/shiny-star-v/swsh4a_ja
adf1cc4b-8189-4b5e-87ae-7871a61838f9,ソード・シールド,S4a,シャイニースターV,311,ラプラスV,,"https://images.scrydex.com/magicthegathering/HOB-311/small"",""medium"":""https://images.scrydex.com/magicthegathering/HOB-311/medium"",""large"":""https://images.scrydex.com/magicthegathering/HOB-311/large""}],""rulings"":[],""printings"":[""HOB""],""availability"":[""arena"",""mtgo"",""paper""],""expansion"":{""id"":""HOB"",""name"":""The",swsh4a_ja,https://scrydex.com/pokemon/expansions/shiny-star-v/swsh4a_ja
2d0e708c-be7c-457f-968d-67fb7d970c72,ソード・シールド,S4a,シャイニースターV,312,ラプラスVMAX,,"https://images.scrydex.com/magicthegathering/HOB-312/small"",""medium"":""https://images.scrydex.com/magicthegathering/HOB-312/medium"",""large"":""https://images.scrydex.com/magicthegathering/HOB-312/large""}],""rulings"":[],""printings"":[""HOB"",""PURL""],""availability"":[""arena"",""mtgo"",""paper""],""expansion"":{""id"":""HOB"",""name"":""The",swsh4a_ja,https://scrydex.com/pokemon/expansions/shiny-star-v/swsh4a_ja
7e18ef0b-b5ec-4d7b-8107-36bf6eaacce3,ソード・シールド,S4a,シャイニースターV,313,パルスワンV,,"https://images.scrydex.com/magicthegathering/HOB-313/small"",""medium"":""https://images.scrydex.com/magicthegathering/HOB-313/medium"",""large"":""https://images.scrydex.com/magicthegathering/HOB-313/large""}],""rulings"":[],""printings"":[""10E"",""2ED"",""2XM"",""30A"",""3ED"",""40K"",""4BB"",""4ED"",""5ED"",""6ED"",""7ED"",""8ED"",""9ED"",""ACR"",""AFR"",""AKH"",""AKR"",""ALA"",""ANA"",""ANB"",""ARC"",""ATH"",""AVR"",""BBD"",""BFZ"",""BLB"",""BRB"",""BRC"",""BRO"",""C13"",""C14"",""C15"",""C16"",""C17"",""C18"",""C19"",""CED"",""CEI"",""CHK"",""CLB"",""CLU"",""CM2"",""CMA"",""CMD"",""CMM"",""CMR"",""CST"",""DDC"",""DDE"",""DDF"",""DDG"",""DDH"",""DDI"",""DDK"",""DDL"",""DDN"",""DDO"",""DDP"",""DDQ"",""DFT"",""DMR"",""DMU"",""DOM"",""DSK"",""DTK"",""DVD"",""E01"",""ECL"",""ELD"",""EOE"",""FBB"",""FDN"",""FIC"",""FIN"",""FRF"",""G17"",""GK1"",""GK2"",""GN2"",""GN3"",""GNT"",""GRN"",""GS1"",""H09"",""HBG"",""HOB"",""HOP"",""HOU"",""ICE"",""IKO"",""INR"",""INV"",""ISD"",""ITP"",""J14"",""J22"",""J25"",""JMP"",""KHM"",""KLD"",""KLR"",""KTK"",""LCI"",""LEA"",""LEB"",""LRW"",""LTR"",""M10"",""M11"",""M12"",""M13"",""M14"",""M15"",""M19"",""M20"",""M21"",""MBS"",""MD1"",""ME1"",""ME3"",""MH2"",""MH3"",""MID"",""MIR"",""MKM"",""MMQ"",""MOM"",""MRD"",""MSC"",""MSH"",""NEO"",""NPH"",""ODY"",""OLEP"",""ONE"",""ONS"",""ORI"",""OTJ"",""P02"",""P23"",""PAL00"",""PAL01"",""PAL03"",""PAL04"",""PAL05"",""PAL06"",""PAL99"",""PALP"",""PANA"",""PARL"",""PC2"",""PCA"",""PDGM"",""PELP"",""PF19"",""PF20"",""PGPX"",""PGRU"",""PIP"",""PL26"",""PLST"",""PMPS"",""PMPS06"",""PMPS07"",""PMPS08"",""PMPS09"",""PMPS10"",""PMPS11"",""POR"",""PPP1"",""PRM"",""PRW2"",""PRWK"",""PS11"",""PSAL"",""PSS2"",""PSS3"",""PSS4"",""PTC"",""PTK"",""PZ2"",""RAV"",""REX"",""RIX"",""RNA"",""ROE"",""RQS"",""RTR"",""S99"",""SCD"",""SHM"",""SIR"",""SLD"",""SLP"",""SNC"",""SOI"",""SOM"",""SOS"",""SPM"",""STX"",""SUM"",""TD0"",""TD2"",""TDM"",""THB"",""THS"",""TLA"",""TLE"",""TMP"",""TMT"",""TPR"",""TSP"",""UGL"",""UND"",""UNF"",""UNH"",""USG"",""UST"",""VOW"",""WAR"",""WC00"",""WC02"",""WC03"",""WC04"",""WC97"",""WC98"",""WHO"",""WOE"",""XANA"",""XLN"",""ZEN"",""ZNR""],""availability"":[""arena"",""mtgo"",""paper""],""expansion"":{""id"":""HOB"",""name"":""The",swsh4a_ja,https://scrydex.com/pokemon/expansions/shiny-star-v/swsh4a_ja
668eb9ea-1c46-4d62-ab89-0100705e144e,ソード・シールド,S4a,シャイニースターV,314,ストリンダーV,,"https://images.scrydex.com/magicthegathering/HOB-314/small"",""medium"":""https://images.scrydex.com/magicthegathering/HOB-314/medium"",""large"":""https://images.scrydex.com/magicthegathering/HOB-314/large""}],""rulings"":[],""printings"":[""10E"",""2ED"",""2XM"",""30A"",""3ED"",""40K"",""4BB"",""4ED"",""5ED"",""6ED"",""7ED"",""8ED"",""9ED"",""ACR"",""AFR"",""AKH"",""AKR"",""ALA"",""ANA"",""ANB"",""ARC"",""ATH"",""AVR"",""BBD"",""BFZ"",""BLB"",""BRB"",""BRC"",""BRO"",""C13"",""C14"",""C15"",""C16"",""C17"",""C18"",""C19"",""CED"",""CEI"",""CHK"",""CLB"",""CLU"",""CM2"",""CMA"",""CMD"",""CMM"",""CMR"",""CST"",""DDC"",""DDE"",""DDF"",""DDG"",""DDH"",""DDI"",""DDK"",""DDL"",""DDN"",""DDO"",""DDP"",""DDQ"",""DFT"",""DMR"",""DMU"",""DOM"",""DSK"",""DTK"",""DVD"",""E01"",""ECL"",""ELD"",""EOE"",""FBB"",""FDN"",""FIC"",""FIN"",""FRF"",""G17"",""GK1"",""GK2"",""GN2"",""GN3"",""GNT"",""GRN"",""GS1"",""H09"",""HBG"",""HOB"",""HOP"",""HOU"",""ICE"",""IKO"",""INR"",""INV"",""ISD"",""ITP"",""J14"",""J22"",""J25"",""JMP"",""KHM"",""KLD"",""KLR"",""KTK"",""LCI"",""LEA"",""LEB"",""LRW"",""LTR"",""M10"",""M11"",""M12"",""M13"",""M14"",""M15"",""M19"",""M20"",""M21"",""MBS"",""MD1"",""ME1"",""ME3"",""MH2"",""MH3"",""MID"",""MIR"",""MKM"",""MMQ"",""MOM"",""MRD"",""MSC"",""MSH"",""NEO"",""NPH"",""ODY"",""OLEP"",""ONE"",""ONS"",""ORI"",""OTJ"",""P02"",""P23"",""PAL00"",""PAL01"",""PAL03"",""PAL04"",""PAL05"",""PAL06"",""PAL99"",""PALP"",""PANA"",""PARL"",""PC2"",""PCA"",""PDGM"",""PELP"",""PF19"",""PF20"",""PGPX"",""PGRU"",""PIP"",""PL26"",""PLST"",""PMPS"",""PMPS06"",""PMPS07"",""PMPS08"",""PMPS09"",""PMPS10"",""PMPS11"",""POR"",""PPP1"",""PRM"",""PRW2"",""PRWK"",""PS11"",""PSAL"",""PSS2"",""PSS3"",""PSS4"",""PTC"",""PTK"",""PZ2"",""RAV"",""REX"",""RIX"",""RNA"",""ROE"",""RQS"",""RTR"",""S99"",""SCD"",""SHM"",""SIR"",""SLD"",""SLP"",""SNC"",""SOI"",""SOM"",""SOS"",""SPM"",""STX"",""SUM"",""TD0"",""TD2"",""TDM"",""THB"",""THS"",""TLA"",""TLE"",""TMP"",""TMT"",""TPR"",""TSP"",""UGL"",""UND"",""UNF"",""UNH"",""USG"",""UST"",""VOW"",""WAR"",""WC00"",""WC02"",""WC03"",""WC04"",""WC97"",""WC98"",""WHO"",""WOE"",""XANA"",""XLN"",""ZEN"",""ZNR""],""availability"":[""arena"",""mtgo"",""paper""],""expansion"":{""id"":""HOB"",""name"":""The",swsh4a_ja,https://scrydex.com/pokemon/expansions/shiny-star-v/swsh4a_ja
3cc1468c-d50c-4aa3-b34c-40e102f20aad,ソード・シールド,S4a,シャイニースターV,315,ストリンダーVMAX,,"https://images.scrydex.com/magicthegathering/HOB-315/small"",""medium"":""https://images.scrydex.com/magicthegathering/HOB-315/medium"",""large"":""https://images.scrydex.com/magicthegathering/HOB-315/large""}],""rulings"":[],""printings"":[""10E"",""2ED"",""2XM"",""30A"",""3ED"",""40K"",""4BB"",""4ED"",""5ED"",""6ED"",""7ED"",""8ED"",""9ED"",""ACR"",""AFR"",""AKH"",""AKR"",""ALA"",""ANA"",""ANB"",""ARC"",""ATH"",""AVR"",""BBD"",""BFZ"",""BLB"",""BRB"",""BRC"",""BRO"",""C13"",""C14"",""C15"",""C16"",""C17"",""C18"",""C19"",""CED"",""CEI"",""CHK"",""CLB"",""CLU"",""CM2"",""CMA"",""CMD"",""CMM"",""CMR"",""CST"",""DDC"",""DDE"",""DDF"",""DDG"",""DDH"",""DDI"",""DDK"",""DDL"",""DDN"",""DDO"",""DDP"",""DDQ"",""DFT"",""DMR"",""DMU"",""DOM"",""DSK"",""DTK"",""DVD"",""E01"",""ECL"",""ELD"",""EOE"",""FBB"",""FDN"",""FIC"",""FIN"",""FRF"",""G17"",""GK1"",""GK2"",""GN2"",""GN3"",""GNT"",""GRN"",""GS1"",""H09"",""HBG"",""HOB"",""HOP"",""HOU"",""ICE"",""IKO"",""INR"",""INV"",""ISD"",""ITP"",""J14"",""J22"",""J25"",""JMP"",""KHM"",""KLD"",""KLR"",""KTK"",""LCI"",""LEA"",""LEB"",""LRW"",""LTR"",""M10"",""M11"",""M12"",""M13"",""M14"",""M15"",""M19"",""M20"",""M21"",""MBS"",""MD1"",""ME1"",""ME3"",""MH2"",""MH3"",""MID"",""MIR"",""MKM"",""MMQ"",""MOM"",""MRD"",""MSC"",""MSH"",""NEO"",""NPH"",""ODY"",""OLEP"",""ONE"",""ONS"",""ORI"",""OTJ"",""P02"",""P23"",""PAL00"",""PAL01"",""PAL03"",""PAL04"",""PAL05"",""PAL06"",""PAL99"",""PALP"",""PANA"",""PARL"",""PC2"",""PCA"",""PDGM"",""PELP"",""PF19"",""PF20"",""PGPX"",""PGRU"",""PIP"",""PL26"",""PLST"",""PMPS"",""PMPS06"",""PMPS07"",""PMPS08"",""PMPS09"",""PMPS10"",""PMPS11"",""POR"",""PPP1"",""PRM"",""PRW2"",""PRWK"",""PS11"",""PSAL"",""PSS2"",""PSS3"",""PSS4"",""PTC"",""PTK"",""PZ2"",""RAV"",""REX"",""RIX"",""RNA"",""ROE"",""RQS"",""RTR"",""S99"",""SCD"",""SHM"",""SIR"",""SLD"",""SLP"",""SNC"",""SOI"",""SOM"",""SOS"",""SPM"",""STX"",""SUM"",""TD0"",""TD2"",""TDM"",""THB"",""THS"",""TLA"",""TLE"",""TMP"",""TMT"",""TPR"",""TSP"",""UGL"",""UND"",""UNF"",""UNH"",""USG"",""UST"",""VOW"",""WAR"",""WC00"",""WC02"",""WC03"",""WC04"",""WC97"",""WC98"",""WHO"",""WOE"",""XANA"",""XLN"",""ZEN"",""ZNR""],""availability"":[""arena"",""mtgo"",""paper""],""expansion"":{""id"":""HOB"",""name"":""The",swsh4a_ja,https://scrydex.com/pokemon/expansions/shiny-star-v/swsh4a_ja
c703db90-2951-45b4-a2e7-5cb8e65ee6ea,ソード・シールド,S4a,シャイニースターV,316,イエッサンV,,"https://images.scrydex.com/magicthegathering/HOB-316/small"",""medium"":""https://images.scrydex.com/magicthegathering/HOB-316/medium"",""large"":""https://images.scrydex.com/magicthegathering/HOB-316/large""}],""rulings"":[],""printings"":[""10E"",""2ED"",""2XM"",""30A"",""3ED"",""40K"",""4BB"",""4ED"",""5ED"",""6ED"",""7ED"",""8ED"",""9ED"",""ACR"",""AFR"",""AKH"",""AKR"",""ALA"",""ANA"",""ANB"",""ARC"",""ATH"",""AVR"",""BBD"",""BFZ"",""BLB"",""BRB"",""BRC"",""BRO"",""C13"",""C14"",""C15"",""C16"",""C17"",""C18"",""C19"",""CED"",""CEI"",""CHK"",""CLB"",""CLU"",""CM2"",""CMA"",""CMD"",""CMM"",""CMR"",""CST"",""DDC"",""DDE"",""DDF"",""DDG"",""DDH"",""DDI"",""DDK"",""DDL"",""DDN"",""DDO"",""DDP"",""DDQ"",""DFT"",""DMR"",""DMU"",""DOM"",""DSK"",""DTK"",""DVD"",""E01"",""ECL"",""ELD"",""EOE"",""FBB"",""FDN"",""FIC"",""FIN"",""FRF"",""G17"",""GK1"",""GK2"",""GN2"",""GN3"",""GNT"",""GRN"",""GS1"",""H09"",""HBG"",""HOB"",""HOP"",""HOU"",""ICE"",""IKO"",""INR"",""INV"",""ISD"",""ITP"",""J14"",""J22"",""J25"",""JMP"",""KHM"",""KLD"",""KLR"",""KTK"",""LCI"",""LEA"",""LEB"",""LRW"",""LTR"",""M10"",""M11"",""M12"",""M13"",""M14"",""M15"",""M19"",""M20"",""M21"",""MBS"",""MD1"",""ME1"",""ME3"",""MH2"",""MH3"",""MID"",""MIR"",""MKM"",""MMQ"",""MOM"",""MRD"",""MSC"",""MSH"",""NEO"",""NPH"",""ODY"",""OLEP"",""ONE"",""ONS"",""ORI"",""OTJ"",""P02"",""P23"",""PAL00"",""PAL01"",""PAL03"",""PAL04"",""PAL05"",""PAL06"",""PAL99"",""PALP"",""PANA"",""PARL"",""PC2"",""PCA"",""PDGM"",""PELP"",""PF19"",""PF20"",""PGPX"",""PGRU"",""PIP"",""PL26"",""PLST"",""PMPS"",""PMPS06"",""PMPS07"",""PMPS08"",""PMPS09"",""PMPS10"",""PMPS11"",""POR"",""PPP1"",""PRM"",""PRW2"",""PRWK"",""PS11"",""PSAL"",""PSS2"",""PSS3"",""PSS4"",""PTC"",""PTK"",""PZ2"",""RAV"",""REX"",""RIX"",""RNA"",""ROE"",""RQS"",""RTR"",""S99"",""SCD"",""SHM"",""SIR"",""SLD"",""SLP"",""SNC"",""SOI"",""SOM"",""SOS"",""SPM"",""STX"",""SUM"",""TD0"",""TD2"",""TDM"",""THB"",""THS"",""TLA"",""TLE"",""TMP"",""TMT"",""TPR"",""TSP"",""UGL"",""UND"",""UNF"",""UNH"",""USG"",""UST"",""VOW"",""WAR"",""WC00"",""WC02"",""WC03"",""WC04"",""WC97"",""WC98"",""WHO"",""WOE"",""XANA"",""XLN"",""ZEN"",""ZNR""],""availability"":[""arena"",""mtgo"",""paper""],""expansion"":{""id"":""HOB"",""name"":""The",swsh4a_ja,https://scrydex.com/pokemon/expansions/shiny-star-v/swsh4a_ja
4a1c67c0-72bc-40e5-aa36-c1897b1d7a01,ソード・シールド,S4a,シャイニースターV,317,ドラパルトV,,"https://images.scrydex.com/magicthegathering/HOB-317/small"",""medium"":""https://images.scrydex.com/magicthegathering/HOB-317/medium"",""large"":""https://images.scrydex.com/magicthegathering/HOB-317/large""}],""rulings"":[],""printings"":[""10E"",""2ED"",""2XM"",""30A"",""3ED"",""40K"",""4BB"",""4ED"",""5ED"",""6ED"",""7ED"",""8ED"",""9ED"",""ACR"",""AFR"",""AKH"",""AKR"",""ALA"",""ANA"",""ANB"",""ARC"",""ATH"",""AVR"",""BBD"",""BFZ"",""BLB"",""BRB"",""BRC"",""BRO"",""C13"",""C14"",""C15"",""C16"",""C17"",""C18"",""C19"",""CED"",""CEI"",""CHK"",""CLB"",""CLU"",""CM2"",""CMA"",""CMD"",""CMM"",""CMR"",""CST"",""DDC"",""DDE"",""DDF"",""DDG"",""DDH"",""DDI"",""DDK"",""DDL"",""DDN"",""DDO"",""DDP"",""DDQ"",""DFT"",""DMR"",""DMU"",""DOM"",""DSK"",""DTK"",""DVD"",""E01"",""ECL"",""ELD"",""EOE"",""FBB"",""FDN"",""FIC"",""FIN"",""FRF"",""G17"",""GK1"",""GK2"",""GN2"",""GN3"",""GNT"",""GRN"",""GS1"",""H09"",""HBG"",""HOB"",""HOP"",""HOU"",""ICE"",""IKO"",""INR"",""INV"",""ISD"",""ITP"",""J14"",""J22"",""J25"",""JMP"",""KHM"",""KLD"",""KLR"",""KTK"",""LCI"",""LEA"",""LEB"",""LRW"",""LTR"",""M10"",""M11"",""M12"",""M13"",""M14"",""M15"",""M19"",""M20"",""M21"",""MBS"",""MD1"",""ME1"",""ME3"",""MH2"",""MH3"",""MID"",""MIR"",""MKM"",""MMQ"",""MOM"",""MRD"",""MSC"",""MSH"",""NEO"",""NPH"",""ODY"",""OLEP"",""ONE"",""ONS"",""ORI"",""OTJ"",""P02"",""P23"",""PAL00"",""PAL01"",""PAL03"",""PAL04"",""PAL05"",""PAL06"",""PAL99"",""PALP"",""PANA"",""PARL"",""PC2"",""PCA"",""PDGM"",""PELP"",""PF19"",""PF20"",""PGPX"",""PGRU"",""PIP"",""PL26"",""PLST"",""PMPS"",""PMPS06"",""PMPS07"",""PMPS08"",""PMPS09"",""PMPS10"",""PMPS11"",""POR"",""PPP1"",""PRM"",""PRW2"",""PRWK"",""PS11"",""PSAL"",""PSS2"",""PSS3"",""PSS4"",""PTC"",""PTK"",""PZ2"",""RAV"",""REX"",""RIX"",""RNA"",""ROE"",""RQS"",""RTR"",""S99"",""SCD"",""SHM"",""SIR"",""SLD"",""SLP"",""SNC"",""SOI"",""SOM"",""SOS"",""SPM"",""STX"",""SUM"",""TD0"",""TD2"",""TDM"",""THB"",""THS"",""TLA"",""TLE"",""TMP"",""TMT"",""TPR"",""TSP"",""UGL"",""UND"",""UNF"",""UNH"",""USG"",""UST"",""VOW"",""WAR"",""WC00"",""WC02"",""WC03"",""WC04"",""WC97"",""WC98"",""WHO"",""WOE"",""XANA"",""XLN"",""ZEN"",""ZNR""],""availability"":[""arena"",""mtgo"",""paper""],""expansion"":{""id"":""HOB"",""name"":""The",swsh4a_ja,https://scrydex.com/pokemon/expansions/shiny-star-v/swsh4a_ja
cb8fb574-1630-40cc-afd2-dade5da06112,ソード・シールド,S4a,シャイニースターV,318,ドラパルトVMAX,,"https://images.scrydex.com/magicthegathering/HOB-318/small"",""medium"":""https://images.scrydex.com/magicthegathering/HOB-318/medium"",""large"":""https://images.scrydex.com/magicthegathering/HOB-318/large""}],""rulings"":[],""printings"":[""10E"",""2ED"",""2XM"",""30A"",""3ED"",""40K"",""4BB"",""4ED"",""5ED"",""6ED"",""7ED"",""8ED"",""9ED"",""ACR"",""AFR"",""AKH"",""AKR"",""ALA"",""ANA"",""ANB"",""ARC"",""ATH"",""AVR"",""BBD"",""BFZ"",""BLB"",""BRB"",""BRC"",""BRO"",""C13"",""C14"",""C15"",""C16"",""C17"",""C18"",""C19"",""CED"",""CEI"",""CHK"",""CLB"",""CLU"",""CM2"",""CMA"",""CMD"",""CMM"",""CMR"",""CST"",""DDC"",""DDE"",""DDF"",""DDG"",""DDH"",""DDI"",""DDK"",""DDL"",""DDN"",""DDO"",""DDP"",""DDQ"",""DFT"",""DMR"",""DMU"",""DOM"",""DSK"",""DTK"",""DVD"",""E01"",""ECL"",""ELD"",""EOE"",""FBB"",""FDN"",""FIC"",""FIN"",""FRF"",""G17"",""GK1"",""GK2"",""GN2"",""GN3"",""GNT"",""GRN"",""GS1"",""H09"",""HBG"",""HOB"",""HOP"",""HOU"",""ICE"",""IKO"",""INR"",""INV"",""ISD"",""ITP"",""J14"",""J22"",""J25"",""JMP"",""KHM"",""KLD"",""KLR"",""KTK"",""LCI"",""LEA"",""LEB"",""LRW"",""LTR"",""M10"",""M11"",""M12"",""M13"",""M14"",""M15"",""M19"",""M20"",""M21"",""MBS"",""MD1"",""ME1"",""ME3"",""MH2"",""MH3"",""MID"",""MIR"",""MKM"",""MMQ"",""MOM"",""MRD"",""MSC"",""MSH"",""NEO"",""NPH"",""ODY"",""OLEP"",""ONE"",""ONS"",""ORI"",""OTJ"",""P02"",""P23"",""PAL00"",""PAL01"",""PAL03"",""PAL04"",""PAL05"",""PAL06"",""PAL99"",""PALP"",""PANA"",""PARL"",""PC2"",""PCA"",""PDGM"",""PELP"",""PF19"",""PF20"",""PGPX"",""PGRU"",""PIP"",""PL26"",""PLST"",""PMPS"",""PMPS06"",""PMPS07"",""PMPS08"",""PMPS09"",""PMPS10"",""PMPS11"",""POR"",""PPP1"",""PRM"",""PRW2"",""PRWK"",""PS11"",""PSAL"",""PSS2"",""PSS3"",""PSS4"",""PTC"",""PTK"",""PZ2"",""RAV"",""REX"",""RIX"",""RNA"",""ROE"",""RQS"",""RTR"",""S99"",""SCD"",""SHM"",""SIR"",""SLD"",""SLP"",""SNC"",""SOI"",""SOM"",""SOS"",""SPM"",""STX"",""SUM"",""TD0"",""TD2"",""TDM"",""THB"",""THS"",""TLA"",""TLE"",""TMP"",""TMT"",""TPR"",""TSP"",""UGL"",""UND"",""UNF"",""UNH"",""USG"",""UST"",""VOW"",""WAR"",""WC00"",""WC02"",""WC03"",""WC04"",""WC97"",""WC98"",""WHO"",""WOE"",""XANA"",""XLN"",""ZEN"",""ZNR""],""availability"":[""arena"",""mtgo"",""paper""],""expansion"":{""id"":""HOB"",""name"":""The",swsh4a_ja,https://scrydex.com/pokemon/expansions/shiny-star-v/swsh4a_ja
09351c4e-cc16-4b47-9eac-9089b17593a3,ソード・シールド,S4a,シャイニースターV,319,タイレーツV,,"https://images.scrydex.com/magicthegathering/HOB-319/small"",""medium"":""https://images.scrydex.com/magicthegathering/HOB-319/medium"",""large"":""https://images.scrydex.com/magicthegathering/HOB-319/large""}],""rulings"":[],""printings"":[""10E"",""2ED"",""2XM"",""30A"",""3ED"",""40K"",""4BB"",""4ED"",""5ED"",""6ED"",""7ED"",""8ED"",""9ED"",""ACR"",""AFR"",""AKH"",""AKR"",""ALA"",""ANA"",""ANB"",""ARC"",""ATH"",""AVR"",""BBD"",""BFZ"",""BLB"",""BRB"",""BRC"",""BRO"",""C13"",""C14"",""C15"",""C16"",""C17"",""C18"",""C19"",""CED"",""CEI"",""CHK"",""CLB"",""CLU"",""CM2"",""CMA"",""CMD"",""CMM"",""CMR"",""CST"",""DDC"",""DDE"",""DDF"",""DDG"",""DDH"",""DDI"",""DDK"",""DDL"",""DDN"",""DDO"",""DDP"",""DDQ"",""DFT"",""DMR"",""DMU"",""DOM"",""DSK"",""DTK"",""DVD"",""E01"",""ECL"",""ELD"",""EOE"",""FBB"",""FDN"",""FIC"",""FIN"",""FRF"",""G17"",""GK1"",""GK2"",""GN2"",""GN3"",""GNT"",""GRN"",""GS1"",""H09"",""HBG"",""HOB"",""HOP"",""HOU"",""ICE"",""IKO"",""INR"",""INV"",""ISD"",""ITP"",""J14"",""J22"",""J25"",""JMP"",""KHM"",""KLD"",""KLR"",""KTK"",""LCI"",""LEA"",""LEB"",""LRW"",""LTR"",""M10"",""M11"",""M12"",""M13"",""M14"",""M15"",""M19"",""M20"",""M21"",""MBS"",""MD1"",""ME1"",""ME3"",""MH2"",""MH3"",""MID"",""MIR"",""MKM"",""MMQ"",""MOM"",""MRD"",""MSC"",""MSH"",""NEO"",""NPH"",""ODY"",""OLEP"",""ONE"",""ONS"",""ORI"",""OTJ"",""P02"",""P23"",""PAL00"",""PAL01"",""PAL03"",""PAL04"",""PAL05"",""PAL06"",""PAL99"",""PALP"",""PANA"",""PARL"",""PC2"",""PCA"",""PDGM"",""PELP"",""PF19"",""PF20"",""PGPX"",""PGRU"",""PIP"",""PL26"",""PLST"",""PMPS"",""PMPS06"",""PMPS07"",""PMPS08"",""PMPS09"",""PMPS10"",""PMPS11"",""POR"",""PPP1"",""PRM"",""PRW2"",""PRWK"",""PS11"",""PSAL"",""PSS2"",""PSS3"",""PSS4"",""PTC"",""PTK"",""PZ2"",""RAV"",""REX"",""RIX"",""RNA"",""ROE"",""RQS"",""RTR"",""S99"",""SCD"",""SHM"",""SIR"",""SLD"",""SLP"",""SNC"",""SOI"",""SOM"",""SOS"",""SPM"",""STX"",""SUM"",""TD0"",""TD2"",""TDM"",""THB"",""THS"",""TLA"",""TLE"",""TMP"",""TMT"",""TPR"",""TSP"",""UGL"",""UND"",""UNF"",""UNH"",""USG"",""UST"",""VOW"",""WAR"",""WC00"",""WC02"",""WC03"",""WC04"",""WC97"",""WC98"",""WHO"",""WOE"",""XANA"",""XLN"",""ZEN"",""ZNR""],""availability"":[""arena"",""mtgo"",""paper""],""expansion"":{""id"":""HOB"",""name"":""The",swsh4a_ja,https://scrydex.com/pokemon/expansions/shiny-star-v/swsh4a_ja
f38243e4-70db-43dc-8c04-75b49730e2c6,ソード・シールド,S4a,シャイニースターV,320,クロバットVMAX,,"https://images.scrydex.com/magicthegathering/HOB-320/small"",""medium"":""https://images.scrydex.com/magicthegathering/HOB-320/medium"",""large"":""https://images.scrydex.com/magicthegathering/HOB-320/large""}],""rulings"":[],""printings"":[""10E"",""2ED"",""2XM"",""30A"",""3ED"",""40K"",""4BB"",""4ED"",""5ED"",""6ED"",""7ED"",""8ED"",""9ED"",""ACR"",""AFR"",""AKH"",""AKR"",""ALA"",""ANA"",""ANB"",""ARC"",""ATH"",""AVR"",""BBD"",""BFZ"",""BLB"",""BRB"",""BRC"",""BRO"",""C13"",""C14"",""C15"",""C16"",""C17"",""C18"",""C19"",""CED"",""CEI"",""CHK"",""CLB"",""CLU"",""CM2"",""CMA"",""CMD"",""CMM"",""CMR"",""CST"",""DDC"",""DDE"",""DDF"",""DDG"",""DDH"",""DDI"",""DDK"",""DDL"",""DDN"",""DDO"",""DDP"",""DDQ"",""DFT"",""DMR"",""DMU"",""DOM"",""DSK"",""DTK"",""DVD"",""E01"",""ECL"",""ELD"",""EOE"",""FBB"",""FDN"",""FIC"",""FIN"",""FRF"",""G17"",""GK1"",""GK2"",""GN2"",""GN3"",""GNT"",""GRN"",""GS1"",""H09"",""HBG"",""HOB"",""HOP"",""HOU"",""ICE"",""IKO"",""INR"",""INV"",""ISD"",""ITP"",""J14"",""J22"",""J25"",""JMP"",""KHM"",""KLD"",""KLR"",""KTK"",""LCI"",""LEA"",""LEB"",""LRW"",""LTR"",""M10"",""M11"",""M12"",""M13"",""M14"",""M15"",""M19"",""M20"",""M21"",""MBS"",""MD1"",""ME1"",""ME3"",""MH2"",""MH3"",""MID"",""MIR"",""MKM"",""MMQ"",""MOM"",""MRD"",""MSC"",""MSH"",""NEO"",""NPH"",""ODY"",""OLEP"",""ONE"",""ONS"",""ORI"",""OTJ"",""P02"",""P23"",""PAL00"",""PAL01"",""PAL03"",""PAL04"",""PAL05"",""PAL06"",""PAL99"",""PALP"",""PANA"",""PARL"",""PC2"",""PCA"",""PDGM"",""PELP"",""PF19"",""PF20"",""PGPX"",""PGRU"",""PIP"",""PL26"",""PLST"",""PMPS"",""PMPS06"",""PMPS07"",""PMPS08"",""PMPS09"",""PMPS10"",""PMPS11"",""POR"",""PPP1"",""PRM"",""PRW2"",""PRWK"",""PS11"",""PSAL"",""PSS2"",""PSS3"",""PSS4"",""PTC"",""PTK"",""PZ2"",""RAV"",""REX"",""RIX"",""RNA"",""ROE"",""RQS"",""RTR"",""S99"",""SCD"",""SHM"",""SIR"",""SLD"",""SLP"",""SNC"",""SOI"",""SOM"",""SOS"",""SPM"",""STX"",""SUM"",""TD0"",""TD2"",""TDM"",""THB"",""THS"",""TLA"",""TLE"",""TMP"",""TMT"",""TPR"",""TSP"",""UGL"",""UND"",""UNF"",""UNH"",""USG"",""UST"",""VOW"",""WAR"",""WC00"",""WC02"",""WC03"",""WC04"",""WC97"",""WC98"",""WHO"",""WOE"",""XANA"",""XLN"",""ZEN"",""ZNR""],""availability"":[""arena"",""mtgo"",""paper""],""expansion"":{""id"":""HOB"",""name"":""The",swsh4a_ja,https://scrydex.com/pokemon/expansions/shiny-star-v/swsh4a_ja
a0676ff2-0eda-4e80-a6d9-f2463166ae15,ソード・シールド,S4a,シャイニースターV,321,オーロンゲV,,"https://images.scrydex.com/magicthegathering/HOB-321/small"",""medium"":""https://images.scrydex.com/magicthegathering/HOB-321/medium"",""large"":""https://images.scrydex.com/magicthegathering/HOB-321/large""}],""rulings"":[],""printings"":[""HOB""],""availability"":[""arena"",""mtgo"",""paper""],""expansion"":{""id"":""HOB"",""name"":""The",swsh4a_ja,https://scrydex.com/pokemon/expansions/shiny-star-v/swsh4a_ja
f9b40b54-92de-4019-9aed-2ae26f620f60,ソード・シールド,S4a,シャイニースターV,322,オーロンゲVMAX,,"https://images.scrydex.com/magicthegathering/MSH-322/small"",""medium"":""https://images.scrydex.com/magicthegathering/MSH-322/medium"",""large"":""https://images.scrydex.com/magicthegathering/MSH-322/large""}],""rulings"":[],""printings"":[""MSH""],""availability"":[""mtgo"",""paper""],""expansion"":{""id"":""MSH"",""name"":""Marvel",swsh4a_ja,https://scrydex.com/pokemon/expansions/shiny-star-v/swsh4a_ja
d1021e8b-3254-42e3-9aba-ec91b2263c8d,ソード・シールド,S4a,シャイニースターV,323,メタモンV,,"https://images.scrydex.com/magicthegathering/MSH-323/small"",""medium"":""https://images.scrydex.com/magicthegathering/MSH-323/medium"",""large"":""https://images.scrydex.com/magicthegathering/MSH-323/large""}],""rulings"":[],""printings"":[""MSH""],""availability"":[""mtgo"",""paper""],""expansion"":{""id"":""MSH"",""name"":""Marvel",swsh4a_ja,https://scrydex.com/pokemon/expansions/shiny-star-v/swsh4a_ja
9b8b83d0-124c-4f15-bd97-b5fcb4de70b6,ソード・シールド,S4a,シャイニースターV,324,メタモンVMAX,,"https://images.scrydex.com/magicthegathering/MSH-324/small"",""medium"":""https://images.scrydex.com/magicthegathering/MSH-324/medium"",""large"":""https://images.scrydex.com/magicthegathering/MSH-324/large""}],""rulings"":[],""printings"":[""MSH""],""availability"":[""mtgo"",""paper""],""expansion"":{""id"":""MSH"",""name"":""Marvel",swsh4a_ja,https://scrydex.com/pokemon/expansions/shiny-star-v/swsh4a_ja
b1d5ea76-9e29-4648-8b58-60a3ae0d88e3,ソード・シールド,S4a,シャイニースターV,325,バイウールーV,,"https://images.scrydex.com/magicthegathering/MSH-325/small"",""medium"":""https://images.scrydex.com/magicthegathering/MSH-325/medium"",""large"":""https://images.scrydex.com/magicthegathering/MSH-325/large""}],""rulings"":[],""printings"":[""MSH""],""availability"":[""mtgo"",""paper""],""expansion"":{""id"":""MSH"",""name"":""Marvel",swsh4a_ja,https://scrydex.com/pokemon/expansions/shiny-star-v/swsh4a_ja
8590473f-820b-44a8-a085-055e08ee548d,ソード・シールド,S4a,シャイニースターV,326,ウッウV,,"https://images.scrydex.com/magicthegathering/MSH-326/small"",""medium"":""https://images.scrydex.com/magicthegathering/MSH-326/medium"",""large"":""https://images.scrydex.com/magicthegathering/MSH-326/large""}],""rulings"":[],""printings"":[""MSH"",""PSPL""],""availability"":[""mtgo"",""paper""],""expansion"":{""id"":""MSH"",""name"":""Marvel",swsh4a_ja,https://scrydex.com/pokemon/expansions/shiny-star-v/swsh4a_ja
