card_id,series_name,set_code,set_name,scrydex_id,card_number,card_name,current_rarity,scrydex_rarity,scrydex_rarity_raw,image_url,status
b8f816a5-47eb-43a9-8dca-6ebce93e1ccf,ソード・シールド,S4a,シャイニースターV,swsh4a_ja,009,ゴリランダーV,,RR,RR,https://www.pokemon-card.com/assets/images/card_images/large/S4a/038654_P_GORIRANDAV.jpg,RARITY_CHANGE
3a405360-7a58-4680-98c3-691f1a7776ae,ソード・シールド,S4a,シャイニースターV,swsh4a_ja,016,ワタシラガV,,RR,RR,https://www.pokemon-card.com/assets/images/card_images/large/S4a/038661_P_WATASHIRAGAV.jpg,RARITY_CHANGE
306c57a5-a3d7-4174-8070-30ce75215b58,ソード・シールド,S4a,シャイニースターV,swsh4a_ja,027,マルヤクデV,,RR,RR,https://www.pokemon-card.com/assets/images/card_images/large/S4a/038672_P_MARUYAKUDEV.jpg,RARITY_CHANGE
b136a2e1-017d-4d0c-b4da-3046046fc2a3,ソード・シールド,S4a,シャイニースターV,swsh4a_ja,031,ラプラスV,,RR,RR,https://www.pokemon-card.com/assets/images/card_images/large/S4a/038676_P_RAPURASUV.jpg,RARITY_CHANGE
a596bd2d-f8d0-4edd-a565-a7880a3d0421,ソード・シールド,S4a,シャイニースターV,swsh4a_ja,056,パルスワンV,,RR,RR,https://www.pokemon-card.com/assets/images/card_images/large/S4a/038701_P_PARUSUWANV.jpg,RARITY_CHANGE
7cf08544-de5b-40a9-a3d8-e92df9e68999,SVシリーズ,SV7,ステラミラクル,sv7_ja,096,デラックスボム,ー,ACE,ACE,https://assets.tcgdex.net/ja/SV/SV7/096/high.webp,RARITY_CHANGE
a35778b7-1e8d-47fa-9eff-7fa6f78854dc,ソード・シールド,S4a,シャイニースターV,swsh4a_ja,059,ストリンダーV,,RR,RR,https://www.pokemon-card.com/assets/images/card_images/large/S4a/038704_P_SUTORINDAV.jpg,RARITY_CHANGE
79dece4e-a14b-40cd-b737-d951fee264f5,ソード・シールド,S4a,シャイニースターV,swsh4a_ja,084,イエッサンV,,RR,RR,https://www.pokemon-card.com/assets/images/card_images/large/S4a/038729_P_IESSANV.jpg,RARITY_CHANGE
7934ced1-9786-4915-b36e-6f08beb47d5e,ソード・シールド,S4a,シャイニースターV,swsh4a_ja,088,ドラパルトV,,RR,RR,https://www.pokemon-card.com/assets/images/card_images/large/S4a/038733_P_DORAPARUTOV.jpg,RARITY_CHANGE
5a3dd4a7-f3a3-4c72-a79f-827b4aa6bc52,ソード・シールド,S4a,シャイニースターV,swsh4a_ja,201,フクスロー,,R,R,https://www.pokemon-card.com/assets/images/card_images/large/S4a/038933_P_FUKUSURO.jpg,RARITY_CHANGE
96759d7f-b6d8-40eb-8018-3c1ae00a9015,ソード・シールド,S4a,シャイニースターV,swsh4a_ja,202,ジュナイパー,,R,R,https://www.pokemon-card.com/assets/images/card_images/large/S4a/038934_P_JUNAIPA.jpg,RARITY_CHANGE
47f970f0-aa7d-43cb-ba64-748f6a55d3cd,ソード・シールド,S4a,シャイニースターV,swsh4a_ja,102,タイレーツV,,RR,RR,https://www.pokemon-card.com/assets/images/card_images/large/S4a/038747_P_TAIRETSUV.jpg,RARITY_CHANGE
49ceb397-4bb9-4060-94a1-ad7e15299f33,ソード・シールド,S4a,シャイニースターV,swsh4a_ja,108,クロバットV,,RR,RR,https://www.pokemon-card.com/assets/images/card_images/large/S4a/038753_P_KUROBATTOV.jpg,RARITY_CHANGE
e29034b4-cfe5-4003-840a-9e6504f22ba1,ソード・シールド,S4a,シャイニースターV,swsh4a_ja,124,ムゲンダイナV,,RR,RR,https://www.pokemon-card.com/assets/images/card_images/large/S4a/038769_P_MUGENDAINAV.jpg,RARITY_CHANGE
cf1daa25-2acf-4839-b310-e977a79a8142,SMシリーズ,SM1p,サン＆ムーン,sm1p_ja,063,ドヒドイデGX,UR,HR,HR,,RARITY_CHANGE
7a2a11e1-4d5e-4644-a0c4-67550b0805b4,ソード・シールド,S4a,シャイニースターV,swsh4a_ja,137,ザシアンV,,RR,RR,https://www.pokemon-card.com/assets/images/card_images/large/S4a/038782_P_ZASHIANV.jpg,RARITY_CHANGE
4c67d8dc-846d-47dc-8226-0a9096614da5,ソード・シールド,S4a,シャイニースターV,swsh4a_ja,139,ザマゼンタV,,RR,RR,https://www.pokemon-card.com/assets/images/card_images/large/S4a/038784_P_ZAMAZENTAV.jpg,RARITY_CHANGE
55999009-a49c-4bc3-995e-b5137b9dd49c,ソード・シールド,S4a,シャイニースターV,swsh4a_ja,140,メタモンV,,RR,RR,https://www.pokemon-card.com/assets/images/card_images/large/S4a/038785_P_METAMONV.jpg,RARITY_CHANGE
9bf75627-1e00-44c6-a315-7dc6de3c8a46,ソード・シールド,S4a,シャイニースターV,swsh4a_ja,154,バイウールーV,,RR,RR,https://www.pokemon-card.com/assets/images/card_images/large/S4a/038799_P_BAIURUV.jpg,RARITY_CHANGE
033852ed-dc66-4184-8826-6184a071b7ba,ソード・シールド,S4a,シャイニースターV,swsh4a_ja,155,ウッウV,,RR,RR,https://www.pokemon-card.com/assets/images/card_images/large/S4a/038800_P_UTSUUV.jpg,RARITY_CHANGE
4ae1fa10-3fc5-4215-9d3e-82960ab485d0,ソード・シールド,S4a,シャイニースターV,swsh4a_ja,191,ウカッツ,,SR,SR,https://www.pokemon-card.com/assets/images/card_images/large/S4a/038923_T_UKATTSU.jpg,RARITY_CHANGE
1db49545-2a23-4655-b1a6-15ef82e44ae7,ソード・シールド,S4a,シャイニースターV,swsh4a_ja,192,ジムトレーナー,,SR,SR,https://www.pokemon-card.com/assets/images/card_images/large/S4a/038924_T_JIMUTORENA.jpg,RARITY_CHANGE
14821a1f-25f5-4aa4-9ca4-b8ea141cc960,ソード・シールド,S4a,シャイニースターV,swsh4a_ja,193,とりつかい,,SR,SR,https://www.pokemon-card.com/assets/images/card_images/large/S4a/038925_T_TORITSUKAI.jpg,RARITY_CHANGE
3dcae2fe-0a91-4f9b-a2ae-8ed89114448e,ソード・シールド,S4a,シャイニースターV,swsh4a_ja,194,ネズ,,SR,SR,https://www.pokemon-card.com/assets/images/card_images/large/S4a/038926_T_NEZU.jpg,RARITY_CHANGE
0489be8c-6da6-40fa-8d12-1bad79a25665,ソード・シールド,S4a,シャイニースターV,swsh4a_ja,195,フウロ,,SR,SR,https://www.pokemon-card.com/assets/images/card_images/large/S4a/038927_T_FUURO.jpg,RARITY_CHANGE
931c0760-6aff-4fdb-bc5e-99a706e069f5,ソード・シールド,S4a,シャイニースターV,swsh4a_ja,196,ボールガイ,,SR,SR,https://www.pokemon-card.com/assets/images/card_images/large/S4a/038928_T_BORUGAI.jpg,RARITY_CHANGE
f282c711-c930-4414-adb8-b90a51284ac9,ソード・シールド,S4a,シャイニースターV,swsh4a_ja,197,ポケモンごっこ,,SR,SR,https://www.pokemon-card.com/assets/images/card_images/large/S4a/038929_T_POKEMONGOKKO.jpg,RARITY_CHANGE
3d21e520-faf1-4bb9-a47d-ac98922926a4,ソード・シールド,S4a,シャイニースターV,swsh4a_ja,198,マリィ,,SR,SR,https://www.pokemon-card.com/assets/images/card_images/large/S4a/038930_T_MARII.jpg,RARITY_CHANGE
1d626025-8cb5-42a5-91dd-2b84ae84933e,ソード・シールド,S4a,シャイニースターV,swsh4a_ja,199,ローズ,,SR,SR,https://www.pokemon-card.com/assets/images/card_images/large/S4a/038931_T_ROZU.jpg,RARITY_CHANGE
24c1f868-a126-4733-8237-36819cfc6ede,ソード・シールド,S4a,シャイニースターV,swsh4a_ja,200,モクロー,,R,R,https://www.pokemon-card.com/assets/images/card_images/large/S4a/038932_P_MOKURO.jpg,RARITY_CHANGE
d5f61eff-1562-4dd3-91d3-3cbe00583779,ソード・シールド,S4a,シャイニースターV,swsh4a_ja,203,サルノリ,,R,R,https://www.pokemon-card.com/assets/images/card_images/large/S4a/038935_P_SARUNORI.jpg,RARITY_CHANGE
179dee51-4300-4c38-8ab8-8e3c9542a135,ソード・シールド,S4a,シャイニースターV,swsh4a_ja,204,バチンキー,,R,R,https://www.pokemon-card.com/assets/images/card_images/large/S4a/038936_P_BACHINKI.jpg,RARITY_CHANGE
a687fd71-654f-4683-b9ac-53510eb3f3fe,ソード・シールド,S4a,シャイニースターV,swsh4a_ja,205,ゴリランダー,,R,R,https://www.pokemon-card.com/assets/images/card_images/large/S4a/038937_P_GORIRANDA.jpg,RARITY_CHANGE
861c5578-50a5-4a49-b9ce-6628d9457d51,ソード・シールド,S4a,シャイニースターV,swsh4a_ja,206,サッチムシ,,R,R,https://www.pokemon-card.com/assets/images/card_images/large/S4a/038938_P_SACCHIMUSHI.jpg,RARITY_CHANGE
cd8251ab-2d0a-4b0e-840e-bfebec2457b4,ソード・シールド,S4a,シャイニースターV,swsh4a_ja,207,レドームシ,,R,R,https://www.pokemon-card.com/assets/images/card_images/large/S4a/038939_P_REDOMUSHI.jpg,RARITY_CHANGE
ed912e8c-3470-43a0-bb49-168b7b7b8da7,ソード・シールド,S4a,シャイニースターV,swsh4a_ja,208,イオルブ,,R,R,https://www.pokemon-card.com/assets/images/card_images/large/S4a/038940_P_IORUBU.jpg,RARITY_CHANGE
6c7ab93b-e785-4e50-8aee-7ea76a7da5d0,ソード・シールド,S4a,シャイニースターV,swsh4a_ja,209,ヒメンカ,,R,R,https://www.pokemon-card.com/assets/images/card_images/large/S4a/038941_P_HIMENKA.jpg,RARITY_CHANGE
5c340acd-7e08-4d96-a5be-681c91e92008,ソード・シールド,S4a,シャイニースターV,swsh4a_ja,210,ワタシラガ,,R,R,https://www.pokemon-card.com/assets/images/card_images/large/S4a/038942_P_WATASHIRAGA.jpg,RARITY_CHANGE
24b7dab2-bda7-4d0e-988f-52ed9c9f7b69,ソード・シールド,S4a,シャイニースターV,swsh4a_ja,211,カジッチュ,,R,R,https://www.pokemon-card.com/assets/images/card_images/large/S4a/038943_P_KAJICCHU.jpg,RARITY_CHANGE
8a702502-e5c9-4395-8be4-bdb69dc5252c,ソード・シールド,S4a,シャイニースターV,swsh4a_ja,212,アップリュー,,R,R,https://www.pokemon-card.com/assets/images/card_images/large/S4a/038944_P_APPURYU.jpg,RARITY_CHANGE
75401fe4-52d8-47b8-beec-70aacf256006,ソード・シールド,S4a,シャイニースターV,swsh4a_ja,213,タルップル,,R,R,https://www.pokemon-card.com/assets/images/card_images/large/S4a/038945_P_TARUPPURU.jpg,RARITY_CHANGE
99edf5e1-777e-428e-b382-9967a871fe5f,ソード・シールド,S4a,シャイニースターV,swsh4a_ja,214,ヒバニー,,R,R,https://www.pokemon-card.com/assets/images/card_images/large/S4a/038946_P_HIBANI.jpg,RARITY_CHANGE
e995af80-305d-431f-8d97-de4e34e4f880,ソード・シールド,S4a,シャイニースターV,swsh4a_ja,215,ラビフット,,R,R,https://www.pokemon-card.com/assets/images/card_images/large/S4a/038947_P_RABIFUTTO.jpg,RARITY_CHANGE
06459ff3-3da4-440a-8f55-23fc5a28e442,ソード・シールド,S4a,シャイニースターV,swsh4a_ja,216,エースバーン,,R,R,https://www.pokemon-card.com/assets/images/card_images/large/S4a/038948_P_ESUBAN.jpg,RARITY_CHANGE
e418972b-0392-46ea-ae8f-ebb97cdd2c90,ソード・シールド,S4a,シャイニースターV,swsh4a_ja,217,ヤクデ,,R,R,https://www.pokemon-card.com/assets/images/card_images/large/S4a/038949_P_YAKUDE.jpg,RARITY_CHANGE
d191a2e2-d501-4ca1-964e-af69573c2379,ソード・シールド,S4a,シャイニースターV,swsh4a_ja,218,マルヤクデ,,R,R,https://www.pokemon-card.com/assets/images/card_images/large/S4a/038950_P_MARUYAKUDE.jpg,RARITY_CHANGE
6f120137-34c0-4432-a687-8398c6764e2a,ソード・シールド,S4a,シャイニースターV,swsh4a_ja,219,ガラル バリヤード,,R,R,https://www.pokemon-card.com/assets/images/card_images/large/S4a/038951_P_GARARUBARIYADO.jpg,RARITY_CHANGE
def174ab-1506-4abf-abdc-4d5810576747,ソード・シールド,S4a,シャイニースターV,swsh4a_ja,220,ガラル バリコオル,,R,R,https://www.pokemon-card.com/assets/images/card_images/large/S4a/038952_P_GARARUBARIKOORU.jpg,RARITY_CHANGE
13f008aa-8fe7-42ac-9837-92a086ddab8f,ソード・シールド,S4a,シャイニースターV,swsh4a_ja,221,スイクン,,R,R,https://www.pokemon-card.com/assets/images/card_images/large/S4a/038953_P_SUIKUN.jpg,RARITY_CHANGE
b38ff6a6-d0a4-4c63-9563-f8b91285be67,ソード・シールド,S4a,シャイニースターV,swsh4a_ja,222,ガラル ダルマッカ,,R,R,https://www.pokemon-card.com/assets/images/card_images/large/S4a/038954_P_GARARUDARUMAKKA.jpg,RARITY_CHANGE
7de05271-0178-489e-a5f8-35ce6bfdee93,ソード・シールド,S4a,シャイニースターV,swsh4a_ja,223,ガラル ヒヒダルマ,,R,R,https://www.pokemon-card.com/assets/images/card_images/large/S4a/038955_P_GARARUHIHIDARUMA.jpg,RARITY_CHANGE
b490d4c0-8ec1-4b25-b13d-cf6b482151c7,SVシリーズ,SV7,ステラミラクル,sv7_ja,101,偉大な大樹,ー,ACE,ACE,https://assets.tcgdex.net/ja/SV/SV7/101/high.webp,RARITY_CHANGE
201d73e7-025a-436f-9568-06f67c3d8004,ソード・シールド,S4a,シャイニースターV,swsh4a_ja,224,メッソン,,R,R,https://www.pokemon-card.com/assets/images/card_images/large/S4a/038956_P_MESSON.jpg,RARITY_CHANGE
e42adc19-184b-475e-9eb0-0a2e69f17d42,ソード・シールド,S4a,シャイニースターV,swsh4a_ja,225,ジメレオン,,R,R,https://www.pokemon-card.com/assets/images/card_images/large/S4a/038957_P_JIMEREON.jpg,RARITY_CHANGE
0f052e9f-fe5c-47c9-8667-aacd7fc27975,ソード・シールド,S4a,シャイニースターV,swsh4a_ja,226,インテレオン,,R,R,https://www.pokemon-card.com/assets/images/card_images/large/S4a/038958_P_INTEREON.jpg,RARITY_CHANGE
28e82a4c-f890-4d4f-8ecd-df1d52550b45,ソード・シールド,S4a,シャイニースターV,swsh4a_ja,227,カムカメ,,R,R,https://www.pokemon-card.com/assets/images/card_images/large/S4a/038959_P_KAMUKAME.jpg,RARITY_CHANGE
182fccda-81ef-4668-98cd-c89fa2cbf4b7,ソード・シールド,S4a,シャイニースターV,swsh4a_ja,228,カジリガメ,,R,R,https://www.pokemon-card.com/assets/images/card_images/large/S4a/038960_P_KAJIRIGAME.jpg,RARITY_CHANGE
714e14b3-c45c-42c5-88e2-ee7a80bfdb08,ソード・シールド,S4a,シャイニースターV,swsh4a_ja,229,ウッウ,,R,R,https://www.pokemon-card.com/assets/images/card_images/large/S4a/038961_P_UTSUU.jpg,RARITY_CHANGE
d6823190-4630-4e4b-848f-a6e4129b91d5,ソード・シールド,S4a,シャイニースターV,swsh4a_ja,230,サシカマス,,R,R,https://www.pokemon-card.com/assets/images/card_images/large/S4a/038962_P_SASHIKAMASU.jpg,RARITY_CHANGE
1f0e3fcc-0b09-486f-bbbe-afaec4abb5b2,ソード・シールド,S4a,シャイニースターV,swsh4a_ja,231,カマスジョー,,R,R,https://www.pokemon-card.com/assets/images/card_images/large/S4a/038963_P_KAMASUJO.jpg,RARITY_CHANGE
afdfd9b7-0b06-44cd-96b3-75c5dc2db7ee,ソード・シールド,S4a,シャイニースターV,swsh4a_ja,232,ユキハミ,,R,R,https://www.pokemon-card.com/assets/images/card_images/large/S4a/038964_P_YUKIHAMI.jpg,RARITY_CHANGE
f390a3f7-f122-4db7-9332-a698be870e1a,ソード・シールド,S4a,シャイニースターV,swsh4a_ja,233,モスノウ,,R,R,https://www.pokemon-card.com/assets/images/card_images/large/S4a/038965_P_MOSUNOU.jpg,RARITY_CHANGE
4b80b50f-f165-4d20-b4e8-a84dab045213,ソード・シールド,S4a,シャイニースターV,swsh4a_ja,234,コオリッポ,,R,R,https://www.pokemon-card.com/assets/images/card_images/large/S4a/038966_P_KOORIPPO.jpg,RARITY_CHANGE
1813070c-53ad-4631-a169-1a15c68e0263,ソード・シールド,S4a,シャイニースターV,swsh4a_ja,235,ウオノラゴン,,R,R,https://www.pokemon-card.com/assets/images/card_images/large/S4a/038967_P_UONORAGON.jpg,RARITY_CHANGE
72d5c7e2-93b7-4dd5-9584-19c4cb94222b,ソード・シールド,S4a,シャイニースターV,swsh4a_ja,236,ウオチルドン,,R,R,https://www.pokemon-card.com/assets/images/card_images/large/S4a/038968_P_UOCHIRUDON.jpg,RARITY_CHANGE
161dadbb-14b7-4c15-80e8-1352fd1a45bf,ソード・シールド,S4a,シャイニースターV,swsh4a_ja,237,ロトム,,R,R,https://www.pokemon-card.com/assets/images/card_images/large/S4a/038969_P_ROTOMU.jpg,RARITY_CHANGE
99757d0c-28f5-44b5-babe-c8d12d8756e8,ソード・シールド,S4a,シャイニースターV,swsh4a_ja,238,ワンパチ,,R,R,https://www.pokemon-card.com/assets/images/card_images/large/S4a/038970_P_WANPACHI.jpg,RARITY_CHANGE
7f25c854-fd7c-4e52-b3f3-4e151cd592f7,ソード・シールド,S4a,シャイニースターV,swsh4a_ja,239,パルスワン,,R,R,https://www.pokemon-card.com/assets/images/card_images/large/S4a/038971_P_PARUSUWAN.jpg,RARITY_CHANGE
5a2fdb4d-b541-40ed-9350-2150f085c5e9,ソード・シールド,S4a,シャイニースターV,swsh4a_ja,240,エレズン,,R,R,https://www.pokemon-card.com/assets/images/card_images/large/S4a/038972_P_EREZUN.jpg,RARITY_CHANGE
aaa4d1dc-1286-423e-b9b0-a03d53ce8154,ソード・シールド,S4a,シャイニースターV,swsh4a_ja,241,ストリンダー,,R,R,https://www.pokemon-card.com/assets/images/card_images/large/S4a/038973_P_SUTORINDA.jpg,RARITY_CHANGE
eb4c7932-1699-4f44-beb1-f9ec8c8d681c,ソード・シールド,S4a,シャイニースターV,swsh4a_ja,242,バチンウニ,,R,R,https://www.pokemon-card.com/assets/images/card_images/large/S4a/038974_P_BACHINUNI.jpg,RARITY_CHANGE
af97f922-945b-401c-b3ed-6ff83eaafaed,ソード・シールド,S4a,シャイニースターV,swsh4a_ja,243,モルペコ,,R,R,https://www.pokemon-card.com/assets/images/card_images/large/S4a/038975_P_MORUPEKO.jpg,RARITY_CHANGE
acba32a6-36f7-4b1f-9167-bd3dd618f52e,ソード・シールド,S4a,シャイニースターV,swsh4a_ja,244,パッチラゴン,,R,R,https://www.pokemon-card.com/assets/images/card_images/large/S4a/038976_P_PACCHIRAGON.jpg,RARITY_CHANGE
a348e5b1-577e-48bb-867d-c16d539d6737,ソード・シールド,S4a,シャイニースターV,swsh4a_ja,245,パッチルドン,,R,R,https://www.pokemon-card.com/assets/images/card_images/large/S4a/038977_P_PACCHIRUDON.jpg,RARITY_CHANGE
4dde6c04-51ab-49b2-a7c3-9622d30cb6eb,ソード・シールド,S4a,シャイニースターV,swsh4a_ja,246,ガラル ポニータ,,R,R,https://www.pokemon-card.com/assets/images/card_images/large/S4a/038978_P_GARARUPONITA.jpg,RARITY_CHANGE
847796eb-e70b-4027-bae5-3ccc4582f911,ソード・シールド,S4a,シャイニースターV,swsh4a_ja,247,ガラル ギャロップ,,R,R,https://www.pokemon-card.com/assets/images/card_images/large/S4a/038979_P_GARARUGYAROPPU.jpg,RARITY_CHANGE
bbc07445-126b-4411-9273-49334e2455d3,ソード・シールド,S4a,シャイニースターV,swsh4a_ja,248,ガラル サニーゴ,,R,R,https://www.pokemon-card.com/assets/images/card_images/large/S4a/038980_P_GARARUSANIGO.jpg,RARITY_CHANGE
f10300c7-8a77-4a83-824e-cefb6011cb5c,ソード・シールド,S4a,シャイニースターV,swsh4a_ja,249,ガラル サニゴーン,,R,R,https://www.pokemon-card.com/assets/images/card_images/large/S4a/038981_P_GARARUSANIGON.jpg,RARITY_CHANGE
0b799c3d-341c-49da-bb8a-c184c7cf4a81,ソード・シールド,S4a,シャイニースターV,swsh4a_ja,250,デデンネ,,R,R,https://www.pokemon-card.com/assets/images/card_images/large/S4a/038982_P_DEDENNE.jpg,RARITY_CHANGE
4f9bd422-ec09-4620-b06d-aaea6064aa6b,BWシリーズ,BW1-Bb,ポケモンカードゲームBW 拡張パック「ブラックコレクション」,bw1b_ja,034,ズルッグ,,C,C,https://www.pokemon-card.com/assets/images/card_images/large/BW1-Bb/027134_P_ZURUGGU.jpg,RARITY_CHANGE
a74fa84e-787b-481b-ac9d-55243705867b,BWシリーズ,BW1-Bb,ポケモンカードゲームBW 拡張パック「ブラックコレクション」,bw1b_ja,035,ズルズキン,,U,U,https://www.pokemon-card.com/assets/images/card_images/large/BW1-Bb/027135_P_ZURUZUKIN.jpg,RARITY_CHANGE
7bad2b47-50cb-497c-96dc-f26260eee174,BWシリーズ,BW1-Bb,ポケモンカードゲームBW 拡張パック「ブラックコレクション」,bw1b_ja,001,クルミル,,C,C,https://www.pokemon-card.com/assets/images/card_images/large/BW1-Bb/027101_P_KURUMIRU.jpg,RARITY_CHANGE
521fbf9a-30df-4f51-a809-3e4754ab5c59,BWシリーズ,BW1-Bb,ポケモンカードゲームBW 拡張パック「ブラックコレクション」,bw1b_ja,002,クルマユ,,C,C,https://www.pokemon-card.com/assets/images/card_images/large/BW1-Bb/027102_P_KURUMAYU.jpg,RARITY_CHANGE
cf3c96a8-dc00-42d0-9846-fd431df9858b,BWシリーズ,BW1-Bb,ポケモンカードゲームBW 拡張パック「ブラックコレクション」,bw1b_ja,003,ハハコモリ,,U,U,https://www.pokemon-card.com/assets/images/card_images/large/BW1-Bb/027103_P_HAHAKOMORI.jpg,RARITY_CHANGE
ef78f549-4cb1-465b-8c81-b662480ae3d9,BWシリーズ,BW1-Bb,ポケモンカードゲームBW 拡張パック「ブラックコレクション」,bw1b_ja,004,モンメン,,C,C,https://www.pokemon-card.com/assets/images/card_images/large/BW1-Bb/027104_P_MONMEN.jpg,RARITY_CHANGE
540921e3-9ffc-4ef3-a71b-29d8f914b980,BWシリーズ,BW1-Bb,ポケモンカードゲームBW 拡張パック「ブラックコレクション」,bw1b_ja,005,エルフーン,,U,U,https://www.pokemon-card.com/assets/images/card_images/large/BW1-Bb/027105_P_ERUFUN.jpg,RARITY_CHANGE
31b03368-0fd0-42f0-b289-e2ef472a6ca5,BWシリーズ,BW1-Bb,ポケモンカードゲームBW 拡張パック「ブラックコレクション」,bw1b_ja,006,シキジカ,,C,C,https://www.pokemon-card.com/assets/images/card_images/large/BW1-Bb/027106_P_SHIKIJIKA.jpg,RARITY_CHANGE
54cadddb-afb4-4c57-932b-00822f082464,BWシリーズ,BW1-Bb,ポケモンカードゲームBW 拡張パック「ブラックコレクション」,bw1b_ja,007,メブキジカ,,U,U,https://www.pokemon-card.com/assets/images/card_images/large/BW1-Bb/027107_P_MEBUKIJIKA.jpg,RARITY_CHANGE
b692be33-695b-44ef-b572-5fa8eb94fba5,BWシリーズ,BW1-Bb,ポケモンカードゲームBW 拡張パック「ブラックコレクション」,bw1b_ja,008,ポカブ,,C,C,https://www.pokemon-card.com/assets/images/card_images/large/BW1-Bb/027108_P_POKABU.jpg,RARITY_CHANGE
f2cbc461-3ea0-4dd4-8a81-1b3f6c278746,BWシリーズ,BW1-Bb,ポケモンカードゲームBW 拡張パック「ブラックコレクション」,bw1b_ja,009,チャオブー,,U,U,https://www.pokemon-card.com/assets/images/card_images/large/BW1-Bb/027109_P_CHAOBU.jpg,RARITY_CHANGE
2549407d-9199-48d5-b36e-f79fd86257e6,BWシリーズ,BW1-Bb,ポケモンカードゲームBW 拡張パック「ブラックコレクション」,bw1b_ja,010,エンブオー,,R,R,https://www.pokemon-card.com/assets/images/card_images/large/BW1-Bb/027110_P_ENBUO.jpg,RARITY_CHANGE
e00e88ac-0bb2-44e8-bff9-8b8ec92576cc,BWシリーズ,BW1-Bb,ポケモンカードゲームBW 拡張パック「ブラックコレクション」,bw1b_ja,011,バオップ,,C,C,https://www.pokemon-card.com/assets/images/card_images/large/BW1-Bb/027111_P_BAOPPU.jpg,RARITY_CHANGE
0cbc09dd-7ccc-4da3-b971-5ad77d9168f0,BWシリーズ,BW1-Bb,ポケモンカードゲームBW 拡張パック「ブラックコレクション」,bw1b_ja,012,バオッキー,,C,C,https://www.pokemon-card.com/assets/images/card_images/large/BW1-Bb/027112_P_BAOKKI.jpg,RARITY_CHANGE
f9c92ebe-71c5-4b87-bb96-42c3fdb3cc32,BWシリーズ,BW1-Bb,ポケモンカードゲームBW 拡張パック「ブラックコレクション」,bw1b_ja,013,レシラム,,R,R,https://www.pokemon-card.com/assets/images/card_images/large/BW1-Bb/027113_P_RESHIRAMU.jpg,RARITY_CHANGE
ea3d5b6d-b782-4415-9c5a-9626eb96d222,BWシリーズ,BW1-Bb,ポケモンカードゲームBW 拡張パック「ブラックコレクション」,bw1b_ja,014,バスラオ,,C,C,https://www.pokemon-card.com/assets/images/card_images/large/BW1-Bb/027114_P_BASURAO.jpg,RARITY_CHANGE
1a496778-a4e1-4639-a63f-421507eb797d,BWシリーズ,BW1-Bb,ポケモンカードゲームBW 拡張パック「ブラックコレクション」,bw1b_ja,015,コアルヒー,,C,C,https://www.pokemon-card.com/assets/images/card_images/large/BW1-Bb/027115_P_KOARUHI.jpg,RARITY_CHANGE
bd570bdf-35a5-40bf-a7f8-5d1b965bc519,BWシリーズ,BW1-Bb,ポケモンカードゲームBW 拡張パック「ブラックコレクション」,bw1b_ja,016,スワンナ,,U,U,https://www.pokemon-card.com/assets/images/card_images/large/BW1-Bb/027116_P_SUWANNA.jpg,RARITY_CHANGE
59fc2827-c44e-4e67-82bd-aeec34ab48bf,BWシリーズ,BW1-Bb,ポケモンカードゲームBW 拡張パック「ブラックコレクション」,bw1b_ja,017,クマシュン,,C,C,https://www.pokemon-card.com/assets/images/card_images/large/BW1-Bb/027117_P_KUMASHUN.jpg,RARITY_CHANGE
7d1c89ee-0715-4afe-9d7a-63c52c7a0822,BWシリーズ,BW1-Bb,ポケモンカードゲームBW 拡張パック「ブラックコレクション」,bw1b_ja,018,ツンベアー,,R,R,https://www.pokemon-card.com/assets/images/card_images/large/BW1-Bb/027118_P_TSUNBEA.jpg,RARITY_CHANGE
db03ae65-7eea-4177-ad76-e6a9d16eb6fd,BWシリーズ,BW1-Bb,ポケモンカードゲームBW 拡張パック「ブラックコレクション」,bw1b_ja,019,シママ,,C,C,https://www.pokemon-card.com/assets/images/card_images/large/BW1-Bb/027119_P_SHIMAMA.jpg,RARITY_CHANGE
f2eec0e6-d387-4383-96bb-0b707efc3a44,BWシリーズ,BW1-Bb,ポケモンカードゲームBW 拡張パック「ブラックコレクション」,bw1b_ja,020,ゼブライカ,,U,U,https://www.pokemon-card.com/assets/images/card_images/large/BW1-Bb/027120_P_ZEBURAIKA.jpg,RARITY_CHANGE
1aa9eef5-d481-4080-be3c-db02c7a66963,BWシリーズ,BW1-Bb,ポケモンカードゲームBW 拡張パック「ブラックコレクション」,bw1b_ja,021,エモンガ,,C,C,https://www.pokemon-card.com/assets/images/card_images/large/BW1-Bb/027121_P_EMONGA.jpg,RARITY_CHANGE
bf1c9bd6-a210-480e-b5ca-86c4cc41809b,BWシリーズ,BW1-Bb,ポケモンカードゲームBW 拡張パック「ブラックコレクション」,bw1b_ja,022,ムンナ,,C,C,https://www.pokemon-card.com/assets/images/card_images/large/BW1-Bb/027122_P_MUNNA.jpg,RARITY_CHANGE
b930e517-ed5b-47c1-86e5-70d99dbc6c2b,BWシリーズ,BW1-Bb,ポケモンカードゲームBW 拡張パック「ブラックコレクション」,bw1b_ja,023,ムシャーナ,,U,U,https://www.pokemon-card.com/assets/images/card_images/large/BW1-Bb/027123_P_MUSHANA.jpg,RARITY_CHANGE
69b343f0-104f-43ac-9bdb-3ab4491e33ca,BWシリーズ,BW1-Bb,ポケモンカードゲームBW 拡張パック「ブラックコレクション」,bw1b_ja,024,コロモリ,,C,C,https://www.pokemon-card.com/assets/images/card_images/large/BW1-Bb/027124_P_KOROMORI.jpg,RARITY_CHANGE
e92d741d-ab81-4ab7-b585-7bab988c2b50,BWシリーズ,BW1-Bb,ポケモンカードゲームBW 拡張パック「ブラックコレクション」,bw1b_ja,025,ココロモリ,,U,U,https://www.pokemon-card.com/assets/images/card_images/large/BW1-Bb/027125_P_KOKOROMORI.jpg,RARITY_CHANGE
7e83b235-3f93-44e2-8652-421e884a0594,BWシリーズ,BW1-Bb,ポケモンカードゲームBW 拡張パック「ブラックコレクション」,bw1b_ja,026,ゴチム,,C,C,https://www.pokemon-card.com/assets/images/card_images/large/BW1-Bb/027126_P_GOCHIMU.jpg,RARITY_CHANGE
22346836-5a3c-41e5-8c87-4d2e41792d75,BWシリーズ,BW1-Bb,ポケモンカードゲームBW 拡張パック「ブラックコレクション」,bw1b_ja,027,ゴチミル,,U,U,https://www.pokemon-card.com/assets/images/card_images/large/BW1-Bb/027127_P_GOCHIMIRU.jpg,RARITY_CHANGE
bd99b506-307c-451c-9046-366e2bf124a5,BWシリーズ,BW1-Bb,ポケモンカードゲームBW 拡張パック「ブラックコレクション」,bw1b_ja,028,ゴチルゼル,,R,R,https://www.pokemon-card.com/assets/images/card_images/large/BW1-Bb/027128_P_GOCHIRUZERU.jpg,RARITY_CHANGE
e8814c53-b729-43a6-8714-119525669d80,BWシリーズ,BW1-Bb,ポケモンカードゲームBW 拡張パック「ブラックコレクション」,bw1b_ja,029,ダンゴロ,,C,C,https://www.pokemon-card.com/assets/images/card_images/large/BW1-Bb/027129_P_DANGORO.jpg,RARITY_CHANGE
e051f26b-d326-4ef0-9db9-25fcf6a6e83b,BWシリーズ,BW1-Bb,ポケモンカードゲームBW 拡張パック「ブラックコレクション」,bw1b_ja,030,ガントル,,U,U,https://www.pokemon-card.com/assets/images/card_images/large/BW1-Bb/027130_P_GANTORU.jpg,RARITY_CHANGE
4aee1586-4ccf-46ae-9000-7252da76a7fc,BWシリーズ,BW1-Bb,ポケモンカードゲームBW 拡張パック「ブラックコレクション」,bw1b_ja,031,モグリュー,,C,C,https://www.pokemon-card.com/assets/images/card_images/large/BW1-Bb/027131_P_MOGURYU.jpg,RARITY_CHANGE
3178ff20-5d2c-4993-b08b-0a83f2d9e0c7,BWシリーズ,BW1-Bb,ポケモンカードゲームBW 拡張パック「ブラックコレクション」,bw1b_ja,032,ドリュウズ,,R,R,https://www.pokemon-card.com/assets/images/card_images/large/BW1-Bb/027132_P_DORYUUZU.jpg,RARITY_CHANGE
df8cdd5f-c418-49a3-a7cf-26db425d7367,BWシリーズ,BW1-Bb,ポケモンカードゲームBW 拡張パック「ブラックコレクション」,bw1b_ja,033,ダゲキ,,C,C,https://www.pokemon-card.com/assets/images/card_images/large/BW1-Bb/027133_P_DAGEKI.jpg,RARITY_CHANGE
de29563c-20e6-4dfe-975d-5fc50261875a,BWシリーズ,BW1-Bb,ポケモンカードゲームBW 拡張パック「ブラックコレクション」,bw1b_ja,036,バルチャイ,,U,U,https://www.pokemon-card.com/assets/images/card_images/large/BW1-Bb/027136_P_BARUCHAI.jpg,RARITY_CHANGE
0ed92f52-d923-4374-80e3-1b3140fa6d47,BWシリーズ,BW1-Bb,ポケモンカードゲームBW 拡張パック「ブラックコレクション」,bw1b_ja,037,バルジーナ,,U,U,https://www.pokemon-card.com/assets/images/card_images/large/BW1-Bb/027137_P_BARUJINA.jpg,RARITY_CHANGE
808ab8fe-449d-45b0-9d9b-3132b1f607cb,BWシリーズ,BW1-Bb,ポケモンカードゲームBW 拡張パック「ブラックコレクション」,bw1b_ja,038,ギアル,,C,C,https://www.pokemon-card.com/assets/images/card_images/large/BW1-Bb/027138_P_GIARU.jpg,RARITY_CHANGE
d1d802ec-2d73-4cec-a605-c949937cde7f,BWシリーズ,BW1-Bb,ポケモンカードゲームBW 拡張パック「ブラックコレクション」,bw1b_ja,039,ギギアル,,U,U,https://www.pokemon-card.com/assets/images/card_images/large/BW1-Bb/027139_P_GIGIARU.jpg,RARITY_CHANGE
bc14685e-420e-44cb-a939-ba4429dbc755,BWシリーズ,BW1-Bb,ポケモンカードゲームBW 拡張パック「ブラックコレクション」,bw1b_ja,040,ギギギアル,,R,R,https://www.pokemon-card.com/assets/images/card_images/large/BW1-Bb/027140_P_GIGIGIARU.jpg,RARITY_CHANGE
fbe64dbb-016d-46a4-bfad-0cfda02d12e9,BWシリーズ,BW1-Bb,ポケモンカードゲームBW 拡張パック「ブラックコレクション」,bw1b_ja,041,マメパト,,C,C,https://www.pokemon-card.com/assets/images/card_images/large/BW1-Bb/027141_P_MAMEPATO.jpg,RARITY_CHANGE
05d3aa83-1bca-4812-a400-c88aab9c11fe,BWシリーズ,BW1-Bb,ポケモンカードゲームBW 拡張パック「ブラックコレクション」,bw1b_ja,042,ハトーボー,,C,C,https://www.pokemon-card.com/assets/images/card_images/large/BW1-Bb/027142_P_HATOBO.jpg,RARITY_CHANGE
b75d024d-f106-4c2c-be6a-cc1b7704e8b6,BWシリーズ,BW1-Bb,ポケモンカードゲームBW 拡張パック「ブラックコレクション」,bw1b_ja,043,ケンホロウ,,C,C,https://www.pokemon-card.com/assets/images/card_images/large/BW1-Bb/027143_P_KENHOROU.jpg,RARITY_CHANGE
0c970929-a895-4c62-9a70-c85ddb2d141f,BWシリーズ,BW1-Bb,ポケモンカードゲームBW 拡張パック「ブラックコレクション」,bw1b_ja,044,チラーミィ,,C,C,https://www.pokemon-card.com/assets/images/card_images/large/BW1-Bb/027144_P_CHIRAMII.jpg,RARITY_CHANGE
8c69aadb-d7ed-438f-b2e0-39d76e65da4c,BWシリーズ,BW1-Bb,ポケモンカードゲームBW 拡張パック「ブラックコレクション」,bw1b_ja,045,チラチーノ,,U,U,https://www.pokemon-card.com/assets/images/card_images/large/BW1-Bb/027145_P_CHIRACHINO.jpg,RARITY_CHANGE
dafaab91-cd3c-40cd-93f1-89c2801b3b10,BWシリーズ,BW1-Bb,ポケモンカードゲームBW 拡張パック「ブラックコレクション」,bw1b_ja,046,バッフロン,,U,U,https://www.pokemon-card.com/assets/images/card_images/large/BW1-Bb/027146_P_BAFFURON.jpg,RARITY_CHANGE
9792ef70-5c71-4d07-943a-8f2d386ac890,BWシリーズ,BW1-Bb,ポケモンカードゲームBW 拡張パック「ブラックコレクション」,bw1b_ja,047,トルネロス,,R,R,https://www.pokemon-card.com/assets/images/card_images/large/BW1-Bb/027147_P_TORUNEROSU.jpg,RARITY_CHANGE
e6ec2766-c708-4cc2-8307-54f52b3a896a,BWシリーズ,BW1-Bb,ポケモンカードゲームBW 拡張パック「ブラックコレクション」,bw1b_ja,048,エネルギー回収,,U,U,https://www.pokemon-card.com/assets/images/card_images/large/BW1-Bb/027148_T_ENERUGIKAISHUU.jpg,RARITY_CHANGE
945d873e-5ccd-45ba-9924-15200041e34a,BWシリーズ,BW1-Bb,ポケモンカードゲームBW 拡張パック「ブラックコレクション」,bw1b_ja,049,クラッシュハンマー,,U,U,https://www.pokemon-card.com/assets/images/card_images/large/BW1-Bb/027149_T_KURASSHUHANMA.jpg,RARITY_CHANGE
16697bee-edc0-44e8-a37e-d3cf175317f4,BWシリーズ,BW1-Bb,ポケモンカードゲームBW 拡張パック「ブラックコレクション」,bw1b_ja,050,ポケモン通信,,U,U,https://www.pokemon-card.com/assets/images/card_images/large/BW1-Bb/027150_T_POKEMONTSUUSHIN.jpg,RARITY_CHANGE
0356fdfe-36bb-4d2e-b9da-4ef252992d0a,BWシリーズ,BW1-Bb,ポケモンカードゲームBW 拡張パック「ブラックコレクション」,bw1b_ja,051,まんたんのくすり,,U,U,https://www.pokemon-card.com/assets/images/card_images/large/BW1-Bb/027151_T_MANTANNOKUSURI.jpg,RARITY_CHANGE
4e4d8c53-3778-41d4-84da-5808e7c8e221,BWシリーズ,BW1-Bb,ポケモンカードゲームBW 拡張パック「ブラックコレクション」,bw1b_ja,052,リサイクル,,U,U,https://www.pokemon-card.com/assets/images/card_images/large/BW1-Bb/027152_T_RISAIKURU.jpg,RARITY_CHANGE
473a9e99-8d31-420d-9ee2-9da1cc396af6,BWシリーズ,BW1-Bb,ポケモンカードゲームBW 拡張パック「ブラックコレクション」,bw1b_ja,053,アララギ博士,,U,U,https://www.pokemon-card.com/assets/images/card_images/large/BW1-Bb/027153_T_ARARAGIHAKASE.jpg,RARITY_CHANGE
3e5882ea-53c0-4577-bcc8-277678a4265a,BWシリーズ,BW1-Bw,ポケモンカードゲームBW 拡張パック「ホワイトコレクション」,bw1w_ja,001,ツタージャ,,C,C,https://www.pokemon-card.com/assets/images/card_images/large/BW1-Bw/027156_P_TSUTAJA.jpg,RARITY_CHANGE
c41964f0-1977-40ec-8dbd-c5f68f587090,BWシリーズ,BW1-Bw,ポケモンカードゲームBW 拡張パック「ホワイトコレクション」,bw1w_ja,002,ジャノビー,,C,C,https://www.pokemon-card.com/assets/images/card_images/large/BW1-Bw/027157_P_JANOBI.jpg,RARITY_CHANGE
f97d2875-353e-42bc-bd19-932ec206c576,BWシリーズ,BW1-Bw,ポケモンカードゲームBW 拡張パック「ホワイトコレクション」,bw1w_ja,003,ジャローダ,,R,R,https://www.pokemon-card.com/assets/images/card_images/large/BW1-Bw/027158_P_JARODA.jpg,RARITY_CHANGE
124d1be2-5546-4084-81f9-23fe91275d34,BWシリーズ,BW1-Bw,ポケモンカードゲームBW 拡張パック「ホワイトコレクション」,bw1w_ja,004,ヤナップ,,C,C,https://www.pokemon-card.com/assets/images/card_images/large/BW1-Bw/027159_P_YANAPPU.jpg,RARITY_CHANGE
431fae16-adbb-42ba-8527-653724128836,BWシリーズ,BW1-Bw,ポケモンカードゲームBW 拡張パック「ホワイトコレクション」,bw1w_ja,005,ヤナッキー,,C,C,https://www.pokemon-card.com/assets/images/card_images/large/BW1-Bw/027160_P_YANAKKI.jpg,RARITY_CHANGE
94be4f0c-3797-4145-aa65-ba62b2cf61f9,BWシリーズ,BW1-Bw,ポケモンカードゲームBW 拡張パック「ホワイトコレクション」,bw1w_ja,006,チュリネ,,C,C,https://www.pokemon-card.com/assets/images/card_images/large/BW1-Bw/027161_P_CHURINE.jpg,RARITY_CHANGE
f9a2015a-da98-463b-87e2-fc78d0a4b089,BWシリーズ,BW1-Bw,ポケモンカードゲームBW 拡張パック「ホワイトコレクション」,bw1w_ja,007,ドレディア,,U,U,https://www.pokemon-card.com/assets/images/card_images/large/BW1-Bw/027162_P_DOREDEIA.jpg,RARITY_CHANGE
a343b05c-2da0-4c09-8433-ae49d5269bd3,BWシリーズ,BW1-Bw,ポケモンカードゲームBW 拡張パック「ホワイトコレクション」,bw1w_ja,008,マラカッチ,,C,C,https://www.pokemon-card.com/assets/images/card_images/large/BW1-Bw/027163_P_MARAKACCHI.jpg,RARITY_CHANGE
34b32cec-00bd-4e37-9a2e-56cbfafd3d29,BWシリーズ,BW1-Bw,ポケモンカードゲームBW 拡張パック「ホワイトコレクション」,bw1w_ja,009,ダルマッカ,,C,C,https://www.pokemon-card.com/assets/images/card_images/large/BW1-Bw/027164_P_DARUMAKKA.jpg,RARITY_CHANGE
673ffb2e-6b94-4cfc-82a3-6400032e3d8c,BWシリーズ,BW1-Bw,ポケモンカードゲームBW 拡張パック「ホワイトコレクション」,bw1w_ja,010,ヒヒダルマ,,U,U,https://www.pokemon-card.com/assets/images/card_images/large/BW1-Bw/027165_P_HIHIDARUMA.jpg,RARITY_CHANGE
d282dc29-f16e-4e0a-884a-152d78423670,BWシリーズ,BW1-Bw,ポケモンカードゲームBW 拡張パック「ホワイトコレクション」,bw1w_ja,011,ミジュマル,,C,C,https://www.pokemon-card.com/assets/images/card_images/large/BW1-Bw/027166_P_MIJUMARU.jpg,RARITY_CHANGE
30e9b789-0b93-496e-9663-05de2ec061a1,BWシリーズ,BW1-Bw,ポケモンカードゲームBW 拡張パック「ホワイトコレクション」,bw1w_ja,012,フタチマル,,U,U,https://www.pokemon-card.com/assets/images/card_images/large/BW1-Bw/027167_P_FUTACHIMARU.jpg,RARITY_CHANGE
f026c199-da11-40a7-a46f-821a645654f7,BWシリーズ,BW1-Bw,ポケモンカードゲームBW 拡張パック「ホワイトコレクション」,bw1w_ja,013,ダイケンキ,,R,R,https://www.pokemon-card.com/assets/images/card_images/large/BW1-Bw/027168_P_DAIKENKI.jpg,RARITY_CHANGE
4e9b4ea0-2979-47a6-9ae1-efae3acd32e5,BWシリーズ,BW1-Bw,ポケモンカードゲームBW 拡張パック「ホワイトコレクション」,bw1w_ja,014,ヒヤップ,,C,C,https://www.pokemon-card.com/assets/images/card_images/large/BW1-Bw/027169_P_HIYAPPU.jpg,RARITY_CHANGE
e930c588-f154-4e21-b083-3815f8a07306,BWシリーズ,BW1-Bw,ポケモンカードゲームBW 拡張パック「ホワイトコレクション」,bw1w_ja,015,ヒヤッキー,,C,C,https://www.pokemon-card.com/assets/images/card_images/large/BW1-Bw/027170_P_HIYAKKI.jpg,RARITY_CHANGE
7b669992-3b98-47c1-9a52-ff2354943453,BWシリーズ,BW1-Bw,ポケモンカードゲームBW 拡張パック「ホワイトコレクション」,bw1w_ja,016,ママンボウ,,C,C,https://www.pokemon-card.com/assets/images/card_images/large/BW1-Bw/027171_P_MAMANBOU.jpg,RARITY_CHANGE
aba96a8a-fa74-4a33-adb8-64b45d50eaff,BWシリーズ,BW1-Bw,ポケモンカードゲームBW 拡張パック「ホワイトコレクション」,bw1w_ja,017,バチュル,,C,C,https://www.pokemon-card.com/assets/images/card_images/large/BW1-Bw/027172_P_BACHURU.jpg,RARITY_CHANGE
6772818c-f5c5-48ac-be9d-fa358230a2f9,BWシリーズ,BW1-Bw,ポケモンカードゲームBW 拡張パック「ホワイトコレクション」,bw1w_ja,018,デンチュラ,,U,U,https://www.pokemon-card.com/assets/images/card_images/large/BW1-Bw/027173_P_DENCHURA.jpg,RARITY_CHANGE
5fa2445c-7c0a-4193-b547-4b7d7b815cab,BWシリーズ,BW1-Bw,ポケモンカードゲームBW 拡張パック「ホワイトコレクション」,bw1w_ja,019,ボルトロス,,R,R,https://www.pokemon-card.com/assets/images/card_images/large/BW1-Bw/027174_P_BORUTOROSU.jpg,RARITY_CHANGE
d7e20223-f8f3-4f4a-b93b-63d403d7f7f8,BWシリーズ,BW1-Bw,ポケモンカードゲームBW 拡張パック「ホワイトコレクション」,bw1w_ja,020,ゼクロム,,R,R,https://www.pokemon-card.com/assets/images/card_images/large/BW1-Bw/027175_P_ZEKUROMU.jpg,RARITY_CHANGE
df90afef-c590-4da5-abc8-73f04be15e22,BWシリーズ,BW1-Bw,ポケモンカードゲームBW 拡張パック「ホワイトコレクション」,bw1w_ja,021,フシデ,,C,C,https://www.pokemon-card.com/assets/images/card_images/large/BW1-Bw/027176_P_FUSHIDE.jpg,RARITY_CHANGE
1e80ddfa-8ede-484d-b14a-36286b9d1741,BWシリーズ,BW1-Bw,ポケモンカードゲームBW 拡張パック「ホワイトコレクション」,bw1w_ja,022,ホイーガ,,U,U,https://www.pokemon-card.com/assets/images/card_images/large/BW1-Bw/027177_P_HOIGA.jpg,RARITY_CHANGE
647ed283-ac62-435d-bda8-28b2c47b7de1,BWシリーズ,BW1-Bw,ポケモンカードゲームBW 拡張パック「ホワイトコレクション」,bw1w_ja,023,ペンドラー,,U,U,https://www.pokemon-card.com/assets/images/card_images/large/BW1-Bw/027178_P_PENDORA.jpg,RARITY_CHANGE
e66f531d-1e2b-4627-a299-39b4ca2536b6,BWシリーズ,BW1-Bw,ポケモンカードゲームBW 拡張パック「ホワイトコレクション」,bw1w_ja,024,シンボラー,,C,C,https://www.pokemon-card.com/assets/images/card_images/large/BW1-Bw/027179_P_SHINBORA.jpg,RARITY_CHANGE
a61f4c33-21b4-4cf1-9594-a635dfc2a382,BWシリーズ,BW1-Bw,ポケモンカードゲームBW 拡張パック「ホワイトコレクション」,bw1w_ja,025,ユニラン,,C,C,https://www.pokemon-card.com/assets/images/card_images/large/BW1-Bw/027180_P_YUNIRAN.jpg,RARITY_CHANGE
4d39f909-bb89-4156-8e33-a86cd5497c8a,BWシリーズ,BW1-Bw,ポケモンカードゲームBW 拡張パック「ホワイトコレクション」,bw1w_ja,026,ダブラン,,U,U,https://www.pokemon-card.com/assets/images/card_images/large/BW1-Bw/027181_P_DABURAN.jpg,RARITY_CHANGE
b7fd469c-1271-4e70-933b-b7cb89e0ba11,BWシリーズ,BW1-Bw,ポケモンカードゲームBW 拡張パック「ホワイトコレクション」,bw1w_ja,027,ランクルス,,R,R,https://www.pokemon-card.com/assets/images/card_images/large/BW1-Bw/027182_P_RANKURUSU.jpg,RARITY_CHANGE
7ab28839-5d64-4852-935f-7d7770632371,BWシリーズ,BW1-Bw,ポケモンカードゲームBW 拡張パック「ホワイトコレクション」,bw1w_ja,028,ドッコラー,,C,C,https://www.pokemon-card.com/assets/images/card_images/large/BW1-Bw/027183_P_DOKKORA.jpg,RARITY_CHANGE
89887b61-5f2c-4a36-91ee-a89c4288e461,BWシリーズ,BW1-Bw,ポケモンカードゲームBW 拡張パック「ホワイトコレクション」,bw1w_ja,029,ドテッコツ,,U,U,https://www.pokemon-card.com/assets/images/card_images/large/BW1-Bw/027184_P_DOTEKKOTSU.jpg,RARITY_CHANGE
7bcc4c47-6639-4990-be8e-f2e967052170,BWシリーズ,BW1-Bw,ポケモンカードゲームBW 拡張パック「ホワイトコレクション」,bw1w_ja,030,ナゲキ,,C,C,https://www.pokemon-card.com/assets/images/card_images/large/BW1-Bw/027185_P_NAGEKI.jpg,RARITY_CHANGE
93de8192-ef46-4789-80d9-40902d75494c,BWシリーズ,BW1-Bw,ポケモンカードゲームBW 拡張パック「ホワイトコレクション」,bw1w_ja,031,メグロコ,,C,C,https://www.pokemon-card.com/assets/images/card_images/large/BW1-Bw/027186_P_MEGUROKO.jpg,RARITY_CHANGE
0f3410a1-fd15-4ff2-af31-67abb25bf5d1,BWシリーズ,BW1-Bw,ポケモンカードゲームBW 拡張パック「ホワイトコレクション」,bw1w_ja,032,ワルビル,,U,U,https://www.pokemon-card.com/assets/images/card_images/large/BW1-Bw/027187_P_WARUBIRU.jpg,RARITY_CHANGE
6b356d92-0963-4ff6-8818-a69c547785f6,BWシリーズ,BW1-Bw,ポケモンカードゲームBW 拡張パック「ホワイトコレクション」,bw1w_ja,033,ワルビアル,,R,R,https://www.pokemon-card.com/assets/images/card_images/large/BW1-Bw/027188_P_WARUBIARU.jpg,RARITY_CHANGE
a349f176-e06a-4e34-8ae5-842e3d519509,BWシリーズ,BW1-Bw,ポケモンカードゲームBW 拡張パック「ホワイトコレクション」,bw1w_ja,034,チョロネコ,,C,C,https://www.pokemon-card.com/assets/images/card_images/large/BW1-Bw/027189_P_CHORONEKO.jpg,RARITY_CHANGE
29447ffc-1a90-445e-93a7-b847b4a14271,BWシリーズ,BW1-Bw,ポケモンカードゲームBW 拡張パック「ホワイトコレクション」,bw1w_ja,035,レパルダス,,U,U,https://www.pokemon-card.com/assets/images/card_images/large/BW1-Bw/027190_P_REPARUDASU.jpg,RARITY_CHANGE
055342d9-2c86-47e7-8b12-028cbe9deb2d,BWシリーズ,BW1-Bw,ポケモンカードゲームBW 拡張パック「ホワイトコレクション」,bw1w_ja,036,ゾロア,,C,C,https://www.pokemon-card.com/assets/images/card_images/large/BW1-Bw/027191_P_ZOROA.jpg,RARITY_CHANGE
83b923c1-b35c-4cb3-a7bf-cf2dbb6c1a04,BWシリーズ,BW1-Bw,ポケモンカードゲームBW 拡張パック「ホワイトコレクション」,bw1w_ja,037,ゾロアーク,,R,R,https://www.pokemon-card.com/assets/images/card_images/large/BW1-Bw/027192_P_ZOROAKU.jpg,RARITY_CHANGE
8b17383a-b9f6-4e8b-8d51-4d59c698e3d3,BWシリーズ,BW1-Bw,ポケモンカードゲームBW 拡張パック「ホワイトコレクション」,bw1w_ja,038,テッシード,,C,C,https://www.pokemon-card.com/assets/images/card_images/large/BW1-Bw/027193_P_TESSHIDO.jpg,RARITY_CHANGE
957147d6-b962-4528-8704-a710b544213e,BWシリーズ,BW1-Bw,ポケモンカードゲームBW 拡張パック「ホワイトコレクション」,bw1w_ja,039,ナットレイ,,U,U,https://www.pokemon-card.com/assets/images/card_images/large/BW1-Bw/027194_P_NATTOREI.jpg,RARITY_CHANGE
cefbe713-9334-474b-a68e-662cb16c9b98,BWシリーズ,BW1-Bw,ポケモンカードゲームBW 拡張パック「ホワイトコレクション」,bw1w_ja,040,ミネズミ,,C,C,https://www.pokemon-card.com/assets/images/card_images/large/BW1-Bw/027195_P_MINEZUMI.jpg,RARITY_CHANGE
9e734ab8-3046-4b85-b642-d19e85006cce,BWシリーズ,BW1-Bw,ポケモンカードゲームBW 拡張パック「ホワイトコレクション」,bw1w_ja,041,ミルホッグ,,C,C,https://www.pokemon-card.com/assets/images/card_images/large/BW1-Bw/027196_P_MIRUHOGGU.jpg,RARITY_CHANGE
43f9d7a1-d688-4fe2-b683-7ee5b0e04a1f,BWシリーズ,BW1-Bw,ポケモンカードゲームBW 拡張パック「ホワイトコレクション」,bw1w_ja,042,ヨーテリー,,C,C,https://www.pokemon-card.com/assets/images/card_images/large/BW1-Bw/027197_P_YOTERI.jpg,RARITY_CHANGE
61d9e4c7-3c82-4034-baa9-6f82d9dbb533,BWシリーズ,BW1-Bw,ポケモンカードゲームBW 拡張パック「ホワイトコレクション」,bw1w_ja,043,ハーデリア,,U,U,https://www.pokemon-card.com/assets/images/card_images/large/BW1-Bw/027198_P_HADERIA.jpg,RARITY_CHANGE
d7fc0659-4a0a-4748-a24c-01c835fc532c,BWシリーズ,BW1-Bw,ポケモンカードゲームBW 拡張パック「ホワイトコレクション」,bw1w_ja,044,ムーランド,,U,U,https://www.pokemon-card.com/assets/images/card_images/large/BW1-Bw/027199_P_MURANDO.jpg,RARITY_CHANGE
48cd6659-f8d6-42b0-919b-6cd77633dd4c,BWシリーズ,BW1-Bw,ポケモンカードゲームBW 拡張パック「ホワイトコレクション」,bw1w_ja,045,タブンネ,,C,C,https://www.pokemon-card.com/assets/images/card_images/large/BW1-Bw/027200_P_TABUNNE.jpg,RARITY_CHANGE
48d2db17-30eb-4cac-8999-d6e527d45611,BWシリーズ,BW1-Bw,ポケモンカードゲームBW 拡張パック「ホワイトコレクション」,bw1w_ja,046,ワシボン,,U,U,https://www.pokemon-card.com/assets/images/card_images/large/BW1-Bw/027201_P_WASHIBON.jpg,RARITY_CHANGE
2a86eb8d-8da9-45e4-8e9d-baf5e7d7ea70,BWシリーズ,BW1-Bw,ポケモンカードゲームBW 拡張パック「ホワイトコレクション」,bw1w_ja,047,ウォーグル,,U,U,https://www.pokemon-card.com/assets/images/card_images/large/BW1-Bw/027202_P_UOGURU.jpg,RARITY_CHANGE
e894ea94-313d-4ad2-8fbc-daff3a0b1804,BWシリーズ,BW1-Bw,ポケモンカードゲームBW 拡張パック「ホワイトコレクション」,bw1w_ja,048,げんきのかけら,,U,U,https://www.pokemon-card.com/assets/images/card_images/large/BW1-Bw/027203_T_GENKINOKAKERA.jpg,RARITY_CHANGE
9a5eae8b-d13b-4a25-b3a5-b91360ad58ef,BWシリーズ,BW1-Bw,ポケモンカードゲームBW 拡張パック「ホワイトコレクション」,bw1w_ja,049,スーパーボール,,U,U,https://www.pokemon-card.com/assets/images/card_images/large/BW1-Bw/027204_T_SUPABORU.jpg,RARITY_CHANGE
eb5e60d0-90b6-4b30-b418-9da737dc7e1d,BWシリーズ,BW1-Bw,ポケモンカードゲームBW 拡張パック「ホワイトコレクション」,bw1w_ja,050,なんでもなおし,,U,U,https://www.pokemon-card.com/assets/images/card_images/large/BW1-Bw/027205_T_NANDEMONAOSHI.jpg,RARITY_CHANGE
8b365483-b2dd-44d8-ac38-504c213793c6,BWシリーズ,BW1-Bw,ポケモンカードゲームBW 拡張パック「ホワイトコレクション」,bw1w_ja,051,プラスパワー,,U,U,https://www.pokemon-card.com/assets/images/card_images/large/BW1-Bw/027206_T_PURASUPAWA.jpg,RARITY_CHANGE
4bafef85-56db-444a-9578-070017aed464,BWシリーズ,BW1-Bw,ポケモンカードゲームBW 拡張パック「ホワイトコレクション」,bw1w_ja,052,ポケモンキャッチャー,,U,U,https://www.pokemon-card.com/assets/images/card_images/large/BW1-Bw/027207_T_POKEMONKYACCHA.jpg,RARITY_CHANGE
e9f88718-cfb5-497e-8749-8a189375f1d4,BWシリーズ,BW1-Bw,ポケモンカードゲームBW 拡張パック「ホワイトコレクション」,bw1w_ja,053,チェレン,,U,U,https://www.pokemon-card.com/assets/images/card_images/large/BW1-Bw/027208_T_CHIEREN.jpg,RARITY_CHANGE
1c24e08d-cc1c-461f-ad19-01164767d5ca,SMシリーズ,SM5M,ウルトラムーン,sm5m_ja,065,超ブーストエネルギー,旧裏R,PR,PR,,RARITY_CHANGE
449d88cb-952c-4cff-8f48-3d40a55ef198,SMシリーズ,SM5p,ウルトラフォース,sm5p_ja,037,アルセウス,旧裏R,PR,PR,,RARITY_CHANGE
94375e97-772e-45f1-bca2-ec68b11adb40,BWシリーズ,BW2-B,ポケモンカードゲームBW 拡張パック「レッドコレクション」,bw2_ja,001,イシズマイ,,C,C,https://www.pokemon-card.com/assets/images/card_images/large/BW2-B/027361_P_ISHIZUMAI.jpg,RARITY_CHANGE
986dadfc-2c85-417a-90f3-98a57f07614f,BWシリーズ,BW2-B,ポケモンカードゲームBW 拡張パック「レッドコレクション」,bw2_ja,002,イワパレス,,C,C,https://www.pokemon-card.com/assets/images/card_images/large/BW2-B/027362_P_IWAPARESU.jpg,RARITY_CHANGE
519414a5-21d0-42af-8faa-f978c6826a58,BWシリーズ,BW2-B,ポケモンカードゲームBW 拡張パック「レッドコレクション」,bw2_ja,003,カブルモ,,C,C,https://www.pokemon-card.com/assets/images/card_images/large/BW2-B/027363_P_KABURUMO.jpg,RARITY_CHANGE
74c8f985-cbb3-46d9-8a34-8f3e7cf80a7f,BWシリーズ,BW2-B,ポケモンカードゲームBW 拡張パック「レッドコレクション」,bw2_ja,004,タマゲタケ,,C,C,https://www.pokemon-card.com/assets/images/card_images/large/BW2-B/027364_P_TAMAGETAKE.jpg,RARITY_CHANGE
febb5a62-95af-4afa-bd0b-420b07b69a25,BWシリーズ,BW2-B,ポケモンカードゲームBW 拡張パック「レッドコレクション」,bw2_ja,005,モロバレル,,C,C,https://www.pokemon-card.com/assets/images/card_images/large/BW2-B/027365_P_MOROBARERU.jpg,RARITY_CHANGE
1e187310-cc88-4be5-b313-0cd6e0bb7841,BWシリーズ,BW2-B,ポケモンカードゲームBW 拡張パック「レッドコレクション」,bw2_ja,006,チョボマキ,,C,C,https://www.pokemon-card.com/assets/images/card_images/large/BW2-B/027366_P_CHOBOMAKI.jpg,RARITY_CHANGE
fa01a1dd-2b07-44d0-8bd5-ece76b8a6346,BWシリーズ,BW2-B,ポケモンカードゲームBW 拡張パック「レッドコレクション」,bw2_ja,007,アギルダー,,U,U,https://www.pokemon-card.com/assets/images/card_images/large/BW2-B/027367_P_AGIRUDA.jpg,RARITY_CHANGE
ecefe964-6391-4043-b3d1-54c00df7ccd4,BWシリーズ,BW2-B,ポケモンカードゲームBW 拡張パック「レッドコレクション」,bw2_ja,008,ビリジオン,,R,R,https://www.pokemon-card.com/assets/images/card_images/large/BW2-B/027368_P_BIRIJION.jpg,RARITY_CHANGE
7a5612a2-8e0a-4e4d-9acd-45e196dc4fb8,BWシリーズ,BW2-B,ポケモンカードゲームBW 拡張パック「レッドコレクション」,bw2_ja,009,ビクティニ,,R,R,https://www.pokemon-card.com/assets/images/card_images/large/BW2-B/027369_P_BIKUTEINI.jpg,RARITY_CHANGE
b7d430c4-920a-48bf-bb0c-f2efaafcea62,BWシリーズ,BW2-B,ポケモンカードゲームBW 拡張パック「レッドコレクション」,bw2_ja,010,クイタラン,,C,C,https://www.pokemon-card.com/assets/images/card_images/large/BW2-B/027370_P_KUITARAN.jpg,RARITY_CHANGE
e38c5036-effb-4f9f-a6d8-d49deefbab4d,BWシリーズ,BW2-B,ポケモンカードゲームBW 拡張パック「レッドコレクション」,bw2_ja,011,メラルバ,,C,C,https://www.pokemon-card.com/assets/images/card_images/large/BW2-B/027371_P_MERARUBA.jpg,RARITY_CHANGE
c59f9d55-d12f-4fcf-8a48-218796b29611,BWシリーズ,BW2-B,ポケモンカードゲームBW 拡張パック「レッドコレクション」,bw2_ja,012,ウルガモス,,U,U,https://www.pokemon-card.com/assets/images/card_images/large/BW2-B/027372_P_URUGAMOSU.jpg,RARITY_CHANGE
25ee9612-759c-41da-a0fe-7b2f889422d3,BWシリーズ,BW2-B,ポケモンカードゲームBW 拡張パック「レッドコレクション」,bw2_ja,013,オタマロ,,C,C,https://www.pokemon-card.com/assets/images/card_images/large/BW2-B/027373_P_OTAMARO.jpg,RARITY_CHANGE
ca76b312-bcab-4ae9-838a-cc2b67fdce31,BWシリーズ,BW2-B,ポケモンカードゲームBW 拡張パック「レッドコレクション」,bw2_ja,014,ガマガル,,C,C,https://www.pokemon-card.com/assets/images/card_images/large/BW2-B/027374_P_GAMAGARU.jpg,RARITY_CHANGE
1897bbac-4f2a-4213-a8df-3943143f7f4b,BWシリーズ,BW2-B,ポケモンカードゲームBW 拡張パック「レッドコレクション」,bw2_ja,015,ガマゲロゲ,,U,U,https://www.pokemon-card.com/assets/images/card_images/large/BW2-B/027375_P_GAMAGEROGE.jpg,RARITY_CHANGE
81fd086b-f8fd-474d-be9e-27952ee592bb,BWシリーズ,BW2-B,ポケモンカードゲームBW 拡張パック「レッドコレクション」,bw2_ja,016,プロトーガ,,U,U,https://www.pokemon-card.com/assets/images/card_images/large/BW2-B/027376_P_PUROTOGA.jpg,RARITY_CHANGE
265cf6a5-3bc2-4933-b041-9cc31a493343,BWシリーズ,BW2-B,ポケモンカードゲームBW 拡張パック「レッドコレクション」,bw2_ja,017,アバゴーラ,,U,U,https://www.pokemon-card.com/assets/images/card_images/large/BW2-B/027377_P_ABAGORA.jpg,RARITY_CHANGE
18c27c41-7728-4bfe-8807-02e185f1ee52,BWシリーズ,BW2-B,ポケモンカードゲームBW 拡張パック「レッドコレクション」,bw2_ja,018,バニプッチ,,C,C,https://www.pokemon-card.com/assets/images/card_images/large/BW2-B/027378_P_BANIPUCCHI.jpg,RARITY_CHANGE
deeb95e4-89b7-4685-b22f-7776c115d267,BWシリーズ,BW2-B,ポケモンカードゲームBW 拡張パック「レッドコレクション」,bw2_ja,019,バニリッチ,,C,C,https://www.pokemon-card.com/assets/images/card_images/large/BW2-B/027379_P_BANIRICCHI.jpg,RARITY_CHANGE
b1b2647e-b063-478d-a7d7-f264312ca5be,BWシリーズ,BW2-B,ポケモンカードゲームBW 拡張パック「レッドコレクション」,bw2_ja,020,バイバニラ,,U,U,https://www.pokemon-card.com/assets/images/card_images/large/BW2-B/027380_P_BAIBANIRA.jpg,RARITY_CHANGE
adec1554-be26-43be-a375-b38c7c24aebe,BWシリーズ,BW2-B,ポケモンカードゲームBW 拡張パック「レッドコレクション」,bw2_ja,021,プルリル,,C,C,https://www.pokemon-card.com/assets/images/card_images/large/BW2-B/027381_P_PURURIRU.jpg,RARITY_CHANGE
956a2e29-c883-458c-89eb-fadcea56c42b,BWシリーズ,BW2-B,ポケモンカードゲームBW 拡張パック「レッドコレクション」,bw2_ja,022,ブルンゲル,,U,U,https://www.pokemon-card.com/assets/images/card_images/large/BW2-B/027382_P_BURUNGERU.jpg,RARITY_CHANGE
7bd1b6c7-963f-4520-8c9e-7a0503c396df,BWシリーズ,BW2-B,ポケモンカードゲームBW 拡張パック「レッドコレクション」,bw2_ja,023,フリージオ,,U,U,https://www.pokemon-card.com/assets/images/card_images/large/BW2-B/027383_P_FURIJIO.jpg,RARITY_CHANGE
f7583065-14f1-4b17-9a5c-464705d9f561,BWシリーズ,BW2-B,ポケモンカードゲームBW 拡張パック「レッドコレクション」,bw2_ja,024,キュレム,,R,R,https://www.pokemon-card.com/assets/images/card_images/large/BW2-B/027384_P_KYUREMU.jpg,RARITY_CHANGE
448d730f-18df-482e-94f2-42df1a854447,BWシリーズ,BW2-B,ポケモンカードゲームBW 拡張パック「レッドコレクション」,bw2_ja,025,シビシラス,,C,C,https://www.pokemon-card.com/assets/images/card_images/large/BW2-B/027385_P_SHIBISHIRASU.jpg,RARITY_CHANGE
4b20cc3f-85da-43bc-9340-1b267d5e5950,BWシリーズ,BW2-B,ポケモンカードゲームBW 拡張パック「レッドコレクション」,bw2_ja,026,シビビール,,U,U,https://www.pokemon-card.com/assets/images/card_images/large/BW2-B/027386_P_SHIBIBIRU.jpg,RARITY_CHANGE
402b9d14-1171-41ce-af04-486c85780ce3,BWシリーズ,BW2-B,ポケモンカードゲームBW 拡張パック「レッドコレクション」,bw2_ja,027,シビルドン,,R,R,https://www.pokemon-card.com/assets/images/card_images/large/BW2-B/027387_P_SHIBIRUDON.jpg,RARITY_CHANGE
89e5e5fa-9034-43a5-8d16-7ac54029543c,BWシリーズ,BW2-B,ポケモンカードゲームBW 拡張パック「レッドコレクション」,bw2_ja,028,デスマス,,C,C,https://www.pokemon-card.com/assets/images/card_images/large/BW2-B/027388_P_DESUMASU.jpg,RARITY_CHANGE
9c787b05-4832-4669-9854-1158e068a817,BWシリーズ,BW2-B,ポケモンカードゲームBW 拡張パック「レッドコレクション」,bw2_ja,029,デスカーン,,U,U,https://www.pokemon-card.com/assets/images/card_images/large/BW2-B/027389_P_DESUKAN.jpg,RARITY_CHANGE
0219b473-f4ce-448e-97b4-2a09a3452d97,SMシリーズ,SM5S,ウルトラサン,sm5s_ja,059,アカギ,旧裏R,PR,PR,,RARITY_CHANGE
dfd405d8-f0dc-48bb-9e83-b0c24e1cf63c,BWシリーズ,BW2-B,ポケモンカードゲームBW 拡張パック「レッドコレクション」,bw2_ja,030,ヤブクロン,,C,C,https://www.pokemon-card.com/assets/images/card_images/large/BW2-B/027390_P_YABUKURON.jpg,RARITY_CHANGE
b3976fa0-77ca-4e82-9a9a-c4ed81d3a30c,BWシリーズ,BW2-B,ポケモンカードゲームBW 拡張パック「レッドコレクション」,bw2_ja,031,ダストダス,,C,C,https://www.pokemon-card.com/assets/images/card_images/large/BW2-B/027391_P_DASUTODASU.jpg,RARITY_CHANGE
a75758b7-f788-437d-b069-8650fd557a61,BWシリーズ,BW2-B,ポケモンカードゲームBW 拡張パック「レッドコレクション」,bw2_ja,032,リグレー,,C,C,https://www.pokemon-card.com/assets/images/card_images/large/BW2-B/027392_P_RIGURE.jpg,RARITY_CHANGE
fe5c2161-bf5b-4289-b561-f9e3ee2d15c9,BWシリーズ,BW2-B,ポケモンカードゲームBW 拡張パック「レッドコレクション」,bw2_ja,033,オーベム,,U,U,https://www.pokemon-card.com/assets/images/card_images/large/BW2-B/027393_P_OBEMU.jpg,RARITY_CHANGE
3e6291a9-1d40-41a0-87da-61eb439496c4,BWシリーズ,BW2-B,ポケモンカードゲームBW 拡張パック「レッドコレクション」,bw2_ja,034,ヒトモシ,,C,C,https://www.pokemon-card.com/assets/images/card_images/large/BW2-B/027394_P_HITOMOSHI.jpg,RARITY_CHANGE
4a6dade2-5a69-41ec-a63b-a6ed590d6fa3,BWシリーズ,BW3-Bp,ポケモンカードゲームBW 拡張パック「サイコドライブ」,bw3p_ja,017,ヒヤッキー,,U,U,https://www.pokemon-card.com/assets/images/card_images/large/BW3-Bp/027517_P_HIYAKKI.jpg,RARITY_CHANGE
0eb15107-bbfe-4e72-b822-5e230dd4b26e,BWシリーズ,BW3-Bp,ポケモンカードゲームBW 拡張パック「サイコドライブ」,bw3p_ja,018,バスラオ,,C,C,https://www.pokemon-card.com/assets/images/card_images/large/BW3-Bp/027518_P_BASURAO.jpg,RARITY_CHANGE
ef79458e-ddb4-4891-9d82-82cd5db72f29,BWシリーズ,BW2-B,ポケモンカードゲームBW 拡張パック「レッドコレクション」,bw2_ja,035,ランプラー,,C,C,https://www.pokemon-card.com/assets/images/card_images/large/BW2-B/027395_P_RANPURA.jpg,RARITY_CHANGE
053387bb-fc11-44e1-aa2e-1cfeabdf0b76,BWシリーズ,BW2-B,ポケモンカードゲームBW 拡張パック「レッドコレクション」,bw2_ja,036,シャンデラ,,U,U,https://www.pokemon-card.com/assets/images/card_images/large/BW2-B/027396_P_SHANDERA.jpg,RARITY_CHANGE
a164ac54-ab6f-4be9-9cc5-3dc4b857b9a3,BWシリーズ,BW2-B,ポケモンカードゲームBW 拡張パック「レッドコレクション」,bw2_ja,037,ギガイアス,,U,U,https://www.pokemon-card.com/assets/images/card_images/large/BW2-B/027397_P_GIGAIASU.jpg,RARITY_CHANGE
20894982-94ee-42fe-acc4-67efc0f989b3,BWシリーズ,BW2-B,ポケモンカードゲームBW 拡張パック「レッドコレクション」,bw2_ja,038,ローブシン,,U,U,https://www.pokemon-card.com/assets/images/card_images/large/BW2-B/027398_P_ROBUSHIN.jpg,RARITY_CHANGE
6308d49d-e980-4405-bd88-8d86b1c8c803,BWシリーズ,BW2-B,ポケモンカードゲームBW 拡張パック「レッドコレクション」,bw2_ja,039,アーケン,,U,U,https://www.pokemon-card.com/assets/images/card_images/large/BW2-B/027399_P_AKEN.jpg,RARITY_CHANGE
28925a20-a714-46dc-b0c0-f2a751b2b154,BWシリーズ,BW2-B,ポケモンカードゲームBW 拡張パック「レッドコレクション」,bw2_ja,040,アーケオス,,U,U,https://www.pokemon-card.com/assets/images/card_images/large/BW2-B/027400_P_AKEOSU.jpg,RARITY_CHANGE
a244c319-66f8-4e97-a732-fc7ff6ad9f02,BWシリーズ,BW2-B,ポケモンカードゲームBW 拡張パック「レッドコレクション」,bw2_ja,041,マッギョ,,C,C,https://www.pokemon-card.com/assets/images/card_images/large/BW2-B/027401_P_MAGGYO.jpg,RARITY_CHANGE
87cf19ab-232c-40fe-8809-2eec1c0d0502,BWシリーズ,BW2-B,ポケモンカードゲームBW 拡張パック「レッドコレクション」,bw2_ja,042,コジョフー,,C,C,https://www.pokemon-card.com/assets/images/card_images/large/BW2-B/027402_P_KOJOFU.jpg,RARITY_CHANGE
310f8470-eb95-456c-866b-86e0c2e0a756,BWシリーズ,BW2-B,ポケモンカードゲームBW 拡張パック「レッドコレクション」,bw2_ja,043,コジョンド,,C,C,https://www.pokemon-card.com/assets/images/card_images/large/BW2-B/027403_P_KOJONDO.jpg,RARITY_CHANGE
c5fe4a54-1ace-42bd-8906-9341306bc28b,BWシリーズ,BW2-B,ポケモンカードゲームBW 拡張パック「レッドコレクション」,bw2_ja,044,ゴビット,,C,C,https://www.pokemon-card.com/assets/images/card_images/large/BW2-B/027404_P_GOBITTO.jpg,RARITY_CHANGE
d4b01e9a-ae98-4667-8cea-e37196ee2dab,BWシリーズ,BW2-B,ポケモンカードゲームBW 拡張パック「レッドコレクション」,bw2_ja,045,ゴルーグ,,U,U,https://www.pokemon-card.com/assets/images/card_images/large/BW2-B/027405_P_GORUGU.jpg,RARITY_CHANGE
17a5d53c-ec58-4208-8063-45675ebd829d,BWシリーズ,BW2-B,ポケモンカードゲームBW 拡張パック「レッドコレクション」,bw2_ja,046,テラキオン,,R,R,https://www.pokemon-card.com/assets/images/card_images/large/BW2-B/027406_P_TERAKION.jpg,RARITY_CHANGE
0f4e016d-00ed-41d1-a3c0-73362371150e,BWシリーズ,BW2-B,ポケモンカードゲームBW 拡張パック「レッドコレクション」,bw2_ja,047,ランドロス,,R,R,https://www.pokemon-card.com/assets/images/card_images/large/BW2-B/027407_P_RANDOROSU.jpg,RARITY_CHANGE
2aa33b3d-f3d4-4db7-a714-0635dac6627a,SMシリーズ,SM6,禁断の光,sm6_ja,027,ボルケニオン,旧裏R,PR,PR,,RARITY_CHANGE
78e61be3-32d6-493c-9baa-47d515efb1ee,BWシリーズ,BW2-B,ポケモンカードゲームBW 拡張パック「レッドコレクション」,bw2_ja,048,コマタナ,,C,C,https://www.pokemon-card.com/assets/images/card_images/large/BW2-B/027408_P_KOMATANA.jpg,RARITY_CHANGE
58bd6570-7906-4078-a069-5692593822a1,BWシリーズ,BW2-B,ポケモンカードゲームBW 拡張パック「レッドコレクション」,bw2_ja,049,キリキザン,,U,U,https://www.pokemon-card.com/assets/images/card_images/large/BW2-B/027409_P_KIRIKIZAN.jpg,RARITY_CHANGE
c8a26a40-8665-4b6a-9c5a-cc9211902669,BWシリーズ,BW2-B,ポケモンカードゲームBW 拡張パック「レッドコレクション」,bw2_ja,050,モノズ,,C,C,https://www.pokemon-card.com/assets/images/card_images/large/BW2-B/027410_P_MONOZU.jpg,RARITY_CHANGE
d7de1362-5429-4301-82ce-1ad28784db38,BWシリーズ,BW2-B,ポケモンカードゲームBW 拡張パック「レッドコレクション」,bw2_ja,051,ジヘッド,,C,C,https://www.pokemon-card.com/assets/images/card_images/large/BW2-B/027411_P_JIHEDDO.jpg,RARITY_CHANGE
2b215566-a630-4de3-b0f1-5153bcfa55ff,BWシリーズ,BW2-B,ポケモンカードゲームBW 拡張パック「レッドコレクション」,bw2_ja,052,サザンドラ,,R,R,https://www.pokemon-card.com/assets/images/card_images/large/BW2-B/027412_P_SAZANDORA.jpg,RARITY_CHANGE
806dcab2-e987-43ee-815c-d7a106d764aa,BWシリーズ,BW2-B,ポケモンカードゲームBW 拡張パック「レッドコレクション」,bw2_ja,053,シュバルゴ,,U,U,https://www.pokemon-card.com/assets/images/card_images/large/BW2-B/027413_P_SHUBARUGO.jpg,RARITY_CHANGE
9900a8c1-fa87-436d-90d3-7975b2b52627,BWシリーズ,BW2-B,ポケモンカードゲームBW 拡張パック「レッドコレクション」,bw2_ja,054,アイアント,,C,C,https://www.pokemon-card.com/assets/images/card_images/large/BW2-B/027414_P_AIANTO.jpg,RARITY_CHANGE
dbe28140-3811-4dee-bd6d-76d3e4122638,BWシリーズ,BW2-B,ポケモンカードゲームBW 拡張パック「レッドコレクション」,bw2_ja,055,コバルオン,,R,R,https://www.pokemon-card.com/assets/images/card_images/large/BW2-B/027415_P_KOBARUON.jpg,RARITY_CHANGE
76561e6e-a81b-4ee7-8fa7-3cbe20d19da6,BWシリーズ,BW2-B,ポケモンカードゲームBW 拡張パック「レッドコレクション」,bw2_ja,056,キバゴ,,C,C,https://www.pokemon-card.com/assets/images/card_images/large/BW2-B/027416_P_KIBAGO.jpg,RARITY_CHANGE
60827c15-a6a0-46ab-995a-7ec11e15e79b,BWシリーズ,BW2-B,ポケモンカードゲームBW 拡張パック「レッドコレクション」,bw2_ja,057,オノンド,,C,C,https://www.pokemon-card.com/assets/images/card_images/large/BW2-B/027417_P_ONONDO.jpg,RARITY_CHANGE
41d77de6-9756-4d7d-b931-38a6bbd7710c,BWシリーズ,BW2-B,ポケモンカードゲームBW 拡張パック「レッドコレクション」,bw2_ja,058,オノノクス,,R,R,https://www.pokemon-card.com/assets/images/card_images/large/BW2-B/027418_P_ONONOKUSU.jpg,RARITY_CHANGE
a4333d02-0ba5-48cd-9290-3cb28037c7b0,BWシリーズ,BW2-B,ポケモンカードゲームBW 拡張パック「レッドコレクション」,bw2_ja,059,クリムガン,,U,U,https://www.pokemon-card.com/assets/images/card_images/large/BW2-B/027419_P_KURIMUGAN.jpg,RARITY_CHANGE
5d6a780d-0e89-48c7-ac9f-8df1f6276a51,BWシリーズ,BW2-B,ポケモンカードゲームBW 拡張パック「レッドコレクション」,bw2_ja,060,すごいつりざお,,U,U,https://www.pokemon-card.com/assets/images/card_images/large/BW2-B/027420_T_SUGOITSURIZAO.jpg,RARITY_CHANGE
897191eb-c382-4426-9beb-90252ee36294,BWシリーズ,BW2-B,ポケモンカードゲームBW 拡張パック「レッドコレクション」,bw2_ja,061,ライブキャスター,,U,U,https://www.pokemon-card.com/assets/images/card_images/large/BW2-B/027421_T_RAIBUKYASUTA.jpg,RARITY_CHANGE
499cfbdb-195f-4392-8acc-2651ff1f56bc,BWシリーズ,BW2-B,ポケモンカードゲームBW 拡張パック「レッドコレクション」,bw2_ja,062,はねの化石,,U,U,https://www.pokemon-card.com/assets/images/card_images/large/BW2-B/027422_T_HANENOKASEKI.jpg,RARITY_CHANGE
3258ac4c-e77e-4d80-9177-b10eff88af8e,BWシリーズ,BW2-B,ポケモンカードゲームBW 拡張パック「レッドコレクション」,bw2_ja,063,ふたの化石,,U,U,https://www.pokemon-card.com/assets/images/card_images/large/BW2-B/027423_T_FUTANOKASEKI.jpg,RARITY_CHANGE
d0981812-13cf-4616-9914-c3a76e6cc4b2,BWシリーズ,BW2-B,ポケモンカードゲームBW 拡張パック「レッドコレクション」,bw2_ja,064,ゴツゴツメット,,U,U,https://www.pokemon-card.com/assets/images/card_images/large/BW2-B/027424_T_GOTSUGOTSUMETTO.jpg,RARITY_CHANGE
915c4ac8-cbc4-4e6b-8259-24e9664ad11e,BWシリーズ,BW2-B,ポケモンカードゲームBW 拡張パック「レッドコレクション」,bw2_ja,065,しんかのきせき,,U,U,https://www.pokemon-card.com/assets/images/card_images/large/BW2-B/027425_T_SHINKANOKISEKI.jpg,RARITY_CHANGE
f74e7cff-a146-4191-9150-3c3894ad2019,BWシリーズ,BW2-B,ポケモンカードゲームBW 拡張パック「レッドコレクション」,bw2_ja,066,N,,U,U,https://www.pokemon-card.com/assets/images/card_images/large/BW2-B/027426_T_N.jpg,RARITY_CHANGE
26cc7090-e69e-41d1-bb89-9650e567399c,BWシリーズ,BW3-Bh,ポケモンカードゲームBW 拡張パック「ヘイルブリザード」,bw3h_ja,001,ヤナップ,,C,C,https://www.pokemon-card.com/assets/images/card_images/large/BW3-Bh/027553_P_YANAPPU.jpg,RARITY_CHANGE
84222f95-7736-4da7-b3fc-b8b4613c4d79,BWシリーズ,BW3-Bh,ポケモンカードゲームBW 拡張パック「ヘイルブリザード」,bw3h_ja,002,ヤナッキー,,U,U,https://www.pokemon-card.com/assets/images/card_images/large/BW3-Bh/027554_P_YANAKKI.jpg,RARITY_CHANGE
0e973ee7-07f5-4703-a0bf-81c8573e8da7,BWシリーズ,BW3-Bh,ポケモンカードゲームBW 拡張パック「ヘイルブリザード」,bw3h_ja,003,チュリネ,,C,C,https://www.pokemon-card.com/assets/images/card_images/large/BW3-Bh/027555_P_CHURINE.jpg,RARITY_CHANGE
c40bd499-0f41-4c2e-8e9e-f22a9358449b,BWシリーズ,BW3-Bh,ポケモンカードゲームBW 拡張パック「ヘイルブリザード」,bw3h_ja,004,ドレディア,,U,U,https://www.pokemon-card.com/assets/images/card_images/large/BW3-Bh/027556_P_DOREDEIA.jpg,RARITY_CHANGE
0f9062a1-ec0a-4b87-be9d-febffa412f6c,BWシリーズ,BW3-Bh,ポケモンカードゲームBW 拡張パック「ヘイルブリザード」,bw3h_ja,005,シキジカ,,C,C,https://www.pokemon-card.com/assets/images/card_images/large/BW3-Bh/027557_P_SHIKIJIKA.jpg,RARITY_CHANGE
c6ae10db-a32b-4828-942d-cdb841f8a252,BWシリーズ,BW3-Bh,ポケモンカードゲームBW 拡張パック「ヘイルブリザード」,bw3h_ja,006,メブキジカ,,U,U,https://www.pokemon-card.com/assets/images/card_images/large/BW3-Bh/027558_P_MEBUKIJIKA.jpg,RARITY_CHANGE
44ada121-2ea7-4e6a-afce-81927f4d103a,SMシリーズ,SM6,禁断の光,sm6_ja,051,ディアンシー,旧裏R,PR,PR,,RARITY_CHANGE
3ab89da4-889e-4e7e-9107-133b0c09f236,BWシリーズ,BW3-Bh,ポケモンカードゲームBW 拡張パック「ヘイルブリザード」,bw3h_ja,007,タマゲタケ,,C,C,https://www.pokemon-card.com/assets/images/card_images/large/BW3-Bh/027559_P_TAMAGETAKE.jpg,RARITY_CHANGE
2e0cd9f2-c20d-4130-9718-e574d9a7d6c9,BWシリーズ,BW3-Bh,ポケモンカードゲームBW 拡張パック「ヘイルブリザード」,bw3h_ja,008,モロバレル,,U,U,https://www.pokemon-card.com/assets/images/card_images/large/BW3-Bh/027560_P_MOROBARERU.jpg,RARITY_CHANGE
d21099b8-3e93-4802-b4d8-01a1736d03dd,BWシリーズ,BW3-Bh,ポケモンカードゲームBW 拡張パック「ヘイルブリザード」,bw3h_ja,009,ガーディ,,C,C,https://www.pokemon-card.com/assets/images/card_images/large/BW3-Bh/027561_P_GADEI.jpg,RARITY_CHANGE
e832a821-52e2-4b80-965c-753e43906d5f,BWシリーズ,BW3-Bh,ポケモンカードゲームBW 拡張パック「ヘイルブリザード」,bw3h_ja,010,ウインディ,,R,R,https://www.pokemon-card.com/assets/images/card_images/large/BW3-Bh/027562_P_UINDEI.jpg,RARITY_CHANGE
6c333c48-a6d5-4237-b842-0db50f67a417,BWシリーズ,BW3-Bh,ポケモンカードゲームBW 拡張パック「ヘイルブリザード」,bw3h_ja,011,ダルマッカ,,C,C,https://www.pokemon-card.com/assets/images/card_images/large/BW3-Bh/027563_P_DARUMAKKA.jpg,RARITY_CHANGE
fc441b44-0c2e-4d0d-a5df-53dcaf65a909,BWシリーズ,BW3-Bh,ポケモンカードゲームBW 拡張パック「ヘイルブリザード」,bw3h_ja,012,ヒトモシ,,C,C,https://www.pokemon-card.com/assets/images/card_images/large/BW3-Bh/027564_P_HITOMOSHI.jpg,RARITY_CHANGE
c299a955-d06a-490e-88ef-c9732f89e656,BWシリーズ,BW3-Bh,ポケモンカードゲームBW 拡張パック「ヘイルブリザード」,bw3h_ja,013,ランプラー,,C,C,https://www.pokemon-card.com/assets/images/card_images/large/BW3-Bh/027565_P_RANPURA.jpg,RARITY_CHANGE
7b10fff8-39e8-418c-8362-263ca666099f,BWシリーズ,BW3-Bh,ポケモンカードゲームBW 拡張パック「ヘイルブリザード」,bw3h_ja,014,シャンデラ,,R,R,https://www.pokemon-card.com/assets/images/card_images/large/BW3-Bh/027566_P_SHANDERA.jpg,RARITY_CHANGE
31436f2f-1963-42dd-93e1-59d3ef6a69f0,BWシリーズ,BW3-Bh,ポケモンカードゲームBW 拡張パック「ヘイルブリザード」,bw3h_ja,015,ラプラス,,U,U,https://www.pokemon-card.com/assets/images/card_images/large/BW3-Bh/027567_P_RAPURASU.jpg,RARITY_CHANGE
c6f07755-004b-4d95-8b7e-e486360618aa,BWシリーズ,BW3-Bh,ポケモンカードゲームBW 拡張パック「ヘイルブリザード」,bw3h_ja,016,バニプッチ,,C,C,https://www.pokemon-card.com/assets/images/card_images/large/BW3-Bh/027568_P_BANIPUCCHI.jpg,RARITY_CHANGE
f344533c-06f6-49f9-8391-4a275a192029,BWシリーズ,BW3-Bh,ポケモンカードゲームBW 拡張パック「ヘイルブリザード」,bw3h_ja,017,バニリッチ,,C,C,https://www.pokemon-card.com/assets/images/card_images/large/BW3-Bh/027569_P_BANIRICCHI.jpg,RARITY_CHANGE
84d7c872-6a75-4cd7-abe9-89433d60ee1b,BWシリーズ,BW3-Bh,ポケモンカードゲームBW 拡張パック「ヘイルブリザード」,bw3h_ja,018,バイバニラ,,R,R,https://www.pokemon-card.com/assets/images/card_images/large/BW3-Bh/027570_P_BAIBANIRA.jpg,RARITY_CHANGE
76e22b6c-88d2-4483-9e94-aa472d203f8a,BWシリーズ,BW3-Bh,ポケモンカードゲームBW 拡張パック「ヘイルブリザード」,bw3h_ja,019,クマシュン,,C,C,https://www.pokemon-card.com/assets/images/card_images/large/BW3-Bh/027571_P_KUMASHUN.jpg,RARITY_CHANGE
5c911fe3-c4a3-4c78-a0c2-20b59f2ec133,BWシリーズ,BW3-Bh,ポケモンカードゲームBW 拡張パック「ヘイルブリザード」,bw3h_ja,020,ツンベアー,,U,U,https://www.pokemon-card.com/assets/images/card_images/large/BW3-Bh/027572_P_TSUNBEA.jpg,RARITY_CHANGE
9c52583b-c3fd-4d7c-8e6a-b6091c317f5c,BWシリーズ,BW3-Bh,ポケモンカードゲームBW 拡張パック「ヘイルブリザード」,bw3h_ja,021,フリージオ,,U,U,https://www.pokemon-card.com/assets/images/card_images/large/BW3-Bh/027573_P_FURIJIO.jpg,RARITY_CHANGE
bd366998-8958-4e12-bd43-767601ff43db,BWシリーズ,BW3-Bh,ポケモンカードゲームBW 拡張パック「ヘイルブリザード」,bw3h_ja,022,キュレムEX,,R,R,https://www.pokemon-card.com/assets/images/card_images/large/BW3-Bh/027574_P_KYUREMUEX.jpg,RARITY_CHANGE
7eb5ef07-8254-4e7d-a581-7cf114bb3325,BWシリーズ,BW3-Bh,ポケモンカードゲームBW 拡張パック「ヘイルブリザード」,bw3h_ja,023,ピカチュウ,,C,C,https://www.pokemon-card.com/assets/images/card_images/large/BW3-Bh/027575_P_PIKACHUU.jpg,RARITY_CHANGE
7295a2a7-c796-41a1-8d4f-b306d0cf0bf6,BWシリーズ,BW3-Bh,ポケモンカードゲームBW 拡張パック「ヘイルブリザード」,bw3h_ja,024,ライチュウ,,U,U,https://www.pokemon-card.com/assets/images/card_images/large/BW3-Bh/027576_P_RAICHUU.jpg,RARITY_CHANGE
2f2a2eaa-81f8-4e43-88e0-03c2b8659ecf,BWシリーズ,BW3-Bh,ポケモンカードゲームBW 拡張パック「ヘイルブリザード」,bw3h_ja,025,サンダー,,R,R,https://www.pokemon-card.com/assets/images/card_images/large/BW3-Bh/027577_P_SANDA.jpg,RARITY_CHANGE
5e96ad61-c97d-4ab8-841b-738f74ba5b12,BWシリーズ,BW3-Bh,ポケモンカードゲームBW 拡張パック「ヘイルブリザード」,bw3h_ja,026,ラルトス,,C,C,https://www.pokemon-card.com/assets/images/card_images/large/BW3-Bh/027578_P_RARUTOSU.jpg,RARITY_CHANGE
ebc6aeee-fc75-4c08-995e-3aaacc77e080,BWシリーズ,BW3-Bh,ポケモンカードゲームBW 拡張パック「ヘイルブリザード」,bw3h_ja,027,キルリア,,C,C,https://www.pokemon-card.com/assets/images/card_images/large/BW3-Bh/027579_P_KIRURIA.jpg,RARITY_CHANGE
c6b36f58-acd5-4054-b7d2-e0c0804d803e,BWシリーズ,BW3-Bh,ポケモンカードゲームBW 拡張パック「ヘイルブリザード」,bw3h_ja,028,サーナイト,,R,R,https://www.pokemon-card.com/assets/images/card_images/large/BW3-Bh/027580_P_SANAITO.jpg,RARITY_CHANGE
4ad652da-45e5-4995-80e6-5a17630891e4,BWシリーズ,BW3-Bh,ポケモンカードゲームBW 拡張パック「ヘイルブリザード」,bw3h_ja,029,ヒヒダルマ,,U,U,https://www.pokemon-card.com/assets/images/card_images/large/BW3-Bh/027581_P_HIHIDARUMA.jpg,RARITY_CHANGE
83b19255-298a-4ad6-95b0-ce389b0e4dd7,BWシリーズ,BW3-Bh,ポケモンカードゲームBW 拡張パック「ヘイルブリザード」,bw3h_ja,030,リグレー,,C,C,https://www.pokemon-card.com/assets/images/card_images/large/BW3-Bh/027582_P_RIGURE.jpg,RARITY_CHANGE
6ce982ee-4b93-45e3-8d4c-87ec0d83b62b,BWシリーズ,BW3-Bh,ポケモンカードゲームBW 拡張パック「ヘイルブリザード」,bw3h_ja,031,オーベム,,U,U,https://www.pokemon-card.com/assets/images/card_images/large/BW3-Bh/027583_P_OBEMU.jpg,RARITY_CHANGE
630f6dcc-1388-4efd-83f1-f88dd1b33574,BWシリーズ,BW3-Bh,ポケモンカードゲームBW 拡張パック「ヘイルブリザード」,bw3h_ja,032,グラードンEX,,R,R,https://www.pokemon-card.com/assets/images/card_images/large/BW3-Bh/027584_P_GURADONEX.jpg,RARITY_CHANGE
f10021bf-6c06-4583-b753-c2790abb4f00,BWシリーズ,BW3-Bh,ポケモンカードゲームBW 拡張パック「ヘイルブリザード」,bw3h_ja,033,リオル,,C,C,https://www.pokemon-card.com/assets/images/card_images/large/BW3-Bh/027585_P_RIORU.jpg,RARITY_CHANGE
0c3fca59-c4f4-4275-a94c-7551c0a3b659,BWシリーズ,BW3-Bh,ポケモンカードゲームBW 拡張パック「ヘイルブリザード」,bw3h_ja,034,ルカリオ,,R,R,https://www.pokemon-card.com/assets/images/card_images/large/BW3-Bh/027586_P_RUKARIO.jpg,RARITY_CHANGE
f3cb3f41-b14c-4b74-86d3-5f4f131d781a,BWシリーズ,BW3-Bh,ポケモンカードゲームBW 拡張パック「ヘイルブリザード」,bw3h_ja,035,ヒポポタス,,C,C,https://www.pokemon-card.com/assets/images/card_images/large/BW3-Bh/027587_P_HIPOPOTASU.jpg,RARITY_CHANGE
cbc7b3f4-1b11-41e9-9834-cfe6994a5715,BWシリーズ,BW3-Bh,ポケモンカードゲームBW 拡張パック「ヘイルブリザード」,bw3h_ja,036,カバルドン,,U,U,https://www.pokemon-card.com/assets/images/card_images/large/BW3-Bh/027588_P_KABARUDON.jpg,RARITY_CHANGE
abb8825f-9af6-4152-93cc-fdae1346e7aa,BWシリーズ,BW3-Bh,ポケモンカードゲームBW 拡張パック「ヘイルブリザード」,bw3h_ja,037,ニューラ,,C,C,https://www.pokemon-card.com/assets/images/card_images/large/BW3-Bh/027589_P_NYURA.jpg,RARITY_CHANGE
82ef314f-ea05-4d38-8b19-f0aca23c3d8d,BWシリーズ,BW3-Bh,ポケモンカードゲームBW 拡張パック「ヘイルブリザード」,bw3h_ja,038,マニューラ,,U,U,https://www.pokemon-card.com/assets/images/card_images/large/BW3-Bh/027590_P_MANYURA.jpg,RARITY_CHANGE
a7befd58-6657-44cc-8047-c49f43966873,BWシリーズ,BW3-Bh,ポケモンカードゲームBW 拡張パック「ヘイルブリザード」,bw3h_ja,039,ドーミラー,,C,C,https://www.pokemon-card.com/assets/images/card_images/large/BW3-Bh/027591_P_DOMIRA.jpg,RARITY_CHANGE
8bfd3e1b-7ac0-47df-a1ef-e14e5038ea74,BWシリーズ,BW3-Bh,ポケモンカードゲームBW 拡張パック「ヘイルブリザード」,bw3h_ja,040,ドータクン,,U,U,https://www.pokemon-card.com/assets/images/card_images/large/BW3-Bh/027592_P_DOTAKUN.jpg,RARITY_CHANGE
ad7eebc4-0270-4b44-b6ff-61a044741a6a,BWシリーズ,BW3-Bh,ポケモンカードゲームBW 拡張パック「ヘイルブリザード」,bw3h_ja,041,コマタナ,,C,C,https://www.pokemon-card.com/assets/images/card_images/large/BW3-Bh/027593_P_KOMATANA.jpg,RARITY_CHANGE
29caa326-ddc0-457f-9b10-d0353f519a91,BWシリーズ,BW3-Bh,ポケモンカードゲームBW 拡張パック「ヘイルブリザード」,bw3h_ja,042,キリキザン,,R,R,https://www.pokemon-card.com/assets/images/card_images/large/BW3-Bh/027594_P_KIRIKIZAN.jpg,RARITY_CHANGE
63daabb0-40ef-4643-94a2-fa013c42a0f6,BWシリーズ,BW3-Bh,ポケモンカードゲームBW 拡張パック「ヘイルブリザード」,bw3h_ja,043,プリン,,C,C,https://www.pokemon-card.com/assets/images/card_images/large/BW3-Bh/027595_P_PURIN.jpg,RARITY_CHANGE
f38dd4f3-58bf-45db-bf6d-a39cf3dfee0c,BWシリーズ,BW3-Bh,ポケモンカードゲームBW 拡張パック「ヘイルブリザード」,bw3h_ja,044,プクリン,,C,C,https://www.pokemon-card.com/assets/images/card_images/large/BW3-Bh/027596_P_PUKURIN.jpg,RARITY_CHANGE
13593f8a-8e8d-4cf8-b65e-a488832bd09c,BWシリーズ,BW3-Bh,ポケモンカードゲームBW 拡張パック「ヘイルブリザード」,bw3h_ja,045,レジギガスEX,,R,R,https://www.pokemon-card.com/assets/images/card_images/large/BW3-Bh/027597_P_REJIGIGASUEX.jpg,RARITY_CHANGE
a94283b5-a50a-46c1-9a80-7391f2cfee60,BWシリーズ,BW3-Bh,ポケモンカードゲームBW 拡張パック「ヘイルブリザード」,bw3h_ja,046,マメパト,,C,C,https://www.pokemon-card.com/assets/images/card_images/large/BW3-Bh/027598_P_MAMEPATO.jpg,RARITY_CHANGE
b4a9f8dc-d47c-4ece-8457-408be026ce7c,BWシリーズ,BW3-Bh,ポケモンカードゲームBW 拡張パック「ヘイルブリザード」,bw3h_ja,047,ハトーボー,,C,C,https://www.pokemon-card.com/assets/images/card_images/large/BW3-Bh/027599_P_HATOBO.jpg,RARITY_CHANGE
7cbb2628-c45a-4062-9147-4f117b8fd233,BWシリーズ,BW3-Bh,ポケモンカードゲームBW 拡張パック「ヘイルブリザード」,bw3h_ja,048,ケンホロウ,,U,U,https://www.pokemon-card.com/assets/images/card_images/large/BW3-Bh/027600_P_KENHOROU.jpg,RARITY_CHANGE
78f806ad-d9d3-491f-be0a-2e94a35e2c63,BWシリーズ,BW3-Bh,ポケモンカードゲームBW 拡張パック「ヘイルブリザード」,bw3h_ja,049,ヘビーボール,,U,U,https://www.pokemon-card.com/assets/images/card_images/large/BW3-Bh/027601_T_HEBIBORU.jpg,RARITY_CHANGE
70bce543-e7e8-435b-89b7-c417fbc56a6f,BWシリーズ,BW3-Bh,ポケモンカードゲームBW 拡張パック「ヘイルブリザード」,bw3h_ja,050,デント,,U,U,https://www.pokemon-card.com/assets/images/card_images/large/BW3-Bh/027602_T_DENTO.jpg,RARITY_CHANGE
aa982bb4-8284-4bfb-b489-c130193fae6a,BWシリーズ,BW3-Bh,ポケモンカードゲームBW 拡張パック「ヘイルブリザード」,bw3h_ja,051,ポケモンセンター,,U,U,https://www.pokemon-card.com/assets/images/card_images/large/BW3-Bh/027603_T_POKEMONSENTA.jpg,RARITY_CHANGE
4a3a0b64-f24d-4852-b9c7-ab13d4034455,BWシリーズ,BW3-Bh,ポケモンカードゲームBW 拡張パック「ヘイルブリザード」,bw3h_ja,052,ダブル無色エネルギー,,U,U,https://www.pokemon-card.com/assets/images/card_images/large/BW3-Bh/027604_E_DABURUMUSHOKUENERUGI.jpg,RARITY_CHANGE
71c48a6a-9563-44c4-aa7e-1ffc9ab2dd82,BWシリーズ,BW3-Bp,ポケモンカードゲームBW 拡張パック「サイコドライブ」,bw3p_ja,001,カイロス,,U,U,https://www.pokemon-card.com/assets/images/card_images/large/BW3-Bp/027501_P_KAIROSU.jpg,RARITY_CHANGE
5154b995-d8eb-405f-bc04-8f975e37244d,BWシリーズ,BW3-Bp,ポケモンカードゲームBW 拡張パック「サイコドライブ」,bw3p_ja,002,タネボー,,C,C,https://www.pokemon-card.com/assets/images/card_images/large/BW3-Bp/027502_P_TANEBO.jpg,RARITY_CHANGE
508a2679-cfdf-4343-812e-eaf37e1fd02a,BWシリーズ,BW3-Bp,ポケモンカードゲームBW 拡張パック「サイコドライブ」,bw3p_ja,003,コロボーシ,,C,C,https://www.pokemon-card.com/assets/images/card_images/large/BW3-Bp/027503_P_KOROBOSHI.jpg,RARITY_CHANGE
d6a77ef9-f5b9-4760-b639-f7e801511d65,BWシリーズ,BW3-Bp,ポケモンカードゲームBW 拡張パック「サイコドライブ」,bw3p_ja,004,コロトック,,U,U,https://www.pokemon-card.com/assets/images/card_images/large/BW3-Bp/027504_P_KOROTOKKU.jpg,RARITY_CHANGE
f84f66de-c70c-4ce9-acdf-23d6624ec6f7,BWシリーズ,BW3-Bp,ポケモンカードゲームBW 拡張パック「サイコドライブ」,bw3p_ja,005,シェイミEX,,R,R,https://www.pokemon-card.com/assets/images/card_images/large/BW3-Bp/027505_P_SHIEIMIEX.jpg,RARITY_CHANGE
0c714c8b-69a1-4822-8aaf-610624f2cfe2,BWシリーズ,BW3-Bp,ポケモンカードゲームBW 拡張パック「サイコドライブ」,bw3p_ja,006,クルミル,,C,C,https://www.pokemon-card.com/assets/images/card_images/large/BW3-Bp/027506_P_KURUMIRU.jpg,RARITY_CHANGE
36dd070d-19e9-461b-bf31-1ead5915cb1d,BWシリーズ,BW3-Bp,ポケモンカードゲームBW 拡張パック「サイコドライブ」,bw3p_ja,007,クルマユ,,C,C,https://www.pokemon-card.com/assets/images/card_images/large/BW3-Bp/027507_P_KURUMAYU.jpg,RARITY_CHANGE
048f221f-07c2-434e-8a6f-52994725c121,BWシリーズ,BW3-Bp,ポケモンカードゲームBW 拡張パック「サイコドライブ」,bw3p_ja,008,ハハコモリ,,R,R,https://www.pokemon-card.com/assets/images/card_images/large/BW3-Bp/027508_P_HAHAKOMORI.jpg,RARITY_CHANGE
4b983b1b-d8ef-470f-9d1f-54c1b6d7db42,BWシリーズ,BW3-Bp,ポケモンカードゲームBW 拡張パック「サイコドライブ」,bw3p_ja,009,ファイヤー,,R,R,https://www.pokemon-card.com/assets/images/card_images/large/BW3-Bp/027509_P_FAIYA.jpg,RARITY_CHANGE
31b75f53-08f1-4dfb-9077-cc4344905064,SMシリーズ,SM6a,ドラゴンストーム,sm6a_ja,050,ワタル♢,旧裏R,PR,PR,,RARITY_CHANGE
8e1e071c-f3d0-45c4-bb88-233c38b1bf5e,BWシリーズ,BW3-Bp,ポケモンカードゲームBW 拡張パック「サイコドライブ」,bw3p_ja,010,バオップ,,C,C,https://www.pokemon-card.com/assets/images/card_images/large/BW3-Bp/027510_P_BAOPPU.jpg,RARITY_CHANGE
598d39a4-f1ba-4401-bbe5-d2ab03d334e0,BWシリーズ,BW3-Bp,ポケモンカードゲームBW 拡張パック「サイコドライブ」,bw3p_ja,011,バオッキー,,U,U,https://www.pokemon-card.com/assets/images/card_images/large/BW3-Bp/027511_P_BAOKKI.jpg,RARITY_CHANGE
caf61e67-2e25-4a45-a175-5ae870ba0ffd,BWシリーズ,BW3-Bp,ポケモンカードゲームBW 拡張パック「サイコドライブ」,bw3p_ja,012,ヒトデマン,,C,C,https://www.pokemon-card.com/assets/images/card_images/large/BW3-Bp/027512_P_HITODEMAN.jpg,RARITY_CHANGE
74a0fd5d-6fb6-4260-a5f6-932c7ed1db72,BWシリーズ,BW3-Bp,ポケモンカードゲームBW 拡張パック「サイコドライブ」,bw3p_ja,013,スターミー,,U,U,https://www.pokemon-card.com/assets/images/card_images/large/BW3-Bp/027513_P_SUTAMI.jpg,RARITY_CHANGE
328b48b6-0a39-40a9-a456-c72494a30b49,BWシリーズ,BW3-Bp,ポケモンカードゲームBW 拡張パック「サイコドライブ」,bw3p_ja,014,フリーザー,,R,R,https://www.pokemon-card.com/assets/images/card_images/large/BW3-Bp/027514_P_FURIZA.jpg,RARITY_CHANGE
0a1741a3-883a-4e44-81e1-f5cf1d71d346,BWシリーズ,BW3-Bp,ポケモンカードゲームBW 拡張パック「サイコドライブ」,bw3p_ja,015,カイオーガEX,,R,R,https://www.pokemon-card.com/assets/images/card_images/large/BW3-Bp/027515_P_KAIOGAEX.jpg,RARITY_CHANGE
c8337a8b-ac48-44d9-86df-c7f01d77b600,BWシリーズ,BW3-Bp,ポケモンカードゲームBW 拡張パック「サイコドライブ」,bw3p_ja,016,ヒヤップ,,C,C,https://www.pokemon-card.com/assets/images/card_images/large/BW3-Bp/027516_P_HIYAPPU.jpg,RARITY_CHANGE
2e27744b-7557-4da1-abd4-7b692aea9742,BWシリーズ,BW4-B,ポケモンカードゲームBW 拡張パック「ダークラッシュ」,bw4_ja,065,ふしぎなアメ,,U,U,https://www.pokemon-card.com/assets/images/card_images/large/BW4-B/027825_T_FUSHIGINAAME.jpg,RARITY_CHANGE
b1fd69a0-cf1e-4467-88f0-efd405d9174e,BWシリーズ,BW4-B,ポケモンカードゲームBW 拡張パック「ダークラッシュ」,bw4_ja,066,ひみつのコハク プテラ,,U,U,https://www.pokemon-card.com/assets/images/card_images/large/BW4-B/027826_T_HIMITSUNOKOHAKUPUTERA.jpg,RARITY_CHANGE
c8e86e50-3d5b-4c24-9841-3a9991865744,BWシリーズ,BW4-B,ポケモンカードゲームBW 拡張パック「ダークラッシュ」,bw4_ja,067,悪のツメ,,U,U,https://www.pokemon-card.com/assets/images/card_images/large/BW4-B/027827_T_AKUNOTSUME.jpg,RARITY_CHANGE
9c0a45a8-5364-4ca9-bfe2-c0e0a7c7f6fc,BWシリーズ,BW3-Bp,ポケモンカードゲームBW 拡張パック「サイコドライブ」,bw3p_ja,019,プルリル,,C,C,https://www.pokemon-card.com/assets/images/card_images/large/BW3-Bp/027519_P_PURURIRU.jpg,RARITY_CHANGE
23066a62-b982-4eab-8ad7-f04526e12236,BWシリーズ,BW3-Bp,ポケモンカードゲームBW 拡張パック「サイコドライブ」,bw3p_ja,020,ブルンゲル,,U,U,https://www.pokemon-card.com/assets/images/card_images/large/BW3-Bp/027520_P_BURUNGERU.jpg,RARITY_CHANGE
9efc5b26-093a-452a-9b56-4811f104a2a2,BWシリーズ,BW3-Bp,ポケモンカードゲームBW 拡張パック「サイコドライブ」,bw3p_ja,021,コリンク,,C,C,https://www.pokemon-card.com/assets/images/card_images/large/BW3-Bp/027521_P_KORINKU.jpg,RARITY_CHANGE
50e2f310-77eb-470f-bdd2-ebf6587a5094,BWシリーズ,BW3-Bp,ポケモンカードゲームBW 拡張パック「サイコドライブ」,bw3p_ja,022,ルクシオ,,C,C,https://www.pokemon-card.com/assets/images/card_images/large/BW3-Bp/027522_P_RUKUSHIO.jpg,RARITY_CHANGE
9b5233db-bfe9-4ad2-842c-1cbe2af71700,BWシリーズ,BW3-Bp,ポケモンカードゲームBW 拡張パック「サイコドライブ」,bw3p_ja,023,レントラー,,R,R,https://www.pokemon-card.com/assets/images/card_images/large/BW3-Bp/027523_P_RENTORA.jpg,RARITY_CHANGE
81875180-1f04-417a-b7f3-53151eafa9f8,BWシリーズ,BW3-Bp,ポケモンカードゲームBW 拡張パック「サイコドライブ」,bw3p_ja,024,シママ,,C,C,https://www.pokemon-card.com/assets/images/card_images/large/BW3-Bp/027524_P_SHIMAMA.jpg,RARITY_CHANGE
49d91f92-a459-4760-bffb-1ca571a5cada,BWシリーズ,BW3-Bp,ポケモンカードゲームBW 拡張パック「サイコドライブ」,bw3p_ja,025,ゼブライカ,,U,U,https://www.pokemon-card.com/assets/images/card_images/large/BW3-Bp/027525_P_ZEBURAIKA.jpg,RARITY_CHANGE
a578cc02-59a8-4767-b5f2-522f5ca8e070,BWシリーズ,BW3-Bp,ポケモンカードゲームBW 拡張パック「サイコドライブ」,bw3p_ja,026,ベトベター,,C,C,https://www.pokemon-card.com/assets/images/card_images/large/BW3-Bp/027526_P_BETOBETA.jpg,RARITY_CHANGE
6f3fa79d-faa9-4f98-8664-1155a021363c,BWシリーズ,BW3-Bp,ポケモンカードゲームBW 拡張パック「サイコドライブ」,bw3p_ja,027,ベトベトン,,U,U,https://www.pokemon-card.com/assets/images/card_images/large/BW3-Bp/027527_P_BETOBETON.jpg,RARITY_CHANGE
d7b062b0-00d9-4bf8-8eec-73c61da69f6b,BWシリーズ,BW3-Bp,ポケモンカードゲームBW 拡張パック「サイコドライブ」,bw3p_ja,028,ミュウツーEX,,R,R,https://www.pokemon-card.com/assets/images/card_images/large/BW3-Bp/027528_P_MYUUTSUEX.jpg,RARITY_CHANGE
d7fbd78d-e8e8-4dd6-b8fe-409b7c0337db,BWシリーズ,BW3-Bp,ポケモンカードゲームBW 拡張パック「サイコドライブ」,bw3p_ja,029,ムンナ,,C,C,https://www.pokemon-card.com/assets/images/card_images/large/BW3-Bp/027529_P_MUNNA.jpg,RARITY_CHANGE
b9fbbe95-05b8-456d-a63f-ceb5d9b37884,BWシリーズ,BW3-Bp,ポケモンカードゲームBW 拡張パック「サイコドライブ」,bw3p_ja,030,ムシャーナ,,U,U,https://www.pokemon-card.com/assets/images/card_images/large/BW3-Bp/027530_P_MUSHANA.jpg,RARITY_CHANGE
8d8f6556-af12-4c23-9425-1084d1aed61a,BWシリーズ,BW3-Bp,ポケモンカードゲームBW 拡張パック「サイコドライブ」,bw3p_ja,031,ユニラン,,C,C,https://www.pokemon-card.com/assets/images/card_images/large/BW3-Bp/027531_P_YUNIRAN.jpg,RARITY_CHANGE
c295514f-b746-4ff5-90b0-434de4c7b396,BWシリーズ,BW3-Bp,ポケモンカードゲームBW 拡張パック「サイコドライブ」,bw3p_ja,032,ダブラン,,C,C,https://www.pokemon-card.com/assets/images/card_images/large/BW3-Bp/027532_P_DABURAN.jpg,RARITY_CHANGE
04af6b32-d411-41f3-8593-69291a4ba7d4,BWシリーズ,BW3-Bp,ポケモンカードゲームBW 拡張パック「サイコドライブ」,bw3p_ja,033,ランクルス,,U,U,https://www.pokemon-card.com/assets/images/card_images/large/BW3-Bp/027533_P_RANKURUSU.jpg,RARITY_CHANGE
6c676ba7-a18a-48bb-85c4-f5e346738504,BWシリーズ,BW3-Bp,ポケモンカードゲームBW 拡張パック「サイコドライブ」,bw3p_ja,034,ドッコラー,,C,C,https://www.pokemon-card.com/assets/images/card_images/large/BW3-Bp/027534_P_DOKKORA.jpg,RARITY_CHANGE
48eb29ad-02c7-425f-9f47-588c05427835,BWシリーズ,BW3-Bp,ポケモンカードゲームBW 拡張パック「サイコドライブ」,bw3p_ja,035,ドテッコツ,,C,C,https://www.pokemon-card.com/assets/images/card_images/large/BW3-Bp/027535_P_DOTEKKOTSU.jpg,RARITY_CHANGE
3f6d8c11-f4f1-43ef-8a95-9a621f033db5,BWシリーズ,BW3-Bp,ポケモンカードゲームBW 拡張パック「サイコドライブ」,bw3p_ja,036,ローブシン,,R,R,https://www.pokemon-card.com/assets/images/card_images/large/BW3-Bp/027536_P_ROBUSHIN.jpg,RARITY_CHANGE
7fc4f945-6617-4ada-adde-4661d1638570,BWシリーズ,BW3-Bp,ポケモンカードゲームBW 拡張パック「サイコドライブ」,bw3p_ja,037,コジョフー,,C,C,https://www.pokemon-card.com/assets/images/card_images/large/BW3-Bp/027537_P_KOJOFU.jpg,RARITY_CHANGE
bb2b445e-b7e4-4b1a-983b-c3b357a0ec2f,BWシリーズ,BW3-Bp,ポケモンカードゲームBW 拡張パック「サイコドライブ」,bw3p_ja,038,コジョンド,,U,U,https://www.pokemon-card.com/assets/images/card_images/large/BW3-Bp/027538_P_KOJONDO.jpg,RARITY_CHANGE
6269bbf3-4acc-462b-bad7-6a63792dd0e5,BWシリーズ,BW3-Bp,ポケモンカードゲームBW 拡張パック「サイコドライブ」,bw3p_ja,039,コノハナ,,C,C,https://www.pokemon-card.com/assets/images/card_images/large/BW3-Bp/027539_P_KONOHANA.jpg,RARITY_CHANGE
e4397ed2-d161-499e-a013-d6d4a5775fba,BWシリーズ,BW3-Bp,ポケモンカードゲームBW 拡張パック「サイコドライブ」,bw3p_ja,040,ダーテング,,U,U,https://www.pokemon-card.com/assets/images/card_images/large/BW3-Bp/027540_P_DATENGU.jpg,RARITY_CHANGE
13145707-5c4d-46f4-9698-03f3d00d4c4e,BWシリーズ,BW3-Bp,ポケモンカードゲームBW 拡張パック「サイコドライブ」,bw3p_ja,041,ズルッグ,,C,C,https://www.pokemon-card.com/assets/images/card_images/large/BW3-Bp/027541_P_ZURUGGU.jpg,RARITY_CHANGE
e2a0c2ed-a496-413a-8776-2483d2af5b9e,BWシリーズ,BW3-Bp,ポケモンカードゲームBW 拡張パック「サイコドライブ」,bw3p_ja,042,ズルズキン,,R,R,https://www.pokemon-card.com/assets/images/card_images/large/BW3-Bp/027542_P_ZURUZUKIN.jpg,RARITY_CHANGE
6d3ba846-dc71-4d90-b1bf-0a2ed0abe27b,BWシリーズ,BW3-Bp,ポケモンカードゲームBW 拡張パック「サイコドライブ」,bw3p_ja,043,テッシード,,C,C,https://www.pokemon-card.com/assets/images/card_images/large/BW3-Bp/027543_P_TESSHIDO.jpg,RARITY_CHANGE
65333c9a-dcfe-4a50-9a55-46533670ada7,BWシリーズ,BW3-Bp,ポケモンカードゲームBW 拡張パック「サイコドライブ」,bw3p_ja,044,ナットレイ,,U,U,https://www.pokemon-card.com/assets/images/card_images/large/BW3-Bp/027544_P_NATTOREI.jpg,RARITY_CHANGE
64075467-b8a5-4c91-a7ab-2c1b8fd0c968,BWシリーズ,BW3-Bp,ポケモンカードゲームBW 拡張パック「サイコドライブ」,bw3p_ja,045,ニャース,,C,C,https://www.pokemon-card.com/assets/images/card_images/large/BW3-Bp/027545_P_NYASU.jpg,RARITY_CHANGE
74f39c04-da99-40fd-9ab6-4f98310c7c49,BWシリーズ,BW3-Bp,ポケモンカードゲームBW 拡張パック「サイコドライブ」,bw3p_ja,046,ペルシアン,,U,U,https://www.pokemon-card.com/assets/images/card_images/large/BW3-Bp/027546_P_PERUSHIAN.jpg,RARITY_CHANGE
6be32333-41a4-428e-a5d9-969771e8e960,BWシリーズ,BW3-Bp,ポケモンカードゲームBW 拡張パック「サイコドライブ」,bw3p_ja,047,チラーミィ,,C,C,https://www.pokemon-card.com/assets/images/card_images/large/BW3-Bp/027547_P_CHIRAMII.jpg,RARITY_CHANGE
10261293-5d84-4e9e-8db9-3f43dbc4ee9c,BWシリーズ,BW3-Bp,ポケモンカードゲームBW 拡張パック「サイコドライブ」,bw3p_ja,048,チラチーノ,,R,R,https://www.pokemon-card.com/assets/images/card_images/large/BW3-Bp/027548_P_CHIRACHINO.jpg,RARITY_CHANGE
ecc3c1b4-925c-4cd7-96c7-8ec8e13130c7,BWシリーズ,BW3-Bp,ポケモンカードゲームBW 拡張パック「サイコドライブ」,bw3p_ja,049,レベルボール,,U,U,https://www.pokemon-card.com/assets/images/card_images/large/BW3-Bp/027549_T_REBERUBORU.jpg,RARITY_CHANGE
05b4d3d4-7230-46dd-80b8-b0b8504013b5,BWシリーズ,BW3-Bp,ポケモンカードゲームBW 拡張パック「サイコドライブ」,bw3p_ja,050,学習装置,,U,U,https://www.pokemon-card.com/assets/images/card_images/large/BW3-Bp/027550_T_GAKUSHUUSOUCHI.jpg,RARITY_CHANGE
8d655603-c4a2-43f5-bd8d-bfefbd49fa8e,BWシリーズ,BW3-Bp,ポケモンカードゲームBW 拡張パック「サイコドライブ」,bw3p_ja,051,スカイアローブリッジ,,U,U,https://www.pokemon-card.com/assets/images/card_images/large/BW3-Bp/027551_T_SUKAIAROBURIJJI.jpg,RARITY_CHANGE
cc4dff29-84e4-4187-97e1-aa06070cd428,BWシリーズ,BW3-Bp,ポケモンカードゲームBW 拡張パック「サイコドライブ」,bw3p_ja,052,プリズムエネルギー,,U,U,https://www.pokemon-card.com/assets/images/card_images/large/BW3-Bp/027552_E_PURIZUMUENERUGI.jpg,RARITY_CHANGE
d7d2e88e-fb63-4d33-9064-4a7d4ee6fdf8,BWシリーズ,BW4-B,ポケモンカードゲームBW 拡張パック「ダークラッシュ」,bw4_ja,001,フシギダネ,,C,C,https://www.pokemon-card.com/assets/images/card_images/large/BW4-B/027761_P_FUSHIGIDANE.jpg,RARITY_CHANGE
2d510c30-540a-47b5-a342-370e6d208f52,BWシリーズ,BW4-B,ポケモンカードゲームBW 拡張パック「ダークラッシュ」,bw4_ja,002,フシギソウ,,C,C,https://www.pokemon-card.com/assets/images/card_images/large/BW4-B/027762_P_FUSHIGISOU.jpg,RARITY_CHANGE
ed8f21e9-c858-4c4a-a887-4f4fbacd984c,BWシリーズ,BW4-B,ポケモンカードゲームBW 拡張パック「ダークラッシュ」,bw4_ja,003,フシギバナ,,R,R,https://www.pokemon-card.com/assets/images/card_images/large/BW4-B/027763_P_FUSHIGIBANA.jpg,RARITY_CHANGE
630bc81f-7fec-455a-87d6-2994ab1b77fa,BWシリーズ,BW4-B,ポケモンカードゲームBW 拡張パック「ダークラッシュ」,bw4_ja,004,マスキッパ,,U,U,https://www.pokemon-card.com/assets/images/card_images/large/BW4-B/027764_P_MASUKIPPA.jpg,RARITY_CHANGE
2d696b81-1d4a-4570-9349-ba95796cf611,BWシリーズ,BW4-B,ポケモンカードゲームBW 拡張パック「ダークラッシュ」,bw4_ja,005,カブルモ,,C,C,https://www.pokemon-card.com/assets/images/card_images/large/BW4-B/027765_P_KABURUMO.jpg,RARITY_CHANGE
f3d5f306-a91d-409e-94fe-209b6cd46553,BWシリーズ,BW4-B,ポケモンカードゲームBW 拡張パック「ダークラッシュ」,bw4_ja,006,チョボマキ,,C,C,https://www.pokemon-card.com/assets/images/card_images/large/BW4-B/027766_P_CHOBOMAKI.jpg,RARITY_CHANGE
1864640a-9247-420f-b36b-76ace74fa974,BWシリーズ,BW4-B,ポケモンカードゲームBW 拡張パック「ダークラッシュ」,bw4_ja,007,アギルダー,,U,U,https://www.pokemon-card.com/assets/images/card_images/large/BW4-B/027767_P_AGIRUDA.jpg,RARITY_CHANGE
3b7fad1f-f084-412d-bc85-116d868e00dd,BWシリーズ,BW4-B,ポケモンカードゲームBW 拡張パック「ダークラッシュ」,bw4_ja,008,ブースター,,C,C,https://www.pokemon-card.com/assets/images/card_images/large/BW4-B/027768_P_BUSUTA.jpg,RARITY_CHANGE
892ca9cd-10a0-4536-b364-736da70897ca,BWシリーズ,BW4-B,ポケモンカードゲームBW 拡張パック「ダークラッシュ」,bw4_ja,009,エンテイEX,,R,R,https://www.pokemon-card.com/assets/images/card_images/large/BW4-B/027769_P_ENTEIEX.jpg,RARITY_CHANGE
f24ab7c0-8b34-417a-a940-3f3f21931be4,BWシリーズ,BW4-B,ポケモンカードゲームBW 拡張パック「ダークラッシュ」,bw4_ja,010,アチャモ,,C,C,https://www.pokemon-card.com/assets/images/card_images/large/BW4-B/027770_P_ACHAMO.jpg,RARITY_CHANGE
8350bfb8-9160-4f1c-8e5b-787bddf6eef1,BWシリーズ,BW4-B,ポケモンカードゲームBW 拡張パック「ダークラッシュ」,bw4_ja,011,ワカシャモ,,C,C,https://www.pokemon-card.com/assets/images/card_images/large/BW4-B/027771_P_WAKASHAMO.jpg,RARITY_CHANGE
379a9ae8-514d-49a6-875c-a8195943deed,BWシリーズ,BW4-B,ポケモンカードゲームBW 拡張パック「ダークラッシュ」,bw4_ja,012,バシャーモ,,R,R,https://www.pokemon-card.com/assets/images/card_images/large/BW4-B/027772_P_BASHAMO.jpg,RARITY_CHANGE
e799234e-508e-4005-98f5-0e80137aac8e,BWシリーズ,BW4-B,ポケモンカードゲームBW 拡張パック「ダークラッシュ」,bw4_ja,013,クイタラン,,U,U,https://www.pokemon-card.com/assets/images/card_images/large/BW4-B/027773_P_KUITARAN.jpg,RARITY_CHANGE
2213bdff-73b1-4ac4-abd0-2ecff4c64673,BWシリーズ,BW4-B,ポケモンカードゲームBW 拡張パック「ダークラッシュ」,bw4_ja,014,メラルバ,,C,C,https://www.pokemon-card.com/assets/images/card_images/large/BW4-B/027774_P_MERARUBA.jpg,RARITY_CHANGE
e32720b2-10e2-449b-a8a5-ecc1d9567e3e,BWシリーズ,BW4-B,ポケモンカードゲームBW 拡張パック「ダークラッシュ」,bw4_ja,015,ウルガモス,,R,R,https://www.pokemon-card.com/assets/images/card_images/large/BW4-B/027775_P_URUGAMOSU.jpg,RARITY_CHANGE
2f075e21-85cd-4878-a1ab-a1a1333f7ee2,BWシリーズ,BW4-B,ポケモンカードゲームBW 拡張パック「ダークラッシュ」,bw4_ja,016,ヤドン,,C,C,https://www.pokemon-card.com/assets/images/card_images/large/BW4-B/027776_P_YADON.jpg,RARITY_CHANGE
3bb523be-3160-4d50-a604-e7c67389e287,BWシリーズ,BW4-B,ポケモンカードゲームBW 拡張パック「ダークラッシュ」,bw4_ja,017,ヤドラン,,U,U,https://www.pokemon-card.com/assets/images/card_images/large/BW4-B/027777_P_YADORAN.jpg,RARITY_CHANGE
7097181c-2e06-4278-83cd-1dbb2e312021,BWシリーズ,BW4-B,ポケモンカードゲームBW 拡張パック「ダークラッシュ」,bw4_ja,018,シャワーズ,,C,C,https://www.pokemon-card.com/assets/images/card_images/large/BW4-B/027778_P_SHAWAZU.jpg,RARITY_CHANGE
3f18d863-7479-4e53-9c3e-d12f5e79baba,BWシリーズ,BW4-B,ポケモンカードゲームBW 拡張パック「ダークラッシュ」,bw4_ja,019,ポッチャマ,,C,C,https://www.pokemon-card.com/assets/images/card_images/large/BW4-B/027779_P_POCCHAMA.jpg,RARITY_CHANGE
3bebd4a1-46d1-4b60-a7eb-41096803b1ac,BWシリーズ,BW4-B,ポケモンカードゲームBW 拡張パック「ダークラッシュ」,bw4_ja,020,ポッタイシ,,C,C,https://www.pokemon-card.com/assets/images/card_images/large/BW4-B/027780_P_POTTAISHI.jpg,RARITY_CHANGE
89b1c0bb-3593-4821-8463-ec1dffa97f6c,BWシリーズ,BW4-B,ポケモンカードゲームBW 拡張パック「ダークラッシュ」,bw4_ja,021,エンペルト,,R,R,https://www.pokemon-card.com/assets/images/card_images/large/BW4-B/027781_P_ENPERUTO.jpg,RARITY_CHANGE
effd3f1e-7b6c-451b-a9f3-eec1bb0f4abf,BWシリーズ,BW4-B,ポケモンカードゲームBW 拡張パック「ダークラッシュ」,bw4_ja,022,コアルヒー,,C,C,https://www.pokemon-card.com/assets/images/card_images/large/BW4-B/027782_P_KOARUHI.jpg,RARITY_CHANGE
6b8a9a84-cd08-43e0-8c43-0d25d214c28c,BWシリーズ,BW4-B,ポケモンカードゲームBW 拡張パック「ダークラッシュ」,bw4_ja,023,スワンナ,,U,U,https://www.pokemon-card.com/assets/images/card_images/large/BW4-B/027783_P_SUWANNA.jpg,RARITY_CHANGE
40afc268-529f-439c-b587-3b9e0a418580,BWシリーズ,BW4-B,ポケモンカードゲームBW 拡張パック「ダークラッシュ」,bw4_ja,024,サンダース,,C,C,https://www.pokemon-card.com/assets/images/card_images/large/BW4-B/027784_P_SANDASU.jpg,RARITY_CHANGE
231bc7b4-a27d-4c2d-a46a-244bc82c5ab7,BWシリーズ,BW4-B,ポケモンカードゲームBW 拡張パック「ダークラッシュ」,bw4_ja,025,ライコウEX,,R,R,https://www.pokemon-card.com/assets/images/card_images/large/BW4-B/027785_P_RAIKOUEX.jpg,RARITY_CHANGE
ca2d18e8-0b67-40e9-82a1-6784972d248f,BWシリーズ,BW4-B,ポケモンカードゲームBW 拡張パック「ダークラッシュ」,bw4_ja,026,プラスル,,C,C,https://www.pokemon-card.com/assets/images/card_images/large/BW4-B/027786_P_PURASURU.jpg,RARITY_CHANGE
df5fc1fb-0f7a-45c0-b131-cb99f374f5fa,BWシリーズ,BW4-B,ポケモンカードゲームBW 拡張パック「ダークラッシュ」,bw4_ja,027,マイナン,,C,C,https://www.pokemon-card.com/assets/images/card_images/large/BW4-B/027787_P_MAINAN.jpg,RARITY_CHANGE
3ab66e07-a625-49a5-b7b2-ae8febdbb414,BWシリーズ,BW4-B,ポケモンカードゲームBW 拡張パック「ダークラッシュ」,bw4_ja,028,バチュル,,C,C,https://www.pokemon-card.com/assets/images/card_images/large/BW4-B/027788_P_BACHURU.jpg,RARITY_CHANGE
f6b6d833-5fcc-4c92-9fdd-da7d700c9470,BWシリーズ,BW4-B,ポケモンカードゲームBW 拡張パック「ダークラッシュ」,bw4_ja,029,デンチュラ,,U,U,https://www.pokemon-card.com/assets/images/card_images/large/BW4-B/027789_P_DENCHURA.jpg,RARITY_CHANGE
1fd1644d-9396-47f3-9c06-7df3f27aa5be,BWシリーズ,BW4-B,ポケモンカードゲームBW 拡張パック「ダークラッシュ」,bw4_ja,030,シビシラス,,C,C,https://www.pokemon-card.com/assets/images/card_images/large/BW4-B/027790_P_SHIBISHIRASU.jpg,RARITY_CHANGE
16424a5d-f484-4cd8-a5c1-7afdf3498a8b,BWシリーズ,BW4-B,ポケモンカードゲームBW 拡張パック「ダークラッシュ」,bw4_ja,031,シビビール,,C,C,https://www.pokemon-card.com/assets/images/card_images/large/BW4-B/027791_P_SHIBIBIRU.jpg,RARITY_CHANGE
00746f33-15a3-4705-a679-33814bb6e426,BWシリーズ,BW4-B,ポケモンカードゲームBW 拡張パック「ダークラッシュ」,bw4_ja,032,シビルドン,,R,R,https://www.pokemon-card.com/assets/images/card_images/large/BW4-B/027792_P_SHIBIRUDON.jpg,RARITY_CHANGE
b287d066-79b0-4de2-a5ee-5250cb5dc1e6,BWシリーズ,BW4-B,ポケモンカードゲームBW 拡張パック「ダークラッシュ」,bw4_ja,033,エーフィ,,U,U,https://www.pokemon-card.com/assets/images/card_images/large/BW4-B/027793_P_EFI.jpg,RARITY_CHANGE
e9d32b9e-2d55-4a4b-88cd-c855ce7edfed,BWシリーズ,BW4-B,ポケモンカードゲームBW 拡張パック「ダークラッシュ」,bw4_ja,034,ヤドキング,,U,U,https://www.pokemon-card.com/assets/images/card_images/large/BW4-B/027794_P_YADOKINGU.jpg,RARITY_CHANGE
a19eff78-3eec-47e6-b7c6-017366addbcb,BWシリーズ,BW4-B,ポケモンカードゲームBW 拡張パック「ダークラッシュ」,bw4_ja,035,コロモリ,,C,C,https://www.pokemon-card.com/assets/images/card_images/large/BW4-B/027795_P_KOROMORI.jpg,RARITY_CHANGE
ace2f63b-7541-4d8d-a4ba-b1fb3692e05e,BWシリーズ,BW4-B,ポケモンカードゲームBW 拡張パック「ダークラッシュ」,bw4_ja,036,ココロモリ,,C,C,https://www.pokemon-card.com/assets/images/card_images/large/BW4-B/027796_P_KOKOROMORI.jpg,RARITY_CHANGE
08e151e8-878b-4c9a-83e4-759839dd907d,BWシリーズ,BW4-B,ポケモンカードゲームBW 拡張パック「ダークラッシュ」,bw4_ja,037,デスマス,,C,C,https://www.pokemon-card.com/assets/images/card_images/large/BW4-B/027797_P_DESUMASU.jpg,RARITY_CHANGE
b667c5f3-2a71-4520-81b1-ea92b1aa4998,BWシリーズ,BW4-B,ポケモンカードゲームBW 拡張パック「ダークラッシュ」,bw4_ja,038,デスカーン,,U,U,https://www.pokemon-card.com/assets/images/card_images/large/BW4-B/027798_P_DESUKAN.jpg,RARITY_CHANGE
d3ad1be3-8685-48fc-b567-1b7a81e48062,BWシリーズ,BW4-B,ポケモンカードゲームBW 拡張パック「ダークラッシュ」,bw4_ja,039,プテラ,,U,U,https://www.pokemon-card.com/assets/images/card_images/large/BW4-B/027799_P_PUTERA.jpg,RARITY_CHANGE
9bb9b57f-9468-46ee-99f2-48aa094b2ae5,BWシリーズ,BW4-B,ポケモンカードゲームBW 拡張パック「ダークラッシュ」,bw4_ja,040,モグリュー,,C,C,https://www.pokemon-card.com/assets/images/card_images/large/BW4-B/027800_P_MOGURYU.jpg,RARITY_CHANGE
9b8c88a8-ba0e-4939-ba44-b81ab05db6ea,BWシリーズ,BW4-B,ポケモンカードゲームBW 拡張パック「ダークラッシュ」,bw4_ja,041,ドリュウズ,,U,U,https://www.pokemon-card.com/assets/images/card_images/large/BW4-B/027801_P_DORYUUZU.jpg,RARITY_CHANGE
5f424640-7451-4dce-bfc3-0769dae35783,BWシリーズ,BW4-B,ポケモンカードゲームBW 拡張パック「ダークラッシュ」,bw4_ja,042,ブラッキー,,U,U,https://www.pokemon-card.com/assets/images/card_images/large/BW4-B/027802_P_BURAKKI.jpg,RARITY_CHANGE
15612c0a-45ed-4258-bf6c-e191af8e5d84,BWシリーズ,BW4-B,ポケモンカードゲームBW 拡張パック「ダークラッシュ」,bw4_ja,043,ヤミラミ,,U,U,https://www.pokemon-card.com/assets/images/card_images/large/BW4-B/027803_P_YAMIRAMI.jpg,RARITY_CHANGE
3fb5688f-6909-45fa-be4f-acaebc66f3ee,BWシリーズ,BW4-B,ポケモンカードゲームBW 拡張パック「ダークラッシュ」,bw4_ja,044,ダークライEX,,R,R,https://www.pokemon-card.com/assets/images/card_images/large/BW4-B/027804_P_DAKURAIEX.jpg,RARITY_CHANGE
51e8d554-e90c-42aa-959c-d645b84cbef8,BWシリーズ,BW4-B,ポケモンカードゲームBW 拡張パック「ダークラッシュ」,bw4_ja,045,メグロコ,,C,C,https://www.pokemon-card.com/assets/images/card_images/large/BW4-B/027805_P_MEGUROKO.jpg,RARITY_CHANGE
484cce12-0165-459c-b694-734a7b5dc517,BWシリーズ,BW4-B,ポケモンカードゲームBW 拡張パック「ダークラッシュ」,bw4_ja,046,ワルビル,,C,C,https://www.pokemon-card.com/assets/images/card_images/large/BW4-B/027806_P_WARUBIRU.jpg,RARITY_CHANGE
ec954d08-1b95-4319-9fe7-5bbac816cb25,BWシリーズ,BW4-B,ポケモンカードゲームBW 拡張パック「ダークラッシュ」,bw4_ja,047,ワルビアル,,R,R,https://www.pokemon-card.com/assets/images/card_images/large/BW4-B/027807_P_WARUBIARU.jpg,RARITY_CHANGE
323cf129-5c80-4006-9bd1-9070afa424e1,BWシリーズ,BW4-B,ポケモンカードゲームBW 拡張パック「ダークラッシュ」,bw4_ja,048,ゾロア,,C,C,https://www.pokemon-card.com/assets/images/card_images/large/BW4-B/027808_P_ZOROA.jpg,RARITY_CHANGE
bb06f826-3a8f-4abc-89a3-b9608ad005b9,BWシリーズ,BW4-B,ポケモンカードゲームBW 拡張パック「ダークラッシュ」,bw4_ja,049,ゾロアーク,,R,R,https://www.pokemon-card.com/assets/images/card_images/large/BW4-B/027809_P_ZOROAKU.jpg,RARITY_CHANGE
1dd23424-06a5-46c3-9839-d496981d98db,BWシリーズ,BW4-B,ポケモンカードゲームBW 拡張パック「ダークラッシュ」,bw4_ja,050,バルチャイ,,C,C,https://www.pokemon-card.com/assets/images/card_images/large/BW4-B/027810_P_BARUCHAI.jpg,RARITY_CHANGE
95b5149f-c5e5-4a0a-9b91-15cfb1e5fd18,BWシリーズ,BW4-B,ポケモンカードゲームBW 拡張パック「ダークラッシュ」,bw4_ja,051,バルジーナ,,C,C,https://www.pokemon-card.com/assets/images/card_images/large/BW4-B/027811_P_BARUJINA.jpg,RARITY_CHANGE
c0a5f516-e619-4905-af88-1a8248918332,BWシリーズ,BW4-B,ポケモンカードゲームBW 拡張パック「ダークラッシュ」,bw4_ja,052,シュバルゴ,,U,U,https://www.pokemon-card.com/assets/images/card_images/large/BW4-B/027812_P_SHUBARUGO.jpg,RARITY_CHANGE
4f4608f9-d20a-40fa-b0a2-e73a8cd05866,BWシリーズ,BW4-B,ポケモンカードゲームBW 拡張パック「ダークラッシュ」,bw4_ja,053,ギアル,,C,C,https://www.pokemon-card.com/assets/images/card_images/large/BW4-B/027813_P_GIARU.jpg,RARITY_CHANGE
3e3f036b-8049-4919-acb7-a546e307d676,BWシリーズ,BW4-B,ポケモンカードゲームBW 拡張パック「ダークラッシュ」,bw4_ja,054,ギギアル,,C,C,https://www.pokemon-card.com/assets/images/card_images/large/BW4-B/027814_P_GIGIARU.jpg,RARITY_CHANGE
ce9be08e-af0f-42d7-affb-b04567588199,BWシリーズ,BW4-B,ポケモンカードゲームBW 拡張パック「ダークラッシュ」,bw4_ja,055,ギギギアル,,R,R,https://www.pokemon-card.com/assets/images/card_images/large/BW4-B/027815_P_GIGIGIARU.jpg,RARITY_CHANGE
dfa67bb0-2b98-4d9e-ac2e-ad04782de47e,BWシリーズ,BW4-B,ポケモンカードゲームBW 拡張パック「ダークラッシュ」,bw4_ja,056,ラッキー,,C,C,https://www.pokemon-card.com/assets/images/card_images/large/BW4-B/027816_P_RAKKI.jpg,RARITY_CHANGE
464edb96-0dfe-41e1-a89c-2737f9d3e8af,BWシリーズ,BW4-B,ポケモンカードゲームBW 拡張パック「ダークラッシュ」,bw4_ja,057,ハピナス,,R,R,https://www.pokemon-card.com/assets/images/card_images/large/BW4-B/027817_P_HAPINASU.jpg,RARITY_CHANGE
55ef330e-b967-4705-9cc9-e76c4c351513,BWシリーズ,BW4-B,ポケモンカードゲームBW 拡張パック「ダークラッシュ」,bw4_ja,058,イーブイ,,C,C,https://www.pokemon-card.com/assets/images/card_images/large/BW4-B/027818_P_IBUI.jpg,RARITY_CHANGE
0248a18f-810a-4bfd-b039-138eb98e43c1,BWシリーズ,BW4-B,ポケモンカードゲームBW 拡張パック「ダークラッシュ」,bw4_ja,059,ヨーテリー,,C,C,https://www.pokemon-card.com/assets/images/card_images/large/BW4-B/027819_P_YOTERI.jpg,RARITY_CHANGE
fe0a8875-2874-41eb-b4d1-2f2879883a31,BWシリーズ,BW4-B,ポケモンカードゲームBW 拡張パック「ダークラッシュ」,bw4_ja,060,ハーデリア,,C,C,https://www.pokemon-card.com/assets/images/card_images/large/BW4-B/027820_P_HADERIA.jpg,RARITY_CHANGE
dc750127-337d-41e7-846b-e84fc8aae941,BWシリーズ,BW4-B,ポケモンカードゲームBW 拡張パック「ダークラッシュ」,bw4_ja,061,ムーランド,,U,U,https://www.pokemon-card.com/assets/images/card_images/large/BW4-B/027821_P_MURANDO.jpg,RARITY_CHANGE
6a3fa522-1a7f-4ead-b913-bf4f2c64526b,BWシリーズ,BW4-B,ポケモンカードゲームBW 拡張パック「ダークラッシュ」,bw4_ja,062,トルネロスEX,,R,R,https://www.pokemon-card.com/assets/images/card_images/large/BW4-B/027822_P_TORUNEROSUEX.jpg,RARITY_CHANGE
df2fec18-e7ad-4c54-a0a3-afb2c02089f9,BWシリーズ,BW4-B,ポケモンカードゲームBW 拡張パック「ダークラッシュ」,bw4_ja,063,改造ハンマー,,U,U,https://www.pokemon-card.com/assets/images/card_images/large/BW4-B/027823_T_KAIZOUHANMA.jpg,RARITY_CHANGE
9f705dba-d165-4389-9e3e-11b7d92394bb,SMシリーズ,SM7,裂空のカリスマ,sm7_ja,057,ジラーチ,旧裏R,PR,PR,,RARITY_CHANGE
f166dacd-cb50-4829-b462-d45b24b12dce,BWシリーズ,BW4-B,ポケモンカードゲームBW 拡張パック「ダークラッシュ」,bw4_ja,064,ダークパッチ,,U,U,https://www.pokemon-card.com/assets/images/card_images/large/BW4-B/027824_T_DAKUPACCHI.jpg,RARITY_CHANGE
0efddd22-d498-4057-9c6d-83a6c2c640b7,BWシリーズ,BW5-Brz,ポケモンカードゲームBW　拡張パック「リューズブラスト」,bw5s_ja,046,ビーダル,,U,U,https://www.pokemon-card.com/assets/images/card_images/large/BW5-Brz/027903_P_BIDARU.jpg,RARITY_CHANGE
51d30c2e-2613-46e1-8c54-6c5451c2b6f8,BWシリーズ,BW5-Brz,ポケモンカードゲームBW　拡張パック「リューズブラスト」,bw5s_ja,047,タブンネ,,C,C,https://www.pokemon-card.com/assets/images/card_images/large/BW5-Brz/027904_P_TABUNNE.jpg,RARITY_CHANGE
38b52b5d-90d0-4696-b8d9-5859b88f7cac,BWシリーズ,BW5-Brz,ポケモンカードゲームBW　拡張パック「リューズブラスト」,bw5s_ja,048,退化スプレー,,U,U,https://www.pokemon-card.com/assets/images/card_images/large/BW5-Brz/027905_T_TAIKASUPURE.jpg,RARITY_CHANGE
d8817ead-ecb1-40d1-af83-e104c4afa527,BWシリーズ,BW5-Brz,ポケモンカードゲームBW　拡張パック「リューズブラスト」,bw5s_ja,049,レスキュースカーフ,,U,U,https://www.pokemon-card.com/assets/images/card_images/large/BW5-Brz/027906_T_RESUKYUSUKAFU.jpg,RARITY_CHANGE
b46c8b37-ca81-4896-b379-8b7825a08739,BWシリーズ,BW5-Brz,ポケモンカードゲームBW　拡張パック「リューズブラスト」,bw5s_ja,050,ブレンドエネルギー 草炎超悪,,U,U,https://www.pokemon-card.com/assets/images/card_images/large/BW5-Brz/027907_E_BURENDOENERUGIKUSAHONOOCHOUAKU.jpg,RARITY_CHANGE
bd538baa-b638-4d64-ab08-ad06f718d7f3,BWシリーズ,BW6-Bc,ポケモンカードゲームBW 拡張パック「コールドフレア」,bw6c_ja,001,モンジャラ,,C,C,https://www.pokemon-card.com/assets/images/card_images/large/BW6-Bc/028154_P_MONJARA.jpg,RARITY_CHANGE
998fc57d-be0d-4fa6-a50f-8553444644b8,BWシリーズ,BW6-Bc,ポケモンカードゲームBW 拡張パック「コールドフレア」,bw6c_ja,002,モジャンボ,,R,R,https://www.pokemon-card.com/assets/images/card_images/large/BW6-Bc/028155_P_MOJANBO.jpg,RARITY_CHANGE
037ae704-ea3f-4d4a-b43c-c9a9857fcc86,BWシリーズ,BW6-Bc,ポケモンカードゲームBW 拡張パック「コールドフレア」,bw6c_ja,003,ストライク,,C,C,https://www.pokemon-card.com/assets/images/card_images/large/BW6-Bc/028156_P_SUTORAIKU.jpg,RARITY_CHANGE
50fa3400-c4dc-4858-8796-6f39ec1beef2,BWシリーズ,BW6-Bc,ポケモンカードゲームBW 拡張パック「コールドフレア」,bw6c_ja,004,セレビィEX,,R,R,https://www.pokemon-card.com/assets/images/card_images/large/BW6-Bc/028157_P_SEREBIIEX.jpg,RARITY_CHANGE
b9d5f691-3e67-4b71-b00a-a5ed41431335,SMシリーズ,SM7,裂空のカリスマ,sm7_ja,067,ラティオス,旧裏R,PR,PR,,RARITY_CHANGE
736c5df7-a4d2-4314-9ef4-57dc29f9c923,BWシリーズ,BW4-B,ポケモンカードゲームBW 拡張パック「ダークラッシュ」,bw4_ja,068,バッドチームのジムとサブ,,U,U,https://www.pokemon-card.com/assets/images/card_images/large/BW4-B/027828_T_BADDOCHIMUNOJIMUTOSABU.jpg,RARITY_CHANGE
fdc5258a-c649-44f3-b0ec-5cd8854e6c32,BWシリーズ,BW4-B,ポケモンカードゲームBW 拡張パック「ダークラッシュ」,bw4_ja,069,ネジ山,,U,U,https://www.pokemon-card.com/assets/images/card_images/large/BW4-B/027829_T_NEJIYAMA.jpg,RARITY_CHANGE
485b1995-9e6b-466f-80c3-1d9ad34dff17,BWシリーズ,BW5-Brn,ポケモンカードゲームBW 拡張パック「リューノブレード」,bw5d_ja,001,ハネッコ,,C,C,https://www.pokemon-card.com/assets/images/card_images/large/BW5-Brn/027908_P_HANEKKO.jpg,RARITY_CHANGE
4ae447ca-1a2e-4826-b78c-fcaf0d721508,BWシリーズ,BW5-Brn,ポケモンカードゲームBW 拡張パック「リューノブレード」,bw5d_ja,002,ポポッコ,,C,C,https://www.pokemon-card.com/assets/images/card_images/large/BW5-Brn/027909_P_POPOKKO.jpg,RARITY_CHANGE
63f81f0b-d4b8-402b-a359-07331704cd43,BWシリーズ,BW5-Brn,ポケモンカードゲームBW 拡張パック「リューノブレード」,bw5d_ja,003,ワタッコ,,U,U,https://www.pokemon-card.com/assets/images/card_images/large/BW5-Brn/027910_P_WATAKKO.jpg,RARITY_CHANGE
e34ac0f8-bca6-48f6-80d8-b9f1972bd37e,BWシリーズ,BW5-Brn,ポケモンカードゲームBW 拡張パック「リューノブレード」,bw5d_ja,004,ツチニン,,C,C,https://www.pokemon-card.com/assets/images/card_images/large/BW5-Brn/027911_P_TSUCHININ.jpg,RARITY_CHANGE
f4c4e0fd-3e3c-4779-8e1a-cd917d720916,BWシリーズ,BW5-Brn,ポケモンカードゲームBW 拡張パック「リューノブレード」,bw5d_ja,005,テッカニン,,U,U,https://www.pokemon-card.com/assets/images/card_images/large/BW5-Brn/027912_P_TEKKANIN.jpg,RARITY_CHANGE
7d72a579-0061-48d5-b8c0-d02c619cbadd,BWシリーズ,BW5-Brn,ポケモンカードゲームBW 拡張パック「リューノブレード」,bw5d_ja,006,マラカッチ,,C,C,https://www.pokemon-card.com/assets/images/card_images/large/BW5-Brn/027913_P_MARAKACCHI.jpg,RARITY_CHANGE
121f0080-339f-4790-ad70-6799845c912c,BWシリーズ,BW5-Brn,ポケモンカードゲームBW 拡張パック「リューノブレード」,bw5d_ja,007,ブーバー,,C,C,https://www.pokemon-card.com/assets/images/card_images/large/BW5-Brn/027914_P_BUBA.jpg,RARITY_CHANGE
e661239e-80c7-4454-9afd-38a11f021a70,BWシリーズ,BW5-Brn,ポケモンカードゲームBW 拡張パック「リューノブレード」,bw5d_ja,008,ブーバーン,,U,U,https://www.pokemon-card.com/assets/images/card_images/large/BW5-Brn/027915_P_BUBAN.jpg,RARITY_CHANGE
c05fa242-48d1-4672-adf6-742b8c8004cf,BWシリーズ,BW5-Brn,ポケモンカードゲームBW 拡張パック「リューノブレード」,bw5d_ja,009,ホウオウEX,,R,R,https://www.pokemon-card.com/assets/images/card_images/large/BW5-Brn/027916_P_HOUOUEX.jpg,RARITY_CHANGE
4ae7746f-2704-4d2b-ad6b-d0fe10ad2f3c,BWシリーズ,BW5-Brn,ポケモンカードゲームBW 拡張パック「リューノブレード」,bw5d_ja,010,ヒンバス,,C,C,https://www.pokemon-card.com/assets/images/card_images/large/BW5-Brn/027917_P_HINBASU.jpg,RARITY_CHANGE
5eb1ab6f-777f-48d6-8df9-8be519c8fae4,BWシリーズ,BW5-Brn,ポケモンカードゲームBW 拡張パック「リューノブレード」,bw5d_ja,011,ミロカロス,,R,R,https://www.pokemon-card.com/assets/images/card_images/large/BW5-Brn/027918_P_MIROKAROSU.jpg,RARITY_CHANGE
22f9439a-d503-44bc-9607-759a9e50728e,BWシリーズ,BW5-Brn,ポケモンカードゲームBW 拡張パック「リューノブレード」,bw5d_ja,012,タマザラシ,,C,C,https://www.pokemon-card.com/assets/images/card_images/large/BW5-Brn/027919_P_TAMAZARASHI.jpg,RARITY_CHANGE
942c3036-4914-4321-b0a7-b548aca4bf00,BWシリーズ,BW5-Brn,ポケモンカードゲームBW 拡張パック「リューノブレード」,bw5d_ja,013,トドグラー,,C,C,https://www.pokemon-card.com/assets/images/card_images/large/BW5-Brn/027920_P_TODOGURA.jpg,RARITY_CHANGE
d47888be-9591-4bf5-8659-7fee3d07192b,BWシリーズ,BW5-Brn,ポケモンカードゲームBW 拡張パック「リューノブレード」,bw5d_ja,014,トドゼルガ,,U,U,https://www.pokemon-card.com/assets/images/card_images/large/BW5-Brn/027921_P_TODOZERUGA.jpg,RARITY_CHANGE
7cf4d8f8-f591-4e87-80c3-f810ba013369,BWシリーズ,BW5-Brn,ポケモンカードゲームBW 拡張パック「リューノブレード」,bw5d_ja,015,ラクライ,,C,C,https://www.pokemon-card.com/assets/images/card_images/large/BW5-Brn/027922_P_RAKURAI.jpg,RARITY_CHANGE
6f6d2498-b92e-47dc-9536-d713276391e3,BWシリーズ,BW5-Brn,ポケモンカードゲームBW 拡張パック「リューノブレード」,bw5d_ja,016,ライボルト,,U,U,https://www.pokemon-card.com/assets/images/card_images/large/BW5-Brn/027923_P_RAIBORUTO.jpg,RARITY_CHANGE
7a651457-01dc-4bce-a7f8-c7f026a1f26e,BWシリーズ,BW5-Brn,ポケモンカードゲームBW 拡張パック「リューノブレード」,bw5d_ja,017,エモンガ,,C,C,https://www.pokemon-card.com/assets/images/card_images/large/BW5-Brn/027924_P_EMONGA.jpg,RARITY_CHANGE
cd9cfe8c-bbd0-4c8c-a1c9-9c257c82a643,BWシリーズ,BW5-Brn,ポケモンカードゲームBW 拡張パック「リューノブレード」,bw5d_ja,018,ヌケニン,,U,U,https://www.pokemon-card.com/assets/images/card_images/large/BW5-Brn/027925_P_NUKENIN.jpg,RARITY_CHANGE
b69cdc9d-efe0-4f71-951f-e01a28fb1d3a,BWシリーズ,BW5-Brn,ポケモンカードゲームBW 拡張パック「リューノブレード」,bw5d_ja,019,ゴチム,,C,C,https://www.pokemon-card.com/assets/images/card_images/large/BW5-Brn/027926_P_GOCHIMU.jpg,RARITY_CHANGE
c0ec8fd6-ac4c-471a-8b4f-1106fa36042d,BWシリーズ,BW5-Brn,ポケモンカードゲームBW 拡張パック「リューノブレード」,bw5d_ja,020,ゴチミル,,U,U,https://www.pokemon-card.com/assets/images/card_images/large/BW5-Brn/027927_P_GOCHIMIRU.jpg,RARITY_CHANGE
5e2450e6-28b9-42b7-8526-e2b084763d36,BWシリーズ,BW5-Brn,ポケモンカードゲームBW 拡張パック「リューノブレード」,bw5d_ja,021,ゴチルゼル,,U,U,https://www.pokemon-card.com/assets/images/card_images/large/BW5-Brn/027928_P_GOCHIRUZERU.jpg,RARITY_CHANGE
34a92611-729c-4767-87d1-26f50d04b9fb,BWシリーズ,BW5-Brn,ポケモンカードゲームBW 拡張パック「リューノブレード」,bw5d_ja,022,ゴビット,,C,C,https://www.pokemon-card.com/assets/images/card_images/large/BW5-Brn/027929_P_GOBITTO.jpg,RARITY_CHANGE
a074cdce-9e69-42a9-94ad-538770a533c9,BWシリーズ,BW5-Brn,ポケモンカードゲームBW 拡張パック「リューノブレード」,bw5d_ja,023,ゴルーグ,,R,R,https://www.pokemon-card.com/assets/images/card_images/large/BW5-Brn/027930_P_GORUGU.jpg,RARITY_CHANGE
4bb196f9-c68d-4b4e-8800-8d66c586f300,BWシリーズ,BW5-Brn,ポケモンカードゲームBW 拡張パック「リューノブレード」,bw5d_ja,024,カラカラ,,C,C,https://www.pokemon-card.com/assets/images/card_images/large/BW5-Brn/027931_P_KARAKARA.jpg,RARITY_CHANGE
d191af74-2d15-46a7-92a1-891f05c0edad,BWシリーズ,BW5-Brn,ポケモンカードゲームBW 拡張パック「リューノブレード」,bw5d_ja,025,ガラガラ,,U,U,https://www.pokemon-card.com/assets/images/card_images/large/BW5-Brn/027932_P_GARAGARA.jpg,RARITY_CHANGE
4dae6a31-4961-4a20-8243-7726d8248d90,BWシリーズ,BW5-Brn,ポケモンカードゲームBW 拡張パック「リューノブレード」,bw5d_ja,026,ノズパス,,C,C,https://www.pokemon-card.com/assets/images/card_images/large/BW5-Brn/027933_P_NOZUPASU.jpg,RARITY_CHANGE
0cc9999f-44eb-474f-bbad-900d81db9ca8,BWシリーズ,BW5-Brn,ポケモンカードゲームBW 拡張パック「リューノブレード」,bw5d_ja,027,ダンゴロ,,C,C,https://www.pokemon-card.com/assets/images/card_images/large/BW5-Brn/027934_P_DANGORO.jpg,RARITY_CHANGE
f2e4f1b9-40d2-4c72-8bb5-7e66c8b689ce,BWシリーズ,BW5-Brn,ポケモンカードゲームBW 拡張パック「リューノブレード」,bw5d_ja,028,ガントル,,C,C,https://www.pokemon-card.com/assets/images/card_images/large/BW5-Brn/027935_P_GANTORU.jpg,RARITY_CHANGE
b7cc178c-756c-48c4-8352-0c38ddfd9326,BWシリーズ,BW5-Brn,ポケモンカードゲームBW 拡張パック「リューノブレード」,bw5d_ja,029,ギガイアス,,R,R,https://www.pokemon-card.com/assets/images/card_images/large/BW5-Brn/027936_P_GIGAIASU.jpg,RARITY_CHANGE
91d2245c-2319-4efa-81fc-486fe23b8b7d,BWシリーズ,BW5-Brn,ポケモンカードゲームBW 拡張パック「リューノブレード」,bw5d_ja,030,ナゲキ,,C,C,https://www.pokemon-card.com/assets/images/card_images/large/BW5-Brn/027937_P_NAGEKI.jpg,RARITY_CHANGE
88fb33a2-b3f8-4708-9c38-61531b2e59b2,BWシリーズ,BW5-Brn,ポケモンカードゲームBW 拡張パック「リューノブレード」,bw5d_ja,031,ダゲキ,,C,C,https://www.pokemon-card.com/assets/images/card_images/large/BW5-Brn/027938_P_DAGEKI.jpg,RARITY_CHANGE
94c05f68-937d-46a1-8a1b-bb7abc8a862f,BWシリーズ,BW5-Brn,ポケモンカードゲームBW 拡張パック「リューノブレード」,bw5d_ja,032,スカンプー,,C,C,https://www.pokemon-card.com/assets/images/card_images/large/BW5-Brn/027939_P_SUKANPU.jpg,RARITY_CHANGE
29c4e963-bcd0-4825-9d0f-f45f52347ca8,BWシリーズ,BW5-Brn,ポケモンカードゲームBW 拡張パック「リューノブレード」,bw5d_ja,033,スカタンク,,U,U,https://www.pokemon-card.com/assets/images/card_images/large/BW5-Brn/027940_P_SUKATANKU.jpg,RARITY_CHANGE
313c5d7b-daca-4935-bd1e-f6ab21e58d43,BWシリーズ,BW5-Brn,ポケモンカードゲームBW 拡張パック「リューノブレード」,bw5d_ja,034,レジスチルEX,,R,R,https://www.pokemon-card.com/assets/images/card_images/large/BW5-Brn/027941_P_REJISUCHIRUEX.jpg,RARITY_CHANGE
a2937220-ba8b-4e99-82eb-5fde90aabe17,BWシリーズ,BW5-Brn,ポケモンカードゲームBW 拡張パック「リューノブレード」,bw5d_ja,035,ダイノーズ,,U,U,https://www.pokemon-card.com/assets/images/card_images/large/BW5-Brn/027942_P_DAINOZU.jpg,RARITY_CHANGE
f70a1fca-9dae-44a5-9fa4-879b5dfe7ba2,BWシリーズ,BW5-Brn,ポケモンカードゲームBW 拡張パック「リューノブレード」,bw5d_ja,036,チルタリス,,R,R,https://www.pokemon-card.com/assets/images/card_images/large/BW5-Brn/027943_P_CHIRUTARISU.jpg,RARITY_CHANGE
244adf85-2b5a-4f62-b9fd-f2eed163887c,BWシリーズ,BW5-Brn,ポケモンカードゲームBW 拡張パック「リューノブレード」,bw5d_ja,037,レックウザEX,,R,R,https://www.pokemon-card.com/assets/images/card_images/large/BW5-Brn/027944_P_REKKUUZAEX.jpg,RARITY_CHANGE
1b12a98c-ae61-49ff-863b-7e00b558ba51,BWシリーズ,BW5-Brn,ポケモンカードゲームBW 拡張パック「リューノブレード」,bw5d_ja,038,フカマル,,C,C,https://www.pokemon-card.com/assets/images/card_images/large/BW5-Brn/027945_P_FUKAMARU.jpg,RARITY_CHANGE
a04414d9-1cf4-4450-9adb-4312f9420d78,BWシリーズ,BW5-Brn,ポケモンカードゲームBW 拡張パック「リューノブレード」,bw5d_ja,039,ガバイト,,U,U,https://www.pokemon-card.com/assets/images/card_images/large/BW5-Brn/027946_P_GABAITO.jpg,RARITY_CHANGE
9b5520bd-d1bd-494c-8b61-589426c3d46c,BWシリーズ,BW5-Brn,ポケモンカードゲームBW 拡張パック「リューノブレード」,bw5d_ja,040,ガブリアス,,R,R,https://www.pokemon-card.com/assets/images/card_images/large/BW5-Brn/027947_P_GABURIASU.jpg,RARITY_CHANGE
c69537c4-d76c-4ae8-9440-ecc4d477febf,BWシリーズ,BW5-Brn,ポケモンカードゲームBW 拡張パック「リューノブレード」,bw5d_ja,041,ナマケロ,,C,C,https://www.pokemon-card.com/assets/images/card_images/large/BW5-Brn/027948_P_NAMAKERO.jpg,RARITY_CHANGE
ae370cd1-882a-4a98-8aca-e448c29da874,BWシリーズ,BW5-Brn,ポケモンカードゲームBW 拡張パック「リューノブレード」,bw5d_ja,042,ヤルキモノ,,C,C,https://www.pokemon-card.com/assets/images/card_images/large/BW5-Brn/027949_P_YARUKIMONO.jpg,RARITY_CHANGE
11fe2a00-67db-45e5-971f-940ebe285baf,BWシリーズ,BW5-Brn,ポケモンカードゲームBW 拡張パック「リューノブレード」,bw5d_ja,043,ケッキング,,R,R,https://www.pokemon-card.com/assets/images/card_images/large/BW5-Brn/027950_P_KEKKINGU.jpg,RARITY_CHANGE
341f5148-abf1-45a9-9327-bfe2a07d3c9e,BWシリーズ,BW5-Brn,ポケモンカードゲームBW 拡張パック「リューノブレード」,bw5d_ja,044,チルット,,C,C,https://www.pokemon-card.com/assets/images/card_images/large/BW5-Brn/027951_P_CHIRUTTO.jpg,RARITY_CHANGE
3a40b14f-f369-4b7d-9fdc-b2391297e3c9,BWシリーズ,BW5-Brn,ポケモンカードゲームBW 拡張パック「リューノブレード」,bw5d_ja,045,バッフロン,,R,R,https://www.pokemon-card.com/assets/images/card_images/large/BW5-Brn/027952_P_BAFFURON.jpg,RARITY_CHANGE
c82b670b-db43-40d6-b23d-419257f2673e,BWシリーズ,BW5-Brn,ポケモンカードゲームBW 拡張パック「リューノブレード」,bw5d_ja,046,ワシボン,,C,C,https://www.pokemon-card.com/assets/images/card_images/large/BW5-Brn/027953_P_WASHIBON.jpg,RARITY_CHANGE
bbd2bc15-05dd-4136-9039-0a4d4bd3265c,BWシリーズ,BW5-Brn,ポケモンカードゲームBW 拡張パック「リューノブレード」,bw5d_ja,047,ウォーグル,,U,U,https://www.pokemon-card.com/assets/images/card_images/large/BW5-Brn/027954_P_UOGURU.jpg,RARITY_CHANGE
6a715fd4-24a2-4127-876b-d0aeba8a543a,BWシリーズ,BW5-Brn,ポケモンカードゲームBW 拡張パック「リューノブレード」,bw5d_ja,048,ツールスクラッパー,,U,U,https://www.pokemon-card.com/assets/images/card_images/large/BW5-Brn/027955_T_TSURUSUKURAPPA.jpg,RARITY_CHANGE
8d2c9060-971f-440f-906a-5edcd2cdf0ac,BWシリーズ,BW5-Brn,ポケモンカードゲームBW 拡張パック「リューノブレード」,bw5d_ja,049,大きなマント,,U,U,https://www.pokemon-card.com/assets/images/card_images/large/BW5-Brn/027956_T_OOKINAMANTO.jpg,RARITY_CHANGE
272eaec0-5616-4751-8217-d65d3741b0b6,BWシリーズ,BW5-Brn,ポケモンカードゲームBW 拡張パック「リューノブレード」,bw5d_ja,050,ブレンドエネルギー 水雷闘鋼,,U,U,https://www.pokemon-card.com/assets/images/card_images/large/BW5-Brn/027957_E_BURENDOENERUGISUIRAITOUKOU.jpg,RARITY_CHANGE
b979e09b-a217-48ee-b20e-80cabee9526c,BWシリーズ,BW5-Brz,ポケモンカードゲームBW　拡張パック「リューズブラスト」,bw5s_ja,001,ヤンヤンマ,,C,C,https://www.pokemon-card.com/assets/images/card_images/large/BW5-Brz/027858_P_YANYANMA.jpg,RARITY_CHANGE
549d1937-472f-4084-bc23-504db1c97e03,BWシリーズ,BW5-Brz,ポケモンカードゲームBW　拡張パック「リューズブラスト」,bw5s_ja,002,メガヤンマ,,U,U,https://www.pokemon-card.com/assets/images/card_images/large/BW5-Brz/027859_P_MEGAYANMA.jpg,RARITY_CHANGE
c9bbef42-4d8c-4f9d-93ae-a2ab3b3a1e92,BWシリーズ,BW5-Brz,ポケモンカードゲームBW　拡張パック「リューズブラスト」,bw5s_ja,003,ケムッソ,,C,C,https://www.pokemon-card.com/assets/images/card_images/large/BW5-Brz/027860_P_KEMUSSO.jpg,RARITY_CHANGE
45cd6fce-e9df-43f0-a6fd-3273021ef0be,BWシリーズ,BW5-Brz,ポケモンカードゲームBW　拡張パック「リューズブラスト」,bw5s_ja,004,カラサリス,,C,C,https://www.pokemon-card.com/assets/images/card_images/large/BW5-Brz/027861_P_KARASARISU.jpg,RARITY_CHANGE
75241921-96ee-460f-b80d-f8e4f244030b,BWシリーズ,BW5-Brz,ポケモンカードゲームBW　拡張パック「リューズブラスト」,bw5s_ja,005,アゲハント,,U,U,https://www.pokemon-card.com/assets/images/card_images/large/BW5-Brz/027862_P_AGEHANTO.jpg,RARITY_CHANGE
a2ff1c54-333a-4b5c-bdee-fcdcf6c3a34f,BWシリーズ,BW5-Brz,ポケモンカードゲームBW　拡張パック「リューズブラスト」,bw5s_ja,006,マユルド,,C,C,https://www.pokemon-card.com/assets/images/card_images/large/BW5-Brz/027863_P_MAYURUDO.jpg,RARITY_CHANGE
6167e884-468d-495e-b59a-b234d37470f5,BWシリーズ,BW5-Brz,ポケモンカードゲームBW　拡張パック「リューズブラスト」,bw5s_ja,007,ロゼリア,,C,C,https://www.pokemon-card.com/assets/images/card_images/large/BW5-Brz/027864_P_ROZERIA.jpg,RARITY_CHANGE
9a596487-01ac-42fc-8a12-827f6c5df0e5,BWシリーズ,BW5-Brz,ポケモンカードゲームBW　拡張パック「リューズブラスト」,bw5s_ja,008,ロズレイド,,U,U,https://www.pokemon-card.com/assets/images/card_images/large/BW5-Brz/027865_P_ROZUREIDO.jpg,RARITY_CHANGE
890777af-eca1-418f-8236-47a290ca52b4,BWシリーズ,BW5-Brz,ポケモンカードゲームBW　拡張パック「リューズブラスト」,bw5s_ja,009,ロコン,,C,C,https://www.pokemon-card.com/assets/images/card_images/large/BW5-Brz/027866_P_ROKON.jpg,RARITY_CHANGE
36f23f98-37f7-42d1-b0ae-ba489cfd2dbe,BWシリーズ,BW5-Brz,ポケモンカードゲームBW　拡張パック「リューズブラスト」,bw5s_ja,010,キュウコン,,R,R,https://www.pokemon-card.com/assets/images/card_images/large/BW5-Brz/027867_P_KYUUKON.jpg,RARITY_CHANGE
ad484450-9063-46b0-bfd5-8f3895b45d9e,BWシリーズ,BW5-Brz,ポケモンカードゲームBW　拡張パック「リューズブラスト」,bw5s_ja,011,ホエルコ,,C,C,https://www.pokemon-card.com/assets/images/card_images/large/BW5-Brz/027868_P_HOERUKO.jpg,RARITY_CHANGE
59f63c04-fe40-4ccb-9fe8-191c280688e2,BWシリーズ,BW5-Brz,ポケモンカードゲームBW　拡張パック「リューズブラスト」,bw5s_ja,012,ホエルオー,,R,R,https://www.pokemon-card.com/assets/images/card_images/large/BW5-Brz/027869_P_HOERUO.jpg,RARITY_CHANGE
baad57fc-d0c3-4056-9c20-27582a869952,BWシリーズ,BW5-Brz,ポケモンカードゲームBW　拡張パック「リューズブラスト」,bw5s_ja,013,ブイゼル,,C,C,https://www.pokemon-card.com/assets/images/card_images/large/BW5-Brz/027870_P_BUIZERU.jpg,RARITY_CHANGE
fc696b04-ae1a-4272-9271-6ab346cc889c,BWシリーズ,BW5-Brz,ポケモンカードゲームBW　拡張パック「リューズブラスト」,bw5s_ja,014,フローゼル,,U,U,https://www.pokemon-card.com/assets/images/card_images/large/BW5-Brz/027871_P_FUROZERU.jpg,RARITY_CHANGE
b2f42298-1ad4-45f2-9e0d-8955d7ce90d7,BWシリーズ,BW5-Brz,ポケモンカードゲームBW　拡張パック「リューズブラスト」,bw5s_ja,015,オタマロ,,C,C,https://www.pokemon-card.com/assets/images/card_images/large/BW5-Brz/027872_P_OTAMARO.jpg,RARITY_CHANGE
229e900d-9f6a-4294-b281-8b3d37f62cf2,BWシリーズ,BW5-Brz,ポケモンカードゲームBW　拡張パック「リューズブラスト」,bw5s_ja,016,ガマガル,,U,U,https://www.pokemon-card.com/assets/images/card_images/large/BW5-Brz/027873_P_GAMAGARU.jpg,RARITY_CHANGE
f049d8d9-39b2-48d5-85ac-567559d0fe1c,BWシリーズ,BW5-Brz,ポケモンカードゲームBW　拡張パック「リューズブラスト」,bw5s_ja,017,ガマゲロゲ,,U,U,https://www.pokemon-card.com/assets/images/card_images/large/BW5-Brz/027874_P_GAMAGEROGE.jpg,RARITY_CHANGE
70f3855e-1a44-49b3-b487-1dcbd95770b8,BWシリーズ,BW5-Brz,ポケモンカードゲームBW　拡張パック「リューズブラスト」,bw5s_ja,018,ママンボウ,,C,C,https://www.pokemon-card.com/assets/images/card_images/large/BW5-Brz/027875_P_MAMANBOU.jpg,RARITY_CHANGE
86600d43-96a5-4731-b185-c7263d920c2a,BWシリーズ,BW5-Brz,ポケモンカードゲームBW　拡張パック「リューズブラスト」,bw5s_ja,019,メリープ,,C,C,https://www.pokemon-card.com/assets/images/card_images/large/BW5-Brz/027876_P_MERIPU.jpg,RARITY_CHANGE
071cad4a-4628-4f0e-bad7-e258908489d4,BWシリーズ,BW5-Brz,ポケモンカードゲームBW　拡張パック「リューズブラスト」,bw5s_ja,020,モココ,,C,C,https://www.pokemon-card.com/assets/images/card_images/large/BW5-Brz/027877_P_MOKOKO.jpg,RARITY_CHANGE
ddaf9f2f-b9d8-4591-9fe8-0e9d48aaf061,BWシリーズ,BW5-Brz,ポケモンカードゲームBW　拡張パック「リューズブラスト」,bw5s_ja,021,デンリュウ,,R,R,https://www.pokemon-card.com/assets/images/card_images/large/BW5-Brz/027878_P_DENRYUU.jpg,RARITY_CHANGE
b4aeee18-2072-4b77-a106-85aa0bc02c6b,BWシリーズ,BW5-Brz,ポケモンカードゲームBW　拡張パック「リューズブラスト」,bw5s_ja,022,ミュウEX,,R,R,https://www.pokemon-card.com/assets/images/card_images/large/BW5-Brz/027879_P_MYUUEX.jpg,RARITY_CHANGE
023ef6b7-9d9c-4630-8414-63bd47b3a0ce,BWシリーズ,BW5-Brz,ポケモンカードゲームBW　拡張パック「リューズブラスト」,bw5s_ja,023,ドクケイル,,U,U,https://www.pokemon-card.com/assets/images/card_images/large/BW5-Brz/027880_P_DOKUKEIRU.jpg,RARITY_CHANGE
efeb1a9c-2c44-4977-a111-14068aef936e,BWシリーズ,BW5-Brz,ポケモンカードゲームBW　拡張パック「リューズブラスト」,bw5s_ja,024,フワンテ,,C,C,https://www.pokemon-card.com/assets/images/card_images/large/BW5-Brz/027881_P_FUWANTE.jpg,RARITY_CHANGE
c8767add-33f3-4b8e-80cf-0f365117e683,BWシリーズ,BW5-Brz,ポケモンカードゲームBW　拡張パック「リューズブラスト」,bw5s_ja,025,フワライド,,U,U,https://www.pokemon-card.com/assets/images/card_images/large/BW5-Brz/027882_P_FUWARAIDO.jpg,RARITY_CHANGE
18c41318-ed26-41ba-880b-3c90b8cc5962,BWシリーズ,BW5-Brz,ポケモンカードゲームBW　拡張パック「リューズブラスト」,bw5s_ja,026,シンボラー,,R,R,https://www.pokemon-card.com/assets/images/card_images/large/BW5-Brz/027883_P_SHINBORA.jpg,RARITY_CHANGE
d0b554c1-66c0-42df-9cea-1e20ed4e7f79,BWシリーズ,BW5-Brz,ポケモンカードゲームBW　拡張パック「リューズブラスト」,bw5s_ja,027,ヤブクロン,,C,C,https://www.pokemon-card.com/assets/images/card_images/large/BW5-Brz/027884_P_YABUKURON.jpg,RARITY_CHANGE
eef2bce1-f6a0-47b7-81bf-3fe1f4df1933,BWシリーズ,BW5-Brz,ポケモンカードゲームBW　拡張パック「リューズブラスト」,bw5s_ja,028,ダストダス,,R,R,https://www.pokemon-card.com/assets/images/card_images/large/BW5-Brz/027885_P_DASUTODASU.jpg,RARITY_CHANGE
8ed5c423-18fd-41eb-8bcf-7e3397048773,BWシリーズ,BW5-Brz,ポケモンカードゲームBW　拡張パック「リューズブラスト」,bw5s_ja,029,ヤジロン,,C,C,https://www.pokemon-card.com/assets/images/card_images/large/BW5-Brz/027886_P_YAJIRON.jpg,RARITY_CHANGE
b2f009ad-72b4-4b58-adcc-4004c9787823,BWシリーズ,BW5-Brz,ポケモンカードゲームBW　拡張パック「リューズブラスト」,bw5s_ja,030,ネンドール,,U,U,https://www.pokemon-card.com/assets/images/card_images/large/BW5-Brz/027887_P_NENDORU.jpg,RARITY_CHANGE
75dfcfae-19d9-40c7-9a88-d76c5bab51e0,BWシリーズ,BW5-Brz,ポケモンカードゲームBW　拡張パック「リューズブラスト」,bw5s_ja,031,マッギョ,,C,C,https://www.pokemon-card.com/assets/images/card_images/large/BW5-Brz/027888_P_MAGGYO.jpg,RARITY_CHANGE
89368e85-25b5-40bb-a287-fdfb02b4e895,BWシリーズ,BW5-Brz,ポケモンカードゲームBW　拡張パック「リューズブラスト」,bw5s_ja,032,テラキオンEX,,R,R,https://www.pokemon-card.com/assets/images/card_images/large/BW5-Brz/027889_P_TERAKIONEX.jpg,RARITY_CHANGE
b71cd0a7-9b00-4a94-b4eb-5ed7efb2ae62,SMシリーズ,SM7b,フェアリーライズ,sm7b_ja,033,ゼルネアス,旧裏R,PR,PR,,RARITY_CHANGE
f5ee174a-d595-4336-9c46-acc4b16ba30f,BWシリーズ,BW5-Brz,ポケモンカードゲームBW　拡張パック「リューズブラスト」,bw5s_ja,033,ヤミカラス,,C,C,https://www.pokemon-card.com/assets/images/card_images/large/BW5-Brz/027890_P_YAMIKARASU.jpg,RARITY_CHANGE
f7312ef6-de63-4aab-a17b-f2181b8dea0d,BWシリーズ,BW5-Brz,ポケモンカードゲームBW　拡張パック「リューズブラスト」,bw5s_ja,034,ドンカラス,,U,U,https://www.pokemon-card.com/assets/images/card_images/large/BW5-Brz/027891_P_DONKARASU.jpg,RARITY_CHANGE
85b9a867-ffbc-4d42-9081-d94e331d02f1,BWシリーズ,BW5-Brz,ポケモンカードゲームBW　拡張パック「リューズブラスト」,bw5s_ja,035,ココドラ,,C,C,https://www.pokemon-card.com/assets/images/card_images/large/BW5-Brz/027892_P_KOKODORA.jpg,RARITY_CHANGE
b8df5cf4-9368-4e8c-81fa-c49e4113d82f,BWシリーズ,BW5-Brz,ポケモンカードゲームBW　拡張パック「リューズブラスト」,bw5s_ja,036,コドラ,,C,C,https://www.pokemon-card.com/assets/images/card_images/large/BW5-Brz/027893_P_KODORA.jpg,RARITY_CHANGE
be952f5f-cfcc-4775-9ad4-6acc6eae996c,BWシリーズ,BW5-Brz,ポケモンカードゲームBW　拡張パック「リューズブラスト」,bw5s_ja,037,ボスゴドラ,,R,R,https://www.pokemon-card.com/assets/images/card_images/large/BW5-Brz/027894_P_BOSUGODORA.jpg,RARITY_CHANGE
5a728ae5-4dec-46cb-95cc-8490c61a2faa,BWシリーズ,BW5-Brz,ポケモンカードゲームBW　拡張パック「リューズブラスト」,bw5s_ja,038,アイアント,,C,C,https://www.pokemon-card.com/assets/images/card_images/large/BW5-Brz/027895_P_AIANTO.jpg,RARITY_CHANGE
92e85f33-6de9-4a8e-8222-73aaab55d05f,SMシリーズ,SM7b,フェアリーライズ,sm7b_ja,050,ライフフォレスト,旧裏R,PR,PR,,RARITY_CHANGE
6e85b41e-172b-448c-9bc1-137107b54374,SVシリーズ,SV8a,テラスタルフェスex,sv8a_ja,152,きらめく結晶,ー,ACE,ACE,https://assets.tcgdex.net/ja/SV/SV8a/152/high.webp,RARITY_CHANGE
e1e176cc-a0e0-4363-9160-ff96ae208ef6,BWシリーズ,BW5-Brz,ポケモンカードゲームBW　拡張パック「リューズブラスト」,bw5s_ja,039,ギラティナEX,,R,R,https://www.pokemon-card.com/assets/images/card_images/large/BW5-Brz/027896_P_GIRATEINAEX.jpg,RARITY_CHANGE
7a06c7b5-6df2-4478-b881-e36a48aedd8f,BWシリーズ,BW5-Brz,ポケモンカードゲームBW　拡張パック「リューズブラスト」,bw5s_ja,040,モノズ,,C,C,https://www.pokemon-card.com/assets/images/card_images/large/BW5-Brz/027897_P_MONOZU.jpg,RARITY_CHANGE
26e67811-8e70-4942-a9dc-baf453670816,BWシリーズ,BW5-Brz,ポケモンカードゲームBW　拡張パック「リューズブラスト」,bw5s_ja,041,ジヘッド,,U,U,https://www.pokemon-card.com/assets/images/card_images/large/BW5-Brz/027898_P_JIHEDDO.jpg,RARITY_CHANGE
240b1580-0f8f-4cba-b266-55ad49dd43db,BWシリーズ,BW5-Brz,ポケモンカードゲームBW　拡張パック「リューズブラスト」,bw5s_ja,042,サザンドラ,,R,R,https://www.pokemon-card.com/assets/images/card_images/large/BW5-Brz/027899_P_SAZANDORA.jpg,RARITY_CHANGE
7c7d7a94-cbe8-4eaf-b3e5-5d7894826a95,BWシリーズ,BW5-Brz,ポケモンカードゲームBW　拡張パック「リューズブラスト」,bw5s_ja,043,エイパム,,C,C,https://www.pokemon-card.com/assets/images/card_images/large/BW5-Brz/027900_P_EIPAMU.jpg,RARITY_CHANGE
f21c75f7-693c-410e-8afa-acec2f81e58f,BWシリーズ,BW5-Brz,ポケモンカードゲームBW　拡張パック「リューズブラスト」,bw5s_ja,044,エテボース,,U,U,https://www.pokemon-card.com/assets/images/card_images/large/BW5-Brz/027901_P_ETEBOSU.jpg,RARITY_CHANGE
38ff66a8-1991-4ccb-b582-4a3b151b04b7,BWシリーズ,BW5-Brz,ポケモンカードゲームBW　拡張パック「リューズブラスト」,bw5s_ja,045,ビッパ,,C,C,https://www.pokemon-card.com/assets/images/card_images/large/BW5-Brz/027902_P_BIPPA.jpg,RARITY_CHANGE
8950565b-234d-4be8-b283-3a0973bd69cb,BWシリーズ,BW6-Bc,ポケモンカードゲームBW 拡張パック「コールドフレア」,bw6c_ja,005,クルミル,,C,C,https://www.pokemon-card.com/assets/images/card_images/large/BW6-Bc/028158_P_KURUMIRU.jpg,RARITY_CHANGE
424819bb-a490-442d-8434-e158a472ea7a,BWシリーズ,BW6-Bc,ポケモンカードゲームBW 拡張パック「コールドフレア」,bw6c_ja,006,クルマユ,,C,C,https://www.pokemon-card.com/assets/images/card_images/large/BW6-Bc/028159_P_KURUMAYU.jpg,RARITY_CHANGE
c10482b0-c104-49f5-a18a-5d1abb300217,BWシリーズ,BW6-Bc,ポケモンカードゲームBW 拡張パック「コールドフレア」,bw6c_ja,007,ハハコモリ,,U,U,https://www.pokemon-card.com/assets/images/card_images/large/BW6-Bc/028160_P_HAHAKOMORI.jpg,RARITY_CHANGE
f6c9b77d-97de-4bb0-99a6-02d031b04391,BWシリーズ,BW6-Bc,ポケモンカードゲームBW 拡張パック「コールドフレア」,bw6c_ja,008,チュリネ,,C,C,https://www.pokemon-card.com/assets/images/card_images/large/BW6-Bc/028161_P_CHURINE.jpg,RARITY_CHANGE
a8529a1d-853f-4d8a-8d7c-b77569aa56b8,BWシリーズ,BW6-Bc,ポケモンカードゲームBW 拡張パック「コールドフレア」,bw6c_ja,009,ドレディア,,U,U,https://www.pokemon-card.com/assets/images/card_images/large/BW6-Bc/028162_P_DOREDEIA.jpg,RARITY_CHANGE
a63cb037-2470-4fb5-9a42-22051903d4f3,BWシリーズ,BW6-Bc,ポケモンカードゲームBW 拡張パック「コールドフレア」,bw6c_ja,010,ドンメル,,C,C,https://www.pokemon-card.com/assets/images/card_images/large/BW6-Bc/028163_P_DONMERU.jpg,RARITY_CHANGE
b0ed2397-2c4e-4fe7-aef5-70a8f50126b5,BWシリーズ,BW6-Bc,ポケモンカードゲームBW 拡張パック「コールドフレア」,bw6c_ja,011,バクーダ,,U,U,https://www.pokemon-card.com/assets/images/card_images/large/BW6-Bc/028164_P_BAKUDA.jpg,RARITY_CHANGE
11800eec-b7be-4bf0-a88d-fc579a56eb20,SMシリーズ,SM8,超爆インパクト,sm8_ja,015,セレビィ,旧裏R,PR,PR,,RARITY_CHANGE
d0c71ff2-8903-4d33-a347-179b45c6ee05,BWシリーズ,BW6-Bc,ポケモンカードゲームBW 拡張パック「コールドフレア」,bw6c_ja,012,ゼニガメ,,C,C,https://www.pokemon-card.com/assets/images/card_images/large/BW6-Bc/028165_P_ZENIGAME.jpg,RARITY_CHANGE
55baa453-ff99-44c1-943b-ed81546eee43,BWシリーズ,BW6-Bc,ポケモンカードゲームBW 拡張パック「コールドフレア」,bw6c_ja,013,カメール,,C,C,https://www.pokemon-card.com/assets/images/card_images/large/BW6-Bc/028166_P_KAMERU.jpg,RARITY_CHANGE
66408c77-bfb5-453e-829e-c545c4e57583,BWシリーズ,BW6-Bc,ポケモンカードゲームBW 拡張パック「コールドフレア」,bw6c_ja,014,カメックス,,R,R,https://www.pokemon-card.com/assets/images/card_images/large/BW6-Bc/028167_P_KAMEKKUSU.jpg,RARITY_CHANGE
d8108f51-75fc-48a7-a090-5b2adf9f86b8,BWシリーズ,BW6-Bc,ポケモンカードゲームBW 拡張パック「コールドフレア」,bw6c_ja,015,コダック,,C,C,https://www.pokemon-card.com/assets/images/card_images/large/BW6-Bc/028168_P_KODAKKU.jpg,RARITY_CHANGE
19989634-5473-450b-97df-f68769ed331d,BWシリーズ,BW6-Bc,ポケモンカードゲームBW 拡張パック「コールドフレア」,bw6c_ja,016,ゴルダック,,U,U,https://www.pokemon-card.com/assets/images/card_images/large/BW6-Bc/028169_P_GORUDAKKU.jpg,RARITY_CHANGE
99300acc-0d8c-4a1c-956e-ee4c8c331118,BWシリーズ,BW6-Bc,ポケモンカードゲームBW 拡張パック「コールドフレア」,bw6c_ja,017,コアルヒー,,C,C,https://www.pokemon-card.com/assets/images/card_images/large/BW6-Bc/028170_P_KOARUHI.jpg,RARITY_CHANGE
f988fa6b-469b-447b-8ec1-3cc999611617,BWシリーズ,BW6-Bc,ポケモンカードゲームBW 拡張パック「コールドフレア」,bw6c_ja,018,スワンナ,,U,U,https://www.pokemon-card.com/assets/images/card_images/large/BW6-Bc/028171_P_SUWANNA.jpg,RARITY_CHANGE
19021edd-cfaf-4ca5-86b5-8d991dd29c00,BWシリーズ,BW6-Bc,ポケモンカードゲームBW 拡張パック「コールドフレア」,bw6c_ja,019,ケルディオEX,,R,R,https://www.pokemon-card.com/assets/images/card_images/large/BW6-Bc/028172_P_KERUDEIOEX.jpg,RARITY_CHANGE
bda0f988-c7c5-4727-8b0b-4a2d655195cc,BWシリーズ,BW6-Bc,ポケモンカードゲームBW 拡張パック「コールドフレア」,bw6c_ja,020,エレブー,,C,C,https://www.pokemon-card.com/assets/images/card_images/large/BW6-Bc/028173_P_EREBU.jpg,RARITY_CHANGE
25fbf73e-4d96-4054-bb0f-85f108293cab,BWシリーズ,BW6-Bc,ポケモンカードゲームBW 拡張パック「コールドフレア」,bw6c_ja,021,エレキブル,,R,R,https://www.pokemon-card.com/assets/images/card_images/large/BW6-Bc/028174_P_EREKIBURU.jpg,RARITY_CHANGE
41d77a6a-a907-4259-ae52-646b9ee457a7,BWシリーズ,BW6-Bc,ポケモンカードゲームBW 拡張パック「コールドフレア」,bw6c_ja,022,バチュル,,C,C,https://www.pokemon-card.com/assets/images/card_images/large/BW6-Bc/028175_P_BACHURU.jpg,RARITY_CHANGE
2676a80e-a4dd-4f0e-9f90-b6ba00703e03,BWシリーズ,BW6-Bc,ポケモンカードゲームBW 拡張パック「コールドフレア」,bw6c_ja,023,デンチュラ,,U,U,https://www.pokemon-card.com/assets/images/card_images/large/BW6-Bc/028176_P_DENCHURA.jpg,RARITY_CHANGE
b8ab395c-92ea-4543-b1e1-5d4dbc4e564f,BWシリーズ,BW6-Bc,ポケモンカードゲームBW 拡張パック「コールドフレア」,bw6c_ja,024,ヨマワル,,C,C,https://www.pokemon-card.com/assets/images/card_images/large/BW6-Bc/028177_P_YOMAWARU.jpg,RARITY_CHANGE
e40bf012-32ac-468c-9754-c1cfdf995edd,BWシリーズ,BW6-Bc,ポケモンカードゲームBW 拡張パック「コールドフレア」,bw6c_ja,025,サマヨール,,U,U,https://www.pokemon-card.com/assets/images/card_images/large/BW6-Bc/028178_P_SAMAYORU.jpg,RARITY_CHANGE
29f615f7-7c2f-4782-bf9f-4e094c9c8e19,BWシリーズ,BW6-Bc,ポケモンカードゲームBW 拡張パック「コールドフレア」,bw6c_ja,026,ヨノワール,,R,R,https://www.pokemon-card.com/assets/images/card_images/large/BW6-Bc/028179_P_YONOWARU.jpg,RARITY_CHANGE
94dbae96-35c9-4caa-a4d7-1065ae85ee2f,BWシリーズ,BW6-Bc,ポケモンカードゲームBW 拡張パック「コールドフレア」,bw6c_ja,027,グレッグル,,C,C,https://www.pokemon-card.com/assets/images/card_images/large/BW6-Bc/028180_P_GUREGGURU.jpg,RARITY_CHANGE
86bfc609-a0db-40da-bb3f-c377697cf4b0,BWシリーズ,BW6-Bc,ポケモンカードゲームBW 拡張パック「コールドフレア」,bw6c_ja,028,ドクロッグ,,U,U,https://www.pokemon-card.com/assets/images/card_images/large/BW6-Bc/028181_P_DOKUROGGU.jpg,RARITY_CHANGE
d3b3acae-addb-41b3-9305-74f98adb07d0,BWシリーズ,BW6-Bc,ポケモンカードゲームBW 拡張パック「コールドフレア」,bw6c_ja,029,コロモリ,,C,C,https://www.pokemon-card.com/assets/images/card_images/large/BW6-Bc/028182_P_KOROMORI.jpg,RARITY_CHANGE
3296da27-1563-41a6-88e7-7494f2699549,BWシリーズ,BW6-Bc,ポケモンカードゲームBW 拡張パック「コールドフレア」,bw6c_ja,030,ココロモリ,,U,U,https://www.pokemon-card.com/assets/images/card_images/large/BW6-Bc/028183_P_KOKOROMORI.jpg,RARITY_CHANGE
9df3a63e-5677-484b-bc93-4264cc465586,BWシリーズ,BW6-Bc,ポケモンカードゲームBW 拡張パック「コールドフレア」,bw6c_ja,031,サンド,,C,C,https://www.pokemon-card.com/assets/images/card_images/large/BW6-Bc/028184_P_SANDO.jpg,RARITY_CHANGE
d44dccbc-9734-4c5f-9006-8f2f010852a0,BWシリーズ,BW6-Bc,ポケモンカードゲームBW 拡張パック「コールドフレア」,bw6c_ja,032,サンドパン,,C,C,https://www.pokemon-card.com/assets/images/card_images/large/BW6-Bc/028185_P_SANDOPAN.jpg,RARITY_CHANGE
7d92fe30-42a9-4f44-bc71-9d7ef6406a35,BWシリーズ,BW6-Bc,ポケモンカードゲームBW 拡張パック「コールドフレア」,bw6c_ja,033,ソルロック,,U,U,https://www.pokemon-card.com/assets/images/card_images/large/BW6-Bc/028186_P_SORUROKKU.jpg,RARITY_CHANGE
11858547-2181-4608-ae73-9c1a05ce8502,BWシリーズ,BW6-Bc,ポケモンカードゲームBW 拡張パック「コールドフレア」,bw6c_ja,034,ドッコラー,,C,C,https://www.pokemon-card.com/assets/images/card_images/large/BW6-Bc/028187_P_DOKKORA.jpg,RARITY_CHANGE
77947fee-a42a-4aa2-9881-4d4b03730ea4,BWシリーズ,BW6-Bc,ポケモンカードゲームBW 拡張パック「コールドフレア」,bw6c_ja,035,ドテッコツ,,U,U,https://www.pokemon-card.com/assets/images/card_images/large/BW6-Bc/028188_P_DOTEKKOTSU.jpg,RARITY_CHANGE
4a012d9c-249b-437c-80f9-a6ee50bbbdb1,BWシリーズ,BW6-Bc,ポケモンカードゲームBW 拡張パック「コールドフレア」,bw6c_ja,036,ローブシン,,U,U,https://www.pokemon-card.com/assets/images/card_images/large/BW6-Bc/028189_P_ROBUSHIN.jpg,RARITY_CHANGE
7bc943a6-c9bb-42d0-914d-e44032cbc29f,BWシリーズ,BW6-Bc,ポケモンカードゲームBW 拡張パック「コールドフレア」,bw6c_ja,037,イシズマイ,,C,C,https://www.pokemon-card.com/assets/images/card_images/large/BW6-Bc/028190_P_ISHIZUMAI.jpg,RARITY_CHANGE
82fbd80b-0f66-4277-93a0-4341e2d28535,BWシリーズ,BW6-Bc,ポケモンカードゲームBW 拡張パック「コールドフレア」,bw6c_ja,038,イワパレス,,R,R,https://www.pokemon-card.com/assets/images/card_images/large/BW6-Bc/028191_P_IWAPARESU.jpg,RARITY_CHANGE
4091dbf0-fffc-400f-9f94-898e93e59754,BWシリーズ,BW6-Bc,ポケモンカードゲームBW 拡張パック「コールドフレア」,bw6c_ja,039,ハッサム,,R,R,https://www.pokemon-card.com/assets/images/card_images/large/BW6-Bc/028192_P_HASSAMU.jpg,RARITY_CHANGE
eb0b3538-236b-4915-bb62-fdb0d4df419e,BWシリーズ,BW6-Bc,ポケモンカードゲームBW 拡張パック「コールドフレア」,bw6c_ja,040,エアームド,,C,C,https://www.pokemon-card.com/assets/images/card_images/large/BW6-Bc/028193_P_EAMUDO.jpg,RARITY_CHANGE
139a2c5a-9e8f-4aa9-bbad-a30391117b29,BWシリーズ,BW6-Bc,ポケモンカードゲームBW 拡張パック「コールドフレア」,bw6c_ja,041,ホワイトキュレムEX,,R,R,https://www.pokemon-card.com/assets/images/card_images/large/BW6-Bc/028194_P_HOWAITOKYUREMUEX.jpg,RARITY_CHANGE
49377202-7916-4274-b2a7-dd0edb9fd19d,BWシリーズ,BW6-Bc,ポケモンカードゲームBW 拡張パック「コールドフレア」,bw6c_ja,042,メタモン,,R,R,https://www.pokemon-card.com/assets/images/card_images/large/BW6-Bc/028195_P_METAMON.jpg,RARITY_CHANGE
d71f551c-b9a3-41f9-a25c-af026dbef32a,BWシリーズ,BW6-Bc,ポケモンカードゲームBW 拡張パック「コールドフレア」,bw6c_ja,043,ノコッチ,,C,C,https://www.pokemon-card.com/assets/images/card_images/large/BW6-Bc/028196_P_NOKOCCHI.jpg,RARITY_CHANGE
b39b91b7-6cb4-4133-9d53-14720d55c4bf,BWシリーズ,BW6-Bc,ポケモンカードゲームBW 拡張パック「コールドフレア」,bw6c_ja,044,ゴニョニョ,,C,C,https://www.pokemon-card.com/assets/images/card_images/large/BW6-Bc/028197_P_GONYONYO.jpg,RARITY_CHANGE
a40024ee-4cff-417b-a54e-fe8afc862b72,BWシリーズ,BW6-Bc,ポケモンカードゲームBW 拡張パック「コールドフレア」,bw6c_ja,045,ドゴーム,,C,C,https://www.pokemon-card.com/assets/images/card_images/large/BW6-Bc/028198_P_DOGOMU.jpg,RARITY_CHANGE
2408be5c-b1f8-4058-84c3-237285464e43,BWシリーズ,BW6-Bc,ポケモンカードゲームBW 拡張パック「コールドフレア」,bw6c_ja,046,バクオング,,U,U,https://www.pokemon-card.com/assets/images/card_images/large/BW6-Bc/028199_P_BAKUONGU.jpg,RARITY_CHANGE
1d9302f9-0d8d-4aea-926c-c8f179c1a52d,BWシリーズ,BW6-Bc,ポケモンカードゲームBW 拡張パック「コールドフレア」,bw6c_ja,047,エネコ,,C,C,https://www.pokemon-card.com/assets/images/card_images/large/BW6-Bc/028200_P_ENEKO.jpg,RARITY_CHANGE
8343bce1-4810-4a7a-a56b-8ff680e69957,BWシリーズ,BW6-Bc,ポケモンカードゲームBW 拡張パック「コールドフレア」,bw6c_ja,048,エネコロロ,,U,U,https://www.pokemon-card.com/assets/images/card_images/large/BW6-Bc/028201_P_ENEKORORO.jpg,RARITY_CHANGE
8c6fc0c6-afe6-49d6-acc7-c0cc658f62c5,BWシリーズ,BW6-Bc,ポケモンカードゲームBW 拡張パック「コールドフレア」,bw6c_ja,049,ミネズミ,,C,C,https://www.pokemon-card.com/assets/images/card_images/large/BW6-Bc/028202_P_MINEZUMI.jpg,RARITY_CHANGE
244798f3-c2c2-42f9-a0bf-50959d61f550,BWシリーズ,BW6-Bc,ポケモンカードゲームBW 拡張パック「コールドフレア」,bw6c_ja,050,ミルホッグ,,C,C,https://www.pokemon-card.com/assets/images/card_images/large/BW6-Bc/028203_P_MIRUHOGGU.jpg,RARITY_CHANGE
7952baed-c884-4da6-9a8a-b2478a1ec150,BWシリーズ,BW6-Bc,ポケモンカードゲームBW 拡張パック「コールドフレア」,bw6c_ja,051,ヨーテリー,,C,C,https://www.pokemon-card.com/assets/images/card_images/large/BW6-Bc/028204_P_YOTERI.jpg,RARITY_CHANGE
fd010724-1a23-4216-8677-617163c3fd50,BWシリーズ,BW6-Bc,ポケモンカードゲームBW 拡張パック「コールドフレア」,bw6c_ja,052,ハーデリア,,C,C,https://www.pokemon-card.com/assets/images/card_images/large/BW6-Bc/028205_P_HADERIA.jpg,RARITY_CHANGE
9258e69c-95dd-4554-804f-ea8a23766a90,BWシリーズ,BW6-Bc,ポケモンカードゲームBW 拡張パック「コールドフレア」,bw6c_ja,053,ムーランド,,R,R,https://www.pokemon-card.com/assets/images/card_images/large/BW6-Bc/028206_P_MURANDO.jpg,RARITY_CHANGE
2d6e452b-2b6c-4db6-8e0f-24a4777e0afb,BWシリーズ,BW6-Bc,ポケモンカードゲームBW 拡張パック「コールドフレア」,bw6c_ja,054,じてんしゃ,,U,U,https://www.pokemon-card.com/assets/images/card_images/large/BW6-Bc/028207_T_JITENSHA.jpg,RARITY_CHANGE
03de55fb-ec30-46cc-ac2c-e444a817bba5,BWシリーズ,BW6-Bc,ポケモンカードゲームBW 拡張パック「コールドフレア」,bw6c_ja,055,ピーピーエイド,,U,U,https://www.pokemon-card.com/assets/images/card_images/large/BW6-Bc/028208_T_PIPIEIDO.jpg,RARITY_CHANGE
fce37f0a-c86c-490f-9bbd-9b0814c2e3fc,BWシリーズ,BW6-Bc,ポケモンカードゲームBW 拡張パック「コールドフレア」,bw6c_ja,056,フウロ,,U,U,https://www.pokemon-card.com/assets/images/card_images/large/BW6-Bc/028209_T_FUURO.jpg,RARITY_CHANGE
d1324955-81d2-44b0-a900-7d7b62a20ef9,BWシリーズ,BW6-Bc,ポケモンカードゲームBW 拡張パック「コールドフレア」,bw6c_ja,057,ヒオウギシティジム,,U,U,https://www.pokemon-card.com/assets/images/card_images/large/BW6-Bc/028210_T_HIOUGISHITEIJIMU.jpg,RARITY_CHANGE
7dad6ebc-07ce-4956-9c43-dcbc2803f6ce,BWシリーズ,BW6-Bc,ポケモンカードゲームBW 拡張パック「コールドフレア」,bw6c_ja,058,パソコン通信,,R,R,https://www.pokemon-card.com/assets/images/card_images/large/BW6-Bc/028211_T_PASOKONTSUUSHIN.jpg,RARITY_CHANGE
2b7ba5d9-e1f2-4cd5-86a5-8b679ba4dc31,BWシリーズ,BW6-Bc,ポケモンカードゲームBW 拡張パック「コールドフレア」,bw6c_ja,059,クリスタルエッジ,,R,R,https://www.pokemon-card.com/assets/images/card_images/large/BW6-Bc/028212_T_KURISUTARUEJJI.jpg,RARITY_CHANGE
e0fc3337-7f6c-473e-8b1b-dc3eb96992ad,BWシリーズ,BW6-Bf,ポケモンカードゲームBW 拡張パック「フリーズボルト」,bw6f_ja,001,ナゾノクサ,,C,C,https://www.pokemon-card.com/assets/images/card_images/large/BW6-Bf/028095_P_NAZONOKUSA.jpg,RARITY_CHANGE
0934d8ec-6e11-45f1-b4e5-a25089f51ac7,BWシリーズ,BW6-Bf,ポケモンカードゲームBW 拡張パック「フリーズボルト」,bw6f_ja,002,クサイハナ,,C,C,https://www.pokemon-card.com/assets/images/card_images/large/BW6-Bf/028096_P_KUSAIHANA.jpg,RARITY_CHANGE
d4c0f6c3-ff02-4295-a08e-e4fef00524df,BWシリーズ,BW6-Bf,ポケモンカードゲームBW 拡張パック「フリーズボルト」,bw6f_ja,003,ラフレシア,,R,R,https://www.pokemon-card.com/assets/images/card_images/large/BW6-Bf/028097_P_RAFURESHIA.jpg,RARITY_CHANGE
556377f4-7036-4da6-a12b-85b82fa573c5,BWシリーズ,BW6-Bf,ポケモンカードゲームBW 拡張パック「フリーズボルト」,bw6f_ja,004,キレイハナ,,U,U,https://www.pokemon-card.com/assets/images/card_images/large/BW6-Bf/028098_P_KIREIHANA.jpg,RARITY_CHANGE
116ea997-60ac-4538-a0d0-8403516bddb6,BWシリーズ,BW6-Bf,ポケモンカードゲームBW 拡張パック「フリーズボルト」,bw6f_ja,005,ヘラクロス,,C,C,https://www.pokemon-card.com/assets/images/card_images/large/BW6-Bf/028099_P_HERAKUROSU.jpg,RARITY_CHANGE
12be48ca-54a7-4c89-b122-c406bbdc8fd3,BWシリーズ,BW6-Bf,ポケモンカードゲームBW 拡張パック「フリーズボルト」,bw6f_ja,006,ミツハニー,,C,C,https://www.pokemon-card.com/assets/images/card_images/large/BW6-Bf/028100_P_MITSUHANI.jpg,RARITY_CHANGE
3fac94f3-06a3-4475-8c63-09e797eceefd,BWシリーズ,BW6-Bf,ポケモンカードゲームBW 拡張パック「フリーズボルト」,bw6f_ja,007,ビークイン,,U,U,https://www.pokemon-card.com/assets/images/card_images/large/BW6-Bf/028101_P_BIKUIN.jpg,RARITY_CHANGE
ef9074c8-81b9-45bd-867d-62e703a49d52,BWシリーズ,BW6-Bf,ポケモンカードゲームBW 拡張パック「フリーズボルト」,bw6f_ja,008,モンメン,,C,C,https://www.pokemon-card.com/assets/images/card_images/large/BW6-Bf/028102_P_MONMEN.jpg,RARITY_CHANGE
4c5af0dd-f22e-4c13-a539-fed48dec368a,BWシリーズ,BW6-Bf,ポケモンカードゲームBW 拡張パック「フリーズボルト」,bw6f_ja,009,エルフーン,,U,U,https://www.pokemon-card.com/assets/images/card_images/large/BW6-Bf/028103_P_ERUFUN.jpg,RARITY_CHANGE
10653ea3-da38-49c8-9c3b-0c35a703149c,BWシリーズ,BW6-Bf,ポケモンカードゲームBW 拡張パック「フリーズボルト」,bw6f_ja,010,ヒトカゲ,,C,C,https://www.pokemon-card.com/assets/images/card_images/large/BW6-Bf/028104_P_HITOKAGE.jpg,RARITY_CHANGE
19abc95a-2518-4c17-8642-9de64a77cf96,BWシリーズ,BW6-Bf,ポケモンカードゲームBW 拡張パック「フリーズボルト」,bw6f_ja,011,リザード,,C,C,https://www.pokemon-card.com/assets/images/card_images/large/BW6-Bf/028105_P_RIZADO.jpg,RARITY_CHANGE
f0fad0d0-4010-4b5b-a791-3d11a0b60c10,BWシリーズ,BW6-Bf,ポケモンカードゲームBW 拡張パック「フリーズボルト」,bw6f_ja,012,リザードン,,R,R,https://www.pokemon-card.com/assets/images/card_images/large/BW6-Bf/028106_P_RIZADON.jpg,RARITY_CHANGE
61efe9de-be08-4f82-91c3-450f0b01e050,BWシリーズ,BW6-Bf,ポケモンカードゲームBW 拡張パック「フリーズボルト」,bw6f_ja,013,ダルマッカ,,C,C,https://www.pokemon-card.com/assets/images/card_images/large/BW6-Bf/028107_P_DARUMAKKA.jpg,RARITY_CHANGE
151955f0-62f9-4817-9ddc-393c80481e61,BWシリーズ,BW6-Bf,ポケモンカードゲームBW 拡張パック「フリーズボルト」,bw6f_ja,014,ヒヒダルマ,,U,U,https://www.pokemon-card.com/assets/images/card_images/large/BW6-Bf/028108_P_HIHIDARUMA.jpg,RARITY_CHANGE
f84e3519-4f74-433b-89b4-135f3a670619,BWシリーズ,BW6-Bf,ポケモンカードゲームBW 拡張パック「フリーズボルト」,bw6f_ja,015,マリル,,C,C,https://www.pokemon-card.com/assets/images/card_images/large/BW6-Bf/028109_P_MARIRU.jpg,RARITY_CHANGE
9094cd69-c982-4218-ba63-b8c212fcc3f8,BWシリーズ,BW6-Bf,ポケモンカードゲームBW 拡張パック「フリーズボルト」,bw6f_ja,016,マリルリ,,C,C,https://www.pokemon-card.com/assets/images/card_images/large/BW6-Bf/028110_P_MARIRURI.jpg,RARITY_CHANGE
e2f095eb-1b6d-4335-8b87-0ce3e5d8aa5c,SMシリーズ,SM8a,ダークオーダー,sm8a_ja,014,カプ・コケコ,旧裏R,PR,PR,,RARITY_CHANGE
ef7f71ac-2a21-4991-aa66-8f15a18cbe08,BWシリーズ,BW6-Bf,ポケモンカードゲームBW 拡張パック「フリーズボルト」,bw6f_ja,017,ウリムー,,C,C,https://www.pokemon-card.com/assets/images/card_images/large/BW6-Bf/028111_P_URIMU.jpg,RARITY_CHANGE
363d4b9c-6c7d-4868-80a0-570a8dfcf2df,BWシリーズ,BW6-Bf,ポケモンカードゲームBW 拡張パック「フリーズボルト」,bw6f_ja,018,イノムー,,U,U,https://www.pokemon-card.com/assets/images/card_images/large/BW6-Bf/028112_P_INOMU.jpg,RARITY_CHANGE
ffcd9e8e-9ff6-477e-be36-552cf151c1e7,BWシリーズ,BW6-Bf,ポケモンカードゲームBW 拡張パック「フリーズボルト」,bw6f_ja,019,マンムー,,U,U,https://www.pokemon-card.com/assets/images/card_images/large/BW6-Bf/028113_P_MANMU.jpg,RARITY_CHANGE
cc96732b-2b89-485d-9951-e87e58d44e0e,BWシリーズ,BW6-Bf,ポケモンカードゲームBW 拡張パック「フリーズボルト」,bw6f_ja,020,デリバード,,C,C,https://www.pokemon-card.com/assets/images/card_images/large/BW6-Bf/028114_P_DERIBADO.jpg,RARITY_CHANGE
2195b577-081e-4330-b24f-01ea2bf56047,BWシリーズ,BW6-Bf,ポケモンカードゲームBW 拡張パック「フリーズボルト」,bw6f_ja,021,プルリル,,C,C,https://www.pokemon-card.com/assets/images/card_images/large/BW6-Bf/028115_P_PURURIRU.jpg,RARITY_CHANGE
57b6b046-d6ce-4d0a-9432-4d039a4afd72,BWシリーズ,BW6-Bf,ポケモンカードゲームBW 拡張パック「フリーズボルト」,bw6f_ja,022,ブルンゲル,,U,U,https://www.pokemon-card.com/assets/images/card_images/large/BW6-Bf/028116_P_BURUNGERU.jpg,RARITY_CHANGE
1c4e75d7-804f-4d3e-9b3b-88bb09882f02,BWシリーズ,BW6-Bf,ポケモンカードゲームBW 拡張パック「フリーズボルト」,bw6f_ja,023,シママ,,C,C,https://www.pokemon-card.com/assets/images/card_images/large/BW6-Bf/028117_P_SHIMAMA.jpg,RARITY_CHANGE
4c371f68-a333-4fa0-9279-5782ca39e76b,BWシリーズ,BW6-Bf,ポケモンカードゲームBW 拡張パック「フリーズボルト」,bw6f_ja,024,ゼブライカ,,R,R,https://www.pokemon-card.com/assets/images/card_images/large/BW6-Bf/028118_P_ZEBURAIKA.jpg,RARITY_CHANGE
d12170a8-d6e0-4e02-9d65-819f135e613c,BWシリーズ,BW6-Bf,ポケモンカードゲームBW 拡張パック「フリーズボルト」,bw6f_ja,025,バネブー,,C,C,https://www.pokemon-card.com/assets/images/card_images/large/BW6-Bf/028119_P_BANEBU.jpg,RARITY_CHANGE
96dee846-ff1f-49a3-8e32-14169e660b39,BWシリーズ,BW6-Bf,ポケモンカードゲームBW 拡張パック「フリーズボルト」,bw6f_ja,026,ブーピッグ,,U,U,https://www.pokemon-card.com/assets/images/card_images/large/BW6-Bf/028120_P_BUPIGGU.jpg,RARITY_CHANGE
3a6f9927-5024-4d40-9c18-061dacc3312f,BWシリーズ,BW6-Bf,ポケモンカードゲームBW 拡張パック「フリーズボルト」,bw6f_ja,027,クレセリアEX,,R,R,https://www.pokemon-card.com/assets/images/card_images/large/BW6-Bf/028121_P_KURESERIAEX.jpg,RARITY_CHANGE
c91da384-3cc4-403c-9a19-ebaab32d2b43,BWシリーズ,BW6-Bf,ポケモンカードゲームBW 拡張パック「フリーズボルト」,bw6f_ja,028,ムンナ,,C,C,https://www.pokemon-card.com/assets/images/card_images/large/BW6-Bf/028122_P_MUNNA.jpg,RARITY_CHANGE
8a43f587-6903-4370-b144-8008d8b95a4a,BWシリーズ,BW6-Bf,ポケモンカードゲームBW 拡張パック「フリーズボルト」,bw6f_ja,029,ムシャーナ,,U,U,https://www.pokemon-card.com/assets/images/card_images/large/BW6-Bf/028123_P_MUSHANA.jpg,RARITY_CHANGE
23e094d8-7885-43ad-a30a-2d1c82e59893,BWシリーズ,BW6-Bf,ポケモンカードゲームBW 拡張パック「フリーズボルト」,bw6f_ja,030,フシデ,,C,C,https://www.pokemon-card.com/assets/images/card_images/large/BW6-Bf/028124_P_FUSHIDE.jpg,RARITY_CHANGE
e8006af5-3867-4195-b8d6-047b233c7042,BWシリーズ,BW6-Bf,ポケモンカードゲームBW 拡張パック「フリーズボルト」,bw6f_ja,031,ホイーガ,,C,C,https://www.pokemon-card.com/assets/images/card_images/large/BW6-Bf/028125_P_HOIGA.jpg,RARITY_CHANGE
c7eb3ab0-2459-49e9-80c0-2d7a85738af1,BWシリーズ,BW6-Bf,ポケモンカードゲームBW 拡張パック「フリーズボルト」,bw6f_ja,032,ペンドラー,,R,R,https://www.pokemon-card.com/assets/images/card_images/large/BW6-Bf/028126_P_PENDORA.jpg,RARITY_CHANGE
58b81c25-3726-41c8-8601-b5a26238917c,BWシリーズ,BW6-Bf,ポケモンカードゲームBW 拡張パック「フリーズボルト」,bw6f_ja,033,メロエッタ,,R,R,https://www.pokemon-card.com/assets/images/card_images/large/BW6-Bf/028127_P_MEROETTA.jpg,RARITY_CHANGE
86e7132c-dc87-4de7-b46a-31ca3d7aa4c0,BWシリーズ,BW6-Bf,ポケモンカードゲームBW 拡張パック「フリーズボルト」,bw6f_ja,034,グライガー,,C,C,https://www.pokemon-card.com/assets/images/card_images/large/BW6-Bf/028128_P_GURAIGA.jpg,RARITY_CHANGE
39aae1a4-53e3-49c0-87fc-bbf64db834f3,BWシリーズ,BW6-Bf,ポケモンカードゲームBW 拡張パック「フリーズボルト」,bw6f_ja,035,グライオン,,R,R,https://www.pokemon-card.com/assets/images/card_images/large/BW6-Bf/028129_P_GURAION.jpg,RARITY_CHANGE
5f487e94-2274-4213-a2b8-c17f9e77daf5,BWシリーズ,BW6-Bf,ポケモンカードゲームBW 拡張パック「フリーズボルト」,bw6f_ja,036,ナックラー,,C,C,https://www.pokemon-card.com/assets/images/card_images/large/BW6-Bf/028130_P_NAKKURA.jpg,RARITY_CHANGE
7283b315-a89e-4e7c-8886-3c6896aa5462,BWシリーズ,BW8-Brf,ポケモンカードゲームBW 拡張パック「ラセンフォース」,bw8s_ja,008,ランプラー,,C,C,https://www.pokemon-card.com/assets/images/card_images/large/BW8-Brf/028521_P_RANPURA.jpg,RARITY_CHANGE
fabcce5c-6f2d-4685-a546-efb1398b8534,BWシリーズ,BW8-Brf,ポケモンカードゲームBW 拡張パック「ラセンフォース」,bw8s_ja,009,シャンデラ,,R,R,https://www.pokemon-card.com/assets/images/card_images/large/BW8-Brf/028522_P_SHANDERA.jpg,RARITY_CHANGE
3b51c303-f007-406e-9ce2-4a16be9ec854,BWシリーズ,BW8-Brf,ポケモンカードゲームBW 拡張パック「ラセンフォース」,bw8s_ja,010,タッツー,,C,C,https://www.pokemon-card.com/assets/images/card_images/large/BW8-Brf/028523_P_TATTSU.jpg,RARITY_CHANGE
9eb08c1a-a666-4c00-8e6e-b4baf234e839,BWシリーズ,BW8-Brf,ポケモンカードゲームBW 拡張パック「ラセンフォース」,bw8s_ja,011,シードラ,,C,C,https://www.pokemon-card.com/assets/images/card_images/large/BW8-Brf/028524_P_SHIDORA.jpg,RARITY_CHANGE
634fd10b-5962-466a-a707-80356cb484b7,BWシリーズ,BW8-Brf,ポケモンカードゲームBW 拡張パック「ラセンフォース」,bw8s_ja,012,グレイシア,,R,R,https://www.pokemon-card.com/assets/images/card_images/large/BW8-Brf/028525_P_GUREISHIA.jpg,RARITY_CHANGE
20b042c8-c26a-46cc-b530-31774014e9a5,BWシリーズ,BW6-Bf,ポケモンカードゲームBW 拡張パック「フリーズボルト」,bw6f_ja,037,ルナトーン,,U,U,https://www.pokemon-card.com/assets/images/card_images/large/BW6-Bf/028131_P_RUNATON.jpg,RARITY_CHANGE
5af0e6c1-89ff-4bfc-81b7-c34cea12c04b,BWシリーズ,BW6-Bf,ポケモンカードゲームBW 拡張パック「フリーズボルト」,bw6f_ja,038,コジョフー,,C,C,https://www.pokemon-card.com/assets/images/card_images/large/BW6-Bf/028132_P_KOJOFU.jpg,RARITY_CHANGE
9e63ac08-d164-4968-b068-db828b78f7b9,BWシリーズ,BW6-Bf,ポケモンカードゲームBW 拡張パック「フリーズボルト」,bw6f_ja,039,コジョンド,,C,C,https://www.pokemon-card.com/assets/images/card_images/large/BW6-Bf/028133_P_KOJONDO.jpg,RARITY_CHANGE
6cd6166c-6216-4b27-8cae-e9c2860c0818,BWシリーズ,BW6-Bf,ポケモンカードゲームBW 拡張パック「フリーズボルト」,bw6f_ja,040,ランドロスEX,,R,R,https://www.pokemon-card.com/assets/images/card_images/large/BW6-Bf/028134_P_RANDOROSUEX.jpg,RARITY_CHANGE
61c038f4-1ec5-468d-8487-d0dc68854cf1,BWシリーズ,BW6-Bf,ポケモンカードゲームBW 拡張パック「フリーズボルト」,bw6f_ja,041,チョロネコ,,C,C,https://www.pokemon-card.com/assets/images/card_images/large/BW6-Bf/028135_P_CHORONEKO.jpg,RARITY_CHANGE
02d83ea4-6eb4-43d6-8d5d-016860327d3a,BWシリーズ,BW6-Bf,ポケモンカードゲームBW 拡張パック「フリーズボルト」,bw6f_ja,042,レパルダス,,R,R,https://www.pokemon-card.com/assets/images/card_images/large/BW6-Bf/028136_P_REPARUDASU.jpg,RARITY_CHANGE
bae23574-b464-48a7-a30d-93ccea193207,BWシリーズ,BW6-Bf,ポケモンカードゲームBW 拡張パック「フリーズボルト」,bw6f_ja,043,ビブラーバ,,U,U,https://www.pokemon-card.com/assets/images/card_images/large/BW6-Bf/028137_P_BIBURABA.jpg,RARITY_CHANGE
08450b1c-1342-466a-9f67-1565b1a8de2f,BWシリーズ,BW6-Bf,ポケモンカードゲームBW 拡張パック「フリーズボルト」,bw6f_ja,044,フライゴン,,R,R,https://www.pokemon-card.com/assets/images/card_images/large/BW6-Bf/028138_P_FURAIGON.jpg,RARITY_CHANGE
56afa110-bf34-4648-920c-3c3c7a3808e9,BWシリーズ,BW6-Bf,ポケモンカードゲームBW 拡張パック「フリーズボルト」,bw6f_ja,045,ブラックキュレムEX,,R,R,https://www.pokemon-card.com/assets/images/card_images/large/BW6-Bf/028139_P_BURAKKUKYUREMUEX.jpg,RARITY_CHANGE
8abffcb5-ef15-4c0a-a37d-1bde95cfe4bc,BWシリーズ,BW6-Bf,ポケモンカードゲームBW 拡張パック「フリーズボルト」,bw6f_ja,046,コラッタ,,C,C,https://www.pokemon-card.com/assets/images/card_images/large/BW6-Bf/028140_P_KORATTA.jpg,RARITY_CHANGE
93221ba0-c864-4621-a778-b03f1964d816,BWシリーズ,BW6-Bf,ポケモンカードゲームBW 拡張パック「フリーズボルト」,bw6f_ja,047,ラッタ,,U,U,https://www.pokemon-card.com/assets/images/card_images/large/BW6-Bf/028141_P_RATTA.jpg,RARITY_CHANGE
36e72ba5-c7be-4276-a02f-f4b558a0d2bf,BWシリーズ,BW6-Bf,ポケモンカードゲームBW 拡張パック「フリーズボルト」,bw6f_ja,048,ミミロル,,C,C,https://www.pokemon-card.com/assets/images/card_images/large/BW6-Bf/028142_P_MIMIRORU.jpg,RARITY_CHANGE
157617c3-af77-4c2e-8f2e-2c04109b4754,BWシリーズ,BW6-Bf,ポケモンカードゲームBW 拡張パック「フリーズボルト」,bw6f_ja,049,ミミロップ,,C,C,https://www.pokemon-card.com/assets/images/card_images/large/BW6-Bf/028143_P_MIMIROPPU.jpg,RARITY_CHANGE
0823af91-3a19-48e0-ac4d-ffc8336b5fe8,BWシリーズ,BW6-Bf,ポケモンカードゲームBW 拡張パック「フリーズボルト」,bw6f_ja,050,マメパト,,C,C,https://www.pokemon-card.com/assets/images/card_images/large/BW6-Bf/028144_P_MAMEPATO.jpg,RARITY_CHANGE
23a60ecd-5a90-40e1-b61c-4212a0bb76e5,BWシリーズ,BW6-Bf,ポケモンカードゲームBW 拡張パック「フリーズボルト」,bw6f_ja,051,ハトーボー,,C,C,https://www.pokemon-card.com/assets/images/card_images/large/BW6-Bf/028145_P_HATOBO.jpg,RARITY_CHANGE
fe0e526a-8ae5-4283-adb9-691444b234e1,BWシリーズ,BW6-Bf,ポケモンカードゲームBW 拡張パック「フリーズボルト」,bw6f_ja,052,ケンホロウ,,U,U,https://www.pokemon-card.com/assets/images/card_images/large/BW6-Bf/028146_P_KENHOROU.jpg,RARITY_CHANGE
916d3cfa-f6a4-41fb-8de6-ab5b556cfb10,BWシリーズ,BW6-Bf,ポケモンカードゲームBW 拡張パック「フリーズボルト」,bw6f_ja,053,タブンネ,,U,U,https://www.pokemon-card.com/assets/images/card_images/large/BW6-Bf/028147_P_TABUNNE.jpg,RARITY_CHANGE
7edaecdc-f884-4ee2-91ba-d8a2387e1446,BWシリーズ,BW6-Bf,ポケモンカードゲームBW 拡張パック「フリーズボルト」,bw6f_ja,054,あなぬけのヒモ,,U,U,https://www.pokemon-card.com/assets/images/card_images/large/BW6-Bf/028148_T_ANANUKENOHIMO.jpg,RARITY_CHANGE
d6a7e8a6-1487-4ce0-8c27-4b0d85b159be,BWシリーズ,BW6-Bf,ポケモンカードゲームBW 拡張パック「フリーズボルト」,bw6f_ja,055,タウンマップ,,U,U,https://www.pokemon-card.com/assets/images/card_images/large/BW6-Bf/028149_T_TAUNMAPPU.jpg,RARITY_CHANGE
27d989a7-2ecc-49df-a5fc-17895b136093,BWシリーズ,BW6-Bf,ポケモンカードゲームBW 拡張パック「フリーズボルト」,bw6f_ja,056,ヒュウ,,U,U,https://www.pokemon-card.com/assets/images/card_images/large/BW6-Bf/028150_T_HYUU.jpg,RARITY_CHANGE
1d3b1ed6-a528-4cab-aadf-1bbfa13f2dd7,BWシリーズ,BW6-Bf,ポケモンカードゲームBW 拡張パック「フリーズボルト」,bw6f_ja,057,タチワキシティジム,,U,U,https://www.pokemon-card.com/assets/images/card_images/large/BW6-Bf/028151_T_TACHIWAKISHITEIJIMU.jpg,RARITY_CHANGE
4ab6eb7b-2965-4a88-932b-8750a2472ada,BWシリーズ,BW6-Bf,ポケモンカードゲームBW 拡張パック「フリーズボルト」,bw6f_ja,058,ゴールドポーション,,R,R,https://www.pokemon-card.com/assets/images/card_images/large/BW6-Bf/028152_T_GORUDOPOSHON.jpg,RARITY_CHANGE
0c228aae-37a3-4a87-8d9a-16c7a377dfc5,BWシリーズ,BW6-Bf,ポケモンカードゲームBW 拡張パック「フリーズボルト」,bw6f_ja,059,クリスタルウォール,,R,R,https://www.pokemon-card.com/assets/images/card_images/large/BW6-Bf/028153_T_KURISUTARUUORU.jpg,RARITY_CHANGE
9b22dfc1-4716-47fa-89e8-9d7603158d73,BWシリーズ,BW7-B,ポケモンカードゲームBW 拡張パック「プラズマゲイル」,bw7_ja,001,ナエトル,,C,C,https://www.pokemon-card.com/assets/images/card_images/large/BW7-B/028225_P_NAETORU.jpg,RARITY_CHANGE
18572b1e-803d-471c-aed3-cd5fe2d80014,BWシリーズ,BW7-B,ポケモンカードゲームBW 拡張パック「プラズマゲイル」,bw7_ja,002,ハヤシガメ,,U,U,https://www.pokemon-card.com/assets/images/card_images/large/BW7-B/028226_P_HAYASHIGAME.jpg,RARITY_CHANGE
81487485-c67e-44a6-b1ad-ca713ce476fc,BWシリーズ,BW7-B,ポケモンカードゲームBW 拡張パック「プラズマゲイル」,bw7_ja,003,ドダイトス,,U,U,https://www.pokemon-card.com/assets/images/card_images/large/BW7-B/028227_P_DODAITOSU.jpg,RARITY_CHANGE
f16a92f4-0dbb-42fd-9218-836a1e4dddc0,BWシリーズ,BW7-B,ポケモンカードゲームBW 拡張パック「プラズマゲイル」,bw7_ja,004,チェリンボ,,C,C,https://www.pokemon-card.com/assets/images/card_images/large/BW7-B/028228_P_CHIERINBO.jpg,RARITY_CHANGE
982afb1e-23e6-4fba-9b64-cb68fedb0b09,BWシリーズ,BW7-B,ポケモンカードゲームBW 拡張パック「プラズマゲイル」,bw7_ja,005,チェリム,,U,U,https://www.pokemon-card.com/assets/images/card_images/large/BW7-B/028229_P_CHIERIMU.jpg,RARITY_CHANGE
58588dbf-73de-4a06-b265-ba48dcbe52bb,BWシリーズ,BW7-B,ポケモンカードゲームBW 拡張パック「プラズマゲイル」,bw7_ja,006,マラカッチ,,C,C,https://www.pokemon-card.com/assets/images/card_images/large/BW7-B/028230_P_MARAKACCHI.jpg,RARITY_CHANGE
f5f53549-5aaf-40c1-a144-ad672b148acd,BWシリーズ,BW7-B,ポケモンカードゲームBW 拡張パック「プラズマゲイル」,bw7_ja,007,タマゲタケ,,C,C,https://www.pokemon-card.com/assets/images/card_images/large/BW7-B/028231_P_TAMAGETAKE.jpg,RARITY_CHANGE
b1c8d1d2-ef47-4621-8fd6-89903883eeef,BWシリーズ,BW7-B,ポケモンカードゲームBW 拡張パック「プラズマゲイル」,bw7_ja,008,モロバレル,,C,C,https://www.pokemon-card.com/assets/images/card_images/large/BW7-B/028232_P_MOROBARERU.jpg,RARITY_CHANGE
0c3bfc77-23e7-48ad-a1d0-2fb3f1d7bd10,BWシリーズ,BW7-B,ポケモンカードゲームBW 拡張パック「プラズマゲイル」,bw7_ja,009,ヒコザル,,C,C,https://www.pokemon-card.com/assets/images/card_images/large/BW7-B/028233_P_HIKOZARU.jpg,RARITY_CHANGE
b39e92cc-b5d9-49c9-9374-05d333d3812b,BWシリーズ,BW7-B,ポケモンカードゲームBW 拡張パック「プラズマゲイル」,bw7_ja,010,モウカザル,,U,U,https://www.pokemon-card.com/assets/images/card_images/large/BW7-B/028234_P_MOUKAZARU.jpg,RARITY_CHANGE
d4c6a62b-ec2a-403c-9eaf-d9763a3d66be,BWシリーズ,BW7-B,ポケモンカードゲームBW 拡張パック「プラズマゲイル」,bw7_ja,011,ゴウカザル,,R,R,https://www.pokemon-card.com/assets/images/card_images/large/BW7-B/028235_P_GOUKAZARU.jpg,RARITY_CHANGE
f02ba650-bf9e-4469-af64-6edf49163e58,BWシリーズ,BW7-B,ポケモンカードゲームBW 拡張パック「プラズマゲイル」,bw7_ja,012,ビクティニEX,,R,R,https://www.pokemon-card.com/assets/images/card_images/large/BW7-B/028236_P_BIKUTEINIEX.jpg,RARITY_CHANGE
0a53a3d0-2cab-4fac-9027-73405552c113,BWシリーズ,BW7-B,ポケモンカードゲームBW 拡張パック「プラズマゲイル」,bw7_ja,013,バオップ,,C,C,https://www.pokemon-card.com/assets/images/card_images/large/BW7-B/028237_P_BAOPPU.jpg,RARITY_CHANGE
ff4af3bd-79ef-4fa5-9692-284a964bb823,BWシリーズ,BW7-B,ポケモンカードゲームBW 拡張パック「プラズマゲイル」,bw7_ja,014,バオッキー,,U,U,https://www.pokemon-card.com/assets/images/card_images/large/BW7-B/028238_P_BAOKKI.jpg,RARITY_CHANGE
a0465a04-410f-4c11-a3be-96e47bdd618e,SMシリーズ,SM8b,GXウルトラシャイニー,sm8b_ja,047,ルナアーラ,旧裏R,PR,PR,,RARITY_CHANGE
44f4b6b9-36d7-4a02-84ce-6e608ca2cfa9,BWシリーズ,BW7-B,ポケモンカードゲームBW 拡張パック「プラズマゲイル」,bw7_ja,015,クイタラン,,U,U,https://www.pokemon-card.com/assets/images/card_images/large/BW7-B/028239_P_KUITARAN.jpg,RARITY_CHANGE
6821f6af-91a0-4685-b891-7e91a087801c,BWシリーズ,BW7-B,ポケモンカードゲームBW 拡張パック「プラズマゲイル」,bw7_ja,016,フリーザーEX,,R,R,https://www.pokemon-card.com/assets/images/card_images/large/BW7-B/028240_P_FURIZAEX.jpg,RARITY_CHANGE
792755a5-d074-47fa-b1ec-205a9d2f934f,BWシリーズ,BW7-B,ポケモンカードゲームBW 拡張パック「プラズマゲイル」,bw7_ja,017,ハスボー,,C,C,https://www.pokemon-card.com/assets/images/card_images/large/BW7-B/028241_P_HASUBO.jpg,RARITY_CHANGE
b33e30dd-a22d-40da-9a63-a9e4b6c0b1df,BWシリーズ,BW7-B,ポケモンカードゲームBW 拡張パック「プラズマゲイル」,bw7_ja,018,ハスブレロ,,C,C,https://www.pokemon-card.com/assets/images/card_images/large/BW7-B/028242_P_HASUBURERO.jpg,RARITY_CHANGE
f9d5a8fc-d70a-4d05-8b7d-87dcd2b96cf9,BWシリーズ,BW7-B,ポケモンカードゲームBW 拡張パック「プラズマゲイル」,bw7_ja,019,ルンパッパ,,U,U,https://www.pokemon-card.com/assets/images/card_images/large/BW7-B/028243_P_RUNPAPPA.jpg,RARITY_CHANGE
192d3920-831f-4c71-9ece-911dd1a4557e,BWシリーズ,BW7-B,ポケモンカードゲームBW 拡張パック「プラズマゲイル」,bw7_ja,020,マナフィ,,R,R,https://www.pokemon-card.com/assets/images/card_images/large/BW7-B/028244_P_MANAFI.jpg,RARITY_CHANGE
308f6c4f-6ec3-4630-8942-63cc072efbd3,BWシリーズ,BW7-B,ポケモンカードゲームBW 拡張パック「プラズマゲイル」,bw7_ja,021,クマシュン,,C,C,https://www.pokemon-card.com/assets/images/card_images/large/BW7-B/028245_P_KUMASHUN.jpg,RARITY_CHANGE
dcad6d28-9505-4908-9671-1d62fe01fe7e,BWシリーズ,BW7-B,ポケモンカードゲームBW 拡張パック「プラズマゲイル」,bw7_ja,022,ツンベアー,,U,U,https://www.pokemon-card.com/assets/images/card_images/large/BW7-B/028246_P_TSUNBEA.jpg,RARITY_CHANGE
1e2e63a8-53de-475d-8aad-27b742a09483,BWシリーズ,BW7-B,ポケモンカードゲームBW 拡張パック「プラズマゲイル」,bw7_ja,023,コイル,,C,C,https://www.pokemon-card.com/assets/images/card_images/large/BW7-B/028247_P_KOIRU.jpg,RARITY_CHANGE
cdf476ea-404c-41e8-871e-6f43be81bdf5,BWシリーズ,BW7-B,ポケモンカードゲームBW 拡張パック「プラズマゲイル」,bw7_ja,024,レアコイル,,U,U,https://www.pokemon-card.com/assets/images/card_images/large/BW7-B/028248_P_REAKOIRU.jpg,RARITY_CHANGE
4dd7d457-b499-4c42-aa45-95a75d668918,BWシリーズ,BW7-B,ポケモンカードゲームBW 拡張パック「プラズマゲイル」,bw7_ja,025,ジバコイル,,R,R,https://www.pokemon-card.com/assets/images/card_images/large/BW7-B/028249_P_JIBAKOIRU.jpg,RARITY_CHANGE
05357405-e884-4581-ab92-c45030940705,BWシリーズ,BW7-B,ポケモンカードゲームBW 拡張パック「プラズマゲイル」,bw7_ja,026,ロトム,,C,C,https://www.pokemon-card.com/assets/images/card_images/large/BW7-B/028250_P_ROTOMU.jpg,RARITY_CHANGE
bdbe35fe-9ac9-4fed-9ee7-32e18a22f5b6,BWシリーズ,BW7-B,ポケモンカードゲームBW 拡張パック「プラズマゲイル」,bw7_ja,027,ズバット,,C,C,https://www.pokemon-card.com/assets/images/card_images/large/BW7-B/028251_P_ZUBATTO.jpg,RARITY_CHANGE
2fc951f3-8093-4a2d-b3b4-fc3b7084a4f9,SMシリーズ,SM8b,GXウルトラシャイニー,sm8b_ja,058,ディアンシー,旧裏R,PR,PR,,RARITY_CHANGE
121fb7bd-9d10-43b2-97cc-969403d99177,BWシリーズ,BW7-B,ポケモンカードゲームBW 拡張パック「プラズマゲイル」,bw7_ja,028,ゴルバット,,U,U,https://www.pokemon-card.com/assets/images/card_images/large/BW7-B/028252_P_GORUBATTO.jpg,RARITY_CHANGE
67d80ca7-bcee-41b8-a054-ec17ad8670b0,BWシリーズ,BW7-B,ポケモンカードゲームBW 拡張パック「プラズマゲイル」,bw7_ja,029,クロバット,,R,R,https://www.pokemon-card.com/assets/images/card_images/large/BW7-B/028253_P_KUROBATTO.jpg,RARITY_CHANGE
1793b796-412c-4ce3-835d-5bd9fbd14360,BWシリーズ,BW7-B,ポケモンカードゲームBW 拡張パック「プラズマゲイル」,bw7_ja,030,ドガース,,C,C,https://www.pokemon-card.com/assets/images/card_images/large/BW7-B/028254_P_DOGASU.jpg,RARITY_CHANGE
5f117747-a214-4c5d-9140-cea557824c76,BWシリーズ,BW7-B,ポケモンカードゲームBW 拡張パック「プラズマゲイル」,bw7_ja,031,マタドガス,,R,R,https://www.pokemon-card.com/assets/images/card_images/large/BW7-B/028255_P_MATADOGASU.jpg,RARITY_CHANGE
9c5f2c5b-4548-436b-a9d0-05dd495c4e81,BWシリーズ,BW7-B,ポケモンカードゲームBW 拡張パック「プラズマゲイル」,bw7_ja,032,ラルトス,,C,C,https://www.pokemon-card.com/assets/images/card_images/large/BW7-B/028256_P_RARUTOSU.jpg,RARITY_CHANGE
056588bf-9827-4d5a-8218-71570ac8932c,BWシリーズ,BW7-B,ポケモンカードゲームBW 拡張パック「プラズマゲイル」,bw7_ja,033,キルリア,,U,U,https://www.pokemon-card.com/assets/images/card_images/large/BW7-B/028257_P_KIRURIA.jpg,RARITY_CHANGE
38f3232c-38d0-4106-b4dc-e33ce31dc6f2,BWシリーズ,BW7-B,ポケモンカードゲームBW 拡張パック「プラズマゲイル」,bw7_ja,034,エルレイド,,R,R,https://www.pokemon-card.com/assets/images/card_images/large/BW7-B/028258_P_ERUREIDO.jpg,RARITY_CHANGE
a8b56fd7-e83b-4ee2-a74e-6748ae6dfbcc,BWシリーズ,BW7-B,ポケモンカードゲームBW 拡張パック「プラズマゲイル」,bw7_ja,035,ギラティナ,,R,R,https://www.pokemon-card.com/assets/images/card_images/large/BW7-B/028259_P_GIRATEINA.jpg,RARITY_CHANGE
bc616e1f-3a54-4bdd-892d-c6e608fe5d6a,BWシリーズ,BW7-B,ポケモンカードゲームBW 拡張パック「プラズマゲイル」,bw7_ja,036,ヤブクロン,,C,C,https://www.pokemon-card.com/assets/images/card_images/large/BW7-B/028260_P_YABUKURON.jpg,RARITY_CHANGE
dbfab5c0-631c-4089-afc4-445194234793,BWシリーズ,BW7-B,ポケモンカードゲームBW 拡張パック「プラズマゲイル」,bw7_ja,038,リグレー,,C,C,https://www.pokemon-card.com/assets/images/card_images/large/BW7-B/028261_P_RIGURE.jpg,RARITY_CHANGE
ec613c53-ab56-4377-806c-5c78414e28cc,BWシリーズ,BW7-B,ポケモンカードゲームBW 拡張パック「プラズマゲイル」,bw7_ja,039,オーベム,,C,C,https://www.pokemon-card.com/assets/images/card_images/large/BW7-B/028262_P_OBEMU.jpg,RARITY_CHANGE
5ae22b9c-b633-4899-921a-5ea73f4259fa,BWシリーズ,BW7-B,ポケモンカードゲームBW 拡張パック「プラズマゲイル」,bw7_ja,040,ゴマゾウ,,C,C,https://www.pokemon-card.com/assets/images/card_images/large/BW7-B/028263_P_GOMAZOU.jpg,RARITY_CHANGE
af974e82-5e61-4b33-9ff1-8dc1a7f8c0f1,BWシリーズ,BW7-B,ポケモンカードゲームBW 拡張パック「プラズマゲイル」,bw7_ja,041,ドンファン,,U,U,https://www.pokemon-card.com/assets/images/card_images/large/BW7-B/028264_P_DONFAN.jpg,RARITY_CHANGE
0b74917d-792c-4198-995a-4520714b7500,BWシリーズ,BW7-B,ポケモンカードゲームBW 拡張パック「プラズマゲイル」,bw7_ja,042,リオル,,C,C,https://www.pokemon-card.com/assets/images/card_images/large/BW7-B/028265_P_RIORU.jpg,RARITY_CHANGE
5e5ca33a-2d7b-4089-9a5e-f6e345c3ed06,SMシリーズ,SM8b,GXウルトラシャイニー,sm8b_ja,082,ソルガレオ,旧裏R,PR,PR,,RARITY_CHANGE
61256cdd-238a-41a8-8ffb-98bb1358d4dc,BWシリーズ,BW7-B,ポケモンカードゲームBW 拡張パック「プラズマゲイル」,bw7_ja,043,ルカリオ,,R,R,https://www.pokemon-card.com/assets/images/card_images/large/BW7-B/028266_P_RUKARIO.jpg,RARITY_CHANGE
eda7e700-b33d-4006-85f3-eb71bb8a531e,BWシリーズ,BW7-B,ポケモンカードゲームBW 拡張パック「プラズマゲイル」,bw7_ja,044,チョロネコ,,C,C,https://www.pokemon-card.com/assets/images/card_images/large/BW7-B/028267_P_CHORONEKO.jpg,RARITY_CHANGE
69df6fb6-b9e3-4073-aedf-ea3a3f005ec5,BWシリーズ,BW7-B,ポケモンカードゲームBW 拡張パック「プラズマゲイル」,bw7_ja,045,レパルダス,,C,C,https://www.pokemon-card.com/assets/images/card_images/large/BW7-B/028268_P_REPARUDASU.jpg,RARITY_CHANGE
77c7dcef-1104-42f6-a7cc-706cd730cb42,BWシリーズ,BW7-B,ポケモンカードゲームBW 拡張パック「プラズマゲイル」,bw7_ja,046,ズルッグ,,C,C,https://www.pokemon-card.com/assets/images/card_images/large/BW7-B/028269_P_ZURUGGU.jpg,RARITY_CHANGE
89c810ea-0f02-4cad-acaa-bb16867a12d8,BWシリーズ,BW7-B,ポケモンカードゲームBW 拡張パック「プラズマゲイル」,bw7_ja,047,ズルズキン,,C,C,https://www.pokemon-card.com/assets/images/card_images/large/BW7-B/028270_P_ZURUZUKIN.jpg,RARITY_CHANGE
335a1947-1061-4697-abbb-93858d7ded0d,BWシリーズ,BW7-B,ポケモンカードゲームBW 拡張パック「プラズマゲイル」,bw7_ja,048,アイアント,,C,C,https://www.pokemon-card.com/assets/images/card_images/large/BW7-B/028271_P_AIANTO.jpg,RARITY_CHANGE
9bf1b88d-7998-4b96-b330-406e00bf7af3,BWシリーズ,BW7-B,ポケモンカードゲームBW 拡張パック「プラズマゲイル」,bw7_ja,049,コバルオンEX,,R,R,https://www.pokemon-card.com/assets/images/card_images/large/BW7-B/028272_P_KOBARUONEX.jpg,RARITY_CHANGE
b319d18e-4879-4111-874d-79ba4a5af218,BWシリーズ,BW7-B,ポケモンカードゲームBW 拡張パック「プラズマゲイル」,bw7_ja,050,クリムガン,,C,C,https://www.pokemon-card.com/assets/images/card_images/large/BW7-B/028273_P_KURIMUGAN.jpg,RARITY_CHANGE
bf805b3e-9097-404f-8ee7-18307011ad02,BWシリーズ,BW7-B,ポケモンカードゲームBW 拡張パック「プラズマゲイル」,bw7_ja,051,ピッピ,,C,C,https://www.pokemon-card.com/assets/images/card_images/large/BW7-B/028274_P_PIPPI.jpg,RARITY_CHANGE
f67187e1-c078-4d68-815c-42a0a6c19d38,BWシリーズ,BW7-B,ポケモンカードゲームBW 拡張パック「プラズマゲイル」,bw7_ja,052,ピクシー,,U,U,https://www.pokemon-card.com/assets/images/card_images/large/BW7-B/028275_P_PIKUSHI.jpg,RARITY_CHANGE
a255d46f-32ed-4887-b248-54d5969ac436,BWシリーズ,BW7-B,ポケモンカードゲームBW 拡張パック「プラズマゲイル」,bw7_ja,053,ドードー,,C,C,https://www.pokemon-card.com/assets/images/card_images/large/BW7-B/028276_P_DODO.jpg,RARITY_CHANGE
11b29ef4-c06b-4447-88fd-0d237cce48e2,BWシリーズ,BW7-B,ポケモンカードゲームBW 拡張パック「プラズマゲイル」,bw7_ja,054,ドードリオ,,C,C,https://www.pokemon-card.com/assets/images/card_images/large/BW7-B/028277_P_DODORIO.jpg,RARITY_CHANGE
97946645-bb4d-455d-8f9b-daa60b7ee441,BWシリーズ,BW7-B,ポケモンカードゲームBW 拡張パック「プラズマゲイル」,bw7_ja,055,カビゴン,,U,U,https://www.pokemon-card.com/assets/images/card_images/large/BW7-B/028278_P_KABIGON.jpg,RARITY_CHANGE
fa47b462-6064-4523-a019-66fb88a78ffd,BWシリーズ,BW7-B,ポケモンカードゲームBW 拡張パック「プラズマゲイル」,bw7_ja,056,トゲピー,,C,C,https://www.pokemon-card.com/assets/images/card_images/large/BW7-B/028279_P_TOGEPI.jpg,RARITY_CHANGE
76250ac7-8f0e-4bda-b5b1-7d1f2cf3a40f,BWシリーズ,BW7-B,ポケモンカードゲームBW 拡張パック「プラズマゲイル」,bw7_ja,057,トゲチック,,C,C,https://www.pokemon-card.com/assets/images/card_images/large/BW7-B/028280_P_TOGECHIKKU.jpg,RARITY_CHANGE
88816bbc-629c-41bb-a365-7583fa7a6a33,BWシリーズ,BW7-B,ポケモンカードゲームBW 拡張パック「プラズマゲイル」,bw7_ja,058,トゲキッス,,R,R,https://www.pokemon-card.com/assets/images/card_images/large/BW7-B/028281_P_TOGEKISSU.jpg,RARITY_CHANGE
f45b7c00-f4ec-4bac-83ab-16a5568cc6b3,BWシリーズ,BW7-B,ポケモンカードゲームBW 拡張パック「プラズマゲイル」,bw7_ja,059,ルギアEX,,R,R,https://www.pokemon-card.com/assets/images/card_images/large/BW7-B/028282_P_RUGIAEX.jpg,RARITY_CHANGE
884e995c-47ad-425d-b500-7a70a5a2367f,BWシリーズ,BW7-B,ポケモンカードゲームBW 拡張パック「プラズマゲイル」,bw7_ja,060,ミネズミ,,C,C,https://www.pokemon-card.com/assets/images/card_images/large/BW7-B/028283_P_MINEZUMI.jpg,RARITY_CHANGE
f222ad20-3ed5-4353-9a69-57d060324670,BWシリーズ,BW7-B,ポケモンカードゲームBW 拡張パック「プラズマゲイル」,bw7_ja,061,ミルホッグ,,C,C,https://www.pokemon-card.com/assets/images/card_images/large/BW7-B/028284_P_MIRUHOGGU.jpg,RARITY_CHANGE
f5f500cb-be09-411e-837c-e85990f08f7e,BWシリーズ,BW7-B,ポケモンカードゲームBW 拡張パック「プラズマゲイル」,bw7_ja,062,アクロママシーン,,U,U,https://www.pokemon-card.com/assets/images/card_images/large/BW7-B/028285_T_AKUROMAMASHIN.jpg,RARITY_CHANGE
4470bf9f-d104-4118-9321-b897cd6450bf,BWシリーズ,BW7-B,ポケモンカードゲームBW 拡張パック「プラズマゲイル」,bw7_ja,063,どくさいみん光線,,U,U,https://www.pokemon-card.com/assets/images/card_images/large/BW7-B/028286_T_DOKUSAIMINKOUSEN.jpg,RARITY_CHANGE
b1dc011a-1937-4938-9185-eaf6875d552f,BWシリーズ,BW7-B,ポケモンカードゲームBW 拡張パック「プラズマゲイル」,bw7_ja,064,アクロマ,,U,U,https://www.pokemon-card.com/assets/images/card_images/large/BW7-B/028287_T_AKUROMA.jpg,RARITY_CHANGE
77257d13-978b-4f91-a4dc-4eecedacb753,BWシリーズ,BW7-B,ポケモンカードゲームBW 拡張パック「プラズマゲイル」,bw7_ja,065,プラズマ団のしたっぱ,,U,U,https://www.pokemon-card.com/assets/images/card_images/large/BW7-B/028288_T_PURAZUMADANNOSHITAPPA.jpg,RARITY_CHANGE
8c040a0e-fb37-4630-a085-57ca13caca71,BWシリーズ,BW7-B,ポケモンカードゲームBW 拡張パック「プラズマゲイル」,bw7_ja,066,プラズマフリゲート,,U,U,https://www.pokemon-card.com/assets/images/card_images/large/BW7-B/028289_T_PURAZUMAFURIGETO.jpg,RARITY_CHANGE
f093a7f0-ccbe-4ad1-af98-00816a30e500,BWシリーズ,BW7-B,ポケモンカードゲームBW 拡張パック「プラズマゲイル」,bw7_ja,067,プラズマエネルギー,,U,U,https://www.pokemon-card.com/assets/images/card_images/large/BW7-B/028290_E_PURAZUMAENERUGI.jpg,RARITY_CHANGE
32f053cd-90b7-4743-becb-9491750928e8,BWシリーズ,BW7-B,ポケモンカードゲームBW 拡張パック「プラズマゲイル」,bw7_ja,068,スクランブルスイッチ,,R,R,https://www.pokemon-card.com/assets/images/card_images/large/BW7-B/028291_T_SUKURANBURUSUICCHI.jpg,RARITY_CHANGE
4e39d8d3-1774-4a4b-889d-d3341a55b609,BWシリーズ,BW7-B,ポケモンカードゲームBW 拡張パック「プラズマゲイル」,bw7_ja,069,ダウジングマシン,,R,R,https://www.pokemon-card.com/assets/images/card_images/large/BW7-B/028292_T_DAUJINGUMASHIN.jpg,RARITY_CHANGE
93da55cc-76c3-4977-9ed5-d1837d67db94,BWシリーズ,BW7-B,ポケモンカードゲームBW 拡張パック「プラズマゲイル」,bw7_ja,070,ビクトリーピース,,R,R,https://www.pokemon-card.com/assets/images/card_images/large/BW7-B/028293_T_BIKUTORIPISU.jpg,RARITY_CHANGE
c232a03d-03a7-49cf-bbad-929cd8dc0be0,BWシリーズ,BW7-B,ポケモンカードゲームBW 拡張パック「プラズマゲイル」,bw7_ja,037,ダストダス,,C,C,https://www.pokemon-card.com/assets/images/card_images/large/BW7-B/028294_P_DASUTODASU.jpg,RARITY_CHANGE
b06a83d1-7c1b-4cfd-ab5f-0317e33e2e34,BWシリーズ,BW8-Brf,ポケモンカードゲームBW 拡張パック「ラセンフォース」,bw8s_ja,001,タマタマ,,C,C,https://www.pokemon-card.com/assets/images/card_images/large/BW8-Brf/028514_P_TAMATAMA.jpg,RARITY_CHANGE
4c48568e-8972-4b18-906a-ca256e4e76e1,BWシリーズ,BW8-Brf,ポケモンカードゲームBW 拡張パック「ラセンフォース」,bw8s_ja,002,ナッシー,,U,U,https://www.pokemon-card.com/assets/images/card_images/large/BW8-Brf/028515_P_NASSHI.jpg,RARITY_CHANGE
a3bf6940-be28-4c82-80e8-4c1d241f1a7a,BWシリーズ,BW8-Brf,ポケモンカードゲームBW 拡張パック「ラセンフォース」,bw8s_ja,003,キモリ,,C,C,https://www.pokemon-card.com/assets/images/card_images/large/BW8-Brf/028516_P_KIMORI.jpg,RARITY_CHANGE
eb027f46-2766-43fc-ad76-582ef516e773,BWシリーズ,BW8-Brf,ポケモンカードゲームBW 拡張パック「ラセンフォース」,bw8s_ja,004,ジュプトル,,C,C,https://www.pokemon-card.com/assets/images/card_images/large/BW8-Brf/028517_P_JUPUTORU.jpg,RARITY_CHANGE
68590532-329c-475e-9ef7-578c16b4c9e2,BWシリーズ,BW8-Brf,ポケモンカードゲームBW 拡張パック「ラセンフォース」,bw8s_ja,005,ジュカイン,,R,R,https://www.pokemon-card.com/assets/images/card_images/large/BW8-Brf/028518_P_JUKAIN.jpg,RARITY_CHANGE
82755055-21d4-41fc-abe0-955f27afb29b,BWシリーズ,BW8-Brf,ポケモンカードゲームBW 拡張パック「ラセンフォース」,bw8s_ja,006,ヒードランEX,,R,R,https://www.pokemon-card.com/assets/images/card_images/large/BW8-Brf/028519_P_HIDORANEX.jpg,RARITY_CHANGE
9151d04a-a6f2-401e-8dda-09c1c14df6d9,BWシリーズ,BW8-Brf,ポケモンカードゲームBW 拡張パック「ラセンフォース」,bw8s_ja,007,ヒトモシ,,C,C,https://www.pokemon-card.com/assets/images/card_images/large/BW8-Brf/028520_P_HITOMOSHI.jpg,RARITY_CHANGE
12f19788-6507-455d-b1f0-2d82ebd571ce,BWシリーズ,BW9-B,ポケモンカードゲームBW 拡張パック「メガロキャノン」,bw9_ja,006,カブルモ,,C,C,https://www.pokemon-card.com/assets/images/card_images/large/BW9-B/028678_P_KABURUMO.jpg,RARITY_CHANGE
b1106017-f2ac-4f26-911d-c54af147ea2e,BWシリーズ,BW9-B,ポケモンカードゲームBW 拡張パック「メガロキャノン」,bw9_ja,007,チョボマキ,,C,C,https://www.pokemon-card.com/assets/images/card_images/large/BW9-B/028679_P_CHOBOMAKI.jpg,RARITY_CHANGE
bd3241f1-df48-481d-bfc9-825c377e0413,BWシリーズ,BW9-B,ポケモンカードゲームBW 拡張パック「メガロキャノン」,bw9_ja,008,アギルダー,,U,U,https://www.pokemon-card.com/assets/images/card_images/large/BW9-B/028680_P_AGIRUDA.jpg,RARITY_CHANGE
1ef27f71-99d4-446e-8aca-db82e42f325e,SMシリーズ,SM8b,GXウルトラシャイニー,sm8b_ja,169,ウパー,SR,R,R,https://www.pokemon-card.com/assets/images/card_images/large/SM8b/036058_P_UPA.jpg,RARITY_CHANGE
7671904b-1cf5-4988-85f5-fa52e085dab4,BWシリーズ,BW8-Brf,ポケモンカードゲームBW 拡張パック「ラセンフォース」,bw8s_ja,013,オタマロ,,C,C,https://www.pokemon-card.com/assets/images/card_images/large/BW8-Brf/028526_P_OTAMARO.jpg,RARITY_CHANGE
19e6aaae-0c81-4cd1-871f-73837a8169b4,BWシリーズ,BW8-Brf,ポケモンカードゲームBW 拡張パック「ラセンフォース」,bw8s_ja,014,ガマガル,,C,C,https://www.pokemon-card.com/assets/images/card_images/large/BW8-Brf/028527_P_GAMAGARU.jpg,RARITY_CHANGE
f199f6eb-c3be-47c5-bd74-0fc03e4d4a86,BWシリーズ,BW8-Brf,ポケモンカードゲームBW 拡張パック「ラセンフォース」,bw8s_ja,015,ガマゲロゲ,,U,U,https://www.pokemon-card.com/assets/images/card_images/large/BW8-Brf/028528_P_GAMAGEROGE.jpg,RARITY_CHANGE
22fd75db-c627-4de1-801a-c1c19aa14a10,BWシリーズ,BW8-Brf,ポケモンカードゲームBW 拡張パック「ラセンフォース」,bw8s_ja,016,サンダース,,U,U,https://www.pokemon-card.com/assets/images/card_images/large/BW8-Brf/028529_P_SANDASU.jpg,RARITY_CHANGE
5ac39990-38ea-4009-b247-b38c520db895,BWシリーズ,BW8-Brf,ポケモンカードゲームBW 拡張パック「ラセンフォース」,bw8s_ja,017,チョンチー,,C,C,https://www.pokemon-card.com/assets/images/card_images/large/BW8-Brf/028530_P_CHONCHI.jpg,RARITY_CHANGE
df0101fe-3607-47a6-9728-9519700e1abf,BWシリーズ,BW8-Brf,ポケモンカードゲームBW 拡張パック「ラセンフォース」,bw8s_ja,018,ランターン,,C,C,https://www.pokemon-card.com/assets/images/card_images/large/BW8-Brf/028531_P_RANTAN.jpg,RARITY_CHANGE
8e657afa-eeb8-40f4-8697-55b995ae6ab3,SMシリーズ,SM8b,GXウルトラシャイニー,sm8b_ja,179,ベベノム,SR,R,R,https://www.pokemon-card.com/assets/images/card_images/large/SM8b/036068_P_BEBENOMU.jpg,RARITY_CHANGE
dc99dc7c-5caa-4172-998e-4be60d451b1a,SMシリーズ,SM8b,GXウルトラシャイニー,sm8b_ja,183,イワンコ,SR,R,R,https://www.pokemon-card.com/assets/images/card_images/large/SM8b/036072_P_IWANKO.jpg,RARITY_CHANGE
ec7eed8c-df38-4b71-bd5a-d422c3b86d61,BWシリーズ,BW8-Brf,ポケモンカードゲームBW 拡張パック「ラセンフォース」,bw8s_ja,019,ゼクロム,,R,R,https://www.pokemon-card.com/assets/images/card_images/large/BW8-Brf/028532_P_ZEKUROMU.jpg,RARITY_CHANGE
6e5cdaf6-195a-4cc2-818a-df7b171ded21,BWシリーズ,BW8-Brf,ポケモンカードゲームBW 拡張パック「ラセンフォース」,bw8s_ja,020,ニドラン♀,,C,C,https://www.pokemon-card.com/assets/images/card_images/large/BW8-Brf/028533_P_NIDORAN.jpg,RARITY_CHANGE
5236d36b-b771-4c08-b0f3-b14b5825dd7c,BWシリーズ,BW8-Brf,ポケモンカードゲームBW 拡張パック「ラセンフォース」,bw8s_ja,021,ニドリーナ,,C,C,https://www.pokemon-card.com/assets/images/card_images/large/BW8-Brf/028534_P_NIDORINA.jpg,RARITY_CHANGE
d068e62b-b946-463a-ad1b-8f23f6bfdddc,BWシリーズ,BW8-Brf,ポケモンカードゲームBW 拡張パック「ラセンフォース」,bw8s_ja,022,ニドクイン,,U,U,https://www.pokemon-card.com/assets/images/card_images/large/BW8-Brf/028535_P_NIDOKUIN.jpg,RARITY_CHANGE
37149a60-4f30-4fb2-ac50-48cbebba39fd,BWシリーズ,BW8-Brf,ポケモンカードゲームBW 拡張パック「ラセンフォース」,bw8s_ja,023,バリヤード,,U,U,https://www.pokemon-card.com/assets/images/card_images/large/BW8-Brf/028536_P_BARIYADO.jpg,RARITY_CHANGE
0a7cf9b7-6326-4766-a905-7d99e94a041c,BWシリーズ,BW8-Brf,ポケモンカードゲームBW 拡張パック「ラセンフォース」,bw8s_ja,024,エーフィ,,U,U,https://www.pokemon-card.com/assets/images/card_images/large/BW8-Brf/028537_P_EFI.jpg,RARITY_CHANGE
eeab2606-ae36-46c2-b45a-a13c7fcae8ac,BWシリーズ,BW8-Brf,ポケモンカードゲームBW 拡張パック「ラセンフォース」,bw8s_ja,025,デオキシスEX,,R,R,https://www.pokemon-card.com/assets/images/card_images/large/BW8-Brf/028538_P_DEOKISHISUEX.jpg,RARITY_CHANGE
51f62720-bf87-408c-a4cb-c1897e1f7369,SMシリーズ,SM8b,GXウルトラシャイニー,sm8b_ja,190,ダンバル,SR,R,R,https://www.pokemon-card.com/assets/images/card_images/large/SM8b/036079_P_DANBARU.jpg,RARITY_CHANGE
27919471-3f4a-406f-b7a0-c4e04dc77763,BWシリーズ,BW8-Brf,ポケモンカードゲームBW 拡張パック「ラセンフォース」,bw8s_ja,026,デスマス,,C,C,https://www.pokemon-card.com/assets/images/card_images/large/BW8-Brf/028539_P_DESUMASU.jpg,RARITY_CHANGE
dcd8c1d4-8764-4ce7-afb7-cf5db8e97db4,BWシリーズ,BW8-Brf,ポケモンカードゲームBW 拡張パック「ラセンフォース」,bw8s_ja,027,デスカーン,,R,R,https://www.pokemon-card.com/assets/images/card_images/large/BW8-Brf/028540_P_DESUKAN.jpg,RARITY_CHANGE
4947ad2b-eb83-453c-8543-7f4e00bae95b,BWシリーズ,BW8-Brf,ポケモンカードゲームBW 拡張パック「ラセンフォース」,bw8s_ja,028,マンキー,,C,C,https://www.pokemon-card.com/assets/images/card_images/large/BW8-Brf/028541_P_MANKI.jpg,RARITY_CHANGE
198981bf-96a1-4988-a4ec-763a01c1c46a,BWシリーズ,BW8-Brf,ポケモンカードゲームBW 拡張パック「ラセンフォース」,bw8s_ja,029,オコリザル,,C,C,https://www.pokemon-card.com/assets/images/card_images/large/BW8-Brf/028542_P_OKORIZARU.jpg,RARITY_CHANGE
146c4288-c438-4484-a2e1-bd87dea06e7c,BWシリーズ,BW8-Brf,ポケモンカードゲームBW 拡張パック「ラセンフォース」,bw8s_ja,030,イワーク,,C,C,https://www.pokemon-card.com/assets/images/card_images/large/BW8-Brf/028543_P_IWAKU.jpg,RARITY_CHANGE
b6169935-638d-4b67-988f-eb31da89aceb,BWシリーズ,BW8-Brf,ポケモンカードゲームBW 拡張パック「ラセンフォース」,bw8s_ja,031,ニューラ,,C,C,https://www.pokemon-card.com/assets/images/card_images/large/BW8-Brf/028544_P_NYURA.jpg,RARITY_CHANGE
b96e9c29-ccce-4e85-9825-d23daa9728b6,BWシリーズ,BW8-Brf,ポケモンカードゲームBW 拡張パック「ラセンフォース」,bw8s_ja,032,マニューラ,,U,U,https://www.pokemon-card.com/assets/images/card_images/large/BW8-Brf/028545_P_MANYURA.jpg,RARITY_CHANGE
34472ec5-191e-4298-bee0-2f27c2b86ed0,SMシリーズ,SM8b,GXウルトラシャイニー,sm8b_ja,200,ガブリアス,SR,R,R,https://www.pokemon-card.com/assets/images/card_images/large/SM8b/036089_P_GABURIASU.jpg,RARITY_CHANGE
b133e7da-9c3d-4f60-b3e4-d8fb1366df68,BWシリーズ,BW8-Brf,ポケモンカードゲームBW 拡張パック「ラセンフォース」,bw8s_ja,033,アブソル,,R,R,https://www.pokemon-card.com/assets/images/card_images/large/BW8-Brf/028546_P_ABUSORU.jpg,RARITY_CHANGE
290f3e69-0752-4ab2-87ae-41ebfa795fe1,BWシリーズ,BW8-Brf,ポケモンカードゲームBW 拡張パック「ラセンフォース」,bw8s_ja,034,メグロコ,,C,C,https://www.pokemon-card.com/assets/images/card_images/large/BW8-Brf/028547_P_MEGUROKO.jpg,RARITY_CHANGE
9d539c13-2aa3-40c6-9b8a-f05d453d31f5,BWシリーズ,BW8-Brf,ポケモンカードゲームBW 拡張パック「ラセンフォース」,bw8s_ja,035,ワルビル,,C,C,https://www.pokemon-card.com/assets/images/card_images/large/BW8-Brf/028548_P_WARUBIRU.jpg,RARITY_CHANGE
ff7d90a5-b296-4de4-a5c0-4f2b74174546,BWシリーズ,BW8-Brf,ポケモンカードゲームBW 拡張パック「ラセンフォース」,bw8s_ja,036,ワルビアル,,U,U,https://www.pokemon-card.com/assets/images/card_images/large/BW8-Brf/028549_P_WARUBIARU.jpg,RARITY_CHANGE
0c249809-41e3-455e-b130-ca64b440cfab,BWシリーズ,BW8-Brf,ポケモンカードゲームBW 拡張パック「ラセンフォース」,bw8s_ja,037,ハガネール,,U,U,https://www.pokemon-card.com/assets/images/card_images/large/BW8-Brf/028550_P_HAGANERU.jpg,RARITY_CHANGE
c521ba9b-2773-408f-8baf-00860da82886,SMシリーズ,SM8b,GXウルトラシャイニー,sm8b_ja,207,ジュナイパーGX,SR,SSR,SSR,https://www.pokemon-card.com/assets/images/card_images/large/SM8b/036096_P_JUNAIPAGX.jpg,RARITY_CHANGE
47a974eb-41fe-46c3-ab5e-23b68ec9360c,SMシリーズ,SM8b,GXウルトラシャイニー,sm8b_ja,209,リザードンGX,SR,SSR,SSR,https://www.pokemon-card.com/assets/images/card_images/large/SM8b/036098_P_RIZADONGX.jpg,RARITY_CHANGE
d2b5f855-bb88-48ff-9603-cf45ee218113,BWシリーズ,BW8-Brf,ポケモンカードゲームBW 拡張パック「ラセンフォース」,bw8s_ja,038,キングドラ,,R,R,https://www.pokemon-card.com/assets/images/card_images/large/BW8-Brf/028551_P_KINGUDORA.jpg,RARITY_CHANGE
132d7251-b3b0-4bd8-b2fb-76456b7aeace,BWシリーズ,BW8-Brf,ポケモンカードゲームBW 拡張パック「ラセンフォース」,bw8s_ja,039,ラティオスEX,,R,R,https://www.pokemon-card.com/assets/images/card_images/large/BW8-Brf/028552_P_RATEIOSUEX.jpg,RARITY_CHANGE
c6151de1-13f0-4640-8524-d5d2cba1d8bf,BWシリーズ,BW8-Brf,ポケモンカードゲームBW 拡張パック「ラセンフォース」,bw8s_ja,040,コラッタ,,C,C,https://www.pokemon-card.com/assets/images/card_images/large/BW8-Brf/028553_P_KORATTA.jpg,RARITY_CHANGE
2540715a-67d1-4192-b11d-c44b536fa975,BWシリーズ,BW8-Brf,ポケモンカードゲームBW 拡張パック「ラセンフォース」,bw8s_ja,041,ラッタ,,U,U,https://www.pokemon-card.com/assets/images/card_images/large/BW8-Brf/028554_P_RATTA.jpg,RARITY_CHANGE
2452348a-e10d-4ad3-959e-38501cb588f6,BWシリーズ,BW8-Brf,ポケモンカードゲームBW 拡張パック「ラセンフォース」,bw8s_ja,042,イーブイ,,C,C,https://www.pokemon-card.com/assets/images/card_images/large/BW8-Brf/028555_P_IBUI.jpg,RARITY_CHANGE
e068b18e-8ed2-40e1-afac-8e118857053e,BWシリーズ,BW8-Brf,ポケモンカードゲームBW 拡張パック「ラセンフォース」,bw8s_ja,043,ホーホー,,C,C,https://www.pokemon-card.com/assets/images/card_images/large/BW8-Brf/028556_P_HOHO.jpg,RARITY_CHANGE
de0ecaa1-6cc0-4b9b-b74f-32e8013e47c0,SMシリーズ,SM8b,GXウルトラシャイニー,sm8b_ja,214,フリーザーGX,SR,SSR,SSR,https://www.pokemon-card.com/assets/images/card_images/large/SM8b/036103_P_FURIZAGX.jpg,RARITY_CHANGE
9f8d5679-0631-4418-a556-6ce7c4b792ed,BWシリーズ,BW8-Brf,ポケモンカードゲームBW 拡張パック「ラセンフォース」,bw8s_ja,044,ヨルノズク,,U,U,https://www.pokemon-card.com/assets/images/card_images/large/BW8-Brf/028557_P_YORUNOZUKU.jpg,RARITY_CHANGE
d2683087-761c-4482-b73d-c2fdca019e06,BWシリーズ,BW8-Brf,ポケモンカードゲームBW 拡張パック「ラセンフォース」,bw8s_ja,045,ミルタンク,,C,C,https://www.pokemon-card.com/assets/images/card_images/large/BW8-Brf/028558_P_MIRUTANKU.jpg,RARITY_CHANGE
521cdf00-a6a6-4f8d-84c2-6d7aa2cb150c,BWシリーズ,BW8-Brf,ポケモンカードゲームBW 拡張パック「ラセンフォース」,bw8s_ja,046,カクレオン,,U,U,https://www.pokemon-card.com/assets/images/card_images/large/BW8-Brf/028559_P_KAKUREON.jpg,RARITY_CHANGE
efc5f563-0b2a-414d-a7aa-c7ed0dc8e6f6,BWシリーズ,BW8-Brf,ポケモンカードゲームBW 拡張パック「ラセンフォース」,bw8s_ja,047,スーパーエネルギー回収,,U,U,https://www.pokemon-card.com/assets/images/card_images/large/BW8-Brf/028560_T_SUPAENERUGIKAISHUU.jpg,RARITY_CHANGE
2b20c767-1bfc-4608-b012-72c64082b7d8,BWシリーズ,BW8-Brf,ポケモンカードゲームBW 拡張パック「ラセンフォース」,bw8s_ja,048,ゲーチス,,U,U,https://www.pokemon-card.com/assets/images/card_images/large/BW8-Brf/028561_T_GECHISU.jpg,RARITY_CHANGE
8e8f7f9d-e339-40bb-a85e-826df640f2b1,BWシリーズ,BW8-Brf,ポケモンカードゲームBW 拡張パック「ラセンフォース」,bw8s_ja,049,凍てついた街,,U,U,https://www.pokemon-card.com/assets/images/card_images/large/BW8-Brf/028562_T_KOOTETSUITAMACHI.jpg,RARITY_CHANGE
a09009e7-71ed-4b7b-92c0-4530c123a5ba,BWシリーズ,BW8-Brf,ポケモンカードゲームBW 拡張パック「ラセンフォース」,bw8s_ja,050,ロックガード,,R,R,https://www.pokemon-card.com/assets/images/card_images/large/BW8-Brf/028563_T_ROKKUGADO.jpg,RARITY_CHANGE
fad30b28-0add-4847-822c-f2c9282d5224,BWシリーズ,BW8-Brf,ポケモンカードゲームBW 拡張パック「ラセンフォース」,bw8s_ja,051,プラズマエネルギー,,U,U,https://www.pokemon-card.com/assets/images/card_images/large/BW8-Brf/028564_E_PURAZUMAENERUGI.jpg,RARITY_CHANGE
13a45264-5a22-4302-959d-dca9118869f5,BWシリーズ,BW8-Brn,ポケモンカードゲームBW 拡張パック「ライデンナックル」,bw8t_ja,001,ビードル,,C,C,https://www.pokemon-card.com/assets/images/card_images/large/BW8-Brn/028565_P_BIDORU.jpg,RARITY_CHANGE
b0673374-b95c-4c43-a51a-4afb1493d9e7,SMシリーズ,SM8b,GXウルトラシャイニー,sm8b_ja,218,デンジュモクGX,SR,SSR,SSR,https://www.pokemon-card.com/assets/images/card_images/large/SM8b/036107_P_DENJUMOKUGX.jpg,RARITY_CHANGE
45be34bf-f15c-49f1-8db8-e75a029384bd,BWシリーズ,BW8-Brn,ポケモンカードゲームBW 拡張パック「ライデンナックル」,bw8t_ja,002,コクーン,,C,C,https://www.pokemon-card.com/assets/images/card_images/large/BW8-Brn/028566_P_KOKUN.jpg,RARITY_CHANGE
9a0738fd-fa6d-4b84-9afa-d652c99990cc,BWシリーズ,BW8-Brn,ポケモンカードゲームBW 拡張パック「ライデンナックル」,bw8t_ja,003,スピアー,,U,U,https://www.pokemon-card.com/assets/images/card_images/large/BW8-Brn/028567_P_SUPIA.jpg,RARITY_CHANGE
060b06bf-39c1-4962-af12-8180e06d564c,BWシリーズ,BW8-Brn,ポケモンカードゲームBW 拡張パック「ライデンナックル」,bw8t_ja,004,サボネア,,C,C,https://www.pokemon-card.com/assets/images/card_images/large/BW8-Brn/028568_P_SABONEA.jpg,RARITY_CHANGE
de799583-89c2-4dfc-8304-0b2690653a31,BWシリーズ,BW8-Brn,ポケモンカードゲームBW 拡張パック「ライデンナックル」,bw8t_ja,005,ノクタス,,U,U,https://www.pokemon-card.com/assets/images/card_images/large/BW8-Brn/028569_P_NOKUTASU.jpg,RARITY_CHANGE
35d24e13-7c02-4edb-b8d0-ee767dbb5c1b,BWシリーズ,BW8-Brn,ポケモンカードゲームBW 拡張パック「ライデンナックル」,bw8t_ja,006,リーフィア,,U,U,https://www.pokemon-card.com/assets/images/card_images/large/BW8-Brn/028570_P_RIFIA.jpg,RARITY_CHANGE
0bebdca3-259d-4622-a2f7-fb375c522149,BWシリーズ,BW8-Brn,ポケモンカードゲームBW 拡張パック「ライデンナックル」,bw8t_ja,007,ブースター,,U,U,https://www.pokemon-card.com/assets/images/card_images/large/BW8-Brn/028571_P_BUSUTA.jpg,RARITY_CHANGE
ea1513af-72b1-44c3-9b96-7e7221c0ca7f,SMシリーズ,SM8b,GXウルトラシャイニー,sm8b_ja,226,ルガルガンGX,SR,SSR,SSR,https://www.pokemon-card.com/assets/images/card_images/large/SM8b/036115_P_RUGARUGANGX.jpg,RARITY_CHANGE
3e9de58e-5136-406d-a30b-c20d9c8cb45c,SMシリーズ,SM8b,GXウルトラシャイニー,sm8b_ja,228,マッシブーンGX,SR,SSR,SSR,https://www.pokemon-card.com/assets/images/card_images/large/SM8b/036117_P_MASSHIBUNGX.jpg,RARITY_CHANGE
f3e2d81e-409e-4b52-b4f1-dbc38f8a0453,BWシリーズ,BW8-Brn,ポケモンカードゲームBW 拡張パック「ライデンナックル」,bw8t_ja,008,レシラム,,R,R,https://www.pokemon-card.com/assets/images/card_images/large/BW8-Brn/028572_P_RESHIRAMU.jpg,RARITY_CHANGE
af30c984-2ebb-47f3-8b3c-f9d3fc1751b6,BWシリーズ,BW8-Brn,ポケモンカードゲームBW 拡張パック「ライデンナックル」,bw8t_ja,009,シャワーズ,,U,U,https://www.pokemon-card.com/assets/images/card_images/large/BW8-Brn/028573_P_SHAWAZU.jpg,RARITY_CHANGE
46891da3-9e1b-4416-91e7-5298afd8ac29,BWシリーズ,BW8-Brn,ポケモンカードゲームBW 拡張パック「ライデンナックル」,bw8t_ja,010,ウパー,,C,C,https://www.pokemon-card.com/assets/images/card_images/large/BW8-Brn/028574_P_UPA.jpg,RARITY_CHANGE
cf771c53-7393-4412-a949-71c90a7d1c25,BWシリーズ,BW8-Brn,ポケモンカードゲームBW 拡張パック「ライデンナックル」,bw8t_ja,011,ヌオー,,U,U,https://www.pokemon-card.com/assets/images/card_images/large/BW8-Brn/028575_P_NUO.jpg,RARITY_CHANGE
35fcc6d8-c785-4888-b456-92ac8ae2631e,BWシリーズ,BW8-Brn,ポケモンカードゲームBW 拡張パック「ライデンナックル」,bw8t_ja,012,バニプッチ,,C,C,https://www.pokemon-card.com/assets/images/card_images/large/BW8-Brn/028576_P_BANIPUCCHI.jpg,RARITY_CHANGE
318f1e12-2e47-48dc-9e05-8a4dbaa7c6df,SMシリーズ,SM8b,GXウルトラシャイニー,sm8b_ja,234,メタグロスGX,SR,SSR,SSR,https://www.pokemon-card.com/assets/images/card_images/large/SM8b/036123_P_METAGUROSUGX.jpg,RARITY_CHANGE
25990624-4b7c-4f1c-b1f6-6c9240619267,SMシリーズ,SM8b,GXウルトラシャイニー,sm8b_ja,236,ツンデツンデGX,SR,SSR,SSR,https://www.pokemon-card.com/assets/images/card_images/large/SM8b/036125_P_TSUNDETSUNDEGX.jpg,RARITY_CHANGE
1b479450-50ad-45a2-b65a-88a48534adf2,BWシリーズ,BW8-Brn,ポケモンカードゲームBW 拡張パック「ライデンナックル」,bw8t_ja,013,バニリッチ,,C,C,https://www.pokemon-card.com/assets/images/card_images/large/BW8-Brn/028577_P_BANIRICCHI.jpg,RARITY_CHANGE
45af3711-e7c7-4cb7-b9ae-850c64909d48,BWシリーズ,BW8-Brn,ポケモンカードゲームBW 拡張パック「ライデンナックル」,bw8t_ja,014,バイバニラ,,U,U,https://www.pokemon-card.com/assets/images/card_images/large/BW8-Brn/028578_P_BAIBANIRA.jpg,RARITY_CHANGE
9f0ca665-4ac0-42f9-b58b-7fd1bcf885ad,BWシリーズ,BW8-Brn,ポケモンカードゲームBW 拡張パック「ライデンナックル」,bw8t_ja,015,フリージオ,,U,U,https://www.pokemon-card.com/assets/images/card_images/large/BW8-Brn/028579_P_FURIJIO.jpg,RARITY_CHANGE
4212108d-f42b-42f6-9f15-0dd6d7f2d941,BWシリーズ,BW8-Brn,ポケモンカードゲームBW 拡張パック「ライデンナックル」,bw8t_ja,016,キュレム,,R,R,https://www.pokemon-card.com/assets/images/card_images/large/BW8-Brn/028580_P_KYUREMU.jpg,RARITY_CHANGE
3b7f9502-ecb9-42ca-81b1-dd0f61423583,BWシリーズ,BW8-Brn,ポケモンカードゲームBW 拡張パック「ライデンナックル」,bw8t_ja,017,ビリリダマ,,C,C,https://www.pokemon-card.com/assets/images/card_images/large/BW8-Brn/028581_P_BIRIRIDAMA.jpg,RARITY_CHANGE
6c147341-d0d8-4656-b4de-51e6b2aafbed,BWシリーズ,BW8-Brn,ポケモンカードゲームBW 拡張パック「ライデンナックル」,bw8t_ja,018,マルマイン,,R,R,https://www.pokemon-card.com/assets/images/card_images/large/BW8-Brn/028582_P_MARUMAIN.jpg,RARITY_CHANGE
db4fd4ee-1b30-4e87-b26e-24199b60742a,BWシリーズ,BW8-Brn,ポケモンカードゲームBW 拡張パック「ライデンナックル」,bw8t_ja,019,パチリス,,C,C,https://www.pokemon-card.com/assets/images/card_images/large/BW8-Brn/028583_P_PACHIRISU.jpg,RARITY_CHANGE
55541454-e08e-402b-a59b-eb8bd40cf745,BWシリーズ,BW8-Brn,ポケモンカードゲームBW 拡張パック「ライデンナックル」,bw8t_ja,020,ボルトロスEX,,R,R,https://www.pokemon-card.com/assets/images/card_images/large/BW8-Brn/028584_P_BORUTOROSUEX.jpg,RARITY_CHANGE
04a35e7c-e8d9-4e7d-af65-25a1a79ec9e5,BWシリーズ,BW8-Brn,ポケモンカードゲームBW 拡張パック「ライデンナックル」,bw8t_ja,021,ニドラン♂,,C,C,https://www.pokemon-card.com/assets/images/card_images/large/BW8-Brn/028585_P_NIDORAN.jpg,RARITY_CHANGE
796e93cd-d555-4784-bac9-2460774b8c09,BWシリーズ,BW8-Brn,ポケモンカードゲームBW 拡張パック「ライデンナックル」,bw8t_ja,022,ニドリーノ,,C,C,https://www.pokemon-card.com/assets/images/card_images/large/BW8-Brn/028586_P_NIDORINO.jpg,RARITY_CHANGE
a1c57568-fa0f-45f4-897b-b97a5f405795,BWシリーズ,BW8-Brn,ポケモンカードゲームBW 拡張パック「ライデンナックル」,bw8t_ja,023,ベトベター,,C,C,https://www.pokemon-card.com/assets/images/card_images/large/BW8-Brn/028587_P_BETOBETA.jpg,RARITY_CHANGE
f7a9f60f-397a-4b9d-a281-5c54ae8932a6,BWシリーズ,BW8-Brn,ポケモンカードゲームBW 拡張パック「ライデンナックル」,bw8t_ja,024,ベトベトン,,U,U,https://www.pokemon-card.com/assets/images/card_images/large/BW8-Brn/028588_P_BETOBETON.jpg,RARITY_CHANGE
dbada601-4884-4e27-a9f7-38b7dfa12c67,BWシリーズ,BW8-Brn,ポケモンカードゲームBW 拡張パック「ライデンナックル」,bw8t_ja,025,ダンバル,,C,C,https://www.pokemon-card.com/assets/images/card_images/large/BW8-Brn/028589_P_DANBARU.jpg,RARITY_CHANGE
071606b5-8164-4653-a7c7-9845a2299290,BWシリーズ,BW8-Brn,ポケモンカードゲームBW 拡張パック「ライデンナックル」,bw8t_ja,026,メタング,,C,C,https://www.pokemon-card.com/assets/images/card_images/large/BW8-Brn/028590_P_METANGU.jpg,RARITY_CHANGE
11feb04d-54ef-4f24-bb1c-a42ad30504a4,BWシリーズ,BW8-Brn,ポケモンカードゲームBW 拡張パック「ライデンナックル」,bw8t_ja,027,メタグロス,,R,R,https://www.pokemon-card.com/assets/images/card_images/large/BW8-Brn/028591_P_METAGUROSU.jpg,RARITY_CHANGE
9aa5aa98-6cba-44f9-a0b8-999c4722ff49,BWシリーズ,BW8-Brn,ポケモンカードゲームBW 拡張パック「ライデンナックル」,bw8t_ja,028,ニドキング,,U,U,https://www.pokemon-card.com/assets/images/card_images/large/BW8-Brn/028592_P_NIDOKINGU.jpg,RARITY_CHANGE
aae25bda-7cee-4df6-b928-f08fd66b06f0,BWシリーズ,BW8-Brn,ポケモンカードゲームBW 拡張パック「ライデンナックル」,bw8t_ja,029,マクノシタ,,C,C,https://www.pokemon-card.com/assets/images/card_images/large/BW8-Brn/028593_P_MAKUNOSHITA.jpg,RARITY_CHANGE
3e52d7b7-8b65-4d8c-a28c-eb8eb7dede87,BWシリーズ,BW8-Brn,ポケモンカードゲームBW 拡張パック「ライデンナックル」,bw8t_ja,030,ハリテヤマ,,C,C,https://www.pokemon-card.com/assets/images/card_images/large/BW8-Brn/028594_P_HARITEYAMA.jpg,RARITY_CHANGE
e5e7bc19-bd52-4558-a289-d8f50bd59c71,BWシリーズ,BW8-Brn,ポケモンカードゲームBW 拡張パック「ライデンナックル」,bw8t_ja,031,ブラッキー,,R,R,https://www.pokemon-card.com/assets/images/card_images/large/BW8-Brn/028595_P_BURAKKI.jpg,RARITY_CHANGE
b7764e83-40fa-4383-acd0-4f3cb593000a,BWシリーズ,BW8-Brn,ポケモンカードゲームBW 拡張パック「ライデンナックル」,bw8t_ja,032,コマタナ,,C,C,https://www.pokemon-card.com/assets/images/card_images/large/BW8-Brn/028596_P_KOMATANA.jpg,RARITY_CHANGE
21d6ddf3-ba26-406c-a585-b85b9b476f09,BWシリーズ,BW8-Brn,ポケモンカードゲームBW 拡張パック「ライデンナックル」,bw8t_ja,033,キリキザン,,U,U,https://www.pokemon-card.com/assets/images/card_images/large/BW8-Brn/028597_P_KIRIKIZAN.jpg,RARITY_CHANGE
f7c62f6c-761e-46af-bdac-e14a55dcac19,BWシリーズ,BW8-Brn,ポケモンカードゲームBW 拡張パック「ライデンナックル」,bw8t_ja,034,モノズ,,C,C,https://www.pokemon-card.com/assets/images/card_images/large/BW8-Brn/028598_P_MONOZU.jpg,RARITY_CHANGE
f22f3c4a-996b-49f9-acbb-b260dac8fa01,BWシリーズ,BW8-Brn,ポケモンカードゲームBW 拡張パック「ライデンナックル」,bw8t_ja,035,ジヘッド,,C,C,https://www.pokemon-card.com/assets/images/card_images/large/BW8-Brn/028599_P_JIHEDDO.jpg,RARITY_CHANGE
301fde6d-9d46-4044-a5de-e678b924a07f,BWシリーズ,BW8-Brn,ポケモンカードゲームBW 拡張パック「ライデンナックル」,bw8t_ja,036,サザンドラ,,R,R,https://www.pokemon-card.com/assets/images/card_images/large/BW8-Brn/028600_P_SAZANDORA.jpg,RARITY_CHANGE
ee97b636-83db-4649-b9fa-c93a3a0db0f6,BWシリーズ,BW8-Brn,ポケモンカードゲームBW 拡張パック「ライデンナックル」,bw8t_ja,037,クチート,,C,C,https://www.pokemon-card.com/assets/images/card_images/large/BW8-Brn/028601_P_KUCHITO.jpg,RARITY_CHANGE
e4e3bb86-a33c-4ccd-a05f-80628d5f74f6,BWシリーズ,BW8-Brn,ポケモンカードゲームBW 拡張パック「ライデンナックル」,bw8t_ja,038,ミニリュウ,,C,C,https://www.pokemon-card.com/assets/images/card_images/large/BW8-Brn/028602_P_MINIRYUU.jpg,RARITY_CHANGE
1451d98d-f431-4c41-bead-d7a7e366be5c,BWシリーズ,BW8-Brn,ポケモンカードゲームBW 拡張パック「ライデンナックル」,bw8t_ja,039,ハクリュー,,C,C,https://www.pokemon-card.com/assets/images/card_images/large/BW8-Brn/028603_P_HAKURYU.jpg,RARITY_CHANGE
16bbd39b-d81d-485b-9c7a-fab7fb27b306,BWシリーズ,BW8-Brn,ポケモンカードゲームBW 拡張パック「ライデンナックル」,bw8t_ja,040,カイリュー,,R,R,https://www.pokemon-card.com/assets/images/card_images/large/BW8-Brn/028604_P_KAIRYU.jpg,RARITY_CHANGE
0b2609ea-5227-4a79-9c22-7298e62f25e9,BWシリーズ,BW8-Brn,ポケモンカードゲームBW 拡張パック「ライデンナックル」,bw8t_ja,041,ラティアスEX,,R,R,https://www.pokemon-card.com/assets/images/card_images/large/BW8-Brn/028605_P_RATEIASUEX.jpg,RARITY_CHANGE
387190ec-1dd6-4b7f-a0f8-c58c389a0e4d,BWシリーズ,BW8-Brn,ポケモンカードゲームBW 拡張パック「ライデンナックル」,bw8t_ja,042,イーブイ,,C,C,https://www.pokemon-card.com/assets/images/card_images/large/BW8-Brn/028606_P_IBUI.jpg,RARITY_CHANGE
79e61473-321a-4fbd-a591-3acb9d14d53b,BWシリーズ,BW8-Brn,ポケモンカードゲームBW 拡張パック「ライデンナックル」,bw8t_ja,043,ムックル,,C,C,https://www.pokemon-card.com/assets/images/card_images/large/BW8-Brn/028607_P_MUKKURU.jpg,RARITY_CHANGE
16c37283-784f-412f-ad6b-96b10bdd0c32,BWシリーズ,BW8-Brn,ポケモンカードゲームBW 拡張パック「ライデンナックル」,bw8t_ja,044,ムクバード,,C,C,https://www.pokemon-card.com/assets/images/card_images/large/BW8-Brn/028608_P_MUKUBADO.jpg,RARITY_CHANGE
39e0e5a3-c360-407c-8018-b2abf7a3aeb1,BWシリーズ,BW8-Brn,ポケモンカードゲームBW 拡張パック「ライデンナックル」,bw8t_ja,045,ムクホーク,,U,U,https://www.pokemon-card.com/assets/images/card_images/large/BW8-Brn/028609_P_MUKUHOKU.jpg,RARITY_CHANGE
7cc8b747-b3f2-4d08-8141-bcce0e22de39,BWシリーズ,BW8-Brn,ポケモンカードゲームBW 拡張パック「ライデンナックル」,bw8t_ja,046,トルネロスEX,,R,R,https://www.pokemon-card.com/assets/images/card_images/large/BW8-Brn/028610_P_TORUNEROSUEX.jpg,RARITY_CHANGE
28245327-c470-4e7d-9066-2f33a4daf96b,BWシリーズ,BW8-Brn,ポケモンカードゲームBW 拡張パック「ライデンナックル」,bw8t_ja,047,プラズマ団のモンスターボール,,U,U,https://www.pokemon-card.com/assets/images/card_images/large/BW8-Brn/028611_T_PURAZUMADANNOMONSUTABORU.jpg,RARITY_CHANGE
881ecbfa-2a01-46fb-bd80-4db23f1341fe,BWシリーズ,BW8-Brn,ポケモンカードゲームBW 拡張パック「ライデンナックル」,bw8t_ja,048,かるいし,,U,U,https://www.pokemon-card.com/assets/images/card_images/large/BW8-Brn/028612_T_KARUISHI.jpg,RARITY_CHANGE
76524569-a534-4a9c-b0fa-fc626189ae24,BWシリーズ,BW8-Brn,ポケモンカードゲームBW 拡張パック「ライデンナックル」,bw8t_ja,049,ダークトリニティ,,U,U,https://www.pokemon-card.com/assets/images/card_images/large/BW8-Brn/028613_T_DAKUTORINITEI.jpg,RARITY_CHANGE
746765f5-7229-44b7-90ea-f0ed650d9719,BWシリーズ,BW8-Brn,ポケモンカードゲームBW 拡張パック「ライデンナックル」,bw8t_ja,050,いのちのしずく,,R,R,https://www.pokemon-card.com/assets/images/card_images/large/BW8-Brn/028614_T_INOCHINOSHIZUKU.jpg,RARITY_CHANGE
85b8c8d9-e39d-4992-9ba7-9b1e9dab79b9,BWシリーズ,BW8-Brn,ポケモンカードゲームBW 拡張パック「ライデンナックル」,bw8t_ja,051,プラズマエネルギー,,U,U,https://www.pokemon-card.com/assets/images/card_images/large/BW8-Brn/028615_E_PURAZUMAENERUGI.jpg,RARITY_CHANGE
c4430c4a-031c-45aa-a2bd-f0d8a4ccb7ae,BWシリーズ,BW9-B,ポケモンカードゲームBW 拡張パック「メガロキャノン」,bw9_ja,001,アメタマ,,C,C,https://www.pokemon-card.com/assets/images/card_images/large/BW9-B/028673_P_AMETAMA.jpg,RARITY_CHANGE
c3181023-2ae6-4bdc-95ef-86058089bdb4,BWシリーズ,BW9-B,ポケモンカードゲームBW 拡張パック「メガロキャノン」,bw9_ja,002,アメモース,,U,U,https://www.pokemon-card.com/assets/images/card_images/large/BW9-B/028674_P_AMEMOSU.jpg,RARITY_CHANGE
8e38edd8-c187-4e24-aafd-56dbcb80ad8b,BWシリーズ,BW9-B,ポケモンカードゲームBW 拡張パック「メガロキャノン」,bw9_ja,003,リリーラ,,C,C,https://www.pokemon-card.com/assets/images/card_images/large/BW9-B/028675_P_RIRIRA.jpg,RARITY_CHANGE
985806dc-fa24-4c14-86b7-f53b981f7cb3,BWシリーズ,BW9-B,ポケモンカードゲームBW 拡張パック「メガロキャノン」,bw9_ja,004,ユレイドル,,U,U,https://www.pokemon-card.com/assets/images/card_images/large/BW9-B/028676_P_YUREIDORU.jpg,RARITY_CHANGE
3bdadd49-7308-4d6a-aeeb-809add8601b0,BWシリーズ,BW9-B,ポケモンカードゲームBW 拡張パック「メガロキャノン」,bw9_ja,005,トロピウス,,C,C,https://www.pokemon-card.com/assets/images/card_images/large/BW9-B/028677_P_TOROPIUSU.jpg,RARITY_CHANGE
3863d29f-5ee1-41df-9be1-ff8a57ffe43f,BWシリーズ,BW9-B,ポケモンカードゲームBW 拡張パック「メガロキャノン」,bw9_ja,009,ビリジオンEX,,R,R,https://www.pokemon-card.com/assets/images/card_images/large/BW9-B/028681_P_BIRIJIONEX.jpg,RARITY_CHANGE
bf72eb48-3191-4740-ae27-d892f43a3ef1,BWシリーズ,BW9-B,ポケモンカードゲームBW 拡張パック「メガロキャノン」,bw9_ja,010,ゲノセクトEX,,R,R,https://www.pokemon-card.com/assets/images/card_images/large/BW9-B/028682_P_GENOSEKUTOEX.jpg,RARITY_CHANGE
45074fa7-82fb-45e8-966b-953f7cde6033,BWシリーズ,BW9-B,ポケモンカードゲームBW 拡張パック「メガロキャノン」,bw9_ja,011,メラルバ,,C,C,https://www.pokemon-card.com/assets/images/card_images/large/BW9-B/028683_P_MERARUBA.jpg,RARITY_CHANGE
d0e5d44d-72e4-4902-94a6-27e9db251abe,BWシリーズ,BW9-B,ポケモンカードゲームBW 拡張パック「メガロキャノン」,bw9_ja,012,ウルガモス,,R,R,https://www.pokemon-card.com/assets/images/card_images/large/BW9-B/028684_P_URUGAMOSU.jpg,RARITY_CHANGE
90653176-3cb4-462f-9e5c-ae5fcb542699,BWシリーズ,BW9-B,ポケモンカードゲームBW 拡張パック「メガロキャノン」,bw9_ja,013,ラプラス,,C,C,https://www.pokemon-card.com/assets/images/card_images/large/BW9-B/028685_P_RAPURASU.jpg,RARITY_CHANGE
2b23da6d-1259-4c50-b796-9cfe0373c8ea,BWシリーズ,BW9-B,ポケモンカードゲームBW 拡張パック「メガロキャノン」,bw9_ja,014,テッポウオ,,C,C,https://www.pokemon-card.com/assets/images/card_images/large/BW9-B/028686_P_TEPPOUO.jpg,RARITY_CHANGE
a335f83e-2c70-484d-8707-58b3404068cc,BWシリーズ,BW9-B,ポケモンカードゲームBW 拡張パック「メガロキャノン」,bw9_ja,015,オクタン,,C,C,https://www.pokemon-card.com/assets/images/card_images/large/BW9-B/028687_P_OKUTAN.jpg,RARITY_CHANGE
44734a05-4494-41d0-89a8-6be4353f9948,BWシリーズ,BW9-B,ポケモンカードゲームBW 拡張パック「メガロキャノン」,bw9_ja,016,ユキワラシ,,C,C,https://www.pokemon-card.com/assets/images/card_images/large/BW9-B/028688_P_YUKIWARASHI.jpg,RARITY_CHANGE
822ceb3b-e1df-4e4d-9faa-56e469ef727f,BWシリーズ,BW9-B,ポケモンカードゲームBW 拡張パック「メガロキャノン」,bw9_ja,017,オニゴーリ,,U,U,https://www.pokemon-card.com/assets/images/card_images/large/BW9-B/028689_P_ONIGORI.jpg,RARITY_CHANGE
e469748c-b5a5-4c0f-8e0b-b05ae1a27bae,BWシリーズ,BW9-B,ポケモンカードゲームBW 拡張パック「メガロキャノン」,bw9_ja,018,ジーランス,,C,C,https://www.pokemon-card.com/assets/images/card_images/large/BW9-B/028690_P_JIRANSU.jpg,RARITY_CHANGE
cca965ca-f55c-4ef9-86bf-9a5e34f8fba6,BWシリーズ,BW9-B,ポケモンカードゲームBW 拡張パック「メガロキャノン」,bw9_ja,019,ユキカブリ,,C,C,https://www.pokemon-card.com/assets/images/card_images/large/BW9-B/028691_P_YUKIKABURI.jpg,RARITY_CHANGE
adb5eca8-b60e-4d0d-a0eb-a8b10f889893,BWシリーズ,BW9-B,ポケモンカードゲームBW 拡張パック「メガロキャノン」,bw9_ja,020,ユキノオー,,C,C,https://www.pokemon-card.com/assets/images/card_images/large/BW9-B/028692_P_YUKINOO.jpg,RARITY_CHANGE
bc2cdccb-78f6-4311-a279-bb93e9ba2f2d,BWシリーズ,BW9-B,ポケモンカードゲームBW 拡張パック「メガロキャノン」,bw9_ja,021,プロトーガ,,C,C,https://www.pokemon-card.com/assets/images/card_images/large/BW9-B/028693_P_PUROTOGA.jpg,RARITY_CHANGE
6ffeb9e2-ba0f-4cc1-a60b-cc40bac4c8ef,BWシリーズ,BW9-B,ポケモンカードゲームBW 拡張パック「メガロキャノン」,bw9_ja,022,アバゴーラ,,U,U,https://www.pokemon-card.com/assets/images/card_images/large/BW9-B/028694_P_ABAGORA.jpg,RARITY_CHANGE
2ac71703-8c15-4dfa-9ac7-72e9205b8990,BWシリーズ,BW9-B,ポケモンカードゲームBW 拡張パック「メガロキャノン」,bw9_ja,023,シビシラス,,C,C,https://www.pokemon-card.com/assets/images/card_images/large/BW9-B/028695_P_SHIBISHIRASU.jpg,RARITY_CHANGE
bc073565-4669-4f9f-9488-19ac8bf8fda7,BWシリーズ,BW9-B,ポケモンカードゲームBW 拡張パック「メガロキャノン」,bw9_ja,024,シビビール,,C,C,https://www.pokemon-card.com/assets/images/card_images/large/BW9-B/028696_P_SHIBIBIRU.jpg,RARITY_CHANGE
5ca13871-aebb-46bd-b908-04850aa29bae,BWシリーズ,BW9-B,ポケモンカードゲームBW 拡張パック「メガロキャノン」,bw9_ja,025,シビルドン,,R,R,https://www.pokemon-card.com/assets/images/card_images/large/BW9-B/028697_P_SHIBIRUDON.jpg,RARITY_CHANGE
d11e071b-6def-45e0-adee-96c1db3e8b28,BWシリーズ,BW9-B,ポケモンカードゲームBW 拡張パック「メガロキャノン」,bw9_ja,026,フワンテ,,C,C,https://www.pokemon-card.com/assets/images/card_images/large/BW9-B/028698_P_FUWANTE.jpg,RARITY_CHANGE
185ed74b-691d-4230-9101-042ae5eca84b,BWシリーズ,BW9-B,ポケモンカードゲームBW 拡張パック「メガロキャノン」,bw9_ja,027,フワライド,,U,U,https://www.pokemon-card.com/assets/images/card_images/large/BW9-B/028699_P_FUWARAIDO.jpg,RARITY_CHANGE
69d70e59-6a09-49b7-be08-7004587e74b8,BWシリーズ,BW9-B,ポケモンカードゲームBW 拡張パック「メガロキャノン」,bw9_ja,028,ユクシー,,U,U,https://www.pokemon-card.com/assets/images/card_images/large/BW9-B/028700_P_YUKUSHI.jpg,RARITY_CHANGE
48e4cd6f-dfc5-403a-94f6-ecffc9daa6d1,BWシリーズ,BW9-B,ポケモンカードゲームBW 拡張パック「メガロキャノン」,bw9_ja,030,アグノム,,U,U,https://www.pokemon-card.com/assets/images/card_images/large/BW9-B/028701_P_AGUNOMU.jpg,RARITY_CHANGE
8f4ff72f-9bc8-41f5-9cb8-e61b1df23c51,BWシリーズ,BW9-B,ポケモンカードゲームBW 拡張パック「メガロキャノン」,bw9_ja,031,ムンナ,,C,C,https://www.pokemon-card.com/assets/images/card_images/large/BW9-B/028702_P_MUNNA.jpg,RARITY_CHANGE
4bbd80a3-6bdb-438d-bf5d-d256ad69c42a,BWシリーズ,BW9-B,ポケモンカードゲームBW 拡張パック「メガロキャノン」,bw9_ja,032,ムシャーナ,,C,C,https://www.pokemon-card.com/assets/images/card_images/large/BW9-B/028703_P_MUSHANA.jpg,RARITY_CHANGE
e36513b1-c9a7-45a6-9b2a-1fbdf6339ea5,BWシリーズ,BW9-B,ポケモンカードゲームBW 拡張パック「メガロキャノン」,bw9_ja,033,シンボラー,,R,R,https://www.pokemon-card.com/assets/images/card_images/large/BW9-B/028704_P_SHINBORA.jpg,RARITY_CHANGE
c5d344ff-7969-4cf4-bbb9-9c02c9564a8e,BWシリーズ,BW9-B,ポケモンカードゲームBW 拡張パック「メガロキャノン」,bw9_ja,034,ユニラン,,C,C,https://www.pokemon-card.com/assets/images/card_images/large/BW9-B/028705_P_YUNIRAN.jpg,RARITY_CHANGE
06a504f0-e51a-4a26-8e0c-7b1c0de3484d,BWシリーズ,BW9-B,ポケモンカードゲームBW 拡張パック「メガロキャノン」,bw9_ja,035,ダブラン,,C,C,https://www.pokemon-card.com/assets/images/card_images/large/BW9-B/028706_P_DABURAN.jpg,RARITY_CHANGE
e54cac7c-863d-4e0a-96cf-b34db820ad0f,BWシリーズ,BW9-B,ポケモンカードゲームBW 拡張パック「メガロキャノン」,bw9_ja,036,ランクルス,,U,U,https://www.pokemon-card.com/assets/images/card_images/large/BW9-B/028707_P_RANKURUSU.jpg,RARITY_CHANGE
e25746e2-ed34-40d1-814e-5b44befaf48c,BWシリーズ,BW9-B,ポケモンカードゲームBW 拡張パック「メガロキャノン」,bw9_ja,037,ゴビット,,C,C,https://www.pokemon-card.com/assets/images/card_images/large/BW9-B/028708_P_GOBITTO.jpg,RARITY_CHANGE
8f6d9d47-118d-4d90-9180-fe056eae6bba,BWシリーズ,BW9-B,ポケモンカードゲームBW 拡張パック「メガロキャノン」,bw9_ja,038,ゴルーグ,,R,R,https://www.pokemon-card.com/assets/images/card_images/large/BW9-B/028709_P_GORUGU.jpg,RARITY_CHANGE
84543b1d-386e-4b5e-aada-985809498b4d,BWシリーズ,BW9-B,ポケモンカードゲームBW 拡張パック「メガロキャノン」,bw9_ja,039,ワンリキー,,C,C,https://www.pokemon-card.com/assets/images/card_images/large/BW9-B/028710_P_WANRIKI.jpg,RARITY_CHANGE
eff5f84b-23ba-481e-9649-9cd2fa3b95db,BWシリーズ,BW9-B,ポケモンカードゲームBW 拡張パック「メガロキャノン」,bw9_ja,040,ゴーリキー,,C,C,https://www.pokemon-card.com/assets/images/card_images/large/BW9-B/028711_P_GORIKI.jpg,RARITY_CHANGE
58e8ef03-e3be-4077-9b5f-7e9e8baf3081,BWシリーズ,BW9-B,ポケモンカードゲームBW 拡張パック「メガロキャノン」,bw9_ja,041,カイリキー,,R,R,https://www.pokemon-card.com/assets/images/card_images/large/BW9-B/028712_P_KAIRIKI.jpg,RARITY_CHANGE
ead5a0c6-f870-443d-9fb5-03523ac2afa1,BWシリーズ,BW9-B,ポケモンカードゲームBW 拡張パック「メガロキャノン」,bw9_ja,042,ナゲキ,,C,C,https://www.pokemon-card.com/assets/images/card_images/large/BW9-B/028713_P_NAGEKI.jpg,RARITY_CHANGE
330067f6-19f1-450e-80b1-f0412a878254,BWシリーズ,BW9-B,ポケモンカードゲームBW 拡張パック「メガロキャノン」,bw9_ja,043,ダゲキ,,C,C,https://www.pokemon-card.com/assets/images/card_images/large/BW9-B/028714_P_DAGEKI.jpg,RARITY_CHANGE
5f2219fd-b8e4-40e5-b675-f38539be496e,BWシリーズ,BW9-B,ポケモンカードゲームBW 拡張パック「メガロキャノン」,bw9_ja,044,アーケン,,C,C,https://www.pokemon-card.com/assets/images/card_images/large/BW9-B/028715_P_AKEN.jpg,RARITY_CHANGE
133f0b6c-2fbb-42f5-9360-c530d140f725,BWシリーズ,BW9-B,ポケモンカードゲームBW 拡張パック「メガロキャノン」,bw9_ja,045,アーケオス,,R,R,https://www.pokemon-card.com/assets/images/card_images/large/BW9-B/028716_P_AKEOSU.jpg,RARITY_CHANGE
9ba95029-958f-4123-9bd0-24dce2f2cfaf,BWシリーズ,BW9-B,ポケモンカードゲームBW 拡張パック「メガロキャノン」,bw9_ja,046,デルビル,,C,C,https://www.pokemon-card.com/assets/images/card_images/large/BW9-B/028717_P_DERUBIRU.jpg,RARITY_CHANGE
4523bcd9-7b74-44a0-9576-aa18d56c8da1,BWシリーズ,BW9-B,ポケモンカードゲームBW 拡張パック「メガロキャノン」,bw9_ja,047,ヘルガー,,R,R,https://www.pokemon-card.com/assets/images/card_images/large/BW9-B/028718_P_HERUGA.jpg,RARITY_CHANGE
786d15fd-98b8-4ec4-80ec-911953936b65,BWシリーズ,BW9-B,ポケモンカードゲームBW 拡張パック「メガロキャノン」,bw9_ja,048,ココドラ,,C,C,https://www.pokemon-card.com/assets/images/card_images/large/BW9-B/028719_P_KOKODORA.jpg,RARITY_CHANGE
6fe73dd2-d8d4-488d-9c4d-2dd7f01679fb,BWシリーズ,BW9-B,ポケモンカードゲームBW 拡張パック「メガロキャノン」,bw9_ja,049,コドラ,,C,C,https://www.pokemon-card.com/assets/images/card_images/large/BW9-B/028720_P_KODORA.jpg,RARITY_CHANGE
1efe734c-1699-437b-909c-9255f1109152,SVシリーズ,SV3a,レイジングサーフ,sv3a_ja,063,ユキワラシ,,AR,AR,https://assets.tcgdex.net/ja/SV/SV3a/063/high.webp,RARITY_CHANGE
11358ef6-448c-4725-af0f-9f774d9ff855,SVシリーズ,SV3a,レイジングサーフ,sv3a_ja,064,タマンタ,,AR,AR,https://assets.tcgdex.net/ja/SV/SV3a/064/high.webp,RARITY_CHANGE
282001ed-bb51-4e51-aa48-301e4122064d,SVシリーズ,SV3a,レイジングサーフ,sv3a_ja,065,プラスル,,AR,AR,https://assets.tcgdex.net/ja/SV/SV3a/065/high.webp,RARITY_CHANGE
04ad8184-d971-414c-89da-bed3623a91bd,BWシリーズ,BW9-B,ポケモンカードゲームBW 拡張パック「メガロキャノン」,bw9_ja,050,ボスゴドラ,,U,U,https://www.pokemon-card.com/assets/images/card_images/large/BW9-B/028721_P_BOSUGODORA.jpg,RARITY_CHANGE
d800f79d-6f93-4696-847c-36bfa71091c2,BWシリーズ,BW9-B,ポケモンカードゲームBW 拡張パック「メガロキャノン」,bw9_ja,051,ジラーチEX,,R,R,https://www.pokemon-card.com/assets/images/card_images/large/BW9-B/028722_P_JIRACHIEX.jpg,RARITY_CHANGE
27c95765-cf6b-43eb-a7d5-3207dcee488a,BWシリーズ,BW9-B,ポケモンカードゲームBW 拡張パック「メガロキャノン」,bw9_ja,052,シュバルゴ,,U,U,https://www.pokemon-card.com/assets/images/card_images/large/BW9-B/028723_P_SHUBARUGO.jpg,RARITY_CHANGE
2dd25379-8062-445d-838b-8483cf391b9d,BWシリーズ,BW9-B,ポケモンカードゲームBW 拡張パック「メガロキャノン」,bw9_ja,053,ディアルガEX,,R,R,https://www.pokemon-card.com/assets/images/card_images/large/BW9-B/028724_P_DEIARUGAEX.jpg,RARITY_CHANGE
a6e50a4b-c963-4d7a-937d-4625d35723e4,BWシリーズ,BW9-B,ポケモンカードゲームBW 拡張パック「メガロキャノン」,bw9_ja,054,パルキアEX,,R,R,https://www.pokemon-card.com/assets/images/card_images/large/BW9-B/028725_P_PARUKIAEX.jpg,RARITY_CHANGE
35d9c07d-3459-41ab-9b6d-899084c9cf22,BWシリーズ,BW9-B,ポケモンカードゲームBW 拡張パック「メガロキャノン」,bw9_ja,055,キバゴ,,C,C,https://www.pokemon-card.com/assets/images/card_images/large/BW9-B/028726_P_KIBAGO.jpg,RARITY_CHANGE
404d2316-d8d4-42fc-a6ad-3be0febebe99,SVシリーズ,SV3a,レイジングサーフ,sv3a_ja,089,パラソルおねえさん,,SAR,SAR,https://assets.tcgdex.net/ja/SV/SV3a/089/high.webp,RARITY_CHANGE
754d1799-234d-41c7-895a-dfbd03b88dee,BWシリーズ,BW9-B,ポケモンカードゲームBW 拡張パック「メガロキャノン」,bw9_ja,056,オノンド,,C,C,https://www.pokemon-card.com/assets/images/card_images/large/BW9-B/028727_P_ONONDO.jpg,RARITY_CHANGE
34934b6f-13c2-4657-8000-5baf9a49a839,BWシリーズ,BW9-B,ポケモンカードゲームBW 拡張パック「メガロキャノン」,bw9_ja,057,オノノクス,,R,R,https://www.pokemon-card.com/assets/images/card_images/large/BW9-B/028728_P_ONONOKUSU.jpg,RARITY_CHANGE
b3de07c7-a960-4a09-a28c-4635e5fb9232,BWシリーズ,BW9-B,ポケモンカードゲームBW 拡張パック「メガロキャノン」,bw9_ja,058,クリムガン,,C,C,https://www.pokemon-card.com/assets/images/card_images/large/BW9-B/028729_P_KURIMUGAN.jpg,RARITY_CHANGE
007ce285-1cb6-41d3-87ce-b644b303aaee,BWシリーズ,BW9-B,ポケモンカードゲームBW 拡張パック「メガロキャノン」,bw9_ja,059,ポリゴン,,C,C,https://www.pokemon-card.com/assets/images/card_images/large/BW9-B/028730_P_PORIGON.jpg,RARITY_CHANGE
74d9fccb-6a90-400b-abb2-926800f3959f,BWシリーズ,BW9-B,ポケモンカードゲームBW 拡張パック「メガロキャノン」,bw9_ja,060,ポリゴン2,,C,C,https://www.pokemon-card.com/assets/images/card_images/large/BW9-B/028731_P_PORIGON.jpg,RARITY_CHANGE
1f2b5db2-87ce-4e10-873f-d6806f4c3c65,BWシリーズ,BW9-B,ポケモンカードゲームBW 拡張パック「メガロキャノン」,bw9_ja,061,ポリゴンZ,,R,R,https://www.pokemon-card.com/assets/images/card_images/large/BW9-B/028732_P_PORIGONZ.jpg,RARITY_CHANGE
45a06bf3-ebc4-43a9-85c2-5e3cff97bc03,BWシリーズ,BW9-B,ポケモンカードゲームBW 拡張パック「メガロキャノン」,bw9_ja,062,ヒメグマ,,C,C,https://www.pokemon-card.com/assets/images/card_images/large/BW9-B/028733_P_HIMEGUMA.jpg,RARITY_CHANGE
f7979083-2edc-4d32-96c3-ae4110f29fb7,BWシリーズ,BW9-B,ポケモンカードゲームBW 拡張パック「メガロキャノン」,bw9_ja,063,リングマ,,C,C,https://www.pokemon-card.com/assets/images/card_images/large/BW9-B/028734_P_RINGUMA.jpg,RARITY_CHANGE
613bf365-0dfe-4193-b4d3-e946ab384e9c,BWシリーズ,BW9-B,ポケモンカードゲームBW 拡張パック「メガロキャノン」,bw9_ja,064,ペラップ,,C,C,https://www.pokemon-card.com/assets/images/card_images/large/BW9-B/028735_P_PERAPPU.jpg,RARITY_CHANGE
668c0108-c270-4a65-8bf0-ded49ad0b441,BWシリーズ,BW9-B,ポケモンカードゲームBW 拡張パック「メガロキャノン」,bw9_ja,065,ねっこの化石 リリーラ,,U,U,https://www.pokemon-card.com/assets/images/card_images/large/BW9-B/028736_T_NEKKONOKASEKIRIRIRA.jpg,RARITY_CHANGE
ea50f187-ac3e-4f49-876c-1b1ed1c19146,BWシリーズ,BW9-B,ポケモンカードゲームBW 拡張パック「メガロキャノン」,bw9_ja,066,はねの化石,,U,U,https://www.pokemon-card.com/assets/images/card_images/large/BW9-B/028737_T_HANENOKASEKI.jpg,RARITY_CHANGE
e55ca8de-a7f4-41f7-8968-7a89d9d3a6bc,BWシリーズ,BW9-B,ポケモンカードゲームBW 拡張パック「メガロキャノン」,bw9_ja,067,ふたの化石,,U,U,https://www.pokemon-card.com/assets/images/card_images/large/BW9-B/028738_T_FUTANOKASEKI.jpg,RARITY_CHANGE
290aebd6-4d16-4118-a906-c1cccd35dd40,BWシリーズ,BW9-B,ポケモンカードゲームBW 拡張パック「メガロキャノン」,bw9_ja,068,シルバーバングル,,U,U,https://www.pokemon-card.com/assets/images/card_images/large/BW9-B/028739_T_SHIRUBABANGURU.jpg,RARITY_CHANGE
d787ddfc-11ce-4e06-9640-8d56db51f00a,BWシリーズ,BW9-B,ポケモンカードゲームBW 拡張パック「メガロキャノン」,bw9_ja,069,白銀の鏡,,U,U,https://www.pokemon-card.com/assets/images/card_images/large/BW9-B/028740_T_HAKUGINNOKAGAMI.jpg,RARITY_CHANGE
3ffd9fc9-7e30-4bc6-94f8-98156ed16a03,BWシリーズ,BW9-B,ポケモンカードゲームBW 拡張パック「メガロキャノン」,bw9_ja,070,リバーサルトリガー,,U,U,https://www.pokemon-card.com/assets/images/card_images/large/BW9-B/028741_T_RIBASARUTORIGA.jpg,RARITY_CHANGE
329d67da-7132-4051-980d-4aacff94d93a,BWシリーズ,BW9-B,ポケモンカードゲームBW 拡張パック「メガロキャノン」,bw9_ja,071,アイリス,,U,U,https://www.pokemon-card.com/assets/images/card_images/large/BW9-B/028742_T_AIRISU.jpg,RARITY_CHANGE
013b7cd1-3889-42cd-8cd9-757f25d674c2,BWシリーズ,BW9-B,ポケモンカードゲームBW 拡張パック「メガロキャノン」,bw9_ja,072,カトレア,,U,U,https://www.pokemon-card.com/assets/images/card_images/large/BW9-B/028743_T_KATOREA.jpg,RARITY_CHANGE
21927fbb-0cf7-4008-a12b-6467aaf16fba,BWシリーズ,BW9-B,ポケモンカードゲームBW 拡張パック「メガロキャノン」,bw9_ja,073,ポケモン回収サイクロン,,R,R,https://www.pokemon-card.com/assets/images/card_images/large/BW9-B/028744_T_POKEMONKAISHUUSAIKURON.jpg,RARITY_CHANGE
c70b2e99-44ff-4c31-a213-d5aadb2aa454,BWシリーズ,BW9-B,ポケモンカードゲームBW 拡張パック「メガロキャノン」,bw9_ja,074,Gスコープ,,R,R,https://www.pokemon-card.com/assets/images/card_images/large/BW9-B/028745_T_GSUKOPU.jpg,RARITY_CHANGE
9b772422-4063-4ba8-8807-eb0884c9045c,BWシリーズ,BW9-B,ポケモンカードゲームBW 拡張パック「メガロキャノン」,bw9_ja,075,Gブースター,,R,R,https://www.pokemon-card.com/assets/images/card_images/large/BW9-B/028746_T_GBUSUTA.jpg,RARITY_CHANGE
f15e7b95-f289-439d-9f70-fc6bf38e5768,BWシリーズ,BW9-B,ポケモンカードゲームBW 拡張パック「メガロキャノン」,bw9_ja,076,プラズマエネルギー,,U,U,https://www.pokemon-card.com/assets/images/card_images/large/BW9-B/028747_E_PURAZUMAENERUGI.jpg,RARITY_CHANGE
223b7a9f-1a02-45ed-b67a-2730844072f2,BWシリーズ,BW9-B,ポケモンカードゲームBW 拡張パック「メガロキャノン」,bw9_ja,029,エムリット,,R,R,https://www.pokemon-card.com/assets/images/card_images/large/BW9-B/028748_P_EMURITTO.jpg,RARITY_CHANGE
91e0dd68-16ac-4a12-a0a0-9ebd21214768,XYシリーズ,CP3,ポケモンカードゲームXY BREAK コンセプトパック「ポケキュンコレクション」,cp3_ja,001,チコリータ,,C,C,https://www.pokemon-card.com/assets/images/card_images/large/CP3/031601_P_CHIKORITA.jpg,RARITY_CHANGE
55a65d34-7a26-477a-bdbf-f26933d86087,XYシリーズ,CP3,ポケモンカードゲームXY BREAK コンセプトパック「ポケキュンコレクション」,cp3_ja,002,キノココ,,C,C,https://www.pokemon-card.com/assets/images/card_images/large/CP3/031602_P_KINOKOKO.jpg,RARITY_CHANGE
6f1c874d-d1f9-4609-9f4e-0d0de944c81e,XYシリーズ,CP3,ポケモンカードゲームXY BREAK コンセプトパック「ポケキュンコレクション」,cp3_ja,003,ヒトカゲ,,C,C,https://www.pokemon-card.com/assets/images/card_images/large/CP3/031603_P_HITOKAGE.jpg,RARITY_CHANGE
39f70daf-4e6a-4b40-96d4-84bf76a47038,XYシリーズ,CP3,ポケモンカードゲームXY BREAK コンセプトパック「ポケキュンコレクション」,cp3_ja,004,リザード,,C,C,https://www.pokemon-card.com/assets/images/card_images/large/CP3/031604_P_RIZADO.jpg,RARITY_CHANGE
92a737d9-d348-47a6-be3e-acdcf53476d1,XYシリーズ,CP3,ポケモンカードゲームXY BREAK コンセプトパック「ポケキュンコレクション」,cp3_ja,005,リザードン,,U,U,https://www.pokemon-card.com/assets/images/card_images/large/CP3/031605_P_RIZADON.jpg,RARITY_CHANGE
005a604a-dde3-4565-827d-a74923fe5cb9,XYシリーズ,CP3,ポケモンカードゲームXY BREAK コンセプトパック「ポケキュンコレクション」,cp3_ja,006,ブースターEX,,RR,RR,https://www.pokemon-card.com/assets/images/card_images/large/CP3/031606_P_BUSUTAEX.jpg,RARITY_CHANGE
2afdaaec-6f20-4805-bba2-e388f32b9d83,XYシリーズ,CP3,ポケモンカードゲームXY BREAK コンセプトパック「ポケキュンコレクション」,cp3_ja,007,ブースターEX,,RR,RR,https://www.pokemon-card.com/assets/images/card_images/large/CP3/031607_P_BUSUTAEX.jpg,RARITY_CHANGE
aadf92b3-a19a-4685-973b-5c02507499d5,XYシリーズ,CP3,ポケモンカードゲームXY BREAK コンセプトパック「ポケキュンコレクション」,cp3_ja,008,ユキワラシ,,C,C,https://www.pokemon-card.com/assets/images/card_images/large/CP3/031608_P_YUKIWARASHI.jpg,RARITY_CHANGE
9267afca-e630-4ac7-a609-7674f5949f65,XYシリーズ,CP3,ポケモンカードゲームXY BREAK コンセプトパック「ポケキュンコレクション」,cp3_ja,009,ユキメノコ,,U,U,https://www.pokemon-card.com/assets/images/card_images/large/CP3/031609_P_YUKIMENOKO.jpg,RARITY_CHANGE
a8101a49-addd-45f7-86f7-7adb68768347,XYシリーズ,CP3,ポケモンカードゲームXY BREAK コンセプトパック「ポケキュンコレクション」,cp3_ja,010,ピカチュウ,,RR,RR,https://www.pokemon-card.com/assets/images/card_images/large/CP3/031610_P_PIKACHUU.jpg,RARITY_CHANGE
b5768e51-891c-400f-bb03-a67f46d49468,XYシリーズ,CP3,ポケモンカードゲームXY BREAK コンセプトパック「ポケキュンコレクション」,cp3_ja,011,ライチュウ,,C,C,https://www.pokemon-card.com/assets/images/card_images/large/CP3/031611_P_RAICHUU.jpg,RARITY_CHANGE
440e63f4-115e-40ad-8288-e60cff450790,XYシリーズ,CP3,ポケモンカードゲームXY BREAK コンセプトパック「ポケキュンコレクション」,cp3_ja,012,デデンネ,,U,U,https://www.pokemon-card.com/assets/images/card_images/large/CP3/031612_P_DEDENNE.jpg,RARITY_CHANGE
a12eecfe-af2c-4b52-af1f-388d218c93ed,XYシリーズ,CP3,ポケモンカードゲームXY BREAK コンセプトパック「ポケキュンコレクション」,cp3_ja,013,ソーナンス,,C,C,https://www.pokemon-card.com/assets/images/card_images/large/CP3/031613_P_SONANSU.jpg,RARITY_CHANGE
fd142b0e-8ace-438d-a758-ae252c3bd3ba,XYシリーズ,CP3,ポケモンカードゲームXY BREAK コンセプトパック「ポケキュンコレクション」,cp3_ja,014,ゴクリン,,C,C,https://www.pokemon-card.com/assets/images/card_images/large/CP3/031614_P_GOKURIN.jpg,RARITY_CHANGE
fd86b823-a54c-4715-9530-6180672057d4,XYシリーズ,CP3,ポケモンカードゲームXY BREAK コンセプトパック「ポケキュンコレクション」,cp3_ja,015,ジラーチ,,U,U,https://www.pokemon-card.com/assets/images/card_images/large/CP3/031615_P_JIRACHI.jpg,RARITY_CHANGE
447fd10d-7b0b-49bd-911c-92c2da257b90,XYシリーズ,CP3,ポケモンカードゲームXY BREAK コンセプトパック「ポケキュンコレクション」,cp3_ja,016,ニャスパー,,C,C,https://www.pokemon-card.com/assets/images/card_images/large/CP3/031616_P_NYASUPA.jpg,RARITY_CHANGE
b328904a-97df-48cc-8f7d-3507ac9b7ca2,XYシリーズ,CP3,ポケモンカードゲームXY BREAK コンセプトパック「ポケキュンコレクション」,cp3_ja,017,ニャオニクス,,U,U,https://www.pokemon-card.com/assets/images/card_images/large/CP3/031617_P_NYAONIKUSU.jpg,RARITY_CHANGE
d991177d-5264-4b1f-913f-81c275bb66e7,XYシリーズ,CP3,ポケモンカードゲームXY BREAK コンセプトパック「ポケキュンコレクション」,cp3_ja,018,イベルタル,,U,U,https://www.pokemon-card.com/assets/images/card_images/large/CP3/031618_P_IBERUTARU.jpg,RARITY_CHANGE
98a1e398-1947-4cec-8144-396144f74c2e,XYシリーズ,CP3,ポケモンカードゲームXY BREAK コンセプトパック「ポケキュンコレクション」,cp3_ja,019,サーナイトEX,,RR,RR,https://www.pokemon-card.com/assets/images/card_images/large/CP3/031619_P_SANAITOEX.jpg,RARITY_CHANGE
26930c6b-6860-4ce1-8805-4a3aa450dae9,XYシリーズ,CP3,ポケモンカードゲームXY BREAK コンセプトパック「ポケキュンコレクション」,cp3_ja,020,megaサーナイトEX,,RR,RR,https://www.pokemon-card.com/assets/images/card_images/large/CP3/031620_P_MSANAITOEX.jpg,RARITY_CHANGE
24156aab-a06d-447f-bccd-e2b5fdde1d82,XYシリーズ,CP3,ポケモンカードゲームXY BREAK コンセプトパック「ポケキュンコレクション」,cp3_ja,021,フラベベ,,C,C,https://www.pokemon-card.com/assets/images/card_images/large/CP3/031621_P_FURABEBE.jpg,RARITY_CHANGE
7010cc15-0f96-4d62-b216-06d81eaed56c,XYシリーズ,CP3,ポケモンカードゲームXY BREAK コンセプトパック「ポケキュンコレクション」,cp3_ja,022,フラエッテ,,U,U,https://www.pokemon-card.com/assets/images/card_images/large/CP3/031622_P_FURAETTE.jpg,RARITY_CHANGE
9e560aa3-e5be-4794-bf0a-559ecf7accb2,XYシリーズ,CP3,ポケモンカードゲームXY BREAK コンセプトパック「ポケキュンコレクション」,cp3_ja,023,ペロッパフ,,U,U,https://www.pokemon-card.com/assets/images/card_images/large/CP3/031623_P_PEROPPAFU.jpg,RARITY_CHANGE
b7371744-d975-40bb-a2d3-f4c090cae6c1,XYシリーズ,CP3,ポケモンカードゲームXY BREAK コンセプトパック「ポケキュンコレクション」,cp3_ja,024,ペロリーム,,U,U,https://www.pokemon-card.com/assets/images/card_images/large/CP3/031624_P_PERORIMU.jpg,RARITY_CHANGE
31615b67-02ff-4a3d-8b8a-0df1d6d6672a,XYシリーズ,CP3,ポケモンカードゲームXY BREAK コンセプトパック「ポケキュンコレクション」,cp3_ja,025,ニンフィアEX,,RR,RR,https://www.pokemon-card.com/assets/images/card_images/large/CP3/031625_P_NINFIAEX.jpg,RARITY_CHANGE
920cffc1-792a-4cbb-b946-d016612f57ed,XYシリーズ,CP3,ポケモンカードゲームXY BREAK コンセプトパック「ポケキュンコレクション」,cp3_ja,026,ニンフィアEX,,RR,RR,https://www.pokemon-card.com/assets/images/card_images/large/CP3/031626_P_NINFIAEX.jpg,RARITY_CHANGE
5c1cc8b1-ec01-4476-8deb-a8de6084270a,XYシリーズ,CP3,ポケモンカードゲームXY BREAK コンセプトパック「ポケキュンコレクション」,cp3_ja,027,ディアンシー,,U,U,https://www.pokemon-card.com/assets/images/card_images/large/CP3/031627_P_DEIANSHI.jpg,RARITY_CHANGE
38c7f1cf-b783-468b-8fb7-226fe37f4fd7,XYシリーズ,CP3,ポケモンカードゲームXY BREAK コンセプトパック「ポケキュンコレクション」,cp3_ja,028,チルット,,C,C,https://www.pokemon-card.com/assets/images/card_images/large/CP3/031628_P_CHIRUTTO.jpg,RARITY_CHANGE
74a97bb9-023d-4f33-bcfe-f49936abc579,XYシリーズ,CP3,ポケモンカードゲームXY BREAK コンセプトパック「ポケキュンコレクション」,cp3_ja,029,チルタリス,,U,U,https://www.pokemon-card.com/assets/images/card_images/large/CP3/031629_P_CHIRUTARISU.jpg,RARITY_CHANGE
aa45cad6-7037-47af-91c6-ce138c505a89,XYシリーズ,CP3,ポケモンカードゲームXY BREAK コンセプトパック「ポケキュンコレクション」,cp3_ja,030,ヤヤコマ,,C,C,https://www.pokemon-card.com/assets/images/card_images/large/CP3/031630_P_YAYAKOMA.jpg,RARITY_CHANGE
2988ec57-e035-40be-88e3-f09f52f8a390,XYシリーズ,CP3,ポケモンカードゲームXY BREAK コンセプトパック「ポケキュンコレクション」,cp3_ja,031,おはなのかんむり,,C,C,https://www.pokemon-card.com/assets/images/card_images/large/CP3/031631_T_OHANANOKANMURI.jpg,RARITY_CHANGE
632057c8-d8de-4d75-b30f-1732aaf33e4a,XYシリーズ,CP3,ポケモンカードゲームXY BREAK コンセプトパック「ポケキュンコレクション」,cp3_ja,032,ミツル,,U,U,https://www.pokemon-card.com/assets/images/card_images/large/CP3/031632_T_MITSURU.jpg,RARITY_CHANGE
3ced40f3-18f2-4ae7-a200-0e377ea8f88a,XYシリーズ,CP6,ポケモンカードゲームXY BREAK コンセプトパック「ポケットモンスターカードゲーム 拡張パック 20th Anniversary」,cp6_ja,001,フシギバナEX,,RR,RR,https://www.pokemon-card.com/assets/images/card_images/large/CP6/032207_P_FUSHIGIBANAEX.jpg,RARITY_CHANGE
0c889298-fb42-43f6-b67f-08c575aa9445,XYシリーズ,CP6,ポケモンカードゲームXY BREAK コンセプトパック「ポケットモンスターカードゲーム 拡張パック 20th Anniversary」,cp6_ja,002,megaフシギバナEX,,RR,RR,https://www.pokemon-card.com/assets/images/card_images/large/CP6/032208_P_MFUSHIGIBANAEX.jpg,RARITY_CHANGE
a3322474-d834-47b8-92ed-bb9009e77915,XYシリーズ,CP6,ポケモンカードゲームXY BREAK コンセプトパック「ポケットモンスターカードゲーム 拡張パック 20th Anniversary」,cp6_ja,003,キャタピー,,C,C,https://www.pokemon-card.com/assets/images/card_images/large/CP6/032209_P_KYATAPI.jpg,RARITY_CHANGE
e0a0eb3f-fa9a-4058-8a9b-42bb9dcc75ee,SVシリーズ,SV11B,ブラックボルト,sv11b_ja,065,シュバルゴ,U,C,C,,RARITY_CHANGE
87dc057d-7c83-459a-bea6-9fe284d4abe4,XYシリーズ,CP6,ポケモンカードゲームXY BREAK コンセプトパック「ポケットモンスターカードゲーム 拡張パック 20th Anniversary」,cp6_ja,097,megaピジョットEX,,SR,SR,https://www.pokemon-card.com/assets/images/card_images/large/CP6/035869_P_MPIJOTTOEX.jpg,RARITY_CHANGE
660dbbe4-4c89-4174-a3ba-fd784a947df0,XYシリーズ,CP6,ポケモンカードゲームXY BREAK コンセプトパック「ポケットモンスターカードゲーム 拡張パック 20th Anniversary」,cp6_ja,098,カイリューEX,,SR,SR,https://www.pokemon-card.com/assets/images/card_images/large/CP6/035870_P_KAIRYUEX.jpg,RARITY_CHANGE
a21d4c23-cc53-4a88-b9ea-8aa9c178d2fb,XYシリーズ,CP6,ポケモンカードゲームXY BREAK コンセプトパック「ポケットモンスターカードゲーム 拡張パック 20th Anniversary」,cp6_ja,004,トランセル,,C,C,https://www.pokemon-card.com/assets/images/card_images/large/CP6/032210_P_TORANSERU.jpg,RARITY_CHANGE
2eef904f-479e-4a3e-a519-f22d8ed2f390,XYシリーズ,CP6,ポケモンカードゲームXY BREAK コンセプトパック「ポケットモンスターカードゲーム 拡張パック 20th Anniversary」,cp6_ja,005,ビードル,,C,C,https://www.pokemon-card.com/assets/images/card_images/large/CP6/032211_P_BIDORU.jpg,RARITY_CHANGE
18fd21b8-f6b6-4a03-a238-525011caaf5e,XYシリーズ,CP6,ポケモンカードゲームXY BREAK コンセプトパック「ポケットモンスターカードゲーム 拡張パック 20th Anniversary」,cp6_ja,006,コクーン,,C,C,https://www.pokemon-card.com/assets/images/card_images/large/CP6/032212_P_KOKUN.jpg,RARITY_CHANGE
a3fc80ca-c1df-4dd0-a5c3-5311cba2a90b,XYシリーズ,CP6,ポケモンカードゲームXY BREAK コンセプトパック「ポケットモンスターカードゲーム 拡張パック 20th Anniversary」,cp6_ja,007,スピアー,,U,U,https://www.pokemon-card.com/assets/images/card_images/large/CP6/032213_P_SUPIA.jpg,RARITY_CHANGE
2e19ac64-4025-461e-863f-06d8e406b682,XYシリーズ,CP6,ポケモンカードゲームXY BREAK コンセプトパック「ポケットモンスターカードゲーム 拡張パック 20th Anniversary」,cp6_ja,008,モンジャラ,,C,C,https://www.pokemon-card.com/assets/images/card_images/large/CP6/032214_P_MONJARA.jpg,RARITY_CHANGE
6b9b31ba-0020-4e2f-aad5-4ce5375b6c52,XYシリーズ,CP6,ポケモンカードゲームXY BREAK コンセプトパック「ポケットモンスターカードゲーム 拡張パック 20th Anniversary」,cp6_ja,009,ヒトカゲ,,C,C,https://www.pokemon-card.com/assets/images/card_images/large/CP6/032215_P_HITOKAGE.jpg,RARITY_CHANGE
dd609b2b-46ac-4783-b311-478c3ab40c56,XYシリーズ,CP6,ポケモンカードゲームXY BREAK コンセプトパック「ポケットモンスターカードゲーム 拡張パック 20th Anniversary」,cp6_ja,010,リザード,,U,U,https://www.pokemon-card.com/assets/images/card_images/large/CP6/032216_P_RIZADO.jpg,RARITY_CHANGE
a56fa1c8-8dae-4115-8745-f03de89b1b48,XYシリーズ,CP6,ポケモンカードゲームXY BREAK コンセプトパック「ポケットモンスターカードゲーム 拡張パック 20th Anniversary」,cp6_ja,011,リザードン,,R,R,https://www.pokemon-card.com/assets/images/card_images/large/CP6/032217_P_RIZADON.jpg,RARITY_CHANGE
25609fc2-0115-4b7f-bfb3-c97bbe91e98d,XYシリーズ,CP6,ポケモンカードゲームXY BREAK コンセプトパック「ポケットモンスターカードゲーム 拡張パック 20th Anniversary」,cp6_ja,012,リザードンEX,,RR,RR,https://www.pokemon-card.com/assets/images/card_images/large/CP6/032218_P_RIZADONEX.jpg,RARITY_CHANGE
2263bb87-0ecb-401a-8b8d-c7e65e39314f,XYシリーズ,CP6,ポケモンカードゲームXY BREAK コンセプトパック「ポケットモンスターカードゲーム 拡張パック 20th Anniversary」,cp6_ja,013,megaリザードンEX,,RR,RR,https://www.pokemon-card.com/assets/images/card_images/large/CP6/032219_P_MRIZADONEX.jpg,RARITY_CHANGE
953a9add-7752-4495-b0fb-496d660d1d09,XYシリーズ,CP6,ポケモンカードゲームXY BREAK コンセプトパック「ポケットモンスターカードゲーム 拡張パック 20th Anniversary」,cp6_ja,014,ロコン,,C,C,https://www.pokemon-card.com/assets/images/card_images/large/CP6/032220_P_ROKON.jpg,RARITY_CHANGE
70fb9ecd-e50f-4d8b-a9b9-d86ee1cbbee7,XYシリーズ,CP6,ポケモンカードゲームXY BREAK コンセプトパック「ポケットモンスターカードゲーム 拡張パック 20th Anniversary」,cp6_ja,015,キュウコン,,R,R,https://www.pokemon-card.com/assets/images/card_images/large/CP6/032221_P_KYUUKON.jpg,RARITY_CHANGE
469feb67-622e-4793-b06a-764fcd6cadb7,XYシリーズ,CP6,ポケモンカードゲームXY BREAK コンセプトパック「ポケットモンスターカードゲーム 拡張パック 20th Anniversary」,cp6_ja,016,キュウコンBREAK,,RR,RR,https://www.pokemon-card.com/assets/images/card_images/legend/CP6/032222_P_KYUUKONBREAK.jpg,RARITY_CHANGE
94f70b40-94f5-4a2a-8ba6-8dbd04db3669,XYシリーズ,CP6,ポケモンカードゲームXY BREAK コンセプトパック「ポケットモンスターカードゲーム 拡張パック 20th Anniversary」,cp6_ja,017,ガーディ,,C,C,https://www.pokemon-card.com/assets/images/card_images/large/CP6/032223_P_GADEI.jpg,RARITY_CHANGE
145f9a6e-613e-4e6a-b70a-1eef923b2453,XYシリーズ,CP6,ポケモンカードゲームXY BREAK コンセプトパック「ポケットモンスターカードゲーム 拡張パック 20th Anniversary」,cp6_ja,018,ウインディ,,U,U,https://www.pokemon-card.com/assets/images/card_images/large/CP6/032224_P_UINDEI.jpg,RARITY_CHANGE
e72ec6b1-43d7-44b2-9bd1-df13fb3ae817,XYシリーズ,CP6,ポケモンカードゲームXY BREAK コンセプトパック「ポケットモンスターカードゲーム 拡張パック 20th Anniversary」,cp6_ja,019,ポニータ,,C,C,https://www.pokemon-card.com/assets/images/card_images/large/CP6/032225_P_PONITA.jpg,RARITY_CHANGE
d87336e5-5657-48bf-b055-f8860eb041ba,XYシリーズ,CP6,ポケモンカードゲームXY BREAK コンセプトパック「ポケットモンスターカードゲーム 拡張パック 20th Anniversary」,cp6_ja,020,ブーバー,,C,C,https://www.pokemon-card.com/assets/images/card_images/large/CP6/032226_P_BUBA.jpg,RARITY_CHANGE
fb889a0b-212c-456a-bd11-bbeac532c308,XYシリーズ,CP6,ポケモンカードゲームXY BREAK コンセプトパック「ポケットモンスターカードゲーム 拡張パック 20th Anniversary」,cp6_ja,021,カメックスEX,,RR,RR,https://www.pokemon-card.com/assets/images/card_images/large/CP6/032227_P_KAMEKKUSUEX.jpg,RARITY_CHANGE
cba8d08f-9192-41c9-a6ce-526eebb0b56d,XYシリーズ,CP6,ポケモンカードゲームXY BREAK コンセプトパック「ポケットモンスターカードゲーム 拡張パック 20th Anniversary」,cp6_ja,022,megaカメックスEX,,RR,RR,https://www.pokemon-card.com/assets/images/card_images/large/CP6/032228_P_MKAMEKKUSUEX.jpg,RARITY_CHANGE
c90d18aa-37bb-4bbd-ae60-3ae0fce7133a,XYシリーズ,CP6,ポケモンカードゲームXY BREAK コンセプトパック「ポケットモンスターカードゲーム 拡張パック 20th Anniversary」,cp6_ja,023,ニョロモ,,C,C,https://www.pokemon-card.com/assets/images/card_images/large/CP6/032229_P_NYOROMO.jpg,RARITY_CHANGE
76e37530-20f8-497f-9fd1-de30a5438000,XYシリーズ,CP6,ポケモンカードゲームXY BREAK コンセプトパック「ポケットモンスターカードゲーム 拡張パック 20th Anniversary」,cp6_ja,024,ニョロゾ,,C,C,https://www.pokemon-card.com/assets/images/card_images/large/CP6/032230_P_NYOROZO.jpg,RARITY_CHANGE
f2a52be2-0fa9-42dc-846b-bc228afb84ef,XYシリーズ,CP6,ポケモンカードゲームXY BREAK コンセプトパック「ポケットモンスターカードゲーム 拡張パック 20th Anniversary」,cp6_ja,025,ニョロボン,,R,R,https://www.pokemon-card.com/assets/images/card_images/large/CP6/032231_P_NYOROBON.jpg,RARITY_CHANGE
dd11386c-b643-4b8a-8c36-19743546e9b8,XYシリーズ,CP6,ポケモンカードゲームXY BREAK コンセプトパック「ポケットモンスターカードゲーム 拡張パック 20th Anniversary」,cp6_ja,026,パウワウ,,C,C,https://www.pokemon-card.com/assets/images/card_images/large/CP6/032232_P_PAUWAU.jpg,RARITY_CHANGE
7a2130f1-4ef9-48d3-8b35-fcaa0e8fbc96,XYシリーズ,CP6,ポケモンカードゲームXY BREAK コンセプトパック「ポケットモンスターカードゲーム 拡張パック 20th Anniversary」,cp6_ja,027,ジュゴン,,U,U,https://www.pokemon-card.com/assets/images/card_images/large/CP6/032233_P_JUGON.jpg,RARITY_CHANGE
cfb1ca68-67e5-4d3a-ac15-7bb24bad50de,XYシリーズ,CP6,ポケモンカードゲームXY BREAK コンセプトパック「ポケットモンスターカードゲーム 拡張パック 20th Anniversary」,cp6_ja,028,ヒトデマン,,C,C,https://www.pokemon-card.com/assets/images/card_images/large/CP6/032234_P_HITODEMAN.jpg,RARITY_CHANGE
993600ec-3154-42be-9466-fc1c22204259,XYシリーズ,CP6,ポケモンカードゲームXY BREAK コンセプトパック「ポケットモンスターカードゲーム 拡張パック 20th Anniversary」,cp6_ja,029,スターミー,,U,U,https://www.pokemon-card.com/assets/images/card_images/large/CP6/032235_P_SUTAMI.jpg,RARITY_CHANGE
79dfd69c-5937-49a3-bd8e-a1f62c1c4579,XYシリーズ,CP6,ポケモンカードゲームXY BREAK コンセプトパック「ポケットモンスターカードゲーム 拡張パック 20th Anniversary」,cp6_ja,030,スターミーBREAK,,RR,RR,https://www.pokemon-card.com/assets/images/card_images/legend/CP6/032236_P_SUTAMIBREAK.jpg,RARITY_CHANGE
84853821-2c3d-454b-ab35-c6dca0ea0627,XYシリーズ,CP6,ポケモンカードゲームXY BREAK コンセプトパック「ポケットモンスターカードゲーム 拡張パック 20th Anniversary」,cp6_ja,031,コイキング,,C,C,https://www.pokemon-card.com/assets/images/card_images/large/CP6/032237_P_KOIKINGU.jpg,RARITY_CHANGE
e7b6587c-a26a-4560-8e05-1c226840af78,XYシリーズ,CP6,ポケモンカードゲームXY BREAK コンセプトパック「ポケットモンスターカードゲーム 拡張パック 20th Anniversary」,cp6_ja,032,ギャラドス,,R,R,https://www.pokemon-card.com/assets/images/card_images/large/CP6/032238_P_GYARADOSU.jpg,RARITY_CHANGE
0727d2c7-3e09-4e82-b2c2-6237bc2b331c,XYシリーズ,CP6,ポケモンカードゲームXY BREAK コンセプトパック「ポケットモンスターカードゲーム 拡張パック 20th Anniversary」,cp6_ja,033,ピカチュウ,,C,C,https://www.pokemon-card.com/assets/images/card_images/large/CP6/032239_P_PIKACHUU.jpg,RARITY_CHANGE
22103753-1666-4c02-832c-922ad8d29221,XYシリーズ,CP6,ポケモンカードゲームXY BREAK コンセプトパック「ポケットモンスターカードゲーム 拡張パック 20th Anniversary」,cp6_ja,034,ライチュウ,,R,R,https://www.pokemon-card.com/assets/images/card_images/large/CP6/032240_P_RAICHUU.jpg,RARITY_CHANGE
0f8b925b-54ac-4199-a02f-31e0967bb6fc,XYシリーズ,CP6,ポケモンカードゲームXY BREAK コンセプトパック「ポケットモンスターカードゲーム 拡張パック 20th Anniversary」,cp6_ja,035,コイル,,C,C,https://www.pokemon-card.com/assets/images/card_images/large/CP6/032241_P_KOIRU.jpg,RARITY_CHANGE
8dd958fe-43aa-4190-b78e-06108ebb03be,XYシリーズ,CP6,ポケモンカードゲームXY BREAK コンセプトパック「ポケットモンスターカードゲーム 拡張パック 20th Anniversary」,cp6_ja,036,レアコイル,,R,R,https://www.pokemon-card.com/assets/images/card_images/large/CP6/032242_P_REAKOIRU.jpg,RARITY_CHANGE
b41c9f1b-949a-40a9-b6a0-7c8ba2c564b2,XYシリーズ,CP6,ポケモンカードゲームXY BREAK コンセプトパック「ポケットモンスターカードゲーム 拡張パック 20th Anniversary」,cp6_ja,037,ビリリダマ,,C,C,https://www.pokemon-card.com/assets/images/card_images/large/CP6/032243_P_BIRIRIDAMA.jpg,RARITY_CHANGE
18406c67-b11d-4136-95ed-0747ff93a4de,XYシリーズ,CP6,ポケモンカードゲームXY BREAK コンセプトパック「ポケットモンスターカードゲーム 拡張パック 20th Anniversary」,cp6_ja,038,マルマイン,,U,U,https://www.pokemon-card.com/assets/images/card_images/large/CP6/032244_P_MARUMAIN.jpg,RARITY_CHANGE
71bbc094-e5ea-45a3-85f4-a3d751e52f5d,XYシリーズ,CP6,ポケモンカードゲームXY BREAK コンセプトパック「ポケットモンスターカードゲーム 拡張パック 20th Anniversary」,cp6_ja,039,エレブー,,C,C,https://www.pokemon-card.com/assets/images/card_images/large/CP6/032245_P_EREBU.jpg,RARITY_CHANGE
3784fa63-5d27-4f02-aed7-5764271c963f,XYシリーズ,CP6,ポケモンカードゲームXY BREAK コンセプトパック「ポケットモンスターカードゲーム 拡張パック 20th Anniversary」,cp6_ja,040,サンダー,,R,R,https://www.pokemon-card.com/assets/images/card_images/large/CP6/032246_P_SANDA.jpg,RARITY_CHANGE
c5e67dff-59a6-48e5-a663-7ae0aee1b49f,XYシリーズ,CP6,ポケモンカードゲームXY BREAK コンセプトパック「ポケットモンスターカードゲーム 拡張パック 20th Anniversary」,cp6_ja,041,ニドラン♂,,C,C,https://www.pokemon-card.com/assets/images/card_images/large/CP6/032247_P_NIDORAN.jpg,RARITY_CHANGE
f3a3dfa2-a97b-401d-9865-d3d01b30ce81,XYシリーズ,CP6,ポケモンカードゲームXY BREAK コンセプトパック「ポケットモンスターカードゲーム 拡張パック 20th Anniversary」,cp6_ja,042,ニドリーノ,,U,U,https://www.pokemon-card.com/assets/images/card_images/large/CP6/032248_P_NIDORINO.jpg,RARITY_CHANGE
9c8a42ac-fb30-4fdf-96d2-b0feac94cc8c,XYシリーズ,CP6,ポケモンカードゲームXY BREAK コンセプトパック「ポケットモンスターカードゲーム 拡張パック 20th Anniversary」,cp6_ja,043,ニドキング,,R,R,https://www.pokemon-card.com/assets/images/card_images/large/CP6/032249_P_NIDOKINGU.jpg,RARITY_CHANGE
bda0c4ca-7ce9-4c30-8e11-533f962fcad9,XYシリーズ,CP6,ポケモンカードゲームXY BREAK コンセプトパック「ポケットモンスターカードゲーム 拡張パック 20th Anniversary」,cp6_ja,044,ニドキングBREAK,,RR,RR,https://www.pokemon-card.com/assets/images/card_images/legend/CP6/032250_P_NIDOKINGUBREAK.jpg,RARITY_CHANGE
748bfa43-3da9-4758-9ae4-f9ec59fdb1fd,XYシリーズ,CP6,ポケモンカードゲームXY BREAK コンセプトパック「ポケットモンスターカードゲーム 拡張パック 20th Anniversary」,cp6_ja,045,ゴース,,C,C,https://www.pokemon-card.com/assets/images/card_images/large/CP6/032251_P_GOSU.jpg,RARITY_CHANGE
b0104471-46db-4e99-9bd3-5f3fd601c574,XYシリーズ,CP6,ポケモンカードゲームXY BREAK コンセプトパック「ポケットモンスターカードゲーム 拡張パック 20th Anniversary」,cp6_ja,046,ゴースト,,U,U,https://www.pokemon-card.com/assets/images/card_images/large/CP6/032252_P_GOSUTO.jpg,RARITY_CHANGE
c51abdb0-a90c-4ff4-8635-5736f505c5f3,XYシリーズ,CP6,ポケモンカードゲームXY BREAK コンセプトパック「ポケットモンスターカードゲーム 拡張パック 20th Anniversary」,cp6_ja,047,スリープ,,C,C,https://www.pokemon-card.com/assets/images/card_images/large/CP6/032253_P_SURIPU.jpg,RARITY_CHANGE
7316dc3c-cbf1-42fe-aa59-4183ba960484,XYシリーズ,CP6,ポケモンカードゲームXY BREAK コンセプトパック「ポケットモンスターカードゲーム 拡張パック 20th Anniversary」,cp6_ja,048,ドガース,,C,C,https://www.pokemon-card.com/assets/images/card_images/large/CP6/032254_P_DOGASU.jpg,RARITY_CHANGE
ce48aa4a-49b4-4ccb-9498-445cf9d03e3e,XYシリーズ,CP6,ポケモンカードゲームXY BREAK コンセプトパック「ポケットモンスターカードゲーム 拡張パック 20th Anniversary」,cp6_ja,049,ミュウツー,,R,R,https://www.pokemon-card.com/assets/images/card_images/large/CP6/032255_P_MYUUTSU.jpg,RARITY_CHANGE
94c597ed-660c-4337-b99b-ee846c0853ed,XYシリーズ,CP6,ポケモンカードゲームXY BREAK コンセプトパック「ポケットモンスターカードゲーム 拡張パック 20th Anniversary」,cp6_ja,050,ミュウツーEX,,RR,RR,https://www.pokemon-card.com/assets/images/card_images/large/CP6/032256_P_MYUUTSUEX.jpg,RARITY_CHANGE
58046b4d-2389-413b-99e3-f3a6f3542d4a,XYシリーズ,CP6,ポケモンカードゲームXY BREAK コンセプトパック「ポケットモンスターカードゲーム 拡張パック 20th Anniversary」,cp6_ja,051,ミュウ,,R,R,https://www.pokemon-card.com/assets/images/card_images/large/CP6/032257_P_MYUU.jpg,RARITY_CHANGE
dcf00fa6-4c56-4ef2-9c0b-4ac40ba665a4,XYシリーズ,CP6,ポケモンカードゲームXY BREAK コンセプトパック「ポケットモンスターカードゲーム 拡張パック 20th Anniversary」,cp6_ja,052,サンド,,C,C,https://www.pokemon-card.com/assets/images/card_images/large/CP6/032258_P_SANDO.jpg,RARITY_CHANGE
6ae81ee9-31fc-4b06-ae4e-11960c9d1b39,XYシリーズ,CP6,ポケモンカードゲームXY BREAK コンセプトパック「ポケットモンスターカードゲーム 拡張パック 20th Anniversary」,cp6_ja,053,ディグダ,,C,C,https://www.pokemon-card.com/assets/images/card_images/large/CP6/032259_P_DEIGUDA.jpg,RARITY_CHANGE
ad83bf3e-01b1-449e-87ce-0bfd40e15eb3,XYシリーズ,CP6,ポケモンカードゲームXY BREAK コンセプトパック「ポケットモンスターカードゲーム 拡張パック 20th Anniversary」,cp6_ja,054,ダグトリオ,,U,U,https://www.pokemon-card.com/assets/images/card_images/large/CP6/032260_P_DAGUTORIO.jpg,RARITY_CHANGE
59c18d80-552e-465d-af8c-dda2f55064ef,XYシリーズ,CP6,ポケモンカードゲームXY BREAK コンセプトパック「ポケットモンスターカードゲーム 拡張パック 20th Anniversary」,cp6_ja,055,ワンリキー,,C,C,https://www.pokemon-card.com/assets/images/card_images/large/CP6/032261_P_WANRIKI.jpg,RARITY_CHANGE
6546ae95-084d-4af4-9d6f-879ea656b0db,XYシリーズ,CP6,ポケモンカードゲームXY BREAK コンセプトパック「ポケットモンスターカードゲーム 拡張パック 20th Anniversary」,cp6_ja,056,ゴーリキー,,U,U,https://www.pokemon-card.com/assets/images/card_images/large/CP6/032262_P_GORIKI.jpg,RARITY_CHANGE
181491cb-f73f-4bb0-8069-a70f1a7519c2,XYシリーズ,CP6,ポケモンカードゲームXY BREAK コンセプトパック「ポケットモンスターカードゲーム 拡張パック 20th Anniversary」,cp6_ja,057,カイリキー,,R,R,https://www.pokemon-card.com/assets/images/card_images/large/CP6/032263_P_KAIRIKI.jpg,RARITY_CHANGE
08dbb54f-53ba-4dde-8e47-8673eb5b38ce,XYシリーズ,CP6,ポケモンカードゲームXY BREAK コンセプトパック「ポケットモンスターカードゲーム 拡張パック 20th Anniversary」,cp6_ja,058,カイリキーBREAK,,RR,RR,https://www.pokemon-card.com/assets/images/card_images/legend/CP6/032264_P_KAIRIKIBREAK.jpg,RARITY_CHANGE
4df66081-95a9-4d52-8e2a-f075b7ea92d9,XYシリーズ,CP6,ポケモンカードゲームXY BREAK コンセプトパック「ポケットモンスターカードゲーム 拡張パック 20th Anniversary」,cp6_ja,059,イワーク,,C,C,https://www.pokemon-card.com/assets/images/card_images/large/CP6/032265_P_IWAKU.jpg,RARITY_CHANGE
acf58ee2-b0d1-442b-b37a-69b136ee3328,XYシリーズ,CP6,ポケモンカードゲームXY BREAK コンセプトパック「ポケットモンスターカードゲーム 拡張パック 20th Anniversary」,cp6_ja,060,エビワラー,,R,R,https://www.pokemon-card.com/assets/images/card_images/large/CP6/032266_P_EBIWARA.jpg,RARITY_CHANGE
53b71221-e432-451d-8c77-a1f096fbb731,XYシリーズ,CP6,ポケモンカードゲームXY BREAK コンセプトパック「ポケットモンスターカードゲーム 拡張パック 20th Anniversary」,cp6_ja,061,ピッピ,,R,R,https://www.pokemon-card.com/assets/images/card_images/large/CP6/032267_P_PIPPI.jpg,RARITY_CHANGE
c08d2cf4-ef2e-4444-ad8b-55494cd758b7,XYシリーズ,CP6,ポケモンカードゲームXY BREAK コンセプトパック「ポケットモンスターカードゲーム 拡張パック 20th Anniversary」,cp6_ja,062,ピジョットEX,,RR,RR,https://www.pokemon-card.com/assets/images/card_images/large/CP6/032268_P_PIJOTTOEX.jpg,RARITY_CHANGE
bdade367-0a17-40cd-919a-2b7001c4e2e3,XYシリーズ,CP6,ポケモンカードゲームXY BREAK コンセプトパック「ポケットモンスターカードゲーム 拡張パック 20th Anniversary」,cp6_ja,063,megaピジョットEX,,RR,RR,https://www.pokemon-card.com/assets/images/card_images/large/CP6/032269_P_MPIJOTTOEX.jpg,RARITY_CHANGE
88dc69d3-f4fe-4ba0-a080-b133af077683,XYシリーズ,CP6,ポケモンカードゲームXY BREAK コンセプトパック「ポケットモンスターカードゲーム 拡張パック 20th Anniversary」,cp6_ja,064,コラッタ,,C,C,https://www.pokemon-card.com/assets/images/card_images/large/CP6/032270_P_KORATTA.jpg,RARITY_CHANGE
8559d6a8-6ad6-4ecf-adc7-a95c70e50930,XYシリーズ,CP6,ポケモンカードゲームXY BREAK コンセプトパック「ポケットモンスターカードゲーム 拡張パック 20th Anniversary」,cp6_ja,065,ラッタ,,U,U,https://www.pokemon-card.com/assets/images/card_images/large/CP6/032271_P_RATTA.jpg,RARITY_CHANGE
94382737-3ea6-4543-9f83-cbdf9b57afae,XYシリーズ,CP6,ポケモンカードゲームXY BREAK コンセプトパック「ポケットモンスターカードゲーム 拡張パック 20th Anniversary」,cp6_ja,066,カモネギ,,U,U,https://www.pokemon-card.com/assets/images/card_images/large/CP6/032272_P_KAMONEGI.jpg,RARITY_CHANGE
9e735036-4a9f-42e5-a5d6-6faa5dc473c3,XYシリーズ,CP6,ポケモンカードゲームXY BREAK コンセプトパック「ポケットモンスターカードゲーム 拡張パック 20th Anniversary」,cp6_ja,067,ドードー,,C,C,https://www.pokemon-card.com/assets/images/card_images/large/CP6/032273_P_DODO.jpg,RARITY_CHANGE
66c9f58e-cf2e-49c4-bc18-4f892dc4a8d7,XYシリーズ,CP6,ポケモンカードゲームXY BREAK コンセプトパック「ポケットモンスターカードゲーム 拡張パック 20th Anniversary」,cp6_ja,068,ラッキー,,R,R,https://www.pokemon-card.com/assets/images/card_images/large/CP6/032274_P_RAKKI.jpg,RARITY_CHANGE
7961fc09-2153-44d5-ada1-94f45aaf16a2,XYシリーズ,CP6,ポケモンカードゲームXY BREAK コンセプトパック「ポケットモンスターカードゲーム 拡張パック 20th Anniversary」,cp6_ja,069,ポリゴン,,C,C,https://www.pokemon-card.com/assets/images/card_images/large/CP6/032275_P_PORIGON.jpg,RARITY_CHANGE
06151bcf-258e-4d43-90d3-84709f686d35,XYシリーズ,CP6,ポケモンカードゲームXY BREAK コンセプトパック「ポケットモンスターカードゲーム 拡張パック 20th Anniversary」,cp6_ja,070,カイリューEX,,RR,RR,https://www.pokemon-card.com/assets/images/card_images/large/CP6/032276_P_KAIRYUEX.jpg,RARITY_CHANGE
119bf364-adbb-44d3-8ef4-e98f2da0b416,XYシリーズ,CP6,ポケモンカードゲームXY BREAK コンセプトパック「ポケットモンスターカードゲーム 拡張パック 20th Anniversary」,cp6_ja,071,いいきずぐすり,,U,U,https://www.pokemon-card.com/assets/images/card_images/large/CP6/032277_T_IIKIZUGUSURI.jpg,RARITY_CHANGE
60b4f961-618a-4e07-ae94-265a830ffdfb,XYシリーズ,CP6,ポケモンカードゲームXY BREAK コンセプトパック「ポケットモンスターカードゲーム 拡張パック 20th Anniversary」,cp6_ja,072,エネルギー回収,,U,U,https://www.pokemon-card.com/assets/images/card_images/large/CP6/032278_T_ENERUGIKAISHUU.jpg,RARITY_CHANGE
94c96fe1-e6b3-4b93-9944-fb4d80b5d96a,XYシリーズ,CP6,ポケモンカードゲームXY BREAK コンセプトパック「ポケットモンスターカードゲーム 拡張パック 20th Anniversary」,cp6_ja,073,きずぐすり,,U,U,https://www.pokemon-card.com/assets/images/card_images/large/CP6/032279_T_KIZUGUSURI.jpg,RARITY_CHANGE
efea3eee-fb82-456f-924d-81a82b7e2ed5,XYシリーズ,CP6,ポケモンカードゲームXY BREAK コンセプトパック「ポケットモンスターカードゲーム 拡張パック 20th Anniversary」,cp6_ja,074,げんきのかけら,,U,U,https://www.pokemon-card.com/assets/images/card_images/large/CP6/032280_T_GENKINOKAKERA.jpg,RARITY_CHANGE
cd5555f0-3531-4a6a-aac7-9b6e46c47aa7,XYシリーズ,CP6,ポケモンカードゲームXY BREAK コンセプトパック「ポケットモンスターカードゲーム 拡張パック 20th Anniversary」,cp6_ja,075,退化スプレー,,U,U,https://www.pokemon-card.com/assets/images/card_images/large/CP6/032281_T_TAIKASUPURE.jpg,RARITY_CHANGE
697caebb-8215-45c9-b039-ff701b254af1,XYシリーズ,CP6,ポケモンカードゲームXY BREAK コンセプトパック「ポケットモンスターカードゲーム 拡張パック 20th Anniversary」,cp6_ja,076,なんでもなおし,,U,U,https://www.pokemon-card.com/assets/images/card_images/large/CP6/032282_T_NANDEMONAOSHI.jpg,RARITY_CHANGE
cacbde62-ac8e-46fc-8d94-82ae90a7d521,XYシリーズ,CP6,ポケモンカードゲームXY BREAK コンセプトパック「ポケットモンスターカードゲーム 拡張パック 20th Anniversary」,cp6_ja,077,ポケモンいれかえ,,U,U,https://www.pokemon-card.com/assets/images/card_images/large/CP6/032283_T_POKEMONIREKAE.jpg,RARITY_CHANGE
0f6c3c7f-5b41-4f4b-8d59-6840595de8ca,XYシリーズ,CP6,ポケモンカードゲームXY BREAK コンセプトパック「ポケットモンスターカードゲーム 拡張パック 20th Anniversary」,cp6_ja,078,ポケモン図鑑,,U,U,https://www.pokemon-card.com/assets/images/card_images/large/CP6/032284_T_POKEMONZUKAN.jpg,RARITY_CHANGE
1636fce1-a593-414b-90d6-8efd1e5e1a3a,XYシリーズ,CP6,ポケモンカードゲームXY BREAK コンセプトパック「ポケットモンスターカードゲーム 拡張パック 20th Anniversary」,cp6_ja,079,メンテナンス,,U,U,https://www.pokemon-card.com/assets/images/card_images/large/CP6/032285_T_MENTENANSU.jpg,RARITY_CHANGE
94a24192-f2d2-48ba-bd9e-171fdee723e6,XYシリーズ,CP6,ポケモンカードゲームXY BREAK コンセプトパック「ポケットモンスターカードゲーム 拡張パック 20th Anniversary」,cp6_ja,080,カメックスソウルリンク,,U,U,https://www.pokemon-card.com/assets/images/card_images/large/CP6/032286_T_KAMEKKUSUSOURURINKU.jpg,RARITY_CHANGE
c3089bb8-68bb-4b9b-85e3-294d6b0b9f47,XYシリーズ,CP6,ポケモンカードゲームXY BREAK コンセプトパック「ポケットモンスターカードゲーム 拡張パック 20th Anniversary」,cp6_ja,081,ピジョットソウルリンク,,U,U,https://www.pokemon-card.com/assets/images/card_images/large/CP6/032287_T_PIJOTTOSOURURINKU.jpg,RARITY_CHANGE
d322b74c-6638-4086-b8cf-65995d66cb60,XYシリーズ,CP6,ポケモンカードゲームXY BREAK コンセプトパック「ポケットモンスターカードゲーム 拡張パック 20th Anniversary」,cp6_ja,082,フシギバナソウルリンク,,U,U,https://www.pokemon-card.com/assets/images/card_images/large/CP6/032288_T_FUSHIGIBANASOURURINKU.jpg,RARITY_CHANGE
70638dd6-f367-4801-ac26-9d18695cd469,XYシリーズ,CP6,ポケモンカードゲームXY BREAK コンセプトパック「ポケットモンスターカードゲーム 拡張パック 20th Anniversary」,cp6_ja,083,リザードンソウルリンク,,U,U,https://www.pokemon-card.com/assets/images/card_images/large/CP6/032289_T_RIZADONSOURURINKU.jpg,RARITY_CHANGE
1c059a85-ba1c-4bd3-9ef8-75c6d0526561,XYシリーズ,CP6,ポケモンカードゲームXY BREAK コンセプトパック「ポケットモンスターカードゲーム 拡張パック 20th Anniversary」,cp6_ja,084,オーキド博士のヒント,,U,U,https://www.pokemon-card.com/assets/images/card_images/large/CP6/032290_T_OKIDOHAKASENOHINTO.jpg,RARITY_CHANGE
aa4c3600-237a-4754-ad4f-ad4045d47d03,XYシリーズ,CP6,ポケモンカードゲームXY BREAK コンセプトパック「ポケットモンスターカードゲーム 拡張パック 20th Anniversary」,cp6_ja,085,カスミのやる気,,U,U,https://www.pokemon-card.com/assets/images/card_images/large/CP6/032291_T_KASUMINOYARUKI.jpg,RARITY_CHANGE
9e6abdf3-acc8-4d7a-a8cb-99947ad33294,XYシリーズ,CP6,ポケモンカードゲームXY BREAK コンセプトパック「ポケットモンスターカードゲーム 拡張パック 20th Anniversary」,cp6_ja,086,タケシのガッツ,,U,U,https://www.pokemon-card.com/assets/images/card_images/large/CP6/032292_T_TAKESHINOGATTSU.jpg,RARITY_CHANGE
358907cf-cc80-4822-a01f-6ac3c59d5507,XYシリーズ,CP6,ポケモンカードゲームXY BREAK コンセプトパック「ポケットモンスターカードゲーム 拡張パック 20th Anniversary」,cp6_ja,087,ダブル無色エネルギー,,U,U,https://www.pokemon-card.com/assets/images/card_images/large/CP6/032293_E_DABURUMUSHOKUENERUGI.jpg,RARITY_CHANGE
b3ff9937-741c-43af-a439-4e144a2c7969,XYシリーズ,CP6,ポケモンカードゲームXY BREAK コンセプトパック「ポケットモンスターカードゲーム 拡張パック 20th Anniversary」,cp6_ja,101,ナッシー[Exeggutor],,U,U,https://www.pokemon-card.com/assets/images/card_images/large/CP6/032294_P_NASSHI.jpg,RARITY_CHANGE
8619ad1f-595c-4d16-bfed-3529711e0341,XYシリーズ,CP6,ポケモンカードゲームXY BREAK コンセプトパック「ポケットモンスターカードゲーム 拡張パック 20th Anniversary」,cp6_ja,102,イマクニ?のドードー,,U,U,https://www.pokemon-card.com/assets/images/card_images/large/CP6/032295_P_IMAKUNINODODO.jpg,RARITY_CHANGE
d1606dad-ff72-4274-bfd1-0b39397fba9f,XYシリーズ,CP6,ポケモンカードゲームXY BREAK コンセプトパック「ポケットモンスターカードゲーム 拡張パック 20th Anniversary」,cp6_ja,103,ロケット団参上!,,U,U,https://www.pokemon-card.com/assets/images/card_images/large/CP6/032296_T_ROKETTODANSANJOU.jpg,RARITY_CHANGE
8fe567b4-de35-46b7-b06e-a1c0974e0315,XYシリーズ,CP6,ポケモンカードゲームXY BREAK コンセプトパック「ポケットモンスターカードゲーム 拡張パック 20th Anniversary」,cp6_ja,088,フシギバナEX,,SR,SR,https://www.pokemon-card.com/assets/images/card_images/large/CP6/035860_P_FUSHIGIBANAEX.jpg,RARITY_CHANGE
783b8f6c-62bd-42de-8945-01c1a746c8d9,XYシリーズ,CP6,ポケモンカードゲームXY BREAK コンセプトパック「ポケットモンスターカードゲーム 拡張パック 20th Anniversary」,cp6_ja,089,megaフシギバナEX,,SR,SR,https://www.pokemon-card.com/assets/images/card_images/large/CP6/035861_P_MFUSHIGIBANAEX.jpg,RARITY_CHANGE
4f22521b-acef-47fe-8fce-2cf4ce79a8e3,XYシリーズ,CP6,ポケモンカードゲームXY BREAK コンセプトパック「ポケットモンスターカードゲーム 拡張パック 20th Anniversary」,cp6_ja,090,リザードンEX,,SR,SR,https://www.pokemon-card.com/assets/images/card_images/large/CP6/035862_P_RIZADONEX.jpg,RARITY_CHANGE
86cec002-6c0a-4843-8e7d-b2319e2f9c5a,XYシリーズ,CP6,ポケモンカードゲームXY BREAK コンセプトパック「ポケットモンスターカードゲーム 拡張パック 20th Anniversary」,cp6_ja,091,megaリザードンEX,,SR,SR,https://www.pokemon-card.com/assets/images/card_images/large/CP6/035863_P_MRIZADONEX.jpg,RARITY_CHANGE
7c546b6c-1dfc-439d-956c-010aaa8df3ab,XYシリーズ,CP6,ポケモンカードゲームXY BREAK コンセプトパック「ポケットモンスターカードゲーム 拡張パック 20th Anniversary」,cp6_ja,092,カメックスEX,,SR,SR,https://www.pokemon-card.com/assets/images/card_images/large/CP6/035864_P_KAMEKKUSUEX.jpg,RARITY_CHANGE
233f37a0-a6c5-4faf-8ff4-8c78bc874f6d,XYシリーズ,CP6,ポケモンカードゲームXY BREAK コンセプトパック「ポケットモンスターカードゲーム 拡張パック 20th Anniversary」,cp6_ja,093,megaカメックスEX,,SR,SR,https://www.pokemon-card.com/assets/images/card_images/large/CP6/035865_P_MKAMEKKUSUEX.jpg,RARITY_CHANGE
2e5f2a27-537b-4495-9c45-c1c0338b5535,XYシリーズ,CP6,ポケモンカードゲームXY BREAK コンセプトパック「ポケットモンスターカードゲーム 拡張パック 20th Anniversary」,cp6_ja,094,ピカチュウEX,,SR,SR,https://www.pokemon-card.com/assets/images/card_images/large/CP6/035866_P_PIKACHUUEX.jpg,RARITY_CHANGE
a87d4a13-10bb-4a43-b679-a18afdea5ebc,XYシリーズ,CP6,ポケモンカードゲームXY BREAK コンセプトパック「ポケットモンスターカードゲーム 拡張パック 20th Anniversary」,cp6_ja,095,ミュウツーEX,,SR,SR,https://www.pokemon-card.com/assets/images/card_images/large/CP6/035867_P_MYUUTSUEX.jpg,RARITY_CHANGE
aad96e50-b08a-40e9-9cee-1a5d3834ec58,XYシリーズ,CP6,ポケモンカードゲームXY BREAK コンセプトパック「ポケットモンスターカードゲーム 拡張パック 20th Anniversary」,cp6_ja,096,ピジョットEX,,SR,SR,https://www.pokemon-card.com/assets/images/card_images/large/CP6/035868_P_PIJOTTOEX.jpg,RARITY_CHANGE
3949e880-c675-4b7c-bdc6-e9be5fd22f68,XYシリーズ,CP6,ポケモンカードゲームXY BREAK コンセプトパック「ポケットモンスターカードゲーム 拡張パック 20th Anniversary」,cp6_ja,099,カスミのやる気,,SR,SR,https://www.pokemon-card.com/assets/images/card_images/large/CP6/035871_T_KASUMINOYARUKI.jpg,RARITY_CHANGE
cbc0f839-88ed-456d-83ee-51b767526b56,XYシリーズ,CP6,ポケモンカードゲームXY BREAK コンセプトパック「ポケットモンスターカードゲーム 拡張パック 20th Anniversary」,cp6_ja,100,タケシのガッツ,,SR,SR,https://www.pokemon-card.com/assets/images/card_images/large/CP6/035872_T_TAKESHINOGATTSU.jpg,RARITY_CHANGE
41e1c0e7-23a3-4656-9141-a872a8987e9f,SMシリーズ,SM8b,GXウルトラシャイニー,sm8b_ja,189,ジバコイル,SR,R,R,https://www.pokemon-card.com/assets/images/card_images/large/SM8b/036078_P_JIBAKOIRU.jpg,RARITY_CHANGE
3f6ded6c-2787-4243-9054-2b3dc8963a7e,SVシリーズ,SV4K,古代の咆哮,sv4k_ja,085,オーリム博士の気迫,,SR,SR,https://assets.tcgdex.net/ja/SV/SV4K/085/high.webp,RARITY_CHANGE
364167f1-745a-44fb-8cea-44dc78600fa0,SVシリーズ,SV4K,古代の咆哮,sv4k_ja,094,ゴージャスマント,,UR,UR,https://assets.tcgdex.net/ja/SV/SV4K/094/high.webp,RARITY_CHANGE
51cbc36c-1753-49ad-9d74-0efad38bf2ea,SVシリーズ,SV4M,未来の一閃,sv4m_ja,085,ヒョウタ,,SR,SR,https://assets.tcgdex.net/ja/SV/SV4M/085/high.webp,RARITY_CHANGE
f641f9e7-9aff-4fcd-a53a-c498f106f8a0,SVシリーズ,SV4a,レイジングサーフ,sv4a_ja,206,ノノクラゲ,,S,Shiny Rare,https://assets.tcgdex.net/ja/SV/SV4a/206/high.webp,RARITY_CHANGE
e07c761f-f8ca-49e3-9648-ee77a70689f3,SMシリーズ,SM12a,TAG TEAM GX タッグオールスターズ,sm12a_ja,169,ワンダーラビリンス,旧裏R,PR,PR,,RARITY_CHANGE
dddcf74b-d637-4e65-bd37-83a7cd5928c3,SVシリーズ,SV4a,レイジングサーフ,sv4a_ja,217,カルボウ,,S,Shiny Rare,https://assets.tcgdex.net/ja/SV/SV4a/217/high.webp,RARITY_CHANGE
3e771228-9f8f-4d0f-b1b2-2346343f9ce5,SVシリーズ,SV8a,テラスタルフェスex,sv8a_ja,227,アカマツ,ー,SAR,SAR,https://assets.tcgdex.net/ja/SV/SV8a/227/high.webp,RARITY_CHANGE
8c423d9c-8694-4fac-8bb7-0db69613fabc,SMシリーズ,SM3H,闘う虹を見たか,sm3h_ja,061,オンバーンGX,UR,HR,HR,,RARITY_CHANGE
7b966e0f-c1cc-4584-aaa2-946e48574ea7,SMシリーズ,SM12a,TAG TEAM GX タッグオールスターズ,sm12a_ja,163,サンダーマウンテン,旧裏R,PR,PR,,RARITY_CHANGE
cba7c6d2-22ab-4b65-86fa-d028f79cbb94,SVシリーズ,SV8,超電ブレイカー,sv8_ja,136,ピカチュウex,MUR,UR,UR,https://www.pokemon-card.com/assets/images/card_images/large/SV8/046659_P_PIKACHIXYUUEX.jpg,RARITY_CHANGE
ee4539f1-178e-47dd-a148-57e7e963a4b8,SVシリーズ,SV8,超電ブレイカー,sv8_ja,137,夜のタンカ,MUR,UR,UR,https://www.pokemon-card.com/assets/images/card_images/large/SV8/046660_T_YORUNOTANKA.jpg,RARITY_CHANGE
4168bc97-18c6-4917-a66a-3f9f014b33c0,SMシリーズ,SM12a,TAG TEAM GX タッグオールスターズ,sm12a_ja,166,ヒートファクトリー,旧裏R,PR,PR,,RARITY_CHANGE
49a52da8-28bc-42b4-ab31-de3429f4f63d,SMシリーズ,SM12a,TAG TEAM GX タッグオールスターズ,sm12a_ja,167,ブラックマーケット,旧裏R,PR,PR,,RARITY_CHANGE
c43afcbe-61e6-4476-9ab7-2ecb9a19d5b4,SMシリーズ,SM12a,TAG TEAM GX タッグオールスターズ,sm12a_ja,168,ライフフォレスト,旧裏R,PR,PR,,RARITY_CHANGE
fda595e6-9eec-4c61-9fc6-156a9e987dcb,SMシリーズ,SM12a,TAG TEAM GX タッグオールスターズ,sm12a_ja,170,超ブーストエネルギー,旧裏R,PR,PR,,RARITY_CHANGE
7d094e59-3cda-46fb-bad0-2a54a18a445a,SMシリーズ,SM5M,ウルトラムーン,sm5m_ja,030,ギラティナ,旧裏R,PR,PR,,RARITY_CHANGE
67fc8c3c-66ef-487f-8669-8af329d821a7,SMシリーズ,SM5M,ウルトラムーン,sm5m_ja,032,ルナアーラ,旧裏R,PR,PR,,RARITY_CHANGE
f447816e-f39b-4cd0-99d3-6081e6cf9aeb,SMシリーズ,SM12a,TAG TEAM GX タッグオールスターズ,sm12a_ja,172,ビーストエネルギー,旧裏R,PR,PR,,RARITY_CHANGE
b3b50f79-2b0f-43e9-9cf1-270474c7778d,SMシリーズ,SM5p,ウルトラフォース,sm5p_ja,048,ビーストエネルギー,旧裏R,PR,PR,,RARITY_CHANGE
54a06d07-1fd7-4de6-9555-7424430a635d,SMシリーズ,SM5S,ウルトラサン,sm5s_ja,031,ダークライ,旧裏R,PR,PR,,RARITY_CHANGE
7449601d-40a9-4591-bead-bc9aaff2ee4e,SMシリーズ,SM5S,ウルトラサン,sm5s_ja,043,ソルガレオ,旧裏R,PR,PR,,RARITY_CHANGE
debc4655-3618-4258-b625-2b821d489018,SVシリーズ,SV9,バトルパートナーズ,sv9_ja,121,アイリスの闘志,ー,SR,SR,https://assets.tcgdex.net/ja/SV/SV9/121/high.webp,RARITY_CHANGE
fd46c386-1f9e-4105-8634-58704eb38b53,SVシリーズ,SV9,バトルパートナーズ,sv9_ja,122,怖いお兄さん,ー,SR,SR,https://assets.tcgdex.net/ja/SV/SV9/122/high.webp,RARITY_CHANGE
5017845c-dcf0-4d9e-818b-8fbc9fea9f87,SVシリーズ,SV9a,熱風のアリーナ,sv9a_ja,092,ハッコウシティ,ー,UR,UR,https://assets.tcgdex.net/ja/SV/SV9a/092/high.webp,RARITY_CHANGE
ec9d0af1-581d-45cb-b3f6-51e6d59cd6ab,SMシリーズ,SM8,超爆インパクト,sm8_ja,093,ヒートファクトリー,旧裏R,PR,PR,,RARITY_CHANGE
fb9e61ab-3cf6-46a4-b930-da80cf71ef3a,SVシリーズ,SV1a,トリプレットビート,sv1a_ja,092,キハダ,,SR,SR,https://assets.tcgdex.net/ja/SV/SV1a/092/high.webp,RARITY_CHANGE
71f22816-c96a-44b7-96f4-1f99948f5d62,SMシリーズ,SM8b,GXウルトラシャイニー,sm8b_ja,147,ビーストエネルギー,旧裏R,PR,PR,,RARITY_CHANGE
20a70cf2-0780-4627-95ed-9c2129d31557,SVシリーズ,SV1S,スカーレットex,sv1s_ja,090,ムックル,,AR,AR,https://assets.tcgdex.net/ja/SV/SV1S/090/high.webp,RARITY_CHANGE
415ef436-1d98-40ea-9c09-769914fc9623,SVシリーズ,SV1S,スカーレットex,sv1s_ja,103,コライドンex,,SAR,SAR,https://assets.tcgdex.net/ja/SV/SV1S/103/high.webp,RARITY_CHANGE
aa3069fa-887e-4db4-90e8-7890dc1ffcf9,SVシリーズ,SV1S,スカーレットex,sv1s_ja,104,ジニア,,SAR,SAR,https://assets.tcgdex.net/ja/SV/SV1S/104/high.webp,RARITY_CHANGE
fcb64d6d-90d3-4f5d-a7fd-e6db8e9b179f,SVシリーズ,SV1S,スカーレットex,sv1s_ja,105,ボタン,,SAR,SAR,https://assets.tcgdex.net/ja/SV/SV1S/105/high.webp,RARITY_CHANGE
81048aa8-6125-4ec0-b311-7569053eebc2,SVシリーズ,SV1S,スカーレットex,sv1s_ja,106,コライドンex,,UR,UR,https://assets.tcgdex.net/ja/SV/SV1S/106/high.webp,RARITY_CHANGE
2ad3a7fd-8f9e-40d4-8131-d2b3aa6cd267,SVシリーズ,SV1S,スカーレットex,sv1s_ja,107,ネストボール,,UR,UR,https://assets.tcgdex.net/ja/SV/SV1S/107/high.webp,RARITY_CHANGE
f3d1a98a-8998-402c-b362-6bfc212e13c9,SVシリーズ,SV2D,クレイバースト,sv2d_ja,090,サワロ,,SR,SR,https://assets.tcgdex.net/ja/SV/SV2D/090/high.webp,RARITY_CHANGE
f5ca9597-a083-42c1-88c8-d6f3959e0696,SVシリーズ,SV3,黒炎の支配者,sv3_ja,112,ハラバリー,,AR,AR,https://assets.tcgdex.net/ja/SV/SV3/112/high.webp,RARITY_CHANGE
fb8fdb50-4711-497b-9a3d-044f69a4f28a,SVシリーズ,SV3,黒炎の支配者,sv3_ja,119,ピジョン,,AR,AR,https://assets.tcgdex.net/ja/SV/SV3/119/high.webp,RARITY_CHANGE
31ae5146-cf19-478f-873e-3a95194f7d16,SVシリーズ,SV3,黒炎の支配者,sv3_ja,128,ピジョットex,,SR,SR,https://assets.tcgdex.net/ja/SV/SV3/128/high.webp,RARITY_CHANGE
bfc6cffe-1611-4369-a5b1-7716da9db9b7,SVシリーズ,SV3,黒炎の支配者,sv3_ja,132,ライム,,SR,SR,https://assets.tcgdex.net/ja/SV/SV3/132/high.webp,RARITY_CHANGE
3721e1d7-0deb-4ab2-ba96-42548f9e7900,ソード・シールド,S10b,強化拡張パック「Pokémon GO」,swsh10b_ja,067,ルアーモジュール,,U,U,https://www.pokemon-card.com/assets/images/card_images/large/S10b/041748_T_RUAMOJIXYURU.jpg,RARITY_CHANGE
0a775d5f-5706-4f3a-8844-3bdd5ca7fc21,ソード・シールド,S10b,強化拡張パック「Pokémon GO」,swsh10b_ja,068,キャンデラ,,U,U,https://www.pokemon-card.com/assets/images/card_images/large/S10b/041749_T_KIXYANDERA.jpg,RARITY_CHANGE
c3a7ad4b-f76a-4ac6-b1f9-af9c77a9ead6,ソード・シールド,S10b,強化拡張パック「Pokémon GO」,swsh10b_ja,069,スパーク,,U,U,https://www.pokemon-card.com/assets/images/card_images/large/S10b/041750_T_SUPAKU.jpg,RARITY_CHANGE
ad56e456-087b-4fdd-8e85-55311b2d14fa,ソード・シールド,S10b,強化拡張パック「Pokémon GO」,swsh10b_ja,070,ブランシェ,,U,U,https://www.pokemon-card.com/assets/images/card_images/large/S10b/041751_T_BURANSHIE.jpg,RARITY_CHANGE
9ab8270b-7810-44d3-bc73-c9db3ff9e099,ソード・シールド,S10b,強化拡張パック「Pokémon GO」,swsh10b_ja,001,フシギダネ,,C,C,https://www.pokemon-card.com/assets/images/card_images/large/S10b/041682_P_FUSHIGIDANE.jpg,RARITY_CHANGE
c67cf3f2-82ba-45fe-8c60-f4db3bc87235,ソード・シールド,S10b,強化拡張パック「Pokémon GO」,swsh10b_ja,002,フシギソウ,,U,U,https://www.pokemon-card.com/assets/images/card_images/large/S10b/041683_P_FUSHIGISOU.jpg,RARITY_CHANGE
22144e25-7c64-4efd-a746-822389479251,ソード・シールド,S10b,強化拡張パック「Pokémon GO」,swsh10b_ja,003,フシギバナ,,R,R,https://www.pokemon-card.com/assets/images/card_images/large/S10b/041684_P_FUSHIGIBANA.jpg,RARITY_CHANGE
96781858-354e-49e1-9f2e-de95d6c979a1,ソード・シールド,S10b,強化拡張パック「Pokémon GO」,swsh10b_ja,005,アローラ ナッシーV,,RR,RR,https://www.pokemon-card.com/assets/images/card_images/large/S10b/041686_P_ARORANASSHIV.jpg,RARITY_CHANGE
faa0e6f7-8148-46a0-aec3-3af1cf3ca04b,ソード・シールド,S10b,強化拡張パック「Pokémon GO」,swsh10b_ja,006,イトマル,,C,C,https://www.pokemon-card.com/assets/images/card_images/large/S10b/041687_P_ITOMARU.jpg,RARITY_CHANGE
0d0e3df0-2b6d-4ba1-839e-07161cfd91ba,ソード・シールド,S10b,強化拡張パック「Pokémon GO」,swsh10b_ja,007,アリアドス,,C,C,https://www.pokemon-card.com/assets/images/card_images/large/S10b/041688_P_ARIADOSU.jpg,RARITY_CHANGE
fb15ac05-c67e-41cd-9910-5671c3b90595,ソード・シールド,S10b,強化拡張パック「Pokémon GO」,swsh10b_ja,008,ヒトカゲ,,C,C,https://www.pokemon-card.com/assets/images/card_images/large/S10b/041689_P_HITOKAGE.jpg,RARITY_CHANGE
b03a4bcb-58d8-4e9d-b54d-7c909c66c49a,ソード・シールド,S10b,強化拡張パック「Pokémon GO」,swsh10b_ja,009,リザード,,U,U,https://www.pokemon-card.com/assets/images/card_images/large/S10b/041690_P_RIZADO.jpg,RARITY_CHANGE
9005a9cf-8460-47e6-9f9c-c5318b308342,ソード・シールド,S10b,強化拡張パック「Pokémon GO」,swsh10b_ja,010,リザードン,,R,R,https://www.pokemon-card.com/assets/images/card_images/large/S10b/041691_P_RIZADON.jpg,RARITY_CHANGE
c8d537cb-0a2b-4fa0-a06c-2bcdb12820a9,ソード・シールド,S10b,強化拡張パック「Pokémon GO」,swsh10b_ja,012,ファイヤー,,R,R,https://www.pokemon-card.com/assets/images/card_images/large/S10b/041693_P_FUAIYA.jpg,RARITY_CHANGE
fc7c3381-a52c-4a63-983a-3ace2b11e917,ソード・シールド,S10b,強化拡張パック「Pokémon GO」,swsh10b_ja,013,ドンメル,,C,C,https://www.pokemon-card.com/assets/images/card_images/large/S10b/041694_P_DONMERU.jpg,RARITY_CHANGE
fa030f4d-8e10-484b-92a3-01d1d7b58d0f,ソード・シールド,S10b,強化拡張パック「Pokémon GO」,swsh10b_ja,014,バクーダ,,C,C,https://www.pokemon-card.com/assets/images/card_images/large/S10b/041695_P_BAKUDA.jpg,RARITY_CHANGE
99074632-e01c-4889-9748-27faffe87f09,ソード・シールド,S10b,強化拡張パック「Pokémon GO」,swsh10b_ja,015,ゼニガメ,,C,C,https://www.pokemon-card.com/assets/images/card_images/large/S10b/041696_P_ZENIGAME.jpg,RARITY_CHANGE
30c7ce2f-10ba-4c81-8f90-aa21c7e91f92,SVシリーズ,SV4M,未来の一閃,sv4m_ja,075,エイパム,,AR,AR,https://assets.tcgdex.net/ja/SV/SV4M/075/high.webp,RARITY_CHANGE
fd7a654d-0265-47c1-b982-1004dd10a812,ソード・シールド,S10b,強化拡張パック「Pokémon GO」,swsh10b_ja,016,カメール,,U,U,https://www.pokemon-card.com/assets/images/card_images/large/S10b/041697_P_KAMERU.jpg,RARITY_CHANGE
cb99bf1d-b0a6-4b59-a3d5-7798c229a7df,ソード・シールド,S10b,強化拡張パック「Pokémon GO」,swsh10b_ja,017,カメックス,,R,R,https://www.pokemon-card.com/assets/images/card_images/large/S10b/041698_P_KAMEKKUSU.jpg,RARITY_CHANGE
7178bcc3-c886-453c-ab2b-9a3e8957e79b,ソード・シールド,S10b,強化拡張パック「Pokémon GO」,swsh10b_ja,019,ヤドン,,C,C,https://www.pokemon-card.com/assets/images/card_images/large/S10b/041700_P_YADON.jpg,RARITY_CHANGE
24ec17ac-21be-4152-ad2d-157e690ea055,ソード・シールド,S10b,強化拡張パック「Pokémon GO」,swsh10b_ja,020,ヤドラン,,U,U,https://www.pokemon-card.com/assets/images/card_images/large/S10b/041701_P_YADORAN.jpg,RARITY_CHANGE
ee96e1eb-fc2d-402d-9d0c-9ef81d3f98d4,ソード・シールド,S10b,強化拡張パック「Pokémon GO」,swsh10b_ja,021,コイキング,,C,C,https://www.pokemon-card.com/assets/images/card_images/large/S10b/041702_P_KOIKINGU.jpg,RARITY_CHANGE
138c801d-aa55-4615-acba-3e8db2fa44dc,ソード・シールド,S10b,強化拡張パック「Pokémon GO」,swsh10b_ja,022,ギャラドス,,R,R,https://www.pokemon-card.com/assets/images/card_images/large/S10b/041703_P_GIXYARADOSU.jpg,RARITY_CHANGE
669076f0-5bfa-4c9d-b735-8b2240a39821,SVシリーズ,SV3a,レイジングサーフ,sv3a_ja,091,ビーチコート,,UR,UR,https://assets.tcgdex.net/ja/SV/SV3a/091/high.webp,RARITY_CHANGE
d5dd0431-d381-4be0-9d17-77930dd1232d,ソード・シールド,S10b,強化拡張パック「Pokémon GO」,swsh10b_ja,023,ラプラス,,R,R,https://www.pokemon-card.com/assets/images/card_images/large/S10b/041704_P_RAPURASU.jpg,RARITY_CHANGE
9330528c-dd9b-4f12-bc35-829451ce5bc3,ソード・シールド,S10b,強化拡張パック「Pokémon GO」,swsh10b_ja,024,フリーザー,,R,R,https://www.pokemon-card.com/assets/images/card_images/large/S10b/041705_P_FURIZA.jpg,RARITY_CHANGE
2c165160-80ef-412a-be6a-8779447cc3f6,ソード・シールド,S10b,強化拡張パック「Pokémon GO」,swsh10b_ja,025,コソクムシ,,C,C,https://www.pokemon-card.com/assets/images/card_images/large/S10b/041706_P_KOSOKUMUSHI.jpg,RARITY_CHANGE
cf54b747-a036-41c7-95c4-2dc4b556777b,ソード・シールド,S10b,強化拡張パック「Pokémon GO」,swsh10b_ja,026,グソクムシャ,,R,R,https://www.pokemon-card.com/assets/images/card_images/large/S10b/041707_P_GUSOKUMUSHIXYA.jpg,RARITY_CHANGE
540067a3-e30c-4dc9-b75d-7705da184ea0,ソード・シールド,S10b,強化拡張パック「Pokémon GO」,swsh10b_ja,027,ピカチュウ,,C,C,https://www.pokemon-card.com/assets/images/card_images/large/S10b/041708_P_PIKACHIXYUU.jpg,RARITY_CHANGE
ed76f89a-65fb-42bc-92cf-98bda2775983,ソード・シールド,S10b,強化拡張パック「Pokémon GO」,swsh10b_ja,028,ピカチュウ,,R,R,https://www.pokemon-card.com/assets/images/card_images/large/S10b/041709_P_PIKACHIXYUU.jpg,RARITY_CHANGE
92ce2fa9-c041-4071-a5c7-0f419f608097,ソード・シールド,S10b,強化拡張パック「Pokémon GO」,swsh10b_ja,029,サンダー,,R,R,https://www.pokemon-card.com/assets/images/card_images/large/S10b/041710_P_SANDA.jpg,RARITY_CHANGE
3462208a-e4f6-4125-8276-4298b605496d,ソード・シールド,S10b,強化拡張パック「Pokémon GO」,swsh10b_ja,030,ミュウツーV,,RR,RR,https://www.pokemon-card.com/assets/images/card_images/large/S10b/041711_P_MIXYUUTSUV.jpg,RARITY_CHANGE
a8bd3c06-586f-411f-a001-d06c4f4e4b3c,ソード・シールド,S10b,強化拡張パック「Pokémon GO」,swsh10b_ja,032,ネイティ,,C,C,https://www.pokemon-card.com/assets/images/card_images/large/S10b/041713_P_NEITEI.jpg,RARITY_CHANGE
08d262f1-e519-4773-92f8-39ed64657b4a,ソード・シールド,S10b,強化拡張パック「Pokémon GO」,swsh10b_ja,033,ネイティオ,,U,U,https://www.pokemon-card.com/assets/images/card_images/large/S10b/041714_P_NEITEIO.jpg,RARITY_CHANGE
4789cf74-34f5-48fd-ac8f-466bff979f38,ソード・シールド,S10b,強化拡張パック「Pokémon GO」,swsh10b_ja,034,ルナトーン,,U,U,https://www.pokemon-card.com/assets/images/card_images/large/S10b/041715_P_RUNATON.jpg,RARITY_CHANGE
33ebf6ea-0610-4f86-bc2c-b04afe752ff3,ソード・シールド,S10b,強化拡張パック「Pokémon GO」,swsh10b_ja,035,ニンフィア,,R,R,https://www.pokemon-card.com/assets/images/card_images/large/S10b/041716_P_NINFUIA.jpg,RARITY_CHANGE
4025818f-4155-48e7-a1fb-eda62cb3e013,ソード・シールド,S10b,強化拡張パック「Pokémon GO」,swsh10b_ja,036,イワーク,,C,C,https://www.pokemon-card.com/assets/images/card_images/large/S10b/041717_P_IWAKU.jpg,RARITY_CHANGE
e3b21c9c-3a6d-4edc-848b-8291289ef545,ソード・シールド,S10b,強化拡張パック「Pokémon GO」,swsh10b_ja,037,ヨーギラス,,C,C,https://www.pokemon-card.com/assets/images/card_images/large/S10b/041718_P_YOGIRASU.jpg,RARITY_CHANGE
78bfb8a8-5242-4f91-991e-52f38f5ab5bf,ソード・シールド,S10b,強化拡張パック「Pokémon GO」,swsh10b_ja,038,サナギラス,,U,U,https://www.pokemon-card.com/assets/images/card_images/large/S10b/041719_P_SANAGIRASU.jpg,RARITY_CHANGE
41951f5e-0854-49cc-9369-ba469d37e619,ソード・シールド,S10b,強化拡張パック「Pokémon GO」,swsh10b_ja,039,ソルロック,,U,U,https://www.pokemon-card.com/assets/images/card_images/large/S10b/041720_P_SORUROKKU.jpg,RARITY_CHANGE
387d4b91-5ef9-4fdf-ac93-343b88e65125,ソード・シールド,S10b,強化拡張パック「Pokémon GO」,swsh10b_ja,040,ローブシンV,,RR,RR,https://www.pokemon-card.com/assets/images/card_images/large/S10b/041721_P_ROBUSHINV.jpg,RARITY_CHANGE
7396cc9b-edc7-414a-97b8-09fe8124f774,ソード・シールド,S10b,強化拡張パック「Pokémon GO」,swsh10b_ja,041,アローラ コラッタ,,C,C,https://www.pokemon-card.com/assets/images/card_images/large/S10b/041722_P_ARORAKORATTA.jpg,RARITY_CHANGE
678c9543-42bd-4ed0-9645-c7276068ac11,ソード・シールド,S10b,強化拡張パック「Pokémon GO」,swsh10b_ja,042,アローラ ラッタ,,C,C,https://www.pokemon-card.com/assets/images/card_images/large/S10b/041723_P_ARORARATTA.jpg,RARITY_CHANGE
f216cd6f-101c-4e67-bbfd-23921c3e11a8,ソード・シールド,S10b,強化拡張パック「Pokémon GO」,swsh10b_ja,043,バンギラス,,R,R,https://www.pokemon-card.com/assets/images/card_images/large/S10b/041724_P_BANGIRASU.jpg,RARITY_CHANGE
cad78a8a-ae4b-4c43-a9f7-6dcd24a28237,ソード・シールド,S10b,強化拡張パック「Pokémon GO」,swsh10b_ja,044,ハガネール,,U,U,https://www.pokemon-card.com/assets/images/card_images/large/S10b/041725_P_HAGANERU.jpg,RARITY_CHANGE
8cd0c480-163d-4399-b01b-fda5bd4d5f33,ソード・シールド,S10b,強化拡張パック「Pokémon GO」,swsh10b_ja,045,メルタン,,C,C,https://www.pokemon-card.com/assets/images/card_images/large/S10b/041726_P_MERUTAN.jpg,RARITY_CHANGE
b2001663-920c-4f85-b43b-aa89af4eb614,ソード・シールド,S10b,強化拡張パック「Pokémon GO」,swsh10b_ja,046,メルメタル,,R,R,https://www.pokemon-card.com/assets/images/card_images/large/S10b/041727_P_MERUMETARU.jpg,RARITY_CHANGE
63d48662-3345-4dba-a900-f5adbd7a7e49,ソード・シールド,S10b,強化拡張パック「Pokémon GO」,swsh10b_ja,047,メルメタルV,,RR,RR,https://www.pokemon-card.com/assets/images/card_images/large/S10b/041728_P_MERUMETARUV.jpg,RARITY_CHANGE
70f22551-4873-4a7b-8903-a88a47383acd,ソード・シールド,S10b,強化拡張パック「Pokémon GO」,swsh10b_ja,049,カイリューV,,RR,RR,https://www.pokemon-card.com/assets/images/card_images/large/S10b/041730_P_KAIRIXYUV.jpg,RARITY_CHANGE
e70e8508-a50d-4554-96ee-5b3da3343ae8,ソード・シールド,S10b,強化拡張パック「Pokémon GO」,swsh10b_ja,051,ラッキー,,C,C,https://www.pokemon-card.com/assets/images/card_images/large/S10b/041732_P_RAKKI.jpg,RARITY_CHANGE
cbeed044-d62a-48cf-a6c9-936417d8d271,ソード・シールド,S10b,強化拡張パック「Pokémon GO」,swsh10b_ja,052,ハピナス,,R,R,https://www.pokemon-card.com/assets/images/card_images/large/S10b/041733_P_HAPINASU.jpg,RARITY_CHANGE
5bd30caf-edb6-4c62-9742-68c7ed1eaa4d,ソード・シールド,S10b,強化拡張パック「Pokémon GO」,swsh10b_ja,054,イーブイ,,C,C,https://www.pokemon-card.com/assets/images/card_images/large/S10b/041735_P_IBUI.jpg,RARITY_CHANGE
808e497a-8e43-490c-9afb-92cd15ab2747,ソード・シールド,S10b,強化拡張パック「Pokémon GO」,swsh10b_ja,056,カビゴン,,R,R,https://www.pokemon-card.com/assets/images/card_images/large/S10b/041737_P_KABIGON.jpg,RARITY_CHANGE
79a4da21-7c2f-462d-9cca-cdb11b9c3eca,ソード・シールド,S10b,強化拡張パック「Pokémon GO」,swsh10b_ja,057,エイパム,,C,C,https://www.pokemon-card.com/assets/images/card_images/large/S10b/041738_P_EIPAMU.jpg,RARITY_CHANGE
9403ff50-d102-4f68-8f92-a350ee909a51,ソード・シールド,S10b,強化拡張パック「Pokémon GO」,swsh10b_ja,058,エテボース,,C,C,https://www.pokemon-card.com/assets/images/card_images/large/S10b/041739_P_ETEBOSU.jpg,RARITY_CHANGE
dc395b84-dca4-45ca-a0ff-82762fb1203b,ソード・シールド,S10b,強化拡張パック「Pokémon GO」,swsh10b_ja,059,ケッキングV,,RR,RR,https://www.pokemon-card.com/assets/images/card_images/large/S10b/041740_P_KEKKINGUV.jpg,RARITY_CHANGE
33cbbc74-cbc4-4269-823c-f2b73b32d870,ソード・シールド,S10b,強化拡張パック「Pokémon GO」,swsh10b_ja,060,ビッパ,,C,C,https://www.pokemon-card.com/assets/images/card_images/large/S10b/041741_P_BIPPA.jpg,RARITY_CHANGE
2e702801-a1c4-4640-aba5-97d2fd1496d1,ソード・シールド,S10b,強化拡張パック「Pokémon GO」,swsh10b_ja,061,ビーダル,,C,C,https://www.pokemon-card.com/assets/images/card_images/large/S10b/041742_P_BIDARU.jpg,RARITY_CHANGE
adae9fca-8c68-456b-bfe9-5a521c41e0db,ソード・シールド,S10b,強化拡張パック「Pokémon GO」,swsh10b_ja,062,マメパト,,C,C,https://www.pokemon-card.com/assets/images/card_images/large/S10b/041743_P_MAMEPATO.jpg,RARITY_CHANGE
1f404b55-4224-4eab-9945-3774ab2c4017,ソード・シールド,S10b,強化拡張パック「Pokémon GO」,swsh10b_ja,063,ハトーボー,,C,C,https://www.pokemon-card.com/assets/images/card_images/large/S10b/041744_P_HATOBO.jpg,RARITY_CHANGE
b7fb5349-afe4-441f-9e29-3aa647eca9f8,ソード・シールド,S10b,強化拡張パック「Pokémon GO」,swsh10b_ja,064,ケンホロウ,,U,U,https://www.pokemon-card.com/assets/images/card_images/large/S10b/041745_P_KENHOROU.jpg,RARITY_CHANGE
5040f4b7-85bd-455f-acaa-4aa629c2dcff,ソード・シールド,S10b,強化拡張パック「Pokémon GO」,swsh10b_ja,065,ふかそうち,,U,U,https://www.pokemon-card.com/assets/images/card_images/large/S10b/041746_T_FUKASOUCHI.jpg,RARITY_CHANGE
46046112-742d-4ca9-89b2-ab9ddb145183,ソード・シールド,S10b,強化拡張パック「Pokémon GO」,swsh10b_ja,066,ふしぎなアメ,,U,U,https://www.pokemon-card.com/assets/images/card_images/large/S10b/041747_T_FUSHIGINAAME.jpg,RARITY_CHANGE
97bf11fe-9f37-4be8-88b9-352be5956add,ソード・シールド,S10D,拡張パック「タイムゲイザー」,swsh10d_ja,074,オリジンディアルガV,,SR,SR,https://www.pokemon-card.com/assets/images/card_images/large/S10D/041646_P_ORIJINDEIARUGAV.jpg,RARITY_CHANGE
806d4ff5-2405-4a90-b3f4-e3c5677235ef,ソード・シールド,S10D,拡張パック「タイムゲイザー」,swsh10d_ja,075,オリジンディアルガV,,SR,SR,https://www.pokemon-card.com/assets/images/card_images/large/S10D/041647_P_ORIJINDEIARUGAV.jpg,RARITY_CHANGE
da5989d8-8b49-46cd-8d33-c794a036bc5c,ソード・シールド,S10D,拡張パック「タイムゲイザー」,swsh10d_ja,076,アヤシシV,,SR,SR,https://www.pokemon-card.com/assets/images/card_images/large/S10D/041648_P_AYASHISHIV.jpg,RARITY_CHANGE
b12d7060-900a-414a-b95b-6f4bea72e55c,ソード・シールド,S10D,拡張パック「タイムゲイザー」,swsh10d_ja,077,セキ,,SR,SR,https://www.pokemon-card.com/assets/images/card_images/large/S10D/041649_T_SEKI.jpg,RARITY_CHANGE
453968dc-bd2b-4070-ba7b-a5a62989d891,ソード・シールド,S10D,拡張パック「タイムゲイザー」,swsh10d_ja,078,ナタネの活気,,SR,SR,https://www.pokemon-card.com/assets/images/card_images/large/S10D/041650_T_NATANENOKAKKI.jpg,RARITY_CHANGE
c798f8dd-0a10-4f38-9258-059b6aea4fec,ソード・シールド,S10D,拡張パック「タイムゲイザー」,swsh10d_ja,079,ペリーラ,,SR,SR,https://www.pokemon-card.com/assets/images/card_images/large/S10D/041663_T_PERIRA.jpg,RARITY_CHANGE
7dd9d16e-1617-458e-b984-2784c934a4bf,ソード・シールド,S10D,拡張パック「タイムゲイザー」,swsh10d_ja,080,ヒスイ ドレディアVSTAR,,HR,HR,https://www.pokemon-card.com/assets/images/card_images/large/S10D/044872_P_HISUIDOREDEIAVSTAR.jpg,RARITY_CHANGE
bef9783e-00be-41b0-89d3-ef464b1c5184,ソード・シールド,S10b,強化拡張パック「Pokémon GO」,swsh10b_ja,071,ポケストップ,,U,U,https://www.pokemon-card.com/assets/images/card_images/large/S10b/041752_T_POKESUTOPPU.jpg,RARITY_CHANGE
6d196af9-e99a-4dfb-b7c9-97842c0f4377,ソード・シールド,S10b,強化拡張パック「Pokémon GO」,swsh10b_ja,072,アローラ ナッシーV,,SR,SR,https://www.pokemon-card.com/assets/images/card_images/large/S10b/041793_P_ARORANASSHIV.jpg,RARITY_CHANGE
e86fdfbb-155c-40e0-8f28-f863fad87274,ソード・シールド,S10b,強化拡張パック「Pokémon GO」,swsh10b_ja,073,ミュウツーV,,SR,SR,https://www.pokemon-card.com/assets/images/card_images/large/S10b/041794_P_MIXYUUTSUV.jpg,RARITY_CHANGE
6dc00917-93a8-4cd9-9da5-e7a03e51a55c,ソード・シールド,S10b,強化拡張パック「Pokémon GO」,swsh10b_ja,074,ミュウツーV,,SR,SR,https://www.pokemon-card.com/assets/images/card_images/large/S10b/041795_P_MIXYUUTSUV.jpg,RARITY_CHANGE
425b918c-f7f1-4208-b2fc-2e480ae7fb65,ソード・シールド,S10b,強化拡張パック「Pokémon GO」,swsh10b_ja,075,ローブシンV,,SR,SR,https://www.pokemon-card.com/assets/images/card_images/large/S10b/041796_P_ROBUSHINV.jpg,RARITY_CHANGE
661c0831-862e-4c7a-8e6a-841c8cb2aa1d,ソード・シールド,S10b,強化拡張パック「Pokémon GO」,swsh10b_ja,076,ローブシンV,,SR,SR,https://www.pokemon-card.com/assets/images/card_images/large/S10b/041797_P_ROBUSHINV.jpg,RARITY_CHANGE
03844d93-d27a-4b50-bc73-fb82dd371f0b,ソード・シールド,S10b,強化拡張パック「Pokémon GO」,swsh10b_ja,077,メルメタルV,,SR,SR,https://www.pokemon-card.com/assets/images/card_images/large/S10b/041798_P_MERUMETARUV.jpg,RARITY_CHANGE
65dfd720-9b33-43fd-9044-658322856206,ソード・シールド,S10b,強化拡張パック「Pokémon GO」,swsh10b_ja,078,カイリューV,,SR,SR,https://www.pokemon-card.com/assets/images/card_images/large/S10b/041799_P_KAIRIXYUV.jpg,RARITY_CHANGE
5728f9ae-8109-4133-945d-9efa99c8e3b6,ソード・シールド,S10b,強化拡張パック「Pokémon GO」,swsh10b_ja,079,ケッキングV,,SR,SR,https://www.pokemon-card.com/assets/images/card_images/large/S10b/041800_P_KEKKINGUV.jpg,RARITY_CHANGE
114a4c74-6fb7-4da6-948f-bf54c8f0c4b1,ソード・シールド,S10b,強化拡張パック「Pokémon GO」,swsh10b_ja,080,キャンデラ,,SR,SR,https://www.pokemon-card.com/assets/images/card_images/large/S10b/041801_T_KIXYANDERA.jpg,RARITY_CHANGE
37d3faf0-54bf-44e9-9bb1-25c2285b96a5,ソード・シールド,S10b,強化拡張パック「Pokémon GO」,swsh10b_ja,081,スパーク,,SR,SR,https://www.pokemon-card.com/assets/images/card_images/large/S10b/041802_T_SUPAKU.jpg,RARITY_CHANGE
a239320f-1cd6-43cb-bc4a-f5187b2da74f,ソード・シールド,S10b,強化拡張パック「Pokémon GO」,swsh10b_ja,082,博士の研究（ウィロー博士）,,SR,SR,https://www.pokemon-card.com/assets/images/card_images/large/S10b/041803_T_HAKASENOKENKIXYUUUIROHAKASE.jpg,RARITY_CHANGE
d1603eb9-cbd2-498a-b5af-04bb0f2fe4ac,ソード・シールド,S10b,強化拡張パック「Pokémon GO」,swsh10b_ja,083,ブランシェ,,SR,SR,https://www.pokemon-card.com/assets/images/card_images/large/S10b/041804_T_BURANSHIE.jpg,RARITY_CHANGE
f50cd7d4-f0cf-43c4-ad8a-2806a2c18b7c,ソード・シールド,S10b,強化拡張パック「Pokémon GO」,swsh10b_ja,084,ミュウツーVSTAR,,HR,HR,https://www.pokemon-card.com/assets/images/card_images/large/S10b/044911_P_MIXYUUTSUVSTAR.jpg,RARITY_CHANGE
e4e68350-27e1-4b0d-903b-6658d5d2420a,ソード・シールド,S10b,強化拡張パック「Pokémon GO」,swsh10b_ja,085,メルメタルVMAX,,HR,HR,https://www.pokemon-card.com/assets/images/card_images/large/S10b/044912_P_MERUMETARUVMAX.jpg,RARITY_CHANGE
7e8c66a6-e992-4bc7-bda6-678362d6cb93,ソード・シールド,S10b,強化拡張パック「Pokémon GO」,swsh10b_ja,086,カイリューVSTAR,,HR,HR,https://www.pokemon-card.com/assets/images/card_images/large/S10b/044913_P_KAIRIXYUVSTAR.jpg,RARITY_CHANGE
fccc4d8b-d47d-4942-866f-f31b2ee55aa4,ソード・シールド,S10b,強化拡張パック「Pokémon GO」,swsh10b_ja,087,キャンデラ,,HR,HR,https://www.pokemon-card.com/assets/images/card_images/large/S10b/044914_T_KIXYANDERA.jpg,RARITY_CHANGE
a7bd0766-d25f-4291-8bfa-e4a2eabf75e5,ソード・シールド,S10b,強化拡張パック「Pokémon GO」,swsh10b_ja,088,スパーク,,HR,HR,https://www.pokemon-card.com/assets/images/card_images/large/S10b/044915_T_SUPAKU.jpg,RARITY_CHANGE
f2924b2a-440f-4a5a-b019-5662fdb211f4,ソード・シールド,S10b,強化拡張パック「Pokémon GO」,swsh10b_ja,089,博士の研究（ウィロー博士）,,HR,HR,https://www.pokemon-card.com/assets/images/card_images/large/S10b/044916_T_HAKASENOKENKIXYUUUIROHAKASE.jpg,RARITY_CHANGE
45ce239a-7af1-418b-91c9-e3c3ead78f03,ソード・シールド,S10b,強化拡張パック「Pokémon GO」,swsh10b_ja,090,ブランシェ,,HR,HR,https://www.pokemon-card.com/assets/images/card_images/large/S10b/044917_T_BURANSHIE.jpg,RARITY_CHANGE
4f647158-5de3-4b42-ab00-7344f4206ad4,ソード・シールド,S10b,強化拡張パック「Pokémon GO」,swsh10b_ja,091,ミュウツーVSTAR,,UR,UR,https://www.pokemon-card.com/assets/images/card_images/large/S10b/044918_P_MIXYUUTSUVSTAR.jpg,RARITY_CHANGE
e2ebf87a-d301-493e-87ee-73e4693bb689,ソード・シールド,S10b,強化拡張パック「Pokémon GO」,swsh10b_ja,092,ふかそうち,,UR,UR,https://www.pokemon-card.com/assets/images/card_images/large/S10b/044919_T_FUKASOUCHI.jpg,RARITY_CHANGE
c589be97-c9f3-46fd-9e66-7eecdcd8e07a,ソード・シールド,S10b,強化拡張パック「Pokémon GO」,swsh10b_ja,093,ルアーモジュール,,UR,UR,https://www.pokemon-card.com/assets/images/card_images/large/S10b/044920_T_RUAMOJIXYURU.jpg,RARITY_CHANGE
8d0c1491-a0ae-45f2-8a0b-17bae02b5b3d,ソード・シールド,S10D,拡張パック「タイムゲイザー」,swsh10d_ja,001,ヤンヤンマ,,C,C,https://www.pokemon-card.com/assets/images/card_images/large/S10D/041362_P_YANYANMA.jpg,RARITY_CHANGE
2dcf95b0-fdd9-4438-9fbd-97cceb755987,ソード・シールド,S10D,拡張パック「タイムゲイザー」,swsh10d_ja,002,メガヤンマ,,U,U,https://www.pokemon-card.com/assets/images/card_images/large/S10D/041363_P_MYANMA.jpg,RARITY_CHANGE
ec6632d4-691f-4030-9d50-a87fa84dded0,ソード・シールド,S10D,拡張パック「タイムゲイザー」,swsh10d_ja,003,リーフィア,,U,U,https://www.pokemon-card.com/assets/images/card_images/large/S10D/041364_P_RIFUIA.jpg,RARITY_CHANGE
b1fe2425-1de6-4fed-b18a-b0fa19391d10,ソード・シールド,S10D,拡張パック「タイムゲイザー」,swsh10d_ja,004,シェイミ,,U,U,https://www.pokemon-card.com/assets/images/card_images/large/S10D/041365_P_SHIEIMI.jpg,RARITY_CHANGE
d170a367-09f1-42d5-826f-1748f7cb9ca4,ソード・シールド,S10D,拡張パック「タイムゲイザー」,swsh10d_ja,005,チュリネ,,C,C,https://www.pokemon-card.com/assets/images/card_images/large/S10D/041366_P_CHIXYURINE.jpg,RARITY_CHANGE
d72d4be5-6c6a-4812-83cd-f5605f8216ca,ソード・シールド,S10D,拡張パック「タイムゲイザー」,swsh10d_ja,006,ヒスイ ドレディア,,R,R,https://www.pokemon-card.com/assets/images/card_images/large/S10D/041367_P_HISUIDOREDEIA.jpg,RARITY_CHANGE
422953e9-c5a6-4e2b-80f5-57f59580da79,ソード・シールド,S10D,拡張パック「タイムゲイザー」,swsh10d_ja,007,ヒスイ ドレディアV,,RR,RR,https://www.pokemon-card.com/assets/images/card_images/large/S10D/041368_P_HISUIDOREDEIAV.jpg,RARITY_CHANGE
f0260fec-c6aa-42d1-b4fa-3230e8b9b450,ソード・シールド,S10D,拡張パック「タイムゲイザー」,swsh10d_ja,009,ヒノアラシ,,C,C,https://www.pokemon-card.com/assets/images/card_images/large/S10D/041370_P_HINOARASHI.jpg,RARITY_CHANGE
eb90fe40-dbde-4db3-b554-33a7a6a32be2,ソード・シールド,S10D,拡張パック「タイムゲイザー」,swsh10d_ja,010,マグマラシ,,C,C,https://www.pokemon-card.com/assets/images/card_images/large/S10D/041371_P_MAGUMARASHI.jpg,RARITY_CHANGE
d62a7c16-a3d8-4311-af65-ad28f3ea3afe,ソード・シールド,S10D,拡張パック「タイムゲイザー」,swsh10d_ja,011,ニョロモ,,C,C,https://www.pokemon-card.com/assets/images/card_images/large/S10D/041372_P_NIXYOROMO.jpg,RARITY_CHANGE
0e4747cc-b1ca-470a-9099-5a7d337d8011,ソード・シールド,S10D,拡張パック「タイムゲイザー」,swsh10d_ja,012,ニョロゾ,,C,C,https://www.pokemon-card.com/assets/images/card_images/large/S10D/041373_P_NIXYOROZO.jpg,RARITY_CHANGE
4c1051c0-b17f-4f18-bd34-91dcbf699aae,ソード・シールド,S10D,拡張パック「タイムゲイザー」,swsh10d_ja,013,ニョロトノ,,U,U,https://www.pokemon-card.com/assets/images/card_images/large/S10D/041374_P_NIXYOROTONO.jpg,RARITY_CHANGE
b5c30896-8393-4613-bef1-d8ed4945f23d,ソード・シールド,S10D,拡張パック「タイムゲイザー」,swsh10d_ja,014,マンタイン,,C,C,https://www.pokemon-card.com/assets/images/card_images/large/S10D/041375_P_MANTAIN.jpg,RARITY_CHANGE
0e9c8cfe-ef20-4356-9456-40478cf9fdbf,ソード・シールド,S10D,拡張パック「タイムゲイザー」,swsh10d_ja,015,ミジュマル,,C,C,https://www.pokemon-card.com/assets/images/card_images/large/S10D/041376_P_MIJIXYUMARU.jpg,RARITY_CHANGE
979ec737-b486-4275-bf3e-e4b3d99a819f,ソード・シールド,S10D,拡張パック「タイムゲイザー」,swsh10d_ja,016,フタチマル,,C,C,https://www.pokemon-card.com/assets/images/card_images/large/S10D/041377_P_FUTACHIMARU.jpg,RARITY_CHANGE
a1988642-0121-48e6-9425-87761bfb254e,ソード・シールド,S10D,拡張パック「タイムゲイザー」,swsh10d_ja,017,コアルヒー,,C,C,https://www.pokemon-card.com/assets/images/card_images/large/S10D/041378_P_KOARUHI.jpg,RARITY_CHANGE
0079afaa-23d2-4215-ac60-1f8628abac4f,ソード・シールド,S10D,拡張パック「タイムゲイザー」,swsh10d_ja,018,スワンナ,,C,C,https://www.pokemon-card.com/assets/images/card_images/large/S10D/041379_P_SUWANNA.jpg,RARITY_CHANGE
06fa29de-f026-481c-b155-2a824cce75df,ソード・シールド,S10D,拡張パック「タイムゲイザー」,swsh10d_ja,019,ラクライ,,C,C,https://www.pokemon-card.com/assets/images/card_images/large/S10D/041380_P_RAKURAI.jpg,RARITY_CHANGE
8ba7bc27-389e-42de-b131-6bf11e523679,ソード・シールド,S10D,拡張パック「タイムゲイザー」,swsh10d_ja,020,ライボルト,,U,U,https://www.pokemon-card.com/assets/images/card_images/large/S10D/041381_P_RAIBORUTO.jpg,RARITY_CHANGE
04706e12-4384-42c4-bdff-4c79f189f696,ソード・シールド,S10D,拡張パック「タイムゲイザー」,swsh10d_ja,021,レントラーV,,RR,RR,https://www.pokemon-card.com/assets/images/card_images/large/S10D/041382_P_RENTORAV.jpg,RARITY_CHANGE
d0f1c128-74e9-421b-804c-9077c792e85e,ソード・シールド,S10D,拡張パック「タイムゲイザー」,swsh10d_ja,022,レジエレキ,,U,U,https://www.pokemon-card.com/assets/images/card_images/large/S10D/041383_P_REJIEREKI.jpg,RARITY_CHANGE
6be12ef5-dd1e-4caa-ad10-227fd1d161c6,ソード・シールド,S10D,拡張パック「タイムゲイザー」,swsh10d_ja,023,ヒスイ バクフーン,,R,R,https://www.pokemon-card.com/assets/images/card_images/large/S10D/041384_P_HISUIBAKUFUN.jpg,RARITY_CHANGE
b41ce663-8826-4a2e-be92-5aa559d0f0e8,ソード・シールド,S10D,拡張パック「タイムゲイザー」,swsh10d_ja,024,クチート,,C,C,https://www.pokemon-card.com/assets/images/card_images/large/S10D/041385_P_KUCHITO.jpg,RARITY_CHANGE
e99f7fe5-faa1-4c6e-b299-6d5c2d9ba60b,ソード・シールド,S10D,拡張パック「タイムゲイザー」,swsh10d_ja,025,ジラーチV,,RR,RR,https://www.pokemon-card.com/assets/images/card_images/large/S10D/041386_P_JIRACHIV.jpg,RARITY_CHANGE
5572f8ee-00c3-42d7-a3c0-cf825f25c055,ソード・シールド,S10D,拡張パック「タイムゲイザー」,swsh10d_ja,026,フワンテ,,C,C,https://www.pokemon-card.com/assets/images/card_images/large/S10D/041387_P_FUWANTE.jpg,RARITY_CHANGE
51e4934d-7610-4385-a0fd-54cd8b5fe961,ソード・シールド,S10D,拡張パック「タイムゲイザー」,swsh10d_ja,027,フワライド,,C,C,https://www.pokemon-card.com/assets/images/card_images/large/S10D/041388_P_FUWARAIDO.jpg,RARITY_CHANGE
06d55a69-5643-40aa-aa22-69babd4eb9e8,ソード・シールド,S10D,拡張パック「タイムゲイザー」,swsh10d_ja,028,クレセリア,,R,R,https://www.pokemon-card.com/assets/images/card_images/large/S10D/041389_P_KURESERIA.jpg,RARITY_CHANGE
9bfeb145-1bc6-4f41-bdd2-a4874ac801a6,ソード・シールド,S10D,拡張パック「タイムゲイザー」,swsh10d_ja,029,ヒスイ ガーディ,,C,C,https://www.pokemon-card.com/assets/images/card_images/large/S10D/041390_P_HISUIGADEI.jpg,RARITY_CHANGE
c3efed8f-e8b9-4261-9775-79222e9f1a5e,ソード・シールド,S10D,拡張パック「タイムゲイザー」,swsh10d_ja,030,ヒスイ ウインディ,,U,U,https://www.pokemon-card.com/assets/images/card_images/large/S10D/041391_P_HISUIUINDEI.jpg,RARITY_CHANGE
1934f4db-551c-4315-884b-962ac84fb999,ソード・シールド,S10D,拡張パック「タイムゲイザー」,swsh10d_ja,031,ニョロボン,,U,U,https://www.pokemon-card.com/assets/images/card_images/large/S10D/041392_P_NIXYOROBON.jpg,RARITY_CHANGE
39f1dd79-4a76-4d2a-b366-47faa137de86,ソード・シールド,S10D,拡張パック「タイムゲイザー」,swsh10d_ja,032,カイリキーV,,RR,RR,https://www.pokemon-card.com/assets/images/card_images/large/S10D/041393_P_KAIRIKIV.jpg,RARITY_CHANGE
24d59194-3f8d-43ed-83fa-b8f4b6a4c6c5,ソード・シールド,S10D,拡張パック「タイムゲイザー」,swsh10d_ja,034,ウソッキー,,C,C,https://www.pokemon-card.com/assets/images/card_images/large/S10D/041395_P_USOKKI.jpg,RARITY_CHANGE
f7ec765c-2855-4737-803a-a924b98a92cd,ソード・シールド,S10D,拡張パック「タイムゲイザー」,swsh10d_ja,035,ズガイドス,,U,U,https://www.pokemon-card.com/assets/images/card_images/large/S10D/041396_P_ZUGAIDOSU.jpg,RARITY_CHANGE
3dce5640-96c9-4637-ab60-13d96f5f48ba,ソード・シールド,S10D,拡張パック「タイムゲイザー」,swsh10d_ja,036,ラムパルド,,R,R,https://www.pokemon-card.com/assets/images/card_images/large/S10D/041397_P_RAMUPARUDO.jpg,RARITY_CHANGE
30a2c86e-597c-4e83-ace1-257262c7c28f,ソード・シールド,S10D,拡張パック「タイムゲイザー」,swsh10d_ja,037,コジョフー,,C,C,https://www.pokemon-card.com/assets/images/card_images/large/S10D/041398_P_KOJIXYOFU.jpg,RARITY_CHANGE
d2991dfa-362c-440f-89e1-8ef663b3d851,ソード・シールド,S10D,拡張パック「タイムゲイザー」,swsh10d_ja,038,コジョンド,,C,C,https://www.pokemon-card.com/assets/images/card_images/large/S10D/041399_P_KOJIXYONDO.jpg,RARITY_CHANGE
d8ea98ff-cb29-4446-b2b7-24e95c642931,ソード・シールド,S10D,拡張パック「タイムゲイザー」,swsh10d_ja,039,イトマル,,C,C,https://www.pokemon-card.com/assets/images/card_images/large/S10D/041400_P_ITOMARU.jpg,RARITY_CHANGE
eb085a54-b9d0-484c-be51-4038216c6597,ソード・シールド,S10D,拡張パック「タイムゲイザー」,swsh10d_ja,040,アリアドス,,U,U,https://www.pokemon-card.com/assets/images/card_images/large/S10D/041401_P_ARIADOSU.jpg,RARITY_CHANGE
0dd43441-32aa-4d9a-bd9d-73cd3f05e7fe,ソード・シールド,S10D,拡張パック「タイムゲイザー」,swsh10d_ja,041,ヒスイ ダイケンキ,,R,R,https://www.pokemon-card.com/assets/images/card_images/large/S10D/041402_P_HISUIDAIKENKI.jpg,RARITY_CHANGE
80bb7f91-6d0a-45b5-a68e-368221b247b7,ソード・シールド,S10D,拡張パック「タイムゲイザー」,swsh10d_ja,042,クスネ,,C,C,https://www.pokemon-card.com/assets/images/card_images/large/S10D/041403_P_KUSUNE.jpg,RARITY_CHANGE
f112ea70-fe7a-415c-bb82-038fbe45b25f,ソード・シールド,S10D,拡張パック「タイムゲイザー」,swsh10d_ja,043,フォクスライ,,U,U,https://www.pokemon-card.com/assets/images/card_images/large/S10D/041404_P_FUOKUSURAI.jpg,RARITY_CHANGE
a32f8258-aeff-4319-bd97-859a7e0085a1,ソード・シールド,S10D,拡張パック「タイムゲイザー」,swsh10d_ja,044,コイル,,C,C,https://www.pokemon-card.com/assets/images/card_images/large/S10D/041405_P_KOIRU.jpg,RARITY_CHANGE
bb924605-c09d-481d-a7fb-9c71993cb67f,ソード・シールド,S10D,拡張パック「タイムゲイザー」,swsh10d_ja,045,レアコイル,,C,C,https://www.pokemon-card.com/assets/images/card_images/large/S10D/041406_P_REAKOIRU.jpg,RARITY_CHANGE
f0679a7f-bc38-431d-ad86-7506ed4f1d93,ソード・シールド,S10D,拡張パック「タイムゲイザー」,swsh10d_ja,046,ジバコイル,,R,R,https://www.pokemon-card.com/assets/images/card_images/large/S10D/041407_P_JIBAKOIRU.jpg,RARITY_CHANGE
68c625b8-9cd7-474f-9c9f-b63d54f23c35,ソード・シールド,S10D,拡張パック「タイムゲイザー」,swsh10d_ja,047,レジスチル,,U,U,https://www.pokemon-card.com/assets/images/card_images/large/S10D/041408_P_REJISUCHIRU.jpg,RARITY_CHANGE
94737b9c-3f3e-4b69-8851-5fffdc96ded3,ソード・シールド,S10D,拡張パック「タイムゲイザー」,swsh10d_ja,048,オリジンディアルガV,,RR,RR,https://www.pokemon-card.com/assets/images/card_images/large/S10D/041409_P_ORIJINDEIARUGAV.jpg,RARITY_CHANGE
33e0d675-b508-45ac-b7e1-39f7a5309bff,ソード・シールド,S10D,拡張パック「タイムゲイザー」,swsh10d_ja,050,コマタナ,,C,C,https://www.pokemon-card.com/assets/images/card_images/large/S10D/041411_P_KOMATANA.jpg,RARITY_CHANGE
3ebaf2b5-0a72-4949-8e0c-6e3c4ccf334f,ソード・シールド,S10D,拡張パック「タイムゲイザー」,swsh10d_ja,051,キリキザン,,U,U,https://www.pokemon-card.com/assets/images/card_images/large/S10D/041412_P_KIRIKIZAN.jpg,RARITY_CHANGE
9ecda006-e2b1-494a-8df8-69da7a9677db,ソード・シールド,S10D,拡張パック「タイムゲイザー」,swsh10d_ja,052,イーブイ,,C,C,https://www.pokemon-card.com/assets/images/card_images/large/S10D/041413_P_IBUI.jpg,RARITY_CHANGE
52e3d987-ffee-4e83-bf00-60b3788d124c,ソード・シールド,S10D,拡張パック「タイムゲイザー」,swsh10d_ja,053,ペラップ,,C,C,https://www.pokemon-card.com/assets/images/card_images/large/S10D/041414_P_PERAPPU.jpg,RARITY_CHANGE
4b82a53e-59f5-41dc-a16a-05262151b217,SVシリーズ,SV4a,レイジングサーフ,sv4a_ja,215,ホゲータ,,S,Shiny Rare,https://assets.tcgdex.net/ja/SV/SV4a/215/high.webp,RARITY_CHANGE
923a0cf8-173d-45ad-a70f-199fb5bdf007,ソード・シールド,S10D,拡張パック「タイムゲイザー」,swsh10d_ja,054,レジギガス,,R,R,https://www.pokemon-card.com/assets/images/card_images/large/S10D/041415_P_REJIGIGASU.jpg,RARITY_CHANGE
106ed197-3c36-448d-bf21-a94cdcaf95b3,ソード・シールド,S10D,拡張パック「タイムゲイザー」,swsh10d_ja,055,ワシボン,,C,C,https://www.pokemon-card.com/assets/images/card_images/large/S10D/041416_P_WASHIBON.jpg,RARITY_CHANGE
6c993458-9eaf-4647-9ab2-cc55b518578c,ソード・シールド,S10D,拡張パック「タイムゲイザー」,swsh10d_ja,056,ヒスイ ウォーグル,,U,U,https://www.pokemon-card.com/assets/images/card_images/large/S10D/041417_P_HISUIUOGURU.jpg,RARITY_CHANGE
6acb8bc9-27f8-4ce8-a930-4440b6ffacc6,ソード・シールド,S10D,拡張パック「タイムゲイザー」,swsh10d_ja,057,ホシガリス,,C,C,https://www.pokemon-card.com/assets/images/card_images/large/S10D/041418_P_HOSHIGARISU.jpg,RARITY_CHANGE
df8d390b-59f0-4b73-86ab-e54b22c435c5,ソード・シールド,S10D,拡張パック「タイムゲイザー」,swsh10d_ja,058,ヨクバリス,,U,U,https://www.pokemon-card.com/assets/images/card_images/large/S10D/041419_P_YOKUBARISU.jpg,RARITY_CHANGE
130b621a-a08d-4ed6-91eb-457387d36c7c,ソード・シールド,S10D,拡張パック「タイムゲイザー」,swsh10d_ja,059,アヤシシV,,RR,RR,https://www.pokemon-card.com/assets/images/card_images/large/S10D/041420_P_AYASHISHIV.jpg,RARITY_CHANGE
c562461b-bb7d-43a8-a27c-d1e3c374c04d,ソード・シールド,S10D,拡張パック「タイムゲイザー」,swsh10d_ja,060,いれかえカート,,U,U,https://www.pokemon-card.com/assets/images/card_images/large/S10D/041421_T_IREKAEKATO.jpg,RARITY_CHANGE
3ad3f851-f069-49e2-a313-85cf6029b8b8,ソード・シールド,S10D,拡張パック「タイムゲイザー」,swsh10d_ja,061,トレッキングシューズ,,U,U,https://www.pokemon-card.com/assets/images/card_images/large/S10D/041422_T_TOREKKINGUSHIXYUZU.jpg,RARITY_CHANGE
24b952a3-a9f8-422d-9007-0ee9f7c53d2f,SVシリーズ,SV4a,レイジングサーフ,sv4a_ja,223,パルデア ケンタロス,,S,Shiny Rare,https://assets.tcgdex.net/ja/SV/SV4a/223/high.webp,RARITY_CHANGE
60f17d3f-727b-4948-b0c6-f32f49aab2d7,ソード・シールド,S10D,拡張パック「タイムゲイザー」,swsh10d_ja,062,なぞの化石,,C,C,https://www.pokemon-card.com/assets/images/card_images/large/S10D/041423_T_NAZONOKASEKI.jpg,RARITY_CHANGE
bd1c1606-122a-4a63-a8c6-bbe404ebc5b9,ソード・シールド,S10D,拡張パック「タイムゲイザー」,swsh10d_ja,063,フェザーボール,,U,U,https://www.pokemon-card.com/assets/images/card_images/large/S10D/041424_T_FUEZABORU.jpg,RARITY_CHANGE
d43293b3-192a-4b32-b6c1-d81e69536afe,ソード・シールド,S10D,拡張パック「タイムゲイザー」,swsh10d_ja,064,セキ,,R,R,https://www.pokemon-card.com/assets/images/card_images/large/S10D/041425_T_SEKI.jpg,RARITY_CHANGE
d73210a7-02db-42cb-bc94-b78f83cabeee,ソード・シールド,S10D,拡張パック「タイムゲイザー」,swsh10d_ja,065,ナタネの活気,,U,U,https://www.pokemon-card.com/assets/images/card_images/large/S10D/041426_T_NATANENOKAKKI.jpg,RARITY_CHANGE
7460fd18-78c2-47e4-8d9d-5f19a9f6529b,ソード・シールド,S10D,拡張パック「タイムゲイザー」,swsh10d_ja,066,ペリーラ,,U,U,https://www.pokemon-card.com/assets/images/card_images/large/S10D/041427_T_PERIRA.jpg,RARITY_CHANGE
415cc03f-1943-4693-a5c1-5bb3f1f38b5b,ソード・シールド,S10D,拡張パック「タイムゲイザー」,swsh10d_ja,067,大口の沼,,U,U,https://www.pokemon-card.com/assets/images/card_images/large/S10D/041428_T_OOGUCHINONUMA.jpg,RARITY_CHANGE
792a3e64-3d7e-4c99-9e56-36f4095fa2c6,ソード・シールド,S10D,拡張パック「タイムゲイザー」,swsh10d_ja,068,ヒスイ ドレディアV,,SR,SR,https://www.pokemon-card.com/assets/images/card_images/large/S10D/041640_P_HISUIDOREDEIAV.jpg,RARITY_CHANGE
50e5e824-3e77-4919-8792-cefa2c68112e,ソード・シールド,S10D,拡張パック「タイムゲイザー」,swsh10d_ja,069,ヒスイ ドレディアV,,SR,SR,https://www.pokemon-card.com/assets/images/card_images/large/S10D/041641_P_HISUIDOREDEIAV.jpg,RARITY_CHANGE
1676bd4a-96cb-471d-9f3b-4b92a38b1cba,ソード・シールド,S10D,拡張パック「タイムゲイザー」,swsh10d_ja,070,レントラーV,,SR,SR,https://www.pokemon-card.com/assets/images/card_images/large/S10D/041642_P_RENTORAV.jpg,RARITY_CHANGE
1ef7a41e-78b6-4824-a074-a89d4aa53c4b,ソード・シールド,S10D,拡張パック「タイムゲイザー」,swsh10d_ja,071,ジラーチV,,SR,SR,https://www.pokemon-card.com/assets/images/card_images/large/S10D/041643_P_JIRACHIV.jpg,RARITY_CHANGE
80026b7a-9fc0-4310-ad65-da9ad9297972,ソード・シールド,S10D,拡張パック「タイムゲイザー」,swsh10d_ja,072,カイリキーV,,SR,SR,https://www.pokemon-card.com/assets/images/card_images/large/S10D/041644_P_KAIRIKIV.jpg,RARITY_CHANGE
181d6e61-1f28-459f-966b-2c82e776771c,ソード・シールド,S10D,拡張パック「タイムゲイザー」,swsh10d_ja,073,カイリキーV,,SR,SR,https://www.pokemon-card.com/assets/images/card_images/large/S10D/041645_P_KAIRIKIV.jpg,RARITY_CHANGE
fd1b4416-9703-413a-b6d6-44fdbaba4fb9,SVシリーズ,SV4a,レイジングサーフ,sv4a_ja,233,セビエ,,S,Shiny Rare,https://assets.tcgdex.net/ja/SV/SV4a/233/high.webp,RARITY_CHANGE
f1787a1a-81f8-4a90-b210-b7b8ee992741,ソード・シールド,S10D,拡張パック「タイムゲイザー」,swsh10d_ja,081,カイリキーVMAX,,HR,HR,https://www.pokemon-card.com/assets/images/card_images/large/S10D/044873_P_KAIRIKIVMAX.jpg,RARITY_CHANGE
0af6ffaf-53a8-408d-ad00-5b349b72423d,ソード・シールド,S10D,拡張パック「タイムゲイザー」,swsh10d_ja,082,オリジンディアルガVSTAR,,HR,HR,https://www.pokemon-card.com/assets/images/card_images/large/S10D/044874_P_ORIJINDEIARUGAVSTAR.jpg,RARITY_CHANGE
9d5373d5-8e9b-4521-b7bc-d00407ebdfa0,ソード・シールド,S10D,拡張パック「タイムゲイザー」,swsh10d_ja,083,セキ,,HR,HR,https://www.pokemon-card.com/assets/images/card_images/large/S10D/044875_T_SEKI.jpg,RARITY_CHANGE
b438c1a2-a10a-42a4-919c-79e73eece7d7,ソード・シールド,S10D,拡張パック「タイムゲイザー」,swsh10d_ja,084,ナタネの活気,,HR,HR,https://www.pokemon-card.com/assets/images/card_images/large/S10D/044876_T_NATANENOKAKKI.jpg,RARITY_CHANGE
ce2ab759-739d-4920-9824-7f0ccee12e86,ソード・シールド,S10D,拡張パック「タイムゲイザー」,swsh10d_ja,085,ペリーラ,,HR,HR,https://www.pokemon-card.com/assets/images/card_images/large/S10D/044877_T_PERIRA.jpg,RARITY_CHANGE
1843887a-cb9c-4a8e-9bf6-56a9cf806406,ソード・シールド,S10D,拡張パック「タイムゲイザー」,swsh10d_ja,086,オリジンディアルガVSTAR,,UR,UR,https://www.pokemon-card.com/assets/images/card_images/large/S10D/044878_P_ORIJINDEIARUGAVSTAR.jpg,RARITY_CHANGE
c2316bce-308f-4482-8557-bbd18eb50b54,ソード・シールド,S10D,拡張パック「タイムゲイザー」,swsh10d_ja,087,トレッキングシューズ,,UR,UR,https://www.pokemon-card.com/assets/images/card_images/large/S10D/044879_T_TOREKKINGUSHIXYUZU.jpg,RARITY_CHANGE
4ad199c8-92f2-4906-9567-7d692e9f45ca,ソード・シールド,S10D,拡張パック「タイムゲイザー」,swsh10d_ja,088,頂への雪道,,UR,UR,https://www.pokemon-card.com/assets/images/card_images/large/S10D/044880_T_ITADAKIHENOYUKIDOU.jpg,RARITY_CHANGE
17742c1e-4b43-4464-bcde-a5c7b72e7355,ソード・シールド,S1a,強化拡張パック「VMAXライジング」,swsh1a_ja,001,キャタピー,,C,C,https://www.pokemon-card.com/assets/images/card_images/large/S1a/037798_P_KYATAPI.jpg,RARITY_CHANGE
5ca6727d-87cc-4f0b-b90d-47178e5d1d79,ソード・シールド,S1a,強化拡張パック「VMAXライジング」,swsh1a_ja,002,トランセル,,C,C,https://www.pokemon-card.com/assets/images/card_images/large/S1a/037799_P_TORANSERU.jpg,RARITY_CHANGE
068b82a9-2824-4b9a-b342-f427fd90a9f8,ソード・シールド,S1a,強化拡張パック「VMAXライジング」,swsh1a_ja,003,バタフリー,,U,U,https://www.pokemon-card.com/assets/images/card_images/large/S1a/037800_P_BATAFURI.jpg,RARITY_CHANGE
c6979b65-0f03-4a1e-911a-219f0371193b,ソード・シールド,S1a,強化拡張パック「VMAXライジング」,swsh1a_ja,004,ツボツボ,,U,U,https://www.pokemon-card.com/assets/images/card_images/large/S1a/037801_P_TSUBOTSUBO.jpg,RARITY_CHANGE
63ffd4b3-27d3-4dca-afb0-cc0282977642,ソード・シールド,S1a,強化拡張パック「VMAXライジング」,swsh1a_ja,005,ユキカブリ,,C,C,https://www.pokemon-card.com/assets/images/card_images/large/S1a/037802_P_YUKIKABURI.jpg,RARITY_CHANGE
e8a1a545-b8f5-4fb1-b528-1c91b11bd9d4,ソード・シールド,S1a,強化拡張パック「VMAXライジング」,swsh1a_ja,006,ユキノオー,,U,U,https://www.pokemon-card.com/assets/images/card_images/large/S1a/037803_P_YUKINOO.jpg,RARITY_CHANGE
b6549d12-4d64-4ef4-ab59-3a41eae9e5b5,ソード・シールド,S1a,強化拡張パック「VMAXライジング」,swsh1a_ja,007,アゴジムシ,,C,C,https://www.pokemon-card.com/assets/images/card_images/large/S1a/037804_P_AGOJIMUSHI.jpg,RARITY_CHANGE
b51585d8-cf5b-4baf-8863-9ff2f46aef16,ソード・シールド,S1a,強化拡張パック「VMAXライジング」,swsh1a_ja,008,ゴリランダーV,,RR,RR,https://www.pokemon-card.com/assets/images/card_images/large/S1a/037805_P_GORIRANDAV.jpg,RARITY_CHANGE
5ec06d32-eb0c-42f2-92f7-1fb48cda4edb,ソード・シールド,S1a,強化拡張パック「VMAXライジング」,swsh1a_ja,010,カジッチュ,,C,C,https://www.pokemon-card.com/assets/images/card_images/large/S1a/037807_P_KAJICCHU.jpg,RARITY_CHANGE
49fd4525-b62f-4c03-aa3c-61291d2ff971,ソード・シールド,S1a,強化拡張パック「VMAXライジング」,swsh1a_ja,011,タルップル,,R,R,https://www.pokemon-card.com/assets/images/card_images/large/S1a/037808_P_TARUPPURU.jpg,RARITY_CHANGE
3a1a091b-998d-4b0d-954d-74c506812dc0,ソード・シールド,S1a,強化拡張パック「VMAXライジング」,swsh1a_ja,012,ロコン,,C,C,https://www.pokemon-card.com/assets/images/card_images/large/S1a/037809_P_ROKON.jpg,RARITY_CHANGE
1d1a1b47-619e-4194-9119-991b660f2525,ソード・シールド,S1a,強化拡張パック「VMAXライジング」,swsh1a_ja,013,キュウコン,,U,U,https://www.pokemon-card.com/assets/images/card_images/large/S1a/037810_P_KYUUKON.jpg,RARITY_CHANGE
4281dfb1-c000-476a-b428-4360d8877458,ソード・シールド,S1a,強化拡張パック「VMAXライジング」,swsh1a_ja,014,ガーディ,,C,C,https://www.pokemon-card.com/assets/images/card_images/large/S1a/037811_P_GADEI.jpg,RARITY_CHANGE
69951eaa-3803-4542-992d-8bf27484115b,ソード・シールド,S1a,強化拡張パック「VMAXライジング」,swsh1a_ja,015,ウインディ,,U,U,https://www.pokemon-card.com/assets/images/card_images/large/S1a/037812_P_UINDEI.jpg,RARITY_CHANGE
4cad28de-5cee-4f50-80c2-e1c68d172564,ソード・シールド,S1a,強化拡張パック「VMAXライジング」,swsh1a_ja,016,エースバーンV,,RR,RR,https://www.pokemon-card.com/assets/images/card_images/large/S1a/037813_P_ESUBANV.jpg,RARITY_CHANGE
b5bc9dcc-d862-481b-9958-dac7e0d848da,ソード・シールド,S1a,強化拡張パック「VMAXライジング」,swsh1a_ja,018,ガラル バリヤード,,C,C,https://www.pokemon-card.com/assets/images/card_images/large/S1a/037815_P_GARARUBARIYADO.jpg,RARITY_CHANGE
458a7a63-b14b-441c-b77e-07b560df476a,ソード・シールド,S1a,強化拡張パック「VMAXライジング」,swsh1a_ja,019,ガラル バリコオル,,U,U,https://www.pokemon-card.com/assets/images/card_images/large/S1a/037816_P_GARARUBARIKOORU.jpg,RARITY_CHANGE
48bfdb9d-0982-413c-bf6d-521d9b2e5e74,ソード・シールド,S1a,強化拡張パック「VMAXライジング」,swsh1a_ja,020,コイキング,,C,C,https://www.pokemon-card.com/assets/images/card_images/large/S1a/037817_P_KOIKINGU.jpg,RARITY_CHANGE
12f73e73-9dff-4f28-810c-8261a8bc4d05,ソード・シールド,S1a,強化拡張パック「VMAXライジング」,swsh1a_ja,021,ギャラドス,,R,R,https://www.pokemon-card.com/assets/images/card_images/large/S1a/037818_P_GYARADOSU.jpg,RARITY_CHANGE
35250637-e721-4e17-ac0f-04d0c5b6522a,ソード・シールド,S1a,強化拡張パック「VMAXライジング」,swsh1a_ja,022,インテレオンV,,RR,RR,https://www.pokemon-card.com/assets/images/card_images/large/S1a/037819_P_INTEREONV.jpg,RARITY_CHANGE
501c5840-d73f-4650-98c6-921cea02eb3d,ソード・シールド,S1a,強化拡張パック「VMAXライジング」,swsh1a_ja,024,ウッウ,,U,U,https://www.pokemon-card.com/assets/images/card_images/large/S1a/037821_P_UTSUU.jpg,RARITY_CHANGE
2b1281b9-5a69-453a-8793-78170c22529f,ソード・シールド,S1a,強化拡張パック「VMAXライジング」,swsh1a_ja,025,サシカマス,,C,C,https://www.pokemon-card.com/assets/images/card_images/large/S1a/037822_P_SASHIKAMASU.jpg,RARITY_CHANGE
ea08927d-77e1-49dd-8a7f-97c3229e46b7,ソード・シールド,S1a,強化拡張パック「VMAXライジング」,swsh1a_ja,026,カマスジョー,,U,U,https://www.pokemon-card.com/assets/images/card_images/large/S1a/037823_P_KAMASUJO.jpg,RARITY_CHANGE
4882237c-2c1b-473a-a65f-301326aff7d3,ソード・シールド,S1a,強化拡張パック「VMAXライジング」,swsh1a_ja,027,エリキテル,,C,C,https://www.pokemon-card.com/assets/images/card_images/large/S1a/037824_P_ERIKITERU.jpg,RARITY_CHANGE
7f70e225-1fe7-4108-8d64-6fb938e12428,ソード・シールド,S1a,強化拡張パック「VMAXライジング」,swsh1a_ja,028,エレザード,,C,C,https://www.pokemon-card.com/assets/images/card_images/large/S1a/037825_P_EREZADO.jpg,RARITY_CHANGE
78050ccc-ce25-490a-b077-fd2224036227,ソード・シールド,S1a,強化拡張パック「VMAXライジング」,swsh1a_ja,029,デンヂムシ,,C,C,https://www.pokemon-card.com/assets/images/card_images/large/S1a/037826_P_DENDIMUSHI.jpg,RARITY_CHANGE
300fd6a3-2546-4d8f-a6ef-45c06cca4027,ソード・シールド,S1a,強化拡張パック「VMAXライジング」,swsh1a_ja,030,クワガノン,,R,R,https://www.pokemon-card.com/assets/images/card_images/large/S1a/037827_P_KUWAGANON.jpg,RARITY_CHANGE
141b4df7-51a4-43a2-b3bb-823c45424f82,ソード・シールド,S1a,強化拡張パック「VMAXライジング」,swsh1a_ja,031,パルスワンV,,RR,RR,https://www.pokemon-card.com/assets/images/card_images/large/S1a/037828_P_PARUSUWANV.jpg,RARITY_CHANGE
6985afea-cf05-4c74-a671-3360f73fa7ce,ソード・シールド,S1a,強化拡張パック「VMAXライジング」,swsh1a_ja,032,エレズン,,C,C,https://www.pokemon-card.com/assets/images/card_images/large/S1a/037829_P_EREZUN.jpg,RARITY_CHANGE
d4c62b2d-797d-42d2-9cde-8c0a9c7bf3b7,ソード・シールド,S1a,強化拡張パック「VMAXライジング」,swsh1a_ja,033,ストリンダー,,U,U,https://www.pokemon-card.com/assets/images/card_images/large/S1a/037830_P_SUTORINDA.jpg,RARITY_CHANGE
0b7af188-b03a-4156-956d-a57c548d1ae7,ソード・シールド,S1a,強化拡張パック「VMAXライジング」,swsh1a_ja,034,ネイティ,,C,C,https://www.pokemon-card.com/assets/images/card_images/large/S1a/037831_P_NEITEI.jpg,RARITY_CHANGE
0dee33f3-f038-45c9-b2b4-51b10c6e80c0,ソード・シールド,S1a,強化拡張パック「VMAXライジング」,swsh1a_ja,035,ネイティオ,,U,U,https://www.pokemon-card.com/assets/images/card_images/large/S1a/037832_P_NEITEIO.jpg,RARITY_CHANGE
8015aa2b-c2e3-4e14-86dc-d81e2641bb5a,ソード・シールド,S1a,強化拡張パック「VMAXライジング」,swsh1a_ja,036,ガラル サニーゴ,,C,C,https://www.pokemon-card.com/assets/images/card_images/large/S1a/037833_P_GARARUSANIGO.jpg,RARITY_CHANGE
b21b9a65-6884-425a-8bab-a72c2345daae,ソード・シールド,S1a,強化拡張パック「VMAXライジング」,swsh1a_ja,037,ガラル サニゴーン,,R,R,https://www.pokemon-card.com/assets/images/card_images/large/S1a/037834_P_GARARUSANIGON.jpg,RARITY_CHANGE
c2783a88-833f-41bb-96af-e776e55e38ad,ソード・シールド,S1a,強化拡張パック「VMAXライジング」,swsh1a_ja,038,イエッサン,,C,C,https://www.pokemon-card.com/assets/images/card_images/large/S1a/037835_P_IESSAN.jpg,RARITY_CHANGE
7423a34d-a43f-4abf-9b49-e6a9771960fe,ソード・シールド,S1a,強化拡張パック「VMAXライジング」,swsh1a_ja,039,ドラメシヤ,,C,C,https://www.pokemon-card.com/assets/images/card_images/large/S1a/037836_P_DORAMESHIYA.jpg,RARITY_CHANGE
eb65e5dd-891a-42ad-8a2b-6bcaf927222b,ソード・シールド,S1a,強化拡張パック「VMAXライジング」,swsh1a_ja,040,ドロンチ,,C,C,https://www.pokemon-card.com/assets/images/card_images/large/S1a/037837_P_DORONCHI.jpg,RARITY_CHANGE
ef611609-f70c-4455-902d-d030e7258c7f,ソード・シールド,S1a,強化拡張パック「VMAXライジング」,swsh1a_ja,041,ドラパルト,,R,R,https://www.pokemon-card.com/assets/images/card_images/large/S1a/037838_P_DORAPARUTO.jpg,RARITY_CHANGE
6fc50e08-1c02-4f5d-9ce2-098b02327bf9,ソード・シールド,S1a,強化拡張パック「VMAXライジング」,swsh1a_ja,042,ガラル カモネギ,,C,C,https://www.pokemon-card.com/assets/images/card_images/large/S1a/037839_P_GARARUKAMONEGI.jpg,RARITY_CHANGE
960f8bb2-1295-437f-a8a4-d030315ddd8c,ソード・シールド,S1a,強化拡張パック「VMAXライジング」,swsh1a_ja,043,ガラル ネギガナイト,,R,R,https://www.pokemon-card.com/assets/images/card_images/large/S1a/037840_P_GARARUNEGIGANAITO.jpg,RARITY_CHANGE
b9b598f4-bf08-4537-a9de-0d8bb2207ab0,ソード・シールド,S1a,強化拡張パック「VMAXライジング」,swsh1a_ja,044,カメテテ,,C,C,https://www.pokemon-card.com/assets/images/card_images/large/S1a/037841_P_KAMETETE.jpg,RARITY_CHANGE
7d2e1255-d446-40e3-9b8a-4a3aa4cb4c3e,ソード・シールド,S1a,強化拡張パック「VMAXライジング」,swsh1a_ja,045,ガメノデス,,U,U,https://www.pokemon-card.com/assets/images/card_images/large/S1a/037842_P_GAMENODESU.jpg,RARITY_CHANGE
bf4a2bd3-c66a-4180-a01d-4b7c74c8a0c4,ソード・シールド,S1a,強化拡張パック「VMAXライジング」,swsh1a_ja,046,サダイジャV,,RR,RR,https://www.pokemon-card.com/assets/images/card_images/large/S1a/037843_P_SADAIJAV.jpg,RARITY_CHANGE
cd45e8e8-4485-4cb3-8e7a-9194d7967c57,ソード・シールド,S1a,強化拡張パック「VMAXライジング」,swsh1a_ja,047,タイレーツ,,C,C,https://www.pokemon-card.com/assets/images/card_images/large/S1a/037844_P_TAIRETSU.jpg,RARITY_CHANGE
e539de5d-98bb-44d4-b9a8-647a8286f44a,ソード・シールド,S1a,強化拡張パック「VMAXライジング」,swsh1a_ja,048,スカンプー,,C,C,https://www.pokemon-card.com/assets/images/card_images/large/S1a/037845_P_SUKANPU.jpg,RARITY_CHANGE
c980ba0f-94ef-452d-9374-023fe6fd8ef1,ソード・シールド,S1a,強化拡張パック「VMAXライジング」,swsh1a_ja,049,スカタンク,,U,U,https://www.pokemon-card.com/assets/images/card_images/large/S1a/037846_P_SUKATANKU.jpg,RARITY_CHANGE
a1633520-3ea3-49c2-a019-5e0b27f1be97,ソード・シールド,S1a,強化拡張パック「VMAXライジング」,swsh1a_ja,050,ベロバー,,C,C,https://www.pokemon-card.com/assets/images/card_images/large/S1a/037847_P_BEROBA.jpg,RARITY_CHANGE
1a47a4d7-8d1b-4445-a147-6428b85e513d,ソード・シールド,S1a,強化拡張パック「VMAXライジング」,swsh1a_ja,051,ギモー,,C,C,https://www.pokemon-card.com/assets/images/card_images/large/S1a/037848_P_GIMO.jpg,RARITY_CHANGE
6e29ee86-6ecb-4ef5-ae45-1e014edd18f5,ソード・シールド,S1a,強化拡張パック「VMAXライジング」,swsh1a_ja,052,オーロンゲ,,R,R,https://www.pokemon-card.com/assets/images/card_images/large/S1a/037849_P_ORONGE.jpg,RARITY_CHANGE
4bd8ba5e-350c-4dbc-8414-480307ed2bf4,ソード・シールド,S1a,強化拡張パック「VMAXライジング」,swsh1a_ja,053,ドーミラー,,C,C,https://www.pokemon-card.com/assets/images/card_images/large/S1a/037850_P_DOMIRA.jpg,RARITY_CHANGE
1c17dcee-c6a6-43c4-b29a-33e812639a21,ソード・シールド,S1a,強化拡張パック「VMAXライジング」,swsh1a_ja,054,ドータクン,,U,U,https://www.pokemon-card.com/assets/images/card_images/large/S1a/037851_P_DOTAKUN.jpg,RARITY_CHANGE
80e9362d-b97a-44a6-a874-7bf820361e66,ソード・シールド,S1a,強化拡張パック「VMAXライジング」,swsh1a_ja,055,ヒトツキ,,C,C,https://www.pokemon-card.com/assets/images/card_images/large/S1a/037852_P_HITOTSUKI.jpg,RARITY_CHANGE
c33ce923-aaae-4d82-b599-b8615c559a1b,ソード・シールド,S1a,強化拡張パック「VMAXライジング」,swsh1a_ja,056,ニダンギル,,C,C,https://www.pokemon-card.com/assets/images/card_images/large/S1a/037853_P_NIDANGIRU.jpg,RARITY_CHANGE
70fc464a-3d8c-4974-8d1a-3be9299c72e1,ソード・シールド,S1a,強化拡張パック「VMAXライジング」,swsh1a_ja,057,ギルガルド,,U,U,https://www.pokemon-card.com/assets/images/card_images/large/S1a/037854_P_GIRUGARUDO.jpg,RARITY_CHANGE
d44166d8-55c2-42fb-acf0-385a6e918638,ソード・シールド,S1a,強化拡張パック「VMAXライジング」,swsh1a_ja,058,ジュラルドン,,R,R,https://www.pokemon-card.com/assets/images/card_images/large/S1a/037855_P_JURARUDON.jpg,RARITY_CHANGE
8c85db9f-efef-4237-979a-4c41c0111b14,ソード・シールド,S1a,強化拡張パック「VMAXライジング」,swsh1a_ja,059,ホルビー,,C,C,https://www.pokemon-card.com/assets/images/card_images/large/S1a/037856_P_HORUBI.jpg,RARITY_CHANGE
d66f0845-5097-417b-b166-6e294b1238c7,ソード・シールド,S1a,強化拡張パック「VMAXライジング」,swsh1a_ja,060,ホルード,,U,U,https://www.pokemon-card.com/assets/images/card_images/large/S1a/037857_P_HORUDO.jpg,RARITY_CHANGE
3b1caa76-9057-40da-a0f6-0a9afc7eecc6,ソード・シールド,S1a,強化拡張パック「VMAXライジング」,swsh1a_ja,061,ルチャブル,,C,C,https://www.pokemon-card.com/assets/images/card_images/large/S1a/037858_P_RUCHABURU.jpg,RARITY_CHANGE
5b4973a0-919e-42d3-a894-a751dc886515,ソード・シールド,S1a,強化拡張パック「VMAXライジング」,swsh1a_ja,062,バイウールーV,,RR,RR,https://www.pokemon-card.com/assets/images/card_images/large/S1a/037859_P_BAIURUV.jpg,RARITY_CHANGE
5c0d17cf-f51d-49d4-aabe-5f7726cb8283,ソード・シールド,S1a,強化拡張パック「VMAXライジング」,swsh1a_ja,063,たっぷりバケツ,,U,U,https://www.pokemon-card.com/assets/images/card_images/large/S1a/037860_T_TAPPURIBAKETSU.jpg,RARITY_CHANGE
2b557a4d-8173-4714-b693-8c136950ea66,ソード・シールド,S1a,強化拡張パック「VMAXライジング」,swsh1a_ja,064,燃えるスカーフ,,U,U,https://www.pokemon-card.com/assets/images/card_images/large/S1a/037861_T_MOERUSUKAFU.jpg,RARITY_CHANGE
dda67b72-477a-46f8-8033-f27459fbf339,ソード・シールド,S1a,強化拡張パック「VMAXライジング」,swsh1a_ja,065,ソニア,,U,U,https://www.pokemon-card.com/assets/images/card_images/large/S1a/037862_T_SONIA.jpg,RARITY_CHANGE
15788c98-0be6-4b8f-8569-efdb33c1f6cb,ソード・シールド,S1a,強化拡張パック「VMAXライジング」,swsh1a_ja,066,フウロ,,U,U,https://www.pokemon-card.com/assets/images/card_images/large/S1a/037863_T_FUURO.jpg,RARITY_CHANGE
cb96378e-2d14-49e6-ac6e-d6f400df10a2,ソード・シールド,S1a,強化拡張パック「VMAXライジング」,swsh1a_ja,067,ヤロー,,U,U,https://www.pokemon-card.com/assets/images/card_images/large/S1a/037864_T_YARO.jpg,RARITY_CHANGE
6335bab5-8dd7-466a-89c8-b1372971010c,ソード・シールド,S1a,強化拡張パック「VMAXライジング」,swsh1a_ja,068,ターフスタジアム,,U,U,https://www.pokemon-card.com/assets/images/card_images/large/S1a/037865_T_TAFUSUTAJIAMU.jpg,RARITY_CHANGE
3d25d7c4-06d7-4d56-90d4-a60c8ab4779e,ソード・シールド,S1a,強化拡張パック「VMAXライジング」,swsh1a_ja,069,トレーニングコート,,U,U,https://www.pokemon-card.com/assets/images/card_images/large/S1a/037866_T_TORENINGUKOTO.jpg,RARITY_CHANGE
3ce1133a-db19-4a94-ae78-555a73055024,ソード・シールド,S1a,強化拡張パック「VMAXライジング」,swsh1a_ja,070,ツインエネルギー,,U,U,https://www.pokemon-card.com/assets/images/card_images/large/S1a/037867_E_TSUINENERUGI.jpg,RARITY_CHANGE
43c30e8a-51eb-4210-b6e5-57f1c5a4c2b7,ソード・シールド,S1a,強化拡張パック「VMAXライジング」,swsh1a_ja,071,ゴリランダーV,,SR,SR,https://www.pokemon-card.com/assets/images/card_images/large/S1a/037981_P_GORIRANDAV.jpg,RARITY_CHANGE
ad22b2c2-34f2-4693-8cb0-4405f053edf1,ソード・シールド,S1a,強化拡張パック「VMAXライジング」,swsh1a_ja,072,エースバーンV,,SR,SR,https://www.pokemon-card.com/assets/images/card_images/large/S1a/037982_P_ESUBANV.jpg,RARITY_CHANGE
4819e1a8-d1cc-495d-971f-0b749d1ffe85,ソード・シールド,S1a,強化拡張パック「VMAXライジング」,swsh1a_ja,073,インテレオンV,,SR,SR,https://www.pokemon-card.com/assets/images/card_images/large/S1a/037983_P_INTEREONV.jpg,RARITY_CHANGE
20168c7d-4bc9-4a5a-b248-2afeab50ba24,ソード・シールド,S1a,強化拡張パック「VMAXライジング」,swsh1a_ja,074,パルスワンV,,SR,SR,https://www.pokemon-card.com/assets/images/card_images/large/S1a/037984_P_PARUSUWANV.jpg,RARITY_CHANGE
c9eb6f2b-22fb-4110-9195-c5ef4f741858,ソード・シールド,S1a,強化拡張パック「VMAXライジング」,swsh1a_ja,075,サダイジャV,,SR,SR,https://www.pokemon-card.com/assets/images/card_images/large/S1a/037985_P_SADAIJAV.jpg,RARITY_CHANGE
713fa118-9d56-4bd0-88ed-dcdf2dfbe93b,ソード・シールド,S1a,強化拡張パック「VMAXライジング」,swsh1a_ja,076,バイウールーV,,SR,SR,https://www.pokemon-card.com/assets/images/card_images/large/S1a/037986_P_BAIURUV.jpg,RARITY_CHANGE
b9c0f33e-1d04-466e-ba11-349a1b6cc242,ソード・シールド,S1a,強化拡張パック「VMAXライジング」,swsh1a_ja,077,ソニア,,SR,SR,https://www.pokemon-card.com/assets/images/card_images/large/S1a/037987_T_SONIA.jpg,RARITY_CHANGE
f347792e-fe77-4d6b-b9bd-b6984939678e,ソード・シールド,S1a,強化拡張パック「VMAXライジング」,swsh1a_ja,078,ヤロー,,SR,SR,https://www.pokemon-card.com/assets/images/card_images/large/S1a/037988_T_YARO.jpg,RARITY_CHANGE
d5c7b533-e726-465c-a292-54f7701021e7,ソード・シールド,S1H,拡張パック「シールド」,swsh1h_ja,001,サッチムシ,,C,C,https://www.pokemon-card.com/assets/images/card_images/large/S1H/037671_P_SACCHIMUSHI.jpg,RARITY_CHANGE
0407ddc6-0f5a-43b9-bf20-fc5b3f78238d,ソード・シールド,S1H,拡張パック「シールド」,swsh1h_ja,002,レドームシ,,C,C,https://www.pokemon-card.com/assets/images/card_images/large/S1H/037672_P_REDOMUSHI.jpg,RARITY_CHANGE
84007ab8-2cc2-4d33-bbcd-5088da1d469d,ソード・シールド,S1H,拡張パック「シールド」,swsh1h_ja,003,イオルブ,,U,U,https://www.pokemon-card.com/assets/images/card_images/large/S1H/037673_P_IORUBU.jpg,RARITY_CHANGE
44d3be50-29f8-46e8-8b5a-454f5a05df4a,ソード・シールド,S1H,拡張パック「シールド」,swsh1h_ja,004,ヒメンカ,,C,C,https://www.pokemon-card.com/assets/images/card_images/large/S1H/037674_P_HIMENKA.jpg,RARITY_CHANGE
3ff02f83-1d92-4173-9df5-4a557f20dd3b,ソード・シールド,S1H,拡張パック「シールド」,swsh1h_ja,005,ワタシラガ,,C,C,https://www.pokemon-card.com/assets/images/card_images/large/S1H/037675_P_WATASHIRAGA.jpg,RARITY_CHANGE
28cea340-60c0-47a4-989b-e572cce6c260,ソード・シールド,S1H,拡張パック「シールド」,swsh1h_ja,006,コータスV,,RR,RR,https://www.pokemon-card.com/assets/images/card_images/large/S1H/037676_P_KOTASUV.jpg,RARITY_CHANGE
07314640-8be9-43e9-bb16-b28f5cc8b28e,ソード・シールド,S1H,拡張パック「シールド」,swsh1h_ja,007,ヒバニー,,C,C,https://www.pokemon-card.com/assets/images/card_images/large/S1H/037677_P_HIBANI.jpg,RARITY_CHANGE
d6d59a83-e48a-4b98-88e6-795368956375,ソード・シールド,S1W,拡張パック「ソード」,swsh1w_ja,040,ガラル ニャース,,C,C,https://www.pokemon-card.com/assets/images/card_images/large/S1W/037650_P_GARARUNYASU.jpg,RARITY_CHANGE
71508cda-c39d-4da6-8223-c6697f2707a5,ソード・シールド,S1W,拡張パック「ソード」,swsh1w_ja,041,ガラル ニャイキング,,R,R,https://www.pokemon-card.com/assets/images/card_images/large/S1W/037651_P_GARARUNYAIKINGU.jpg,RARITY_CHANGE
68516cdc-7f6b-423b-869b-04d86ae79562,ソード・シールド,S1W,拡張パック「ソード」,swsh1w_ja,042,テッシード,,C,C,https://www.pokemon-card.com/assets/images/card_images/large/S1W/037652_P_TESSHIDO.jpg,RARITY_CHANGE
25aa0438-9a78-4cdd-bc6b-1e91d4ea2cdc,ソード・シールド,S1W,拡張パック「ソード」,swsh1w_ja,043,ナットレイ,,C,C,https://www.pokemon-card.com/assets/images/card_images/large/S1W/037653_P_NATTOREI.jpg,RARITY_CHANGE
147489ce-0d1f-40ff-bc28-e7397354db32,ソード・シールド,S1W,拡張パック「ソード」,swsh1w_ja,044,ガラル マッギョ,,C,C,https://www.pokemon-card.com/assets/images/card_images/large/S1W/037654_P_GARARUMAGGYO.jpg,RARITY_CHANGE
558a37f9-2242-4183-adff-fd3391d84f3d,ソード・シールド,S1H,拡張パック「シールド」,swsh1h_ja,008,ラビフット,,U,U,https://www.pokemon-card.com/assets/images/card_images/large/S1H/037678_P_RABIFUTTO.jpg,RARITY_CHANGE
7ec28434-bb65-4a22-885f-13f0a3203c64,ソード・シールド,S1H,拡張パック「シールド」,swsh1h_ja,009,エースバーン,,R,R,https://www.pokemon-card.com/assets/images/card_images/large/S1H/037679_P_ESUBAN.jpg,RARITY_CHANGE
69025d3c-d408-4ce6-a9d1-0905b1fcb7c3,ソード・シールド,S1H,拡張パック「シールド」,swsh1h_ja,010,トサキント,,C,C,https://www.pokemon-card.com/assets/images/card_images/large/S1H/037680_P_TOSAKINTO.jpg,RARITY_CHANGE
06768c6d-f21d-4576-877d-50d25601a800,ソード・シールド,S1H,拡張パック「シールド」,swsh1h_ja,011,アズマオウ,,C,C,https://www.pokemon-card.com/assets/images/card_images/large/S1H/037681_P_AZUMAOU.jpg,RARITY_CHANGE
5f2e532d-87d3-41d6-b5e2-b1163790a674,ソード・シールド,S1H,拡張パック「シールド」,swsh1h_ja,012,ハリーセン,,C,C,https://www.pokemon-card.com/assets/images/card_images/large/S1H/037682_P_HARISEN.jpg,RARITY_CHANGE
681a5760-d40d-4369-87cd-6f97d1a1620a,ソード・シールド,S1H,拡張パック「シールド」,swsh1h_ja,013,カムカメ,,C,C,https://www.pokemon-card.com/assets/images/card_images/large/S1H/037683_P_KAMUKAME.jpg,RARITY_CHANGE
a4490e1e-f369-4500-ba61-2de204df70c5,ソード・シールド,S1H,拡張パック「シールド」,swsh1h_ja,014,カジリガメ,,U,U,https://www.pokemon-card.com/assets/images/card_images/large/S1H/037684_P_KAJIRIGAME.jpg,RARITY_CHANGE
3272fa84-8efe-4973-bfad-e3087bd8c0e5,ソード・シールド,S1H,拡張パック「シールド」,swsh1h_ja,015,ユキハミ,,C,C,https://www.pokemon-card.com/assets/images/card_images/large/S1H/037685_P_YUKIHAMI.jpg,RARITY_CHANGE
d737f7c9-2d3f-4ea5-b7c0-d366305c9008,ソード・シールド,S1H,拡張パック「シールド」,swsh1h_ja,016,モスノウ,,R,R,https://www.pokemon-card.com/assets/images/card_images/large/S1H/037686_P_MOSUNOU.jpg,RARITY_CHANGE
0606809b-e447-4c45-985e-389d4cd6fbf5,ソード・シールド,S1H,拡張パック「シールド」,swsh1h_ja,017,チョンチー,,C,C,https://www.pokemon-card.com/assets/images/card_images/large/S1H/037687_P_CHONCHI.jpg,RARITY_CHANGE
5a459dbb-0820-4fa2-895f-082d9159861d,ソード・シールド,S1H,拡張パック「シールド」,swsh1h_ja,018,ランターン,,U,U,https://www.pokemon-card.com/assets/images/card_images/large/S1H/037688_P_RANTAN.jpg,RARITY_CHANGE
caeb4b15-eab7-45cd-a3f9-1f58e5400ea7,ソード・シールド,S1H,拡張パック「シールド」,swsh1h_ja,019,モルペコV,,RR,RR,https://www.pokemon-card.com/assets/images/card_images/large/S1H/037689_P_MORUPEKOV.jpg,RARITY_CHANGE
1094b79e-1b58-4130-9535-31ddd89aaaaa,ソード・シールド,S1H,拡張パック「シールド」,swsh1h_ja,021,ガラル ポニータ,,C,C,https://www.pokemon-card.com/assets/images/card_images/large/S1H/037691_P_GARARUPONITA.jpg,RARITY_CHANGE
ba244a3b-5700-4cd9-a2af-9665fae7972f,ソード・シールド,S1H,拡張パック「シールド」,swsh1h_ja,022,ガラル ギャロップ,,U,U,https://www.pokemon-card.com/assets/images/card_images/large/S1H/037692_P_GARARUGYAROPPU.jpg,RARITY_CHANGE
4eb2f0a5-578a-478d-9959-8cc34f1ff2fd,ソード・シールド,S1H,拡張パック「シールド」,swsh1h_ja,023,ムンナ,,C,C,https://www.pokemon-card.com/assets/images/card_images/large/S1H/037693_P_MUNNA.jpg,RARITY_CHANGE
6bd2cebd-6ca0-4826-bf3b-55b5039058ff,ソード・シールド,S1H,拡張パック「シールド」,swsh1h_ja,024,ムシャーナ,,U,U,https://www.pokemon-card.com/assets/images/card_images/large/S1H/037694_P_MUSHANA.jpg,RARITY_CHANGE
4b26e436-dccf-4da6-aa7e-36f315bde6eb,ソード・シールド,S1H,拡張パック「シールド」,swsh1h_ja,025,イエッサンV,,RR,RR,https://www.pokemon-card.com/assets/images/card_images/large/S1H/037695_P_IESSANV.jpg,RARITY_CHANGE
11fb18c5-7cf6-40b4-99e3-9426baa99675,ソード・シールド,S1H,拡張パック「シールド」,swsh1h_ja,026,サワムラー,,C,C,https://www.pokemon-card.com/assets/images/card_images/large/S1H/037696_P_SAWAMURA.jpg,RARITY_CHANGE
4fb42462-8526-4076-9462-a72d1dd1dd43,ソード・シールド,S1H,拡張パック「シールド」,swsh1h_ja,027,エビワラー,,C,C,https://www.pokemon-card.com/assets/images/card_images/large/S1H/037697_P_EBIWARA.jpg,RARITY_CHANGE
54ed3649-a0a8-4632-8388-772edeadc612,ソード・シールド,S1H,拡張パック「シールド」,swsh1h_ja,028,サイホーン,,C,C,https://www.pokemon-card.com/assets/images/card_images/large/S1H/037698_P_SAIHON.jpg,RARITY_CHANGE
f58b00d7-3230-4d2e-8e4a-6d43780622cc,ソード・シールド,S1H,拡張パック「シールド」,swsh1h_ja,029,サイドン,,U,U,https://www.pokemon-card.com/assets/images/card_images/large/S1H/037699_P_SAIDON.jpg,RARITY_CHANGE
e161fc4c-3616-431d-a443-e5f714b8a95e,ソード・シールド,S1H,拡張パック「シールド」,swsh1h_ja,030,ドサイドン,,R,R,https://www.pokemon-card.com/assets/images/card_images/large/S1H/037700_P_DOSAIDON.jpg,RARITY_CHANGE
63a6d364-e419-4158-8fac-8465a771fc24,ソード・シールド,S1H,拡張パック「シールド」,swsh1h_ja,031,スナヘビ,,C,C,https://www.pokemon-card.com/assets/images/card_images/large/S1H/037701_P_SUNAHEBI.jpg,RARITY_CHANGE
2e8e575d-ea46-454a-81be-e8d905ac46ec,ソード・シールド,S1H,拡張パック「シールド」,swsh1h_ja,032,サダイジャ,,U,U,https://www.pokemon-card.com/assets/images/card_images/large/S1H/037702_P_SADAIJA.jpg,RARITY_CHANGE
0dff17fc-6e65-447f-a24f-8080426b6aa3,ソード・シールド,S1H,拡張パック「シールド」,swsh1h_ja,033,ガラル ジグザグマ,,C,C,https://www.pokemon-card.com/assets/images/card_images/large/S1H/037703_P_GARARUJIGUZAGUMA.jpg,RARITY_CHANGE
dfbda694-e06c-47a1-8447-03c9cd232fd3,ソード・シールド,S1H,拡張パック「シールド」,swsh1h_ja,034,ガラル マッスグマ,,U,U,https://www.pokemon-card.com/assets/images/card_images/large/S1H/037704_P_GARARUMASSUGUMA.jpg,RARITY_CHANGE
db440dc0-6430-4544-ba47-3d62ae1c411d,ソード・シールド,S1H,拡張パック「シールド」,swsh1h_ja,035,ガラル タチフサグマ,,R,R,https://www.pokemon-card.com/assets/images/card_images/large/S1H/037705_P_GARARUTACHIFUSAGUMA.jpg,RARITY_CHANGE
86cf1f60-bd57-43a9-8e9a-4ab4e6da8cd4,ソード・シールド,S1H,拡張パック「シールド」,swsh1h_ja,036,ヤミラミV,,RR,RR,https://www.pokemon-card.com/assets/images/card_images/large/S1H/037706_P_YAMIRAMIV.jpg,RARITY_CHANGE
bbfa244f-8834-477a-bf8f-fd5bdd20195d,ソード・シールド,S1H,拡張パック「シールド」,swsh1h_ja,037,スコルピ,,C,C,https://www.pokemon-card.com/assets/images/card_images/large/S1H/037707_P_SUKORUPI.jpg,RARITY_CHANGE
2b0f15fb-c4a6-49e0-ae3f-5a159ddf64d1,ソード・シールド,S1H,拡張パック「シールド」,swsh1h_ja,038,ドラピオン,,U,U,https://www.pokemon-card.com/assets/images/card_images/large/S1H/037708_P_DORAPION.jpg,RARITY_CHANGE
14add980-4970-47f9-b51a-9e07f254567d,ソード・シールド,S1H,拡張パック「シールド」,swsh1h_ja,039,クチート,,C,C,https://www.pokemon-card.com/assets/images/card_images/large/S1H/037709_P_KUCHITO.jpg,RARITY_CHANGE
349c1fc6-47a9-49f8-a0f9-c84b29fc1753,ソード・シールド,S1H,拡張パック「シールド」,swsh1h_ja,040,コマタナ,,C,C,https://www.pokemon-card.com/assets/images/card_images/large/S1H/037710_P_KOMATANA.jpg,RARITY_CHANGE
a3271cf0-4ea0-4ff0-ac9c-61344d9e8944,ソード・シールド,S1H,拡張パック「シールド」,swsh1h_ja,041,キリキザン,,C,C,https://www.pokemon-card.com/assets/images/card_images/large/S1H/037711_P_KIRIKIZAN.jpg,RARITY_CHANGE
148b8d42-2a68-4590-8ba0-adb813114008,ソード・シールド,S1H,拡張パック「シールド」,swsh1h_ja,042,ゾウドウ,,C,C,https://www.pokemon-card.com/assets/images/card_images/large/S1H/037712_P_ZOUDOU.jpg,RARITY_CHANGE
3aa0bc75-fabd-44cd-a120-4fab1b673295,ソード・シールド,S1H,拡張パック「シールド」,swsh1h_ja,043,ダイオウドウ,,R,R,https://www.pokemon-card.com/assets/images/card_images/large/S1H/037713_P_DAIOUDOU.jpg,RARITY_CHANGE
b549dbeb-39db-4f9b-b7c3-c5c49bec9d3a,ソード・シールド,S1H,拡張パック「シールド」,swsh1h_ja,044,ザマゼンタV,,RR,RR,https://www.pokemon-card.com/assets/images/card_images/large/S1H/037714_P_ZAMAZENTAV.jpg,RARITY_CHANGE
9adca9ff-5926-41e1-97fd-069d2261e5e8,ソード・シールド,S1H,拡張パック「シールド」,swsh1h_ja,045,カビゴンV,,RR,RR,https://www.pokemon-card.com/assets/images/card_images/large/S1H/037715_P_KABIGONV.jpg,RARITY_CHANGE
e3e9249f-b94f-40e4-bb3c-a69653b8ff8b,ソード・シールド,S1H,拡張パック「シールド」,swsh1h_ja,047,ホーホー,,C,C,https://www.pokemon-card.com/assets/images/card_images/large/S1H/037717_P_HOHO.jpg,RARITY_CHANGE
d830a010-a8ba-479c-910c-e3f37fc79131,ソード・シールド,S1H,拡張パック「シールド」,swsh1h_ja,048,ヨルノズク,,U,U,https://www.pokemon-card.com/assets/images/card_images/large/S1H/037718_P_YORUNOZUKU.jpg,RARITY_CHANGE
ddaa0292-3dd0-4e0b-9ef9-7188d977bcf5,ソード・シールド,S1H,拡張パック「シールド」,swsh1h_ja,049,ヤレユータン,,R,R,https://www.pokemon-card.com/assets/images/card_images/large/S1H/037719_P_YAREYUTAN.jpg,RARITY_CHANGE
ab74199c-aa4f-4e35-a302-92bda0dba3bc,ソード・シールド,S1H,拡張パック「シールド」,swsh1h_ja,050,ウールー,,C,C,https://www.pokemon-card.com/assets/images/card_images/large/S1H/037720_P_URU.jpg,RARITY_CHANGE
ba7edc0e-81b7-4d3f-b0f5-292a7b1da7e1,ソード・シールド,S1H,拡張パック「シールド」,swsh1h_ja,051,バイウールー,,C,C,https://www.pokemon-card.com/assets/images/card_images/large/S1H/037721_P_BAIURU.jpg,RARITY_CHANGE
42516b69-b287-46c5-9389-535a8528d873,ソード・シールド,S1H,拡張パック「シールド」,swsh1h_ja,052,クイックボール,,U,U,https://www.pokemon-card.com/assets/images/card_images/large/S1H/037722_T_KUIKKUBORU.jpg,RARITY_CHANGE
602d27f7-66ab-48f9-ac6b-b9037adf91d1,ソード・シールド,S1H,拡張パック「シールド」,swsh1h_ja,053,ふしぎなアメ,,U,U,https://www.pokemon-card.com/assets/images/card_images/large/S1H/037723_T_FUSHIGINAAME.jpg,RARITY_CHANGE
d9d76636-170b-4bbf-9436-9cd0b4a5432a,ソード・シールド,S1H,拡張パック「シールド」,swsh1h_ja,054,メタルソーサー,,U,U,https://www.pokemon-card.com/assets/images/card_images/large/S1H/037724_T_METARUSOSA.jpg,RARITY_CHANGE
e6c6fc76-5ea8-41d3-ba30-a3baae21b161,ソード・シールド,S1H,拡張パック「シールド」,swsh1h_ja,055,オボンのみ,,U,U,https://www.pokemon-card.com/assets/images/card_images/large/S1H/037725_T_OBONNOMI.jpg,RARITY_CHANGE
c3b4d142-67db-48bd-bf13-782c49b9e3fd,ソード・シールド,S1H,拡張パック「シールド」,swsh1h_ja,056,げんきのハチマキ,,U,U,https://www.pokemon-card.com/assets/images/card_images/large/S1H/037726_T_GENKINOHACHIMAKI.jpg,RARITY_CHANGE
b9825345-4a1a-46aa-b117-a96c3b73b2f0,ソード・シールド,S1H,拡張パック「シールド」,swsh1h_ja,057,しあわせタマゴ,,U,U,https://www.pokemon-card.com/assets/images/card_images/large/S1H/037727_T_SHIAWASETAMAGO.jpg,RARITY_CHANGE
0d44c3d6-8de7-4ff3-9a67-480fa3f58e10,ソード・シールド,S1H,拡張パック「シールド」,swsh1h_ja,058,エール団のしたっぱ,,U,U,https://www.pokemon-card.com/assets/images/card_images/large/S1H/037728_T_ERUDANNOSHITAPPA.jpg,RARITY_CHANGE
c06a7519-11d3-428a-bb03-ccfdbd145d1b,ソード・シールド,S1H,拡張パック「シールド」,swsh1h_ja,059,マリィ,,R,R,https://www.pokemon-card.com/assets/images/card_images/large/S1H/037729_T_MARII.jpg,RARITY_CHANGE
8cddd7be-607b-4e1d-af19-0707bc294b36,ソード・シールド,S1H,拡張パック「シールド」,swsh1h_ja,060,オーロラエネルギー,,U,U,https://www.pokemon-card.com/assets/images/card_images/large/S1H/037730_E_ORORAENERUGI.jpg,RARITY_CHANGE
5d085305-0e66-474b-b35e-2d16a6c03c89,ソード・シールド,S1H,拡張パック「シールド」,swsh1h_ja,061,コータスV,,SR,SR,https://www.pokemon-card.com/assets/images/card_images/large/S1H/037876_P_KOTASUV.jpg,RARITY_CHANGE
012f702f-2048-4f7a-9e2e-322f61cd2b40,ソード・シールド,S1H,拡張パック「シールド」,swsh1h_ja,062,モルペコV,,SR,SR,https://www.pokemon-card.com/assets/images/card_images/large/S1H/037877_P_MORUPEKOV.jpg,RARITY_CHANGE
ba5f4f5f-dac7-4a51-91c0-c7b65de18b56,ソード・シールド,S1H,拡張パック「シールド」,swsh1h_ja,063,イエッサンV,,SR,SR,https://www.pokemon-card.com/assets/images/card_images/large/S1H/037878_P_IESSANV.jpg,RARITY_CHANGE
fdc41ab5-75ff-4958-9d47-dccabc63f471,ソード・シールド,S1H,拡張パック「シールド」,swsh1h_ja,064,ヤミラミV,,SR,SR,https://www.pokemon-card.com/assets/images/card_images/large/S1H/037879_P_YAMIRAMIV.jpg,RARITY_CHANGE
8c80ffc0-77d2-4922-9262-2e46e17d142d,ソード・シールド,S1H,拡張パック「シールド」,swsh1h_ja,065,ザマゼンタV,,SR,SR,https://www.pokemon-card.com/assets/images/card_images/large/S1H/037880_P_ZAMAZENTAV.jpg,RARITY_CHANGE
51964484-cd54-499b-ae00-be10bfd51aa0,ソード・シールド,S1H,拡張パック「シールド」,swsh1h_ja,066,カビゴンV,,SR,SR,https://www.pokemon-card.com/assets/images/card_images/large/S1H/037881_P_KABIGONV.jpg,RARITY_CHANGE
7f1630c1-122b-4efc-9f51-aefc393c77b4,ソード・シールド,S1H,拡張パック「シールド」,swsh1h_ja,067,エール団のしたっぱ,,SR,SR,https://www.pokemon-card.com/assets/images/card_images/large/S1H/037882_T_ERUDANNOSHITAPPA.jpg,RARITY_CHANGE
23cee202-86e9-4b9b-a238-395b0b8cc53e,ソード・シールド,S1H,拡張パック「シールド」,swsh1h_ja,068,マリィ,,SR,SR,https://www.pokemon-card.com/assets/images/card_images/large/S1H/037883_T_MARII.jpg,RARITY_CHANGE
44733caa-2096-42bd-bc27-039af3b91f8f,ソード・シールド,S1W,拡張パック「ソード」,swsh1w_ja,001,ロゼリア,,C,C,https://www.pokemon-card.com/assets/images/card_images/large/S1W/037611_P_ROZERIA.jpg,RARITY_CHANGE
6ffacbf4-990c-4ea9-97d4-187ecd3e267e,ソード・シールド,S1W,拡張パック「ソード」,swsh1w_ja,002,ロズレイド,,U,U,https://www.pokemon-card.com/assets/images/card_images/large/S1W/037612_P_ROZUREIDO.jpg,RARITY_CHANGE
08aff490-0454-4c77-9ccd-4ba8496032a4,ソード・シールド,S1W,拡張パック「ソード」,swsh1w_ja,003,マラカッチ,,C,C,https://www.pokemon-card.com/assets/images/card_images/large/S1W/037613_P_MARAKACCHI.jpg,RARITY_CHANGE
cd8fea01-3604-4502-a900-1d7ad0e591e9,ソード・シールド,S1W,拡張パック「ソード」,swsh1w_ja,004,ダダリンV,,RR,RR,https://www.pokemon-card.com/assets/images/card_images/large/S1W/037614_P_DADARINV.jpg,RARITY_CHANGE
b3e4f7d2-9200-41c2-a3fb-0e97f99903bb,ソード・シールド,S1W,拡張パック「ソード」,swsh1w_ja,005,サルノリ,,C,C,https://www.pokemon-card.com/assets/images/card_images/large/S1W/037615_P_SARUNORI.jpg,RARITY_CHANGE
da79e150-66e5-4b79-b0f7-782a92e798eb,ソード・シールド,S1W,拡張パック「ソード」,swsh1w_ja,006,バチンキー,,U,U,https://www.pokemon-card.com/assets/images/card_images/large/S1W/037616_P_BACHINKI.jpg,RARITY_CHANGE
53fa7d39-933b-4c93-acb2-91fbd80863ce,ソード・シールド,S1W,拡張パック「ソード」,swsh1w_ja,007,ゴリランダー,,R,R,https://www.pokemon-card.com/assets/images/card_images/large/S1W/037617_P_GORIRANDA.jpg,RARITY_CHANGE
e4e0ef3d-74f8-4c2b-956d-0cf294edaa4b,ソード・シールド,S1W,拡張パック「ソード」,swsh1w_ja,008,ヤトウモリ,,C,C,https://www.pokemon-card.com/assets/images/card_images/large/S1W/037618_P_YATOUMORI.jpg,RARITY_CHANGE
758afc55-386e-43a4-b893-5d7482e42479,ソード・シールド,S1W,拡張パック「ソード」,swsh1w_ja,009,エンニュート,,C,C,https://www.pokemon-card.com/assets/images/card_images/large/S1W/037619_P_ENNYUTO.jpg,RARITY_CHANGE
20738778-6a4e-4fb3-ab28-5abc6ee5c2db,ソード・シールド,S1W,拡張パック「ソード」,swsh1w_ja,010,ヤクデ,,C,C,https://www.pokemon-card.com/assets/images/card_images/large/S1W/037620_P_YAKUDE.jpg,RARITY_CHANGE
f866be8a-f227-4867-b562-8852af4def5a,ソード・シールド,S1W,拡張パック「ソード」,swsh1w_ja,011,マルヤクデ,,U,U,https://www.pokemon-card.com/assets/images/card_images/large/S1W/037621_P_MARUYAKUDE.jpg,RARITY_CHANGE
621ac7d5-aa9a-4ce8-87fc-3b2e3087663d,ソード・シールド,S1W,拡張パック「ソード」,swsh1w_ja,012,クラブ,,C,C,https://www.pokemon-card.com/assets/images/card_images/large/S1W/037622_P_KURABU.jpg,RARITY_CHANGE
56d3c7f4-b3cb-4767-922d-964fd381e05b,ソード・シールド,S1W,拡張パック「ソード」,swsh1w_ja,013,キングラー,,C,C,https://www.pokemon-card.com/assets/images/card_images/large/S1W/037623_P_KINGURA.jpg,RARITY_CHANGE
e21c9a4c-4ed3-4318-a2d4-377bfa9a10de,ソード・シールド,S1W,拡張パック「ソード」,swsh1w_ja,014,ラプラスV,,RR,RR,https://www.pokemon-card.com/assets/images/card_images/large/S1W/037624_P_RAPURASUV.jpg,RARITY_CHANGE
9bb6d201-e505-4b8f-b40f-b20594519105,ソード・シールド,S1W,拡張パック「ソード」,swsh1w_ja,016,マンタイン,,C,C,https://www.pokemon-card.com/assets/images/card_images/large/S1W/037626_P_MANTAIN.jpg,RARITY_CHANGE
ce2537bf-ef48-421c-855a-8dfe628207a5,ソード・シールド,S1W,拡張パック「ソード」,swsh1w_ja,017,メッソン,,C,C,https://www.pokemon-card.com/assets/images/card_images/large/S1W/037627_P_MESSON.jpg,RARITY_CHANGE
cc268265-6160-431f-adde-c9b87f9c5f35,SVシリーズ,SV4K,古代の咆哮,sv4k_ja,077,アラブルタケ,,AR,AR,https://assets.tcgdex.net/ja/SV/SV4K/077/high.webp,RARITY_CHANGE
6fca0f97-4673-428c-88e2-802a340f2779,ソード・シールド,S1W,拡張パック「ソード」,swsh1w_ja,018,ジメレオン,,U,U,https://www.pokemon-card.com/assets/images/card_images/large/S1W/037628_P_JIMEREON.jpg,RARITY_CHANGE
a1b49a66-7cc7-4513-86d6-660d502f0b97,ソード・シールド,S1W,拡張パック「ソード」,swsh1w_ja,019,インテレオン,,R,R,https://www.pokemon-card.com/assets/images/card_images/large/S1W/037629_P_INTEREON.jpg,RARITY_CHANGE
23fca23b-0aae-49e6-9793-c4edb818f3ae,ソード・シールド,S1W,拡張パック「ソード」,swsh1w_ja,020,ワンパチ,,C,C,https://www.pokemon-card.com/assets/images/card_images/large/S1W/037630_P_WANPACHI.jpg,RARITY_CHANGE
42d67a60-2354-48bb-b5c1-76cbd584559a,ソード・シールド,S1W,拡張パック「ソード」,swsh1w_ja,021,パルスワン,,R,R,https://www.pokemon-card.com/assets/images/card_images/large/S1W/037631_P_PARUSUWAN.jpg,RARITY_CHANGE
370be210-12c0-4033-85b0-d11b93854ade,ソード・シールド,S1W,拡張パック「ソード」,swsh1w_ja,022,バチンウニ,,C,C,https://www.pokemon-card.com/assets/images/card_images/large/S1W/037632_P_BACHINUNI.jpg,RARITY_CHANGE
246177b2-fdb8-44e7-97b3-f6bdec34ddd8,ソード・シールド,S1W,拡張パック「ソード」,swsh1w_ja,023,ゴース,,C,C,https://www.pokemon-card.com/assets/images/card_images/large/S1W/037633_P_GOSU.jpg,RARITY_CHANGE
bc83ad25-a4d6-4788-b13a-fa2599919ab2,ソード・シールド,S1W,拡張パック「ソード」,swsh1w_ja,024,ゴースト,,U,U,https://www.pokemon-card.com/assets/images/card_images/large/S1W/037634_P_GOSUTO.jpg,RARITY_CHANGE
a69f4ebb-a78f-4e9c-b0ff-ea7c02e5484b,ソード・シールド,S1W,拡張パック「ソード」,swsh1w_ja,025,ゲンガー,,R,R,https://www.pokemon-card.com/assets/images/card_images/large/S1W/037635_P_GENGA.jpg,RARITY_CHANGE
02335fca-0427-45ee-8928-cce39f5aaac0,ソード・シールド,S1W,拡張パック「ソード」,swsh1w_ja,026,ソーナンスV,,RR,RR,https://www.pokemon-card.com/assets/images/card_images/large/S1W/037636_P_SONANSUV.jpg,RARITY_CHANGE
4b186125-04ca-4a62-a16a-299b200f3a71,ソード・シールド,S1W,拡張パック「ソード」,swsh1w_ja,027,ヤバチャ,,C,C,https://www.pokemon-card.com/assets/images/card_images/large/S1W/037637_P_YABACHA.jpg,RARITY_CHANGE
87e81776-fa89-4d92-93f2-4723a8c6b289,ソード・シールド,S1W,拡張パック「ソード」,swsh1w_ja,028,ポットデス,,U,U,https://www.pokemon-card.com/assets/images/card_images/large/S1W/037638_P_POTTODESU.jpg,RARITY_CHANGE
25878e65-7e0e-4c42-9348-99af31b962d5,ソード・シールド,S1W,拡張パック「ソード」,swsh1w_ja,029,ウソッキー,,C,C,https://www.pokemon-card.com/assets/images/card_images/large/S1W/037639_P_USOKKI.jpg,RARITY_CHANGE
c64f29c0-eaeb-4d73-99ff-84b5f401e195,ソード・シールド,S1W,拡張パック「ソード」,swsh1w_ja,030,ヤジロン,,C,C,https://www.pokemon-card.com/assets/images/card_images/large/S1W/037640_P_YAJIRON.jpg,RARITY_CHANGE
116c0a35-1203-4c02-b66d-c516f2e83bc7,ソード・シールド,S1W,拡張パック「ソード」,swsh1w_ja,031,ネンドール,,U,U,https://www.pokemon-card.com/assets/images/card_images/large/S1W/037641_P_NENDORU.jpg,RARITY_CHANGE
1151a96c-1460-495d-8641-9d68cb01894a,ソード・シールド,S1W,拡張パック「ソード」,swsh1w_ja,032,タタッコ,,C,C,https://www.pokemon-card.com/assets/images/card_images/large/S1W/037642_P_TATAKKO.jpg,RARITY_CHANGE
910c33d0-67cc-4d25-8bc4-122703d2241b,ソード・シールド,S1W,拡張パック「ソード」,swsh1w_ja,033,オトスパス,,U,U,https://www.pokemon-card.com/assets/images/card_images/large/S1W/037643_P_OTOSUPASU.jpg,RARITY_CHANGE
46470652-9fa8-4714-8ffb-e3edb0ae6a3a,ソード・シールド,S1W,拡張パック「ソード」,swsh1w_ja,034,イシヘンジンV,,RR,RR,https://www.pokemon-card.com/assets/images/card_images/large/S1W/037644_P_ISHIHENJINV.jpg,RARITY_CHANGE
1f358551-e035-46c8-9b0c-af5ebc47bcfa,ソード・シールド,S1W,拡張パック「ソード」,swsh1w_ja,036,グレッグル,,C,C,https://www.pokemon-card.com/assets/images/card_images/large/S1W/037646_P_GUREGGURU.jpg,RARITY_CHANGE
13f746e7-0c65-431c-94fb-bd977622ad17,ソード・シールド,S1W,拡張パック「ソード」,swsh1w_ja,037,ドクロッグ,,R,R,https://www.pokemon-card.com/assets/images/card_images/large/S1W/037647_P_DOKUROGGU.jpg,RARITY_CHANGE
e89d4157-8bdb-483e-bfac-63d3cdc0e7e8,ソード・シールド,S1W,拡張パック「ソード」,swsh1w_ja,038,クスネ,,C,C,https://www.pokemon-card.com/assets/images/card_images/large/S1W/037648_P_KUSUNE.jpg,RARITY_CHANGE
8ce14067-cd13-46a6-8263-e04bcfd2f6c8,ソード・シールド,S1W,拡張パック「ソード」,swsh1w_ja,039,フォクスライ,,U,U,https://www.pokemon-card.com/assets/images/card_images/large/S1W/037649_P_FOKUSURAI.jpg,RARITY_CHANGE
8342436c-350b-4982-af67-6bf38af1b7b2,ソード・シールド,S2,拡張パック「反逆クラッシュ」,swsh2_ja,072,ハッサム,,U,U,https://www.pokemon-card.com/assets/images/card_images/large/S2/037956_P_HASSAMU.jpg,RARITY_CHANGE
748b61d6-f804-42de-a404-6e6bf5c36ccd,ソード・シールド,S1W,拡張パック「ソード」,swsh1w_ja,045,アーマーガア,,U,U,https://www.pokemon-card.com/assets/images/card_images/large/S1W/037655_P_AMAGAA.jpg,RARITY_CHANGE
a7469613-389a-4cb4-b4b7-214d209a6625,ソード・シールド,S1W,拡張パック「ソード」,swsh1w_ja,046,ザシアンV,,RR,RR,https://www.pokemon-card.com/assets/images/card_images/large/S1W/037656_P_ZASHIANV.jpg,RARITY_CHANGE
10931b57-7854-48ef-be79-71d0bc26558a,ソード・シールド,S1W,拡張パック「ソード」,swsh1w_ja,047,チラーミィ,,C,C,https://www.pokemon-card.com/assets/images/card_images/large/S1W/037657_P_CHIRAMII.jpg,RARITY_CHANGE
c48dad68-7a37-4641-9f9a-de2a4d9ad551,ソード・シールド,S1W,拡張パック「ソード」,swsh1w_ja,048,チラチーノ,,U,U,https://www.pokemon-card.com/assets/images/card_images/large/S1W/037658_P_CHIRACHINO.jpg,RARITY_CHANGE
b53a2db3-2d70-497a-a46c-e51a91db18e1,ソード・シールド,S1W,拡張パック「ソード」,swsh1w_ja,049,ココガラ,,C,C,https://www.pokemon-card.com/assets/images/card_images/large/S1W/037659_P_KOKOGARA.jpg,RARITY_CHANGE
1c26a164-5064-4b4d-aafb-db0a9c25cfe5,ソード・シールド,S1W,拡張パック「ソード」,swsh1w_ja,050,アオガラス,,C,C,https://www.pokemon-card.com/assets/images/card_images/large/S1W/037660_P_AOGARASU.jpg,RARITY_CHANGE
7baaf9b9-dc39-4952-9e8f-c848406c641a,ソード・シールド,S1W,拡張パック「ソード」,swsh1w_ja,051,ウッウV,,RR,RR,https://www.pokemon-card.com/assets/images/card_images/large/S1W/037661_P_UTSUUV.jpg,RARITY_CHANGE
a99fb10d-7318-4e70-9b3d-f44029fb4313,ソード・シールド,S1W,拡張パック「ソード」,swsh1w_ja,052,しんかのおこう,,U,U,https://www.pokemon-card.com/assets/images/card_images/large/S1W/037662_T_SHINKANOOKOU.jpg,RARITY_CHANGE
0ff3d2c3-d932-4f72-97cb-18fafe56d931,ソード・シールド,S1W,拡張パック「ソード」,swsh1w_ja,053,すごいきずぐすり,,U,U,https://www.pokemon-card.com/assets/images/card_images/large/S1W/037663_T_SUGOIKIZUGUSURI.jpg,RARITY_CHANGE
a71b911e-d393-42c7-b973-9efac43e050c,ソード・シールド,S1W,拡張パック「ソード」,swsh1w_ja,054,ふつうのつりざお,,U,U,https://www.pokemon-card.com/assets/images/card_images/large/S1W/037664_T_FUTSUUNOTSURIZAO.jpg,RARITY_CHANGE
d8e74874-143c-4a37-bbbc-d5ceb0fe3590,ソード・シールド,S1W,拡張パック「ソード」,swsh1w_ja,055,ロトムじてんしゃ,,U,U,https://www.pokemon-card.com/assets/images/card_images/large/S1W/037665_T_ROTOMUJITENSHA.jpg,RARITY_CHANGE
4848985d-d855-492f-9cff-c74baa90f8c8,ソード・シールド,S1W,拡張パック「ソード」,swsh1w_ja,056,大きなおまもり,,U,U,https://www.pokemon-card.com/assets/images/card_images/large/S1W/037666_T_OOKINAOMAMORI.jpg,RARITY_CHANGE
f3db6f82-2343-451c-9f0d-674f429f8404,ソード・シールド,S1W,拡張パック「ソード」,swsh1w_ja,057,ふうせん,,U,U,https://www.pokemon-card.com/assets/images/card_images/large/S1W/037667_T_FUUSEN.jpg,RARITY_CHANGE
69322db8-8864-45c5-838f-4341e5cd80a3,ソード・シールド,S1W,拡張パック「ソード」,swsh1w_ja,058,ラムのみ,,U,U,https://www.pokemon-card.com/assets/images/card_images/large/S1W/037668_T_RAMUNOMI.jpg,RARITY_CHANGE
f2aa5b02-d6ac-46a3-a977-b86b3609dfd3,ソード・シールド,S1W,拡張パック「ソード」,swsh1w_ja,059,博士の研究（マグノリア博士）,,R,R,https://www.pokemon-card.com/assets/images/card_images/large/S1W/037669_T_HAKASENOKENKYUUMAGUNORIAHAKASE.jpg,RARITY_CHANGE
d6e43999-434f-4369-8910-f759b5202b09,ソード・シールド,S1W,拡張パック「ソード」,swsh1w_ja,060,ビート,,U,U,https://www.pokemon-card.com/assets/images/card_images/large/S1W/037670_T_BITO.jpg,RARITY_CHANGE
2ff1a213-84f0-4adb-9e3b-f630293021ec,ソード・シールド,S1W,拡張パック「ソード」,swsh1w_ja,061,ダダリンV,,SR,SR,https://www.pokemon-card.com/assets/images/card_images/large/S1W/037868_P_DADARINV.jpg,RARITY_CHANGE
0218f118-ba9a-4fcb-9783-c355ede95195,ソード・シールド,S1W,拡張パック「ソード」,swsh1w_ja,062,ラプラスV,,SR,SR,https://www.pokemon-card.com/assets/images/card_images/large/S1W/037869_P_RAPURASUV.jpg,RARITY_CHANGE
006b97f0-5db3-4d72-8417-da89f3bef49b,ソード・シールド,S1W,拡張パック「ソード」,swsh1w_ja,063,ソーナンスV,,SR,SR,https://www.pokemon-card.com/assets/images/card_images/large/S1W/037870_P_SONANSUV.jpg,RARITY_CHANGE
7bd38cf6-a155-44d8-815b-23773cc3b0e4,ソード・シールド,S1W,拡張パック「ソード」,swsh1w_ja,064,イシヘンジンV,,SR,SR,https://www.pokemon-card.com/assets/images/card_images/large/S1W/037871_P_ISHIHENJINV.jpg,RARITY_CHANGE
8c5df937-2519-4cf3-aaf1-cb2927a64eb5,ソード・シールド,S1W,拡張パック「ソード」,swsh1w_ja,065,ザシアンV,,SR,SR,https://www.pokemon-card.com/assets/images/card_images/large/S1W/037872_P_ZASHIANV.jpg,RARITY_CHANGE
463c42d2-f85e-4bd0-8b93-bc1840174ad4,ソード・シールド,S1W,拡張パック「ソード」,swsh1w_ja,066,ウッウV,,SR,SR,https://www.pokemon-card.com/assets/images/card_images/large/S1W/037873_P_UTSUUV.jpg,RARITY_CHANGE
88745286-ea80-49f1-adc8-a39fe74a823f,ソード・シールド,S1W,拡張パック「ソード」,swsh1w_ja,067,博士の研究（マグノリア博士）,,SR,SR,https://www.pokemon-card.com/assets/images/card_images/large/S1W/037874_T_HAKASENOKENKYUUMAGUNORIAHAKASE.jpg,RARITY_CHANGE
eabe67a5-3149-42a8-972c-64a5124dd0d7,ソード・シールド,S1W,拡張パック「ソード」,swsh1w_ja,068,ビート,,SR,SR,https://www.pokemon-card.com/assets/images/card_images/large/S1W/037875_T_BITO.jpg,RARITY_CHANGE
2de79bff-d2c3-4912-9623-4db74928c7d8,ソード・シールド,S2,拡張パック「反逆クラッシュ」,swsh2_ja,001,ストライク,,C,C,https://www.pokemon-card.com/assets/images/card_images/large/S2/037885_P_SUTORAIKU.jpg,RARITY_CHANGE
58fddb57-03aa-42d3-bf92-f2258a25f614,ソード・シールド,S2,拡張パック「反逆クラッシュ」,swsh2_ja,002,ヘラクロス,,C,C,https://www.pokemon-card.com/assets/images/card_images/large/S2/037886_P_HERAKUROSU.jpg,RARITY_CHANGE
47cddefa-e93e-4984-9894-7f8792e8623b,ソード・シールド,S2,拡張パック「反逆クラッシュ」,swsh2_ja,003,ハスボー,,C,C,https://www.pokemon-card.com/assets/images/card_images/large/S2/037887_P_HASUBO.jpg,RARITY_CHANGE
ad4e21cc-84d4-4db4-ba0a-fad3d8b17344,ソード・シールド,S2,拡張パック「反逆クラッシュ」,swsh2_ja,004,ハスブレロ,,C,C,https://www.pokemon-card.com/assets/images/card_images/large/S2/037888_P_HASUBURERO.jpg,RARITY_CHANGE
a6e46d3a-a5a2-4ef5-bfbf-8e59842a544d,ソード・シールド,S2,拡張パック「反逆クラッシュ」,swsh2_ja,005,ルンパッパ,,U,U,https://www.pokemon-card.com/assets/images/card_images/large/S2/037889_P_RUNPAPPA.jpg,RARITY_CHANGE
ace8a6cf-344a-49d1-b371-512eba7e6a28,ソード・シールド,S2,拡張パック「反逆クラッシュ」,swsh2_ja,006,アメタマ,,C,C,https://www.pokemon-card.com/assets/images/card_images/large/S2/037890_P_AMETAMA.jpg,RARITY_CHANGE
5a43508b-d78b-4e45-a90d-e9c8c6aa9c8e,ソード・シールド,S2,拡張パック「反逆クラッシュ」,swsh2_ja,007,アメモース,,C,C,https://www.pokemon-card.com/assets/images/card_images/large/S2/037891_P_AMEMOSU.jpg,RARITY_CHANGE
3fce0d98-53c9-4a51-96b8-50c97054f538,ソード・シールド,S2,拡張パック「反逆クラッシュ」,swsh2_ja,008,ボクレー,,C,C,https://www.pokemon-card.com/assets/images/card_images/large/S2/037892_P_BOKURE.jpg,RARITY_CHANGE
5cf157dd-d22f-4ea3-92c8-f275a997d925,ソード・シールド,S2,拡張パック「反逆クラッシュ」,swsh2_ja,009,オーロット,,U,U,https://www.pokemon-card.com/assets/images/card_images/large/S2/037893_P_OROTTO.jpg,RARITY_CHANGE
2b96f6a2-bb08-44eb-976f-7567ca9037e1,ソード・シールド,S2,拡張パック「反逆クラッシュ」,swsh2_ja,010,ワタシラガV,,RR,RR,https://www.pokemon-card.com/assets/images/card_images/large/S2/037894_P_WATASHIRAGAV.jpg,RARITY_CHANGE
fea042b0-9657-4c12-ba1a-622ecd28a18e,ソード・シールド,S2,拡張パック「反逆クラッシュ」,swsh2_ja,011,カジッチュ,,C,C,https://www.pokemon-card.com/assets/images/card_images/large/S2/037895_P_KAJICCHU.jpg,RARITY_CHANGE
95e89554-44ac-4cfa-aec2-cac63ad1afc8,ソード・シールド,S2,拡張パック「反逆クラッシュ」,swsh2_ja,012,アップリュー,,R,R,https://www.pokemon-card.com/assets/images/card_images/large/S2/037896_P_APPURYU.jpg,RARITY_CHANGE
017355a8-ae8f-4944-9944-08a36f374093,ソード・シールド,S2,拡張パック「反逆クラッシュ」,swsh2_ja,013,キュウコンV,,RR,RR,https://www.pokemon-card.com/assets/images/card_images/large/S2/037897_P_KYUUKONV.jpg,RARITY_CHANGE
8118e3b6-c9a2-4664-8596-93cc86ecdf7a,ソード・シールド,S2,拡張パック「反逆クラッシュ」,swsh2_ja,014,ブーバー,,C,C,https://www.pokemon-card.com/assets/images/card_images/large/S2/037898_P_BUBA.jpg,RARITY_CHANGE
b8a1b72b-3d24-49e2-8d88-cf4b49288380,ソード・シールド,S2,拡張パック「反逆クラッシュ」,swsh2_ja,015,ブーバーン,,U,U,https://www.pokemon-card.com/assets/images/card_images/large/S2/037899_P_BUBAN.jpg,RARITY_CHANGE
45196c0f-b0b0-4e0c-80fb-9c0b9de298ec,ソード・シールド,S2,拡張パック「反逆クラッシュ」,swsh2_ja,016,ヒトモシ,,C,C,https://www.pokemon-card.com/assets/images/card_images/large/S2/037900_P_HITOMOSHI.jpg,RARITY_CHANGE
0aea992f-abce-404a-8620-3c2dd807165a,ソード・シールド,S2,拡張パック「反逆クラッシュ」,swsh2_ja,017,ランプラー,,C,C,https://www.pokemon-card.com/assets/images/card_images/large/S2/037901_P_RANPURA.jpg,RARITY_CHANGE
a62a1931-bee8-41c6-b73f-2176293ae800,ソード・シールド,S2,拡張パック「反逆クラッシュ」,swsh2_ja,018,シャンデラ,,R,R,https://www.pokemon-card.com/assets/images/card_images/large/S2/037902_P_SHANDERA.jpg,RARITY_CHANGE
c5bcb9ac-5547-49f7-b1eb-b9aad53e3362,ソード・シールド,S2,拡張パック「反逆クラッシュ」,swsh2_ja,019,クイタラン,,C,C,https://www.pokemon-card.com/assets/images/card_images/large/S2/037903_P_KUITARAN.jpg,RARITY_CHANGE
bb167549-4acd-497e-b5e3-f555e342fb72,ソード・シールド,S2,拡張パック「反逆クラッシュ」,swsh2_ja,020,キャモメ,,C,C,https://www.pokemon-card.com/assets/images/card_images/large/S2/037904_P_KYAMOME.jpg,RARITY_CHANGE
b55ecde2-3cc6-4e18-860c-07bfc7bba5df,ソード・シールド,S2,拡張パック「反逆クラッシュ」,swsh2_ja,021,ペリッパー,,U,U,https://www.pokemon-card.com/assets/images/card_images/large/S2/037905_P_PERIPPA.jpg,RARITY_CHANGE
dd9fa232-e0ac-4ae5-b371-724912d1f451,ソード・シールド,S2,拡張パック「反逆クラッシュ」,swsh2_ja,022,ミロカロスV,,RR,RR,https://www.pokemon-card.com/assets/images/card_images/large/S2/037906_P_MIROKAROSUV.jpg,RARITY_CHANGE
d07a9b8b-f2c4-4bb8-8c39-7b2479214ee0,ソード・シールド,S2,拡張パック「反逆クラッシュ」,swsh2_ja,023,オタマロ,,C,C,https://www.pokemon-card.com/assets/images/card_images/large/S2/037907_P_OTAMARO.jpg,RARITY_CHANGE
3804d4ea-7dfa-4101-841b-3d59a57e712d,ソード・シールド,S2,拡張パック「反逆クラッシュ」,swsh2_ja,024,ガマガル,,C,C,https://www.pokemon-card.com/assets/images/card_images/large/S2/037908_P_GAMAGARU.jpg,RARITY_CHANGE
ee8d4b65-fe0d-4d26-b491-594334713f62,ソード・シールド,S2,拡張パック「反逆クラッシュ」,swsh2_ja,025,ガマゲロゲ,,U,U,https://www.pokemon-card.com/assets/images/card_images/large/S2/037909_P_GAMAGEROGE.jpg,RARITY_CHANGE
62211044-49c4-49d2-9532-37d7ddb7d241,ソード・シールド,S2,拡張パック「反逆クラッシュ」,swsh2_ja,026,ガラル ダルマッカ,,C,C,https://www.pokemon-card.com/assets/images/card_images/large/S2/037910_P_GARARUDARUMAKKA.jpg,RARITY_CHANGE
c7d4669c-ac14-4580-a943-5334cecc9fdb,ソード・シールド,S2,拡張パック「反逆クラッシュ」,swsh2_ja,027,ガラル ヒヒダルマ,,U,U,https://www.pokemon-card.com/assets/images/card_images/large/S2/037911_P_GARARUHIHIDARUMA.jpg,RARITY_CHANGE
5b134d3a-6865-4208-8e24-c752e05eabd0,ソード・シールド,S2,拡張パック「反逆クラッシュ」,swsh2_ja,028,コオリッポ,,R,R,https://www.pokemon-card.com/assets/images/card_images/large/S2/037912_P_KOORIPPO.jpg,RARITY_CHANGE
69c8a879-0fde-476d-bd04-55020ad744d5,ソード・シールド,S2,拡張パック「反逆クラッシュ」,swsh2_ja,029,ビリリダマ,,C,C,https://www.pokemon-card.com/assets/images/card_images/large/S2/037913_P_BIRIRIDAMA.jpg,RARITY_CHANGE
e46371ed-924b-4010-8d42-b8232d6b0a72,ソード・シールド,S2,拡張パック「反逆クラッシュ」,swsh2_ja,030,マルマイン,,C,C,https://www.pokemon-card.com/assets/images/card_images/large/S2/037914_P_MARUMAIN.jpg,RARITY_CHANGE
b27420fc-6b58-4e6a-a515-454bf5121f07,ソード・シールド,S2,拡張パック「反逆クラッシュ」,swsh2_ja,031,エレブー,,C,C,https://www.pokemon-card.com/assets/images/card_images/large/S2/037915_P_EREBU.jpg,RARITY_CHANGE
c8e49d5e-2d15-4745-a4e3-a483dd174782,SVシリーズ,SV4M,未来の一閃,sv4m_ja,079,テツノカイナex,,SR,SR,https://assets.tcgdex.net/ja/SV/SV4M/079/high.webp,RARITY_CHANGE
66621413-f99b-4d46-a6a9-003a65a37fca,ソード・シールド,S2,拡張パック「反逆クラッシュ」,swsh2_ja,032,エレキブル,,U,U,https://www.pokemon-card.com/assets/images/card_images/large/S2/037916_P_EREKIBURU.jpg,RARITY_CHANGE
76644196-6597-40ce-b442-ac5421184877,ソード・シールド,S2,拡張パック「反逆クラッシュ」,swsh2_ja,033,コリンク,,C,C,https://www.pokemon-card.com/assets/images/card_images/large/S2/037917_P_KORINKU.jpg,RARITY_CHANGE
f7e89286-128b-4922-9fa8-0945e1aa072b,ソード・シールド,S2,拡張パック「反逆クラッシュ」,swsh2_ja,034,ルクシオ,,C,C,https://www.pokemon-card.com/assets/images/card_images/large/S2/037918_P_RUKUSHIO.jpg,RARITY_CHANGE
a98f95e7-203e-4e31-adfe-006b23a0ad8f,ソード・シールド,S2,拡張パック「反逆クラッシュ」,swsh2_ja,035,レントラー,,R,R,https://www.pokemon-card.com/assets/images/card_images/large/S2/037919_P_RENTORA.jpg,RARITY_CHANGE
ede17df1-ee56-4c0e-9576-96c6468f1ed8,ソード・シールド,S2,拡張パック「反逆クラッシュ」,swsh2_ja,036,ストリンダーV,,RR,RR,https://www.pokemon-card.com/assets/images/card_images/large/S2/037920_P_SUTORINDAV.jpg,RARITY_CHANGE
0e91d15c-b543-4d7e-a27b-c9912add724c,ソード・シールド,S2,拡張パック「反逆クラッシュ」,swsh2_ja,038,モルペコ,,C,C,https://www.pokemon-card.com/assets/images/card_images/large/S2/037922_P_MORUPEKO.jpg,RARITY_CHANGE
351c1973-ee23-4fc5-83dd-3d55866f47dc,ソード・シールド,S2,拡張パック「反逆クラッシュ」,swsh2_ja,039,ピッピ,,C,C,https://www.pokemon-card.com/assets/images/card_images/large/S2/037923_P_PIPPI.jpg,RARITY_CHANGE
6a99b5e5-8ab6-4957-8288-2e77c158696b,SVシリーズ,SV4M,未来の一閃,sv4m_ja,086,フトゥー博士のシナリオ,,SR,SR,https://assets.tcgdex.net/ja/SV/SV4M/086/high.webp,RARITY_CHANGE
e39281a6-d34b-4fe7-a100-2cb1f86832a1,ソード・シールド,S2,拡張パック「反逆クラッシュ」,swsh2_ja,040,ピクシー,,R,R,https://www.pokemon-card.com/assets/images/card_images/large/S2/037924_P_PIKUSHI.jpg,RARITY_CHANGE
4a3047d1-b610-45e3-b9d1-d075de86a401,ソード・シールド,S2,拡張パック「反逆クラッシュ」,swsh2_ja,041,シンボラー,,U,U,https://www.pokemon-card.com/assets/images/card_images/large/S2/037925_P_SHINBORA.jpg,RARITY_CHANGE
25e415f7-02cf-4285-8e67-cb014e027c62,ソード・シールド,S2,拡張パック「反逆クラッシュ」,swsh2_ja,042,スナバァ,,C,C,https://www.pokemon-card.com/assets/images/card_images/large/S2/037926_P_SUNABAA.jpg,RARITY_CHANGE
4bb1fe6b-9ff3-46ce-9401-fa5467dc641c,ソード・シールド,S2,拡張パック「反逆クラッシュ」,swsh2_ja,043,シロデスナ,,U,U,https://www.pokemon-card.com/assets/images/card_images/large/S2/037927_P_SHIRODESUNA.jpg,RARITY_CHANGE
afb0c7e9-2939-43ab-9f9f-f261ac0247b8,ソード・シールド,S2,拡張パック「反逆クラッシュ」,swsh2_ja,044,ミブリム,,C,C,https://www.pokemon-card.com/assets/images/card_images/large/S2/037928_P_MIBURIMU.jpg,RARITY_CHANGE
fbd7a7bf-9b73-4485-8f3b-2a045dbb4ce3,ソード・シールド,S2,拡張パック「反逆クラッシュ」,swsh2_ja,045,テブリム,,C,C,https://www.pokemon-card.com/assets/images/card_images/large/S2/037929_P_TEBURIMU.jpg,RARITY_CHANGE
2c0a9163-8a4d-471d-943f-87dea9c60ba0,ソード・シールド,S2,拡張パック「反逆クラッシュ」,swsh2_ja,046,ブリムオン,,R,R,https://www.pokemon-card.com/assets/images/card_images/large/S2/037930_P_BURIMUON.jpg,RARITY_CHANGE
b634e167-a919-4a18-a84e-683570dca9a4,ソード・シールド,S2,拡張パック「反逆クラッシュ」,swsh2_ja,047,マホミル,,C,C,https://www.pokemon-card.com/assets/images/card_images/large/S2/037931_P_MAHOMIRU.jpg,RARITY_CHANGE
2a6a7740-6830-43b2-b1a5-25691d4df583,ソード・シールド,S2,拡張パック「反逆クラッシュ」,swsh2_ja,048,マホイップ,,U,U,https://www.pokemon-card.com/assets/images/card_images/large/S2/037932_P_MAHOIPPU.jpg,RARITY_CHANGE
3a8487be-dec1-4943-989d-bf41a0bec25e,ソード・シールド,S2,拡張パック「反逆クラッシュ」,swsh2_ja,049,ドラパルトV,,RR,RR,https://www.pokemon-card.com/assets/images/card_images/large/S2/037933_P_DORAPARUTOV.jpg,RARITY_CHANGE
b9204526-668a-4ad9-8906-1e5c61a71917,ソード・シールド,S2,拡張パック「反逆クラッシュ」,swsh2_ja,051,ノズパス,,C,C,https://www.pokemon-card.com/assets/images/card_images/large/S2/037935_P_NOZUPASU.jpg,RARITY_CHANGE
708071a1-c287-4dfd-96c3-d54de21603bb,ソード・シールド,S2,拡張パック「反逆クラッシュ」,swsh2_ja,052,アサナン,,C,C,https://www.pokemon-card.com/assets/images/card_images/large/S2/037936_P_ASANAN.jpg,RARITY_CHANGE
0e1e98ca-2cb2-4592-a32b-b19bfafbeceb,ソード・シールド,S2,拡張パック「反逆クラッシュ」,swsh2_ja,053,チャーレム,,U,U,https://www.pokemon-card.com/assets/images/card_images/large/S2/037937_P_CHAREMU.jpg,RARITY_CHANGE
f97ff692-1eee-4e2b-a55b-a6cab6561bb5,ソード・シールド,S2,拡張パック「反逆クラッシュ」,swsh2_ja,054,ドジョッチ,,C,C,https://www.pokemon-card.com/assets/images/card_images/large/S2/037938_P_DOJOCCHI.jpg,RARITY_CHANGE
02b4323d-d852-4978-b3f6-751d234a4d71,ソード・シールド,S2,拡張パック「反逆クラッシュ」,swsh2_ja,055,ナマズン,,U,U,https://www.pokemon-card.com/assets/images/card_images/large/S2/037939_P_NAMAZUN.jpg,RARITY_CHANGE
5ed78ffd-38aa-4f28-98ce-819f033f9a5a,ソード・シールド,S2,拡張パック「反逆クラッシュ」,swsh2_ja,056,ガラル デスマス,,C,C,https://www.pokemon-card.com/assets/images/card_images/large/S2/037940_P_GARARUDESUMASU.jpg,RARITY_CHANGE
1fa0f55c-ca30-4096-89fd-7ef15c19da42,ソード・シールド,S2,拡張パック「反逆クラッシュ」,swsh2_ja,057,ガラル デスバーン,,U,U,https://www.pokemon-card.com/assets/images/card_images/large/S2/037941_P_GARARUDESUBAN.jpg,RARITY_CHANGE
e94f2cb3-58ce-43e2-a1d4-059258c32bd2,ソード・シールド,S2,拡張パック「反逆クラッシュ」,swsh2_ja,058,タンドン,,C,C,https://www.pokemon-card.com/assets/images/card_images/large/S2/037942_P_TANDON.jpg,RARITY_CHANGE
d1be55b5-4a4d-4e0c-b5ad-d36ce7ea0f89,ソード・シールド,S2,拡張パック「反逆クラッシュ」,swsh2_ja,059,トロッゴン,,C,C,https://www.pokemon-card.com/assets/images/card_images/large/S2/037943_P_TOROGGON.jpg,RARITY_CHANGE
7a5ac59d-1d7e-4326-a984-b15d74ab9189,ソード・シールド,S2,拡張パック「反逆クラッシュ」,swsh2_ja,060,セキタンザン,,R,R,https://www.pokemon-card.com/assets/images/card_images/large/S2/037944_P_SEKITANZAN.jpg,RARITY_CHANGE
661da7db-ab56-43f1-9e46-70983ef3a8e4,ソード・シールド,S2,拡張パック「反逆クラッシュ」,swsh2_ja,061,タイレーツV,,RR,RR,https://www.pokemon-card.com/assets/images/card_images/large/S2/037945_P_TAIRETSUV.jpg,RARITY_CHANGE
2ca923e1-52a8-44be-b5ea-73824dc92861,ソード・シールド,S2,拡張パック「反逆クラッシュ」,swsh2_ja,062,イシヘンジン,,R,R,https://www.pokemon-card.com/assets/images/card_images/large/S2/037946_P_ISHIHENJIN.jpg,RARITY_CHANGE
83705d02-bcbf-4300-8269-1ccd06665e24,ソード・シールド,S2,拡張パック「反逆クラッシュ」,swsh2_ja,063,ドガース,,C,C,https://www.pokemon-card.com/assets/images/card_images/large/S2/037947_P_DOGASU.jpg,RARITY_CHANGE
1863dfbb-33b2-427a-b5ba-c7f63cb60a72,ソード・シールド,S2,拡張パック「反逆クラッシュ」,swsh2_ja,064,ガラル マタドガス,,R,R,https://www.pokemon-card.com/assets/images/card_images/large/S2/037948_P_GARARUMATADOGASU.jpg,RARITY_CHANGE
36e0fe51-bb10-4f35-9a2a-7fefe3f3e85b,ソード・シールド,S2,拡張パック「反逆クラッシュ」,swsh2_ja,065,ミカルゲ,,U,U,https://www.pokemon-card.com/assets/images/card_images/large/S2/037949_P_MIKARUGE.jpg,RARITY_CHANGE
90ade7a8-54b2-4b2a-8c91-8c7e2c4e3bdf,ソード・シールド,S2,拡張パック「反逆クラッシュ」,swsh2_ja,066,ヤブクロン,,C,C,https://www.pokemon-card.com/assets/images/card_images/large/S2/037950_P_YABUKURON.jpg,RARITY_CHANGE
f1e673d1-ae8a-4422-87d9-b24f985385d3,ソード・シールド,S2,拡張パック「反逆クラッシュ」,swsh2_ja,067,ダストダス,,U,U,https://www.pokemon-card.com/assets/images/card_images/large/S2/037951_P_DASUTODASU.jpg,RARITY_CHANGE
52e79296-a7ab-4c8f-8d28-62a7bb9f1baa,ソード・シールド,S2,拡張パック「反逆クラッシュ」,swsh2_ja,068,バルチャイ,,C,C,https://www.pokemon-card.com/assets/images/card_images/large/S2/037952_P_BARUCHAI.jpg,RARITY_CHANGE
7f770586-f529-48f7-bb96-8519d37104b8,ソード・シールド,S2,拡張パック「反逆クラッシュ」,swsh2_ja,069,バルジーナ,,U,U,https://www.pokemon-card.com/assets/images/card_images/large/S2/037953_P_BARUJINA.jpg,RARITY_CHANGE
d07411a8-0440-4ec8-82a3-db1b6092bfc6,ソード・シールド,S2,拡張パック「反逆クラッシュ」,swsh2_ja,070,カラマネロV,,RR,RR,https://www.pokemon-card.com/assets/images/card_images/large/S2/037954_P_KARAMANEROV.jpg,RARITY_CHANGE
0bf75551-96cd-4545-b5a7-8285344994ac,ソード・シールド,S2a,強化拡張パック「爆炎ウォーカー」,swsh2a_ja,066,ビッグパラソル,,U,U,https://www.pokemon-card.com/assets/images/card_images/large/S2a/038128_T_BIGGUPARASORU.jpg,RARITY_CHANGE
2c9b8e2f-c274-468b-8137-32fe2d24e66d,ソード・シールド,S2a,強化拡張パック「爆炎ウォーカー」,swsh2a_ja,067,カブ,,U,U,https://www.pokemon-card.com/assets/images/card_images/large/S2a/038129_T_KABU.jpg,RARITY_CHANGE
c1c5590d-24d6-4055-950c-61ede1f21084,ソード・シールド,S2a,強化拡張パック「爆炎ウォーカー」,swsh2a_ja,068,ポケモンブリーダーの育成,,U,U,https://www.pokemon-card.com/assets/images/card_images/large/S2a/038130_T_POKEMONBURIDANOIKUSEI.jpg,RARITY_CHANGE
db19b9e8-d762-430c-9146-836988e618e1,ソード・シールド,S2a,強化拡張パック「爆炎ウォーカー」,swsh2a_ja,069,ルミナスメイズの森,,U,U,https://www.pokemon-card.com/assets/images/card_images/large/S2a/038131_T_RUMINASUMEIZUNOMORI.jpg,RARITY_CHANGE
44192024-db07-4607-b3a3-91d9a7d74f6a,ソード・シールド,S2a,強化拡張パック「爆炎ウォーカー」,swsh2a_ja,070,ヒート炎エネルギー,,U,U,https://www.pokemon-card.com/assets/images/card_images/large/S2a/038132_E_HITOHONOOENERUGI.jpg,RARITY_CHANGE
2e18533f-daf9-4989-a58a-163b1dc57ce4,ソード・シールド,S2a,強化拡張パック「爆炎ウォーカー」,swsh2a_ja,071,バタフリーV,,SR,SR,https://www.pokemon-card.com/assets/images/card_images/large/S2a/038239_P_BATAFURIV.jpg,RARITY_CHANGE
3c3dcc54-e67a-4104-b9a7-447695d06ca6,ソード・シールド,S2a,強化拡張パック「爆炎ウォーカー」,swsh2a_ja,072,マルヤクデV,,SR,SR,https://www.pokemon-card.com/assets/images/card_images/large/S2a/038240_P_MARUYAKUDEV.jpg,RARITY_CHANGE
96efb9db-df49-4b76-8e09-249290b26403,ソード・シールド,S2a,強化拡張パック「爆炎ウォーカー」,swsh2a_ja,073,クワガノンV,,SR,SR,https://www.pokemon-card.com/assets/images/card_images/large/S2a/038241_P_KUWAGANONV.jpg,RARITY_CHANGE
d15a918a-f0b1-4664-9bab-e9ed16b41104,ソード・シールド,S2a,強化拡張パック「爆炎ウォーカー」,swsh2a_ja,074,サーナイトV,,SR,SR,https://www.pokemon-card.com/assets/images/card_images/large/S2a/038242_P_SANAITOV.jpg,RARITY_CHANGE
7aacdfae-521f-4493-bbcf-c1aaf605847b,ソード・シールド,S2a,強化拡張パック「爆炎ウォーカー」,swsh2a_ja,075,オトスパスV,,SR,SR,https://www.pokemon-card.com/assets/images/card_images/large/S2a/038243_P_OTOSUPASUV.jpg,RARITY_CHANGE
29faac77-a390-4804-8200-be1301bcd7bb,SVシリーズ,SV5a,クリムゾンヘイズ,sv5a_ja,053,アンフェアスタンプ,,ACE,ACE,https://assets.tcgdex.net/ja/SV/SV5a/053/high.webp,RARITY_CHANGE
51a355b2-788b-4648-965e-998f96dd8bc2,ソード・シールド,S2,拡張パック「反逆クラッシュ」,swsh2_ja,073,ダイノーズ,,U,U,https://www.pokemon-card.com/assets/images/card_images/large/S2/037957_P_DAINOZU.jpg,RARITY_CHANGE
0ab848d7-09de-49b6-82bc-f12fe274177b,ソード・シールド,S2,拡張パック「反逆クラッシュ」,swsh2_ja,074,アイアント,,C,C,https://www.pokemon-card.com/assets/images/card_images/large/S2/037958_P_AIANTO.jpg,RARITY_CHANGE
282274bf-e56e-46c3-8289-4d58ed45e406,ソード・シールド,S2,拡張パック「反逆クラッシュ」,swsh2_ja,075,ダイオウドウV,,RR,RR,https://www.pokemon-card.com/assets/images/card_images/large/S2/037959_P_DAIOUDOUV.jpg,RARITY_CHANGE
2628603c-a0bd-444f-816b-3f0ff3fc4946,ソード・シールド,S2,拡張パック「反逆クラッシュ」,swsh2_ja,077,カビゴン,,U,U,https://www.pokemon-card.com/assets/images/card_images/large/S2/037961_P_KABIGON.jpg,RARITY_CHANGE
0cf50203-bc4e-49c3-9698-da9a0a64a674,ソード・シールド,S2,拡張パック「反逆クラッシュ」,swsh2_ja,078,ペラップ,,C,C,https://www.pokemon-card.com/assets/images/card_images/large/S2/037962_P_PERAPPU.jpg,RARITY_CHANGE
87f4f822-94ca-4ba9-9ef9-cebaea7fb2b3,ソード・シールド,S2,拡張パック「反逆クラッシュ」,swsh2_ja,079,マメパト,,C,C,https://www.pokemon-card.com/assets/images/card_images/large/S2/037963_P_MAMEPATO.jpg,RARITY_CHANGE
f87bc6f5-6b87-4194-ad6c-2914e469c667,ソード・シールド,S2,拡張パック「反逆クラッシュ」,swsh2_ja,080,ハトーボー,,C,C,https://www.pokemon-card.com/assets/images/card_images/large/S2/037964_P_HATOBO.jpg,RARITY_CHANGE
e4d21c7e-86a3-4f6b-83d1-bc4f3db6bdd0,ソード・シールド,S2,拡張パック「反逆クラッシュ」,swsh2_ja,081,ケンホロウ,,U,U,https://www.pokemon-card.com/assets/images/card_images/large/S2/037965_P_KENHOROU.jpg,RARITY_CHANGE
b49350cb-5a8f-41c5-8dd9-102f5922fdce,ソード・シールド,S2,拡張パック「反逆クラッシュ」,swsh2_ja,082,ヌイコグマ,,C,C,https://www.pokemon-card.com/assets/images/card_images/large/S2/037966_P_NUIKOGUMA.jpg,RARITY_CHANGE
a6e96bbc-6b9a-403e-8bdb-34c60c32d4de,ソード・シールド,S2,拡張パック「反逆クラッシュ」,swsh2_ja,083,キテルグマ,,U,U,https://www.pokemon-card.com/assets/images/card_images/large/S2/037967_P_KITERUGUMA.jpg,RARITY_CHANGE
3457b9f9-3817-4827-b865-807612459c6d,ソード・シールド,S2,拡張パック「反逆クラッシュ」,swsh2_ja,084,ホシガリス,,C,C,https://www.pokemon-card.com/assets/images/card_images/large/S2/037968_P_HOSHIGARISU.jpg,RARITY_CHANGE
fdef5d92-70ef-4ad0-86a3-021930d8e0a1,ソード・シールド,S2,拡張パック「反逆クラッシュ」,swsh2_ja,085,ヨクバリス,,U,U,https://www.pokemon-card.com/assets/images/card_images/large/S2/037969_P_YOKUBARISU.jpg,RARITY_CHANGE
8b6bda1d-b3b1-4a06-995f-9fad8b9b28bd,ソード・シールド,S2,拡張パック「反逆クラッシュ」,swsh2_ja,086,回収ネット,,U,U,https://www.pokemon-card.com/assets/images/card_images/large/S2/037970_T_KAISHUUNETTO.jpg,RARITY_CHANGE
50a25067-0c74-4bf0-8422-ee28e262a3ab,ソード・シールド,S2,拡張パック「反逆クラッシュ」,swsh2_ja,087,きんのたま,,U,U,https://www.pokemon-card.com/assets/images/card_images/large/S2/037971_T_KINNOTAMA.jpg,RARITY_CHANGE
b5658834-2225-47fc-8ca4-cfcdaf5e1261,ソード・シールド,S2,拡張パック「反逆クラッシュ」,swsh2_ja,088,ツールスクラッパー,,U,U,https://www.pokemon-card.com/assets/images/card_images/large/S2/037972_T_TSURUSUKURAPPA.jpg,RARITY_CHANGE
194c1126-2352-4c64-88ae-74a21ca6d71b,ソード・シールド,S2,拡張パック「反逆クラッシュ」,swsh2_ja,089,のろいのスコップ,,U,U,https://www.pokemon-card.com/assets/images/card_images/large/S2/037973_T_NOROINOSUKOPPU.jpg,RARITY_CHANGE
f99a86ea-7130-438d-bc04-aad40f2163d9,ソード・シールド,S2,拡張パック「反逆クラッシュ」,swsh2_ja,090,オリーヴ,,U,U,https://www.pokemon-card.com/assets/images/card_images/large/S2/037974_T_ORIVU.jpg,RARITY_CHANGE
1fac6bd0-f335-4eb2-81a4-ba4df2ae9b65,ソード・シールド,S2,拡張パック「反逆クラッシュ」,swsh2_ja,091,ダンペイ,,U,U,https://www.pokemon-card.com/assets/images/card_images/large/S2/037975_T_DANPEI.jpg,RARITY_CHANGE
63c4e438-f83d-48b5-a4be-609e7430b391,ソード・シールド,S2,拡張パック「反逆クラッシュ」,swsh2_ja,092,ボスの指令（サカキ）,,R,R,https://www.pokemon-card.com/assets/images/card_images/large/S2/037976_T_BOSUNOSHIREISAKAKI.jpg,RARITY_CHANGE
c4fd9d05-df66-4118-bd05-86af4e66c1a0,ソード・シールド,S2,拡張パック「反逆クラッシュ」,swsh2_ja,093,ガラル鉱山,,U,U,https://www.pokemon-card.com/assets/images/card_images/large/S2/037977_T_GARARUKOUZAN.jpg,RARITY_CHANGE
40720e35-df04-4815-8724-809f81f3fe62,ソード・シールド,S2,拡張パック「反逆クラッシュ」,swsh2_ja,094,スピード雷エネルギー,,U,U,https://www.pokemon-card.com/assets/images/card_images/large/S2/037978_E_SUPIDOKAMINARIENERUGI.jpg,RARITY_CHANGE
940b526f-3d0f-42b5-892f-c7fb39f821a9,ソード・シールド,S2,拡張パック「反逆クラッシュ」,swsh2_ja,095,ホラー超エネルギー,,U,U,https://www.pokemon-card.com/assets/images/card_images/large/S2/037979_E_HORACHOUENERUGI.jpg,RARITY_CHANGE
7fbb02f1-f77a-4f7c-bd5b-1348d5d0c261,ソード・シールド,S2,拡張パック「反逆クラッシュ」,swsh2_ja,096,キャプチャーエネルギー,,U,U,https://www.pokemon-card.com/assets/images/card_images/large/S2/037980_E_KYAPUCHAENERUGI.jpg,RARITY_CHANGE
192fc4e8-eb7a-441b-949e-d30cadfbe0f5,ソード・シールド,S2,拡張パック「反逆クラッシュ」,swsh2_ja,097,ワタシラガV,,SR,SR,https://www.pokemon-card.com/assets/images/card_images/large/S2/038053_P_WATASHIRAGAV.jpg,RARITY_CHANGE
9f793863-33e4-41a8-81c1-05fa7207d4b0,ソード・シールド,S2,拡張パック「反逆クラッシュ」,swsh2_ja,098,キュウコンV,,SR,SR,https://www.pokemon-card.com/assets/images/card_images/large/S2/038054_P_KYUUKONV.jpg,RARITY_CHANGE
aa6a2027-6b57-4f23-b000-cdb4ac9d232f,ソード・シールド,S2,拡張パック「反逆クラッシュ」,swsh2_ja,099,ミロカロスV,,SR,SR,https://www.pokemon-card.com/assets/images/card_images/large/S2/038055_P_MIROKAROSUV.jpg,RARITY_CHANGE
82aff7ba-350a-4050-bbae-530da0d2d57c,ソード・シールド,S2,拡張パック「反逆クラッシュ」,swsh2_ja,100,ストリンダーV,,SR,SR,https://www.pokemon-card.com/assets/images/card_images/large/S2/038056_P_SUTORINDAV.jpg,RARITY_CHANGE
0fe6d88f-8932-4814-8961-a9425fdf8363,ソード・シールド,S2,拡張パック「反逆クラッシュ」,swsh2_ja,101,ドラパルトV,,SR,SR,https://www.pokemon-card.com/assets/images/card_images/large/S2/038057_P_DORAPARUTOV.jpg,RARITY_CHANGE
b7cc1a48-c10f-485b-abc1-86e28193079d,ソード・シールド,S2,拡張パック「反逆クラッシュ」,swsh2_ja,102,タイレーツV,,SR,SR,https://www.pokemon-card.com/assets/images/card_images/large/S2/038058_P_TAIRETSUV.jpg,RARITY_CHANGE
3a9f74da-1c95-4bc2-97ef-54b619339648,ソード・シールド,S2,拡張パック「反逆クラッシュ」,swsh2_ja,103,カラマネロV,,SR,SR,https://www.pokemon-card.com/assets/images/card_images/large/S2/038059_P_KARAMANEROV.jpg,RARITY_CHANGE
edd449fc-71cc-46be-981f-994b8e19ba96,ソード・シールド,S2,拡張パック「反逆クラッシュ」,swsh2_ja,104,ダイオウドウV,,SR,SR,https://www.pokemon-card.com/assets/images/card_images/large/S2/038060_P_DAIOUDOUV.jpg,RARITY_CHANGE
81dc8bc6-63b9-4809-90dd-829761cc00a0,ソード・シールド,S2,拡張パック「反逆クラッシュ」,swsh2_ja,105,オリーヴ,,SR,SR,https://www.pokemon-card.com/assets/images/card_images/large/S2/038061_T_ORIVU.jpg,RARITY_CHANGE
fe63eaa3-058d-4d6d-ab91-6807ac534bbf,ソード・シールド,S2,拡張パック「反逆クラッシュ」,swsh2_ja,106,ボスの指令（サカキ）,,SR,SR,https://www.pokemon-card.com/assets/images/card_images/large/S2/038062_T_BOSUNOSHIREISAKAKI.jpg,RARITY_CHANGE
31186094-1e83-44ce-807e-fd5bc3aec3b1,ソード・シールド,S2a,強化拡張パック「爆炎ウォーカー」,swsh2a_ja,001,バタフリーV,,RR,RR,https://www.pokemon-card.com/assets/images/card_images/large/S2a/038063_P_BATAFURIV.jpg,RARITY_CHANGE
e1a24f16-5fca-403f-bb9d-54c2da794eb8,ソード・シールド,S2a,強化拡張パック「爆炎ウォーカー」,swsh2a_ja,003,カブルモ,,C,C,https://www.pokemon-card.com/assets/images/card_images/large/S2a/038065_P_KABURUMO.jpg,RARITY_CHANGE
7146f35f-fa1b-4b0d-861d-2df2a088779e,ソード・シールド,S2a,強化拡張パック「爆炎ウォーカー」,swsh2a_ja,004,チョボマキ,,C,C,https://www.pokemon-card.com/assets/images/card_images/large/S2a/038066_P_CHOBOMAKI.jpg,RARITY_CHANGE
6f3705f3-1f80-4383-a470-13c7eff940d9,ソード・シールド,S2a,強化拡張パック「爆炎ウォーカー」,swsh2a_ja,005,アギルダー,,U,U,https://www.pokemon-card.com/assets/images/card_images/large/S2a/038067_P_AGIRUDA.jpg,RARITY_CHANGE
50d6199c-0ae5-494b-9f29-dd60f65ae040,ソード・シールド,S2a,強化拡張パック「爆炎ウォーカー」,swsh2a_ja,006,アマカジ,,C,C,https://www.pokemon-card.com/assets/images/card_images/large/S2a/038068_P_AMAKAJI.jpg,RARITY_CHANGE
be64be48-cc19-4a2c-aa40-3213adcfc6fd,ソード・シールド,S2a,強化拡張パック「爆炎ウォーカー」,swsh2a_ja,007,アママイコ,,C,C,https://www.pokemon-card.com/assets/images/card_images/large/S2a/038069_P_AMAMAIKO.jpg,RARITY_CHANGE
65c52d6c-6fde-4b15-a89a-90688701cf54,ソード・シールド,S2a,強化拡張パック「爆炎ウォーカー」,swsh2a_ja,008,アマージョ,,U,U,https://www.pokemon-card.com/assets/images/card_images/large/S2a/038070_P_AMAJO.jpg,RARITY_CHANGE
b10c9894-0d6e-4132-956d-8cefdeb029c0,ソード・シールド,S2a,強化拡張パック「爆炎ウォーカー」,swsh2a_ja,009,コソクムシ,,C,C,https://www.pokemon-card.com/assets/images/card_images/large/S2a/038071_P_KOSOKUMUSHI.jpg,RARITY_CHANGE
d77fb66d-0b15-4bd9-8ceb-6dfc5cfc2b92,ソード・シールド,S2a,強化拡張パック「爆炎ウォーカー」,swsh2a_ja,010,グソクムシャ,,R,R,https://www.pokemon-card.com/assets/images/card_images/large/S2a/038072_P_GUSOKUMUSHA.jpg,RARITY_CHANGE
1d484700-0ed1-450a-a685-a742708e5880,ソード・シールド,S2a,強化拡張パック「爆炎ウォーカー」,swsh2a_ja,011,ヒードラン,,R,R,https://www.pokemon-card.com/assets/images/card_images/large/S2a/038073_P_HIDORAN.jpg,RARITY_CHANGE
6b31aafc-f770-4f01-a337-daea9b5a4af3,ソード・シールド,S2a,強化拡張パック「爆炎ウォーカー」,swsh2a_ja,012,メラルバ,,C,C,https://www.pokemon-card.com/assets/images/card_images/large/S2a/038074_P_MERARUBA.jpg,RARITY_CHANGE
66f39141-bb4f-4390-abe8-b57f40aac7cf,ソード・シールド,S2a,強化拡張パック「爆炎ウォーカー」,swsh2a_ja,013,ウルガモス,,U,U,https://www.pokemon-card.com/assets/images/card_images/large/S2a/038075_P_URUGAMOSU.jpg,RARITY_CHANGE
17649a32-9b59-405c-a4c2-6a63bd6e3b1f,ソード・シールド,S2a,強化拡張パック「爆炎ウォーカー」,swsh2a_ja,014,ヒノヤコマ,,C,C,https://www.pokemon-card.com/assets/images/card_images/large/S2a/038076_P_HINOYAKOMA.jpg,RARITY_CHANGE
a087bb52-ae99-4dcb-a0f6-8a9a81b52dca,ソード・シールド,S2a,強化拡張パック「爆炎ウォーカー」,swsh2a_ja,015,ファイアロー,,U,U,https://www.pokemon-card.com/assets/images/card_images/large/S2a/038077_P_FAIARO.jpg,RARITY_CHANGE
b82cbdc5-6680-452a-a6e5-a960dc6ccc33,ソード・シールド,S2a,強化拡張パック「爆炎ウォーカー」,swsh2a_ja,016,マルヤクデV,,RR,RR,https://www.pokemon-card.com/assets/images/card_images/large/S2a/038078_P_MARUYAKUDEV.jpg,RARITY_CHANGE
0329c151-833c-4f0c-b458-eadcbe0b7fb5,ソード・シールド,S2a,強化拡張パック「爆炎ウォーカー」,swsh2a_ja,018,ガラル バリヤード,,C,C,https://www.pokemon-card.com/assets/images/card_images/large/S2a/038080_P_GARARUBARIYADO.jpg,RARITY_CHANGE
da75b284-8679-4878-8a77-6be4e98af367,ソード・シールド,S2a,強化拡張パック「爆炎ウォーカー」,swsh2a_ja,019,ガラル バリコオル,,U,U,https://www.pokemon-card.com/assets/images/card_images/large/S2a/038081_P_GARARUBARIKOORU.jpg,RARITY_CHANGE
96e5d69f-4b6f-4b81-90cb-9749f511dd46,ソード・シールド,S2a,強化拡張パック「爆炎ウォーカー」,swsh2a_ja,020,ヒンバス,,C,C,https://www.pokemon-card.com/assets/images/card_images/large/S2a/038082_P_HINBASU.jpg,RARITY_CHANGE
cc56da0e-b9db-4471-847c-d1e319b22c81,ソード・シールド,S2a,強化拡張パック「爆炎ウォーカー」,swsh2a_ja,021,ミロカロス,,R,R,https://www.pokemon-card.com/assets/images/card_images/large/S2a/038083_P_MIROKAROSU.jpg,RARITY_CHANGE
a39ee67c-09de-49c6-91d7-3729e69a061a,ソード・シールド,S2a,強化拡張パック「爆炎ウォーカー」,swsh2a_ja,022,クマシュン,,C,C,https://www.pokemon-card.com/assets/images/card_images/large/S2a/038084_P_KUMASHUN.jpg,RARITY_CHANGE
b2f6804d-d6cd-4485-b4c4-6a5d5b7dd68a,ソード・シールド,S2a,強化拡張パック「爆炎ウォーカー」,swsh2a_ja,023,ツンベアー,,U,U,https://www.pokemon-card.com/assets/images/card_images/large/S2a/038085_P_TSUNBEA.jpg,RARITY_CHANGE
b69cdc51-a61f-47c0-b10b-5ec77e30ab66,ソード・シールド,S2a,強化拡張パック「爆炎ウォーカー」,swsh2a_ja,024,ヨワシ,,C,C,https://www.pokemon-card.com/assets/images/card_images/large/S2a/038086_P_YOWASHI.jpg,RARITY_CHANGE
b948fe0c-67ae-489e-a3d5-a01581849355,ソード・シールド,S2a,強化拡張パック「爆炎ウォーカー」,swsh2a_ja,025,クワガノンV,,RR,RR,https://www.pokemon-card.com/assets/images/card_images/large/S2a/038087_P_KUWAGANONV.jpg,RARITY_CHANGE
f9e81010-de3d-4254-802d-0af6e6604458,ソード・シールド,S2a,強化拡張パック「爆炎ウォーカー」,swsh2a_ja,026,エレズン,,C,C,https://www.pokemon-card.com/assets/images/card_images/large/S2a/038088_P_EREZUN.jpg,RARITY_CHANGE
3b8c3b71-8180-44df-87da-2cf49a2ef9a5,ソード・シールド,S2a,強化拡張パック「爆炎ウォーカー」,swsh2a_ja,027,ストリンダー,,R,R,https://www.pokemon-card.com/assets/images/card_images/large/S2a/038089_P_SUTORINDA.jpg,RARITY_CHANGE
1a3567ac-4b82-42b0-9f89-2af9a2dfd9e4,ソード・シールド,S2a,強化拡張パック「爆炎ウォーカー」,swsh2a_ja,028,ブルー,,C,C,https://www.pokemon-card.com/assets/images/card_images/large/S2a/038090_P_BURU.jpg,RARITY_CHANGE
4f132d4a-61be-476f-bb21-0d0d7dce2839,ソード・シールド,S2a,強化拡張パック「爆炎ウォーカー」,swsh2a_ja,029,グランブル,,U,U,https://www.pokemon-card.com/assets/images/card_images/large/S2a/038091_P_GURANBURU.jpg,RARITY_CHANGE
256194c0-3064-40e3-bec2-b0bec9ffa24e,ソード・シールド,S2a,強化拡張パック「爆炎ウォーカー」,swsh2a_ja,030,サーナイトV,,RR,RR,https://www.pokemon-card.com/assets/images/card_images/large/S2a/038092_P_SANAITOV.jpg,RARITY_CHANGE
f634bf70-0b7c-4df4-b2c4-e7e8a872898d,ソード・シールド,S2a,強化拡張パック「爆炎ウォーカー」,swsh2a_ja,032,ルナトーン,,U,U,https://www.pokemon-card.com/assets/images/card_images/large/S2a/038094_P_RUNATON.jpg,RARITY_CHANGE
89d8b05d-7c9a-4f93-99cc-72409e0a2ae8,ソード・シールド,S2a,強化拡張パック「爆炎ウォーカー」,swsh2a_ja,033,デデンネ,,C,C,https://www.pokemon-card.com/assets/images/card_images/large/S2a/038095_P_DEDENNE.jpg,RARITY_CHANGE
4d3c90f6-ce9f-443a-a869-51a7ef0d86cd,ソード・シールド,S2a,強化拡張パック「爆炎ウォーカー」,swsh2a_ja,034,ネマシュ,,C,C,https://www.pokemon-card.com/assets/images/card_images/large/S2a/038096_P_NEMASHU.jpg,RARITY_CHANGE
1c95d1b9-749f-48b9-bb9b-1f65015a544b,ソード・シールド,S2a,強化拡張パック「爆炎ウォーカー」,swsh2a_ja,035,マシェード,,U,U,https://www.pokemon-card.com/assets/images/card_images/large/S2a/038097_P_MASHIEDO.jpg,RARITY_CHANGE
849f2b1b-8fea-4eef-9793-1440cc8a2081,ソード・シールド,S2a,強化拡張パック「爆炎ウォーカー」,swsh2a_ja,036,ヤバチャ,,C,C,https://www.pokemon-card.com/assets/images/card_images/large/S2a/038098_P_YABACHA.jpg,RARITY_CHANGE
9674be6f-69a2-43c2-becf-ce3e333569da,ソード・シールド,S2a,強化拡張パック「爆炎ウォーカー」,swsh2a_ja,037,ポットデス,,U,U,https://www.pokemon-card.com/assets/images/card_images/large/S2a/038099_P_POTTODESU.jpg,RARITY_CHANGE
ed9d2085-9d5d-48eb-8d49-cf778236d5e2,ソード・シールド,S2a,強化拡張パック「爆炎ウォーカー」,swsh2a_ja,038,ディグダ,,C,C,https://www.pokemon-card.com/assets/images/card_images/large/S2a/038100_P_DEIGUDA.jpg,RARITY_CHANGE
8edc99cd-fae0-445f-991c-2fdd1afbabd2,ソード・シールド,S2a,強化拡張パック「爆炎ウォーカー」,swsh2a_ja,039,ダグトリオ,,C,C,https://www.pokemon-card.com/assets/images/card_images/large/S2a/038101_P_DAGUTORIO.jpg,RARITY_CHANGE
e4379306-41f7-4151-9e58-1017e4563807,ソード・シールド,S2a,強化拡張パック「爆炎ウォーカー」,swsh2a_ja,040,ヨーギラス,,C,C,https://www.pokemon-card.com/assets/images/card_images/large/S2a/038102_P_YOGIRASU.jpg,RARITY_CHANGE
d9b4304e-c744-48d1-87c2-d25cf29fa2b0,ソード・シールド,S2a,強化拡張パック「爆炎ウォーカー」,swsh2a_ja,041,サナギラス,,C,C,https://www.pokemon-card.com/assets/images/card_images/large/S2a/038103_P_SANAGIRASU.jpg,RARITY_CHANGE
7790192b-2420-4ce7-b38c-5ff9952ee546,ソード・シールド,S2a,強化拡張パック「爆炎ウォーカー」,swsh2a_ja,042,バンギラス,,R,R,https://www.pokemon-card.com/assets/images/card_images/large/S2a/038104_P_BANGIRASU.jpg,RARITY_CHANGE
9332e0f4-859d-4902-8e1b-1226a19d7d49,ソード・シールド,S2a,強化拡張パック「爆炎ウォーカー」,swsh2a_ja,043,ソルロック,,U,U,https://www.pokemon-card.com/assets/images/card_images/large/S2a/038105_P_SORUROKKU.jpg,RARITY_CHANGE
4c589cd1-bc95-419d-b118-2e8bd34923f6,ソード・シールド,S2a,強化拡張パック「爆炎ウォーカー」,swsh2a_ja,044,ホルード,,U,U,https://www.pokemon-card.com/assets/images/card_images/large/S2a/038106_P_HORUDO.jpg,RARITY_CHANGE
53d67c7d-c2cc-4ded-87ac-c8d0e0729ffc,ソード・シールド,S2a,強化拡張パック「爆炎ウォーカー」,swsh2a_ja,045,オトスパスV,,RR,RR,https://www.pokemon-card.com/assets/images/card_images/large/S2a/038107_P_OTOSUPASUV.jpg,RARITY_CHANGE
f680c1de-9126-4b42-8b91-80a335374660,ソード・シールド,S2a,強化拡張パック「爆炎ウォーカー」,swsh2a_ja,046,ベトベター,,C,C,https://www.pokemon-card.com/assets/images/card_images/large/S2a/038108_P_BETOBETA.jpg,RARITY_CHANGE
8dae6386-d61e-4288-a563-c295993bb671,ソード・シールド,S2a,強化拡張パック「爆炎ウォーカー」,swsh2a_ja,047,ベトベトン,,U,U,https://www.pokemon-card.com/assets/images/card_images/large/S2a/038109_P_BETOBETON.jpg,RARITY_CHANGE
8516941b-e2bd-4215-8f41-e67f1ba7f5cb,ソード・シールド,S2a,強化拡張パック「爆炎ウォーカー」,swsh2a_ja,048,ダークライ,,R,R,https://www.pokemon-card.com/assets/images/card_images/large/S2a/038110_P_DAKURAI.jpg,RARITY_CHANGE
a9a5c098-526c-4735-ac38-dfcc3f24ab96,ソード・シールド,S2a,強化拡張パック「爆炎ウォーカー」,swsh2a_ja,049,チョロネコ,,C,C,https://www.pokemon-card.com/assets/images/card_images/large/S2a/038111_P_CHORONEKO.jpg,RARITY_CHANGE
7b7b3c73-7831-45c3-baf2-a354d63bc647,ソード・シールド,S2a,強化拡張パック「爆炎ウォーカー」,swsh2a_ja,050,レパルダス,,U,U,https://www.pokemon-card.com/assets/images/card_images/large/S2a/038112_P_REPARUDASU.jpg,RARITY_CHANGE
a26047fb-a231-4249-8a2a-18387bda10bb,ソード・シールド,S2a,強化拡張パック「爆炎ウォーカー」,swsh2a_ja,051,ココドラ,,C,C,https://www.pokemon-card.com/assets/images/card_images/large/S2a/038113_P_KOKODORA.jpg,RARITY_CHANGE
43eecc80-e10c-4ac8-babc-f6371dd91e67,ソード・シールド,S2a,強化拡張パック「爆炎ウォーカー」,swsh2a_ja,052,コドラ,,C,C,https://www.pokemon-card.com/assets/images/card_images/large/S2a/038114_P_KODORA.jpg,RARITY_CHANGE
dab4e5e3-3f44-4ca2-ab47-c39b5498a631,ソード・シールド,S2a,強化拡張パック「爆炎ウォーカー」,swsh2a_ja,053,ボスゴドラ,,R,R,https://www.pokemon-card.com/assets/images/card_images/large/S2a/038115_P_BOSUGODORA.jpg,RARITY_CHANGE
32ff9468-d31a-45db-985e-04228b9b2bf5,ソード・シールド,S2a,強化拡張パック「爆炎ウォーカー」,swsh2a_ja,054,シュバルゴ,,U,U,https://www.pokemon-card.com/assets/images/card_images/large/S2a/038116_P_SHUBARUGO.jpg,RARITY_CHANGE
056a4250-2a89-42ed-a982-712a2dd00afe,ソード・シールド,S2a,強化拡張パック「爆炎ウォーカー」,swsh2a_ja,055,ガラル マッギョV,,RR,RR,https://www.pokemon-card.com/assets/images/card_images/large/S2a/038117_P_GARARUMAGGYOV.jpg,RARITY_CHANGE
005cfdb5-f6f1-437c-8538-c928114edc96,ソード・シールド,S2a,強化拡張パック「爆炎ウォーカー」,swsh2a_ja,056,オタチ,,C,C,https://www.pokemon-card.com/assets/images/card_images/large/S2a/038118_P_OTACHI.jpg,RARITY_CHANGE
28cb838a-1cb4-499c-87d0-657183af99db,ソード・シールド,S2a,強化拡張パック「爆炎ウォーカー」,swsh2a_ja,057,オオタチ,,C,C,https://www.pokemon-card.com/assets/images/card_images/large/S2a/038119_P_OOTACHI.jpg,RARITY_CHANGE
5ad0b398-4c21-475d-9906-2c6be1daeed4,ソード・シールド,S2a,強化拡張パック「爆炎ウォーカー」,swsh2a_ja,058,ホルビー,,C,C,https://www.pokemon-card.com/assets/images/card_images/large/S2a/038120_P_HORUBI.jpg,RARITY_CHANGE
28528565-7b58-4447-b2a1-108e3075a166,ソード・シールド,S2a,強化拡張パック「爆炎ウォーカー」,swsh2a_ja,059,ヤヤコマ,,C,C,https://www.pokemon-card.com/assets/images/card_images/large/S2a/038121_P_YAYAKOMA.jpg,RARITY_CHANGE
c785e7e5-5681-4d6b-bd28-dab4a83f6ab3,ソード・シールド,S2a,強化拡張パック「爆炎ウォーカー」,swsh2a_ja,060,ココガラ,,C,C,https://www.pokemon-card.com/assets/images/card_images/large/S2a/038122_P_KOKOGARA.jpg,RARITY_CHANGE
1019ae12-1703-495e-a648-abd66cb22de6,ソード・シールド,S2a,強化拡張パック「爆炎ウォーカー」,swsh2a_ja,061,アオガラス,,C,C,https://www.pokemon-card.com/assets/images/card_images/large/S2a/038123_P_AOGARASU.jpg,RARITY_CHANGE
ec1f0901-a794-4fa1-97a5-64a1ac132e4d,ソード・シールド,S2a,強化拡張パック「爆炎ウォーカー」,swsh2a_ja,062,アーマーガア,,R,R,https://www.pokemon-card.com/assets/images/card_images/large/S2a/038124_P_AMAGAA.jpg,RARITY_CHANGE
6b9ffcbf-0291-41e0-af7d-5fb71f4337e9,ソード・シールド,S2a,強化拡張パック「爆炎ウォーカー」,swsh2a_ja,063,妖しいカンヅメ,,U,U,https://www.pokemon-card.com/assets/images/card_images/large/S2a/038125_T_AYASHIIKANDUME.jpg,RARITY_CHANGE
d951c0d7-c385-4775-9a4c-92189eed328e,ソード・シールド,S2a,強化拡張パック「爆炎ウォーカー」,swsh2a_ja,064,そっくりベル,,U,U,https://www.pokemon-card.com/assets/images/card_images/large/S2a/038126_T_SOKKURIBERU.jpg,RARITY_CHANGE
6b8c1606-bfb5-4813-b15d-139b2784337d,ソード・シールド,S2a,強化拡張パック「爆炎ウォーカー」,swsh2a_ja,065,ボロのパソコン,,U,U,https://www.pokemon-card.com/assets/images/card_images/large/S2a/038127_T_BORONOPASOKON.jpg,RARITY_CHANGE
a4012cf8-5c77-4c06-9891-654343f9de5a,ソード・シールド,S3,拡張パック「ムゲンゾーン」,swsh3_ja,088,ヨクバリス,,U,U,https://www.pokemon-card.com/assets/images/card_images/large/S3/038226_P_YOKUBARISU.jpg,RARITY_CHANGE
118af8c8-e0be-4297-969d-8f90e58794de,ソード・シールド,S3,拡張パック「ムゲンゾーン」,swsh3_ja,089,おうえんYホーン,,U,U,https://www.pokemon-card.com/assets/images/card_images/large/S3/038227_T_OUENYHON.jpg,RARITY_CHANGE
edb1ea4b-8974-4f9a-bec2-90db13a97e2e,ソード・シールド,S3,拡張パック「ムゲンゾーン」,swsh3_ja,090,ターボパッチ,,U,U,https://www.pokemon-card.com/assets/images/card_images/large/S3/038228_T_TABOPACCHI.jpg,RARITY_CHANGE
ac102820-1d7f-4498-8acb-0504cff82ba9,ソード・シールド,S3,拡張パック「ムゲンゾーン」,swsh3_ja,091,めずらしい化石,,C,C,https://www.pokemon-card.com/assets/images/card_images/large/S3/038229_T_MEZURASHIIKASEKI.jpg,RARITY_CHANGE
96eb8a5f-71b0-43a1-b6fd-ce4b3ae1b1e6,ソード・シールド,S2a,強化拡張パック「爆炎ウォーカー」,swsh2a_ja,076,ガラル マッギョV,,SR,SR,https://www.pokemon-card.com/assets/images/card_images/large/S2a/038244_P_GARARUMAGGYOV.jpg,RARITY_CHANGE
14d3eca9-8cb6-4a7a-bbc8-6be476fc0bb5,ソード・シールド,S2a,強化拡張パック「爆炎ウォーカー」,swsh2a_ja,077,カブ,,SR,SR,https://www.pokemon-card.com/assets/images/card_images/large/S2a/038245_T_KABU.jpg,RARITY_CHANGE
f55d6b6a-9f83-45a2-9d8a-d9dd65236c20,ソード・シールド,S2a,強化拡張パック「爆炎ウォーカー」,swsh2a_ja,078,ポケモンブリーダーの育成,,SR,SR,https://www.pokemon-card.com/assets/images/card_images/large/S2a/038246_T_POKEMONBURIDANOIKUSEI.jpg,RARITY_CHANGE
bf9f72e2-70c2-4009-9192-56f9503ae99b,ソード・シールド,S3,拡張パック「ムゲンゾーン」,swsh3_ja,001,パラス,,C,C,https://www.pokemon-card.com/assets/images/card_images/large/S3/038139_P_PARASU.jpg,RARITY_CHANGE
6df6e0b2-b32d-40d8-82bf-1470dd031d28,ソード・シールド,S3,拡張パック「ムゲンゾーン」,swsh3_ja,002,パラセクト,,C,C,https://www.pokemon-card.com/assets/images/card_images/large/S3/038140_P_PARASEKUTO.jpg,RARITY_CHANGE
93e0b440-9fc7-4dc4-a591-62f70ba8979e,ソード・シールド,S3,拡張パック「ムゲンゾーン」,swsh3_ja,003,マスキッパ,,C,C,https://www.pokemon-card.com/assets/images/card_images/large/S3/038141_P_MASUKIPPA.jpg,RARITY_CHANGE
bfc40592-6871-4194-bb2a-c714e485830a,ソード・シールド,S3,拡張パック「ムゲンゾーン」,swsh3_ja,004,ヤナップ,,C,C,https://www.pokemon-card.com/assets/images/card_images/large/S3/038142_P_YANAPPU.jpg,RARITY_CHANGE
197235cb-4b5b-42a7-a8ac-c79c728a1ac4,ソード・シールド,S3,拡張パック「ムゲンゾーン」,swsh3_ja,005,ヤナッキー,,U,U,https://www.pokemon-card.com/assets/images/card_images/large/S3/038143_P_YANAKKI.jpg,RARITY_CHANGE
9689e9e6-dd86-48d1-b716-2504280cd780,ソード・シールド,S3,拡張パック「ムゲンゾーン」,swsh3_ja,006,モクロー,,C,C,https://www.pokemon-card.com/assets/images/card_images/large/S3/038144_P_MOKURO.jpg,RARITY_CHANGE
d4cd811a-4a12-4d1c-9c50-4aa14a70b8c1,ソード・シールド,S3,拡張パック「ムゲンゾーン」,swsh3_ja,007,フクスロー,,C,C,https://www.pokemon-card.com/assets/images/card_images/large/S3/038145_P_FUKUSURO.jpg,RARITY_CHANGE
3a481f49-7af5-4637-8318-2cf854e9f7df,ソード・シールド,S3,拡張パック「ムゲンゾーン」,swsh3_ja,008,ジュナイパー,,R,R,https://www.pokemon-card.com/assets/images/card_images/large/S3/038146_P_JUNAIPA.jpg,RARITY_CHANGE
58d094f6-050a-4943-bfe9-bc74946401d3,ソード・シールド,S3,拡張パック「ムゲンゾーン」,swsh3_ja,009,ヘルガーV,,RR,RR,https://www.pokemon-card.com/assets/images/card_images/large/S3/038147_P_HERUGAV.jpg,RARITY_CHANGE
85c90224-97f7-43be-80fe-087e7bf63ba8,ソード・シールド,S3,拡張パック「ムゲンゾーン」,swsh3_ja,010,アチャモ,,C,C,https://www.pokemon-card.com/assets/images/card_images/large/S3/038148_P_ACHAMO.jpg,RARITY_CHANGE
ee045aff-fa54-4e26-9f68-7a56c490db51,ソード・シールド,S3,拡張パック「ムゲンゾーン」,swsh3_ja,011,ワカシャモ,,C,C,https://www.pokemon-card.com/assets/images/card_images/large/S3/038149_P_WAKASHAMO.jpg,RARITY_CHANGE
686dfea5-2d22-4840-99cd-e263e60fc70e,ソード・シールド,S3,拡張パック「ムゲンゾーン」,swsh3_ja,012,バシャーモ,,R,R,https://www.pokemon-card.com/assets/images/card_images/large/S3/038150_P_BASHAMO.jpg,RARITY_CHANGE
7e86996a-f311-452e-9c0b-bf2c33ea0fc1,ソード・シールド,S3,拡張パック「ムゲンゾーン」,swsh3_ja,013,バオップ,,C,C,https://www.pokemon-card.com/assets/images/card_images/large/S3/038151_P_BAOPPU.jpg,RARITY_CHANGE
7119477a-acb0-492d-a1c4-997e4fde047c,ソード・シールド,S3,拡張パック「ムゲンゾーン」,swsh3_ja,014,バオッキー,,U,U,https://www.pokemon-card.com/assets/images/card_images/large/S3/038152_P_BAOKKI.jpg,RARITY_CHANGE
f258c39b-1aee-418e-aea0-c6d2b0edc644,ソード・シールド,S3,拡張パック「ムゲンゾーン」,swsh3_ja,015,ガラル ヒヒダルマ,,U,U,https://www.pokemon-card.com/assets/images/card_images/large/S3/038153_P_GARARUHIHIDARUMA.jpg,RARITY_CHANGE
ac6c1855-2d15-429f-b562-228143f1b5bc,ソード・シールド,S3,拡張パック「ムゲンゾーン」,swsh3_ja,016,スイクン,,R,R,https://www.pokemon-card.com/assets/images/card_images/large/S3/038154_P_SUIKUN.jpg,RARITY_CHANGE
feaa6a91-49bc-49da-be54-88424963d163,ソード・シールド,S3,拡張パック「ムゲンゾーン」,swsh3_ja,017,ジーランス,,C,C,https://www.pokemon-card.com/assets/images/card_images/large/S3/038155_P_JIRANSU.jpg,RARITY_CHANGE
8f34d109-01be-4b77-9c1b-05f51ca05907,ソード・シールド,S3,拡張パック「ムゲンゾーン」,swsh3_ja,018,ヒヤップ,,C,C,https://www.pokemon-card.com/assets/images/card_images/large/S3/038156_P_HIYAPPU.jpg,RARITY_CHANGE
6dc54b63-714c-44a6-ab4d-2f798d3057dd,ソード・シールド,S3,拡張パック「ムゲンゾーン」,swsh3_ja,019,ヒヤッキー,,U,U,https://www.pokemon-card.com/assets/images/card_images/large/S3/038157_P_HIYAKKI.jpg,RARITY_CHANGE
c3abc4e4-260a-40e0-8d13-9a7d6d121844,ソード・シールド,S3,拡張パック「ムゲンゾーン」,swsh3_ja,020,ガラル ダルマッカ,,C,C,https://www.pokemon-card.com/assets/images/card_images/large/S3/038158_P_GARARUDARUMAKKA.jpg,RARITY_CHANGE
62bb5bde-41f8-45d7-ad30-0310a8ebe244,ソード・シールド,S3,拡張パック「ムゲンゾーン」,swsh3_ja,021,バニプッチ,,C,C,https://www.pokemon-card.com/assets/images/card_images/large/S3/038159_P_BANIPUCCHI.jpg,RARITY_CHANGE
129bc35d-ebaf-4524-8acd-3dce3a2c8fac,ソード・シールド,S3,拡張パック「ムゲンゾーン」,swsh3_ja,022,バニリッチ,,C,C,https://www.pokemon-card.com/assets/images/card_images/large/S3/038160_P_BANIRICCHI.jpg,RARITY_CHANGE
0df398a5-3b73-45fb-a46a-23f752f63e8a,ソード・シールド,S3,拡張パック「ムゲンゾーン」,swsh3_ja,023,バイバニラ,,U,U,https://www.pokemon-card.com/assets/images/card_images/large/S3/038161_P_BAIBANIRA.jpg,RARITY_CHANGE
45a4c56b-ad24-436a-94b9-4a29381cab17,ソード・シールド,S3,拡張パック「ムゲンゾーン」,swsh3_ja,024,ヒドイデ,,C,C,https://www.pokemon-card.com/assets/images/card_images/large/S3/038162_P_HIDOIDE.jpg,RARITY_CHANGE
d0e5f4eb-d45d-48ab-a91a-b0b551035ead,ソード・シールド,S3,拡張パック「ムゲンゾーン」,swsh3_ja,025,ドヒドイデ,,C,C,https://www.pokemon-card.com/assets/images/card_images/large/S3/038163_P_DOHIDOIDE.jpg,RARITY_CHANGE
6cb3b98a-6c9a-4123-b7df-e694625ed748,ソード・シールド,S3,拡張パック「ムゲンゾーン」,swsh3_ja,026,カジリガメV,,RR,RR,https://www.pokemon-card.com/assets/images/card_images/large/S3/038164_P_KAJIRIGAMEV.jpg,RARITY_CHANGE
00fa9c99-c1d8-4c42-b675-9e60b48feec0,ソード・シールド,S3,拡張パック「ムゲンゾーン」,swsh3_ja,028,ウオノラゴン,,R,R,https://www.pokemon-card.com/assets/images/card_images/large/S3/038166_P_UONORAGON.jpg,RARITY_CHANGE
6e7e95f2-09d4-4726-a833-f244163f3b6d,ソード・シールド,S3,拡張パック「ムゲンゾーン」,swsh3_ja,029,ウオチルドン,,U,U,https://www.pokemon-card.com/assets/images/card_images/large/S3/038167_P_UOCHIRUDON.jpg,RARITY_CHANGE
d0871e2a-9094-43d1-841c-7b7fc78132de,ソード・シールド,S3,拡張パック「ムゲンゾーン」,swsh3_ja,030,ラクライ,,C,C,https://www.pokemon-card.com/assets/images/card_images/large/S3/038168_P_RAKURAI.jpg,RARITY_CHANGE
1fdd934f-5aec-4559-bc55-08d406b4ccc6,ソード・シールド,S3,拡張パック「ムゲンゾーン」,swsh3_ja,031,ライボルト,,U,U,https://www.pokemon-card.com/assets/images/card_images/large/S3/038169_P_RAIBORUTO.jpg,RARITY_CHANGE
232dabea-53f3-4807-82bd-a963d854b4b4,ソード・シールド,S3,拡張パック「ムゲンゾーン」,swsh3_ja,032,カプ・コケコ,,R,R,https://www.pokemon-card.com/assets/images/card_images/large/S3/038170_P_KAPUKOKEKO.jpg,RARITY_CHANGE
ccc37fc7-d649-4f5e-8e88-aa05ba07402f,ソード・シールド,S3,拡張パック「ムゲンゾーン」,swsh3_ja,033,パッチラゴン,,U,U,https://www.pokemon-card.com/assets/images/card_images/large/S3/038171_P_PACCHIRAGON.jpg,RARITY_CHANGE
fa520352-bc27-4a1c-969c-71993288e31a,ソード・シールド,S3,拡張パック「ムゲンゾーン」,swsh3_ja,034,パッチルドン,,R,R,https://www.pokemon-card.com/assets/images/card_images/large/S3/038172_P_PACCHIRUDON.jpg,RARITY_CHANGE
7c3bec63-39d8-474a-a741-652dd2b27697,ソード・シールド,S3,拡張パック「ムゲンゾーン」,swsh3_ja,035,プリン,,C,C,https://www.pokemon-card.com/assets/images/card_images/large/S3/038173_P_PURIN.jpg,RARITY_CHANGE
8cde05c5-8ef2-465b-8618-a19dd9ece5a3,ソード・シールド,S3,拡張パック「ムゲンゾーン」,swsh3_ja,036,プクリン,,U,U,https://www.pokemon-card.com/assets/images/card_images/large/S3/038174_P_PUKURIN.jpg,RARITY_CHANGE
b45c7206-c1f8-44c5-b04a-55c86deccecb,ソード・シールド,S3,拡張パック「ムゲンゾーン」,swsh3_ja,037,ゴチム,,C,C,https://www.pokemon-card.com/assets/images/card_images/large/S3/038175_P_GOCHIMU.jpg,RARITY_CHANGE
bcf9466c-3e66-4051-a4f3-fbbf0abba792,ソード・シールド,S3,拡張パック「ムゲンゾーン」,swsh3_ja,038,ゴチミル,,C,C,https://www.pokemon-card.com/assets/images/card_images/large/S3/038176_P_GOCHIMIRU.jpg,RARITY_CHANGE
44cc9bd0-5ecb-4377-a7bb-c773722d5c03,ソード・シールド,S3,拡張パック「ムゲンゾーン」,swsh3_ja,039,ゴチルゼル,,U,U,https://www.pokemon-card.com/assets/images/card_images/large/S3/038177_P_GOCHIRUZERU.jpg,RARITY_CHANGE
4f82921c-e2e4-4e70-9fab-1fef9d2c42a4,ソード・シールド,S3,拡張パック「ムゲンゾーン」,swsh3_ja,040,ゴビット,,C,C,https://www.pokemon-card.com/assets/images/card_images/large/S3/038178_P_GOBITTO.jpg,RARITY_CHANGE
232331cf-3214-4290-954a-730fad7dd18b,ソード・シールド,S3,拡張パック「ムゲンゾーン」,swsh3_ja,041,ゴルーグ,,U,U,https://www.pokemon-card.com/assets/images/card_images/large/S3/038179_P_GORUGU.jpg,RARITY_CHANGE
2e01e34b-8d8b-4252-88a0-33601102819d,ソード・シールド,S3,拡張パック「ムゲンゾーン」,swsh3_ja,042,ミミッキュ,,U,U,https://www.pokemon-card.com/assets/images/card_images/large/S3/038180_P_MIMIKKYU.jpg,RARITY_CHANGE
e75875f4-5236-479c-9f17-1b5c420783f9,ソード・シールド,S3,拡張パック「ムゲンゾーン」,swsh3_ja,043,ガラル サニゴーンV,,RR,RR,https://www.pokemon-card.com/assets/images/card_images/large/S3/038181_P_GARARUSANIGONV.jpg,RARITY_CHANGE
880e1884-79ef-4d91-a02a-9e16d4b7e9b3,ソード・シールド,S3,拡張パック「ムゲンゾーン」,swsh3_ja,044,ナックラー,,C,C,https://www.pokemon-card.com/assets/images/card_images/large/S3/038182_P_NAKKURA.jpg,RARITY_CHANGE
eb821367-0f9d-475c-98c1-8c0e4cfbee1f,ソード・シールド,S3,拡張パック「ムゲンゾーン」,swsh3_ja,045,ビブラーバ,,C,C,https://www.pokemon-card.com/assets/images/card_images/large/S3/038183_P_BIBURABA.jpg,RARITY_CHANGE
bb554ca4-269e-4532-9764-6f59de7333c0,ソード・シールド,S3,拡張パック「ムゲンゾーン」,swsh3_ja,046,フライゴン,,U,U,https://www.pokemon-card.com/assets/images/card_images/large/S3/038184_P_FURAIGON.jpg,RARITY_CHANGE
3570293d-57ae-42fd-9f6f-02048ab49517,ソード・シールド,S3,拡張パック「ムゲンゾーン」,swsh3_ja,047,ヒポポタス,,C,C,https://www.pokemon-card.com/assets/images/card_images/large/S3/038185_P_HIPOPOTASU.jpg,RARITY_CHANGE
db763d7b-bf93-4502-82d2-99c2718a7e91,ソード・シールド,S3,拡張パック「ムゲンゾーン」,swsh3_ja,048,カバルドン,,U,U,https://www.pokemon-card.com/assets/images/card_images/large/S3/038186_P_KABARUDON.jpg,RARITY_CHANGE
5bcfe4f4-4591-4e73-af83-cb2c32e400e9,ソード・シールド,S3,拡張パック「ムゲンゾーン」,swsh3_ja,049,ドサイドンV,,RR,RR,https://www.pokemon-card.com/assets/images/card_images/large/S3/038187_P_DOSAIDONV.jpg,RARITY_CHANGE
e1b83956-c3ee-4a3d-9c3f-7a18166db58f,ソード・シールド,S3,拡張パック「ムゲンゾーン」,swsh3_ja,050,ナゲツケサル,,C,C,https://www.pokemon-card.com/assets/images/card_images/large/S3/038188_P_NAGETSUKESARU.jpg,RARITY_CHANGE
4672bea8-8c15-4967-ab3b-711ed5b2075d,ソード・シールド,S3,拡張パック「ムゲンゾーン」,swsh3_ja,051,イトマル,,C,C,https://www.pokemon-card.com/assets/images/card_images/large/S3/038189_P_ITOMARU.jpg,RARITY_CHANGE
fec38c41-73d7-4682-9035-dd52fc5694d7,ソード・シールド,S3,拡張パック「ムゲンゾーン」,swsh3_ja,052,アリアドス,,U,U,https://www.pokemon-card.com/assets/images/card_images/large/S3/038190_P_ARIADOSU.jpg,RARITY_CHANGE
ed5f1ad8-eaeb-4b43-a726-dc7457fed538,ソード・シールド,S3,拡張パック「ムゲンゾーン」,swsh3_ja,053,クロバットV,,RR,RR,https://www.pokemon-card.com/assets/images/card_images/large/S3/038191_P_KUROBATTOV.jpg,RARITY_CHANGE
a3d8e9bc-fce9-46f8-ae4f-be2d24b7baf4,ソード・シールド,S3,拡張パック「ムゲンゾーン」,swsh3_ja,054,ガラル ジグザグマ,,C,C,https://www.pokemon-card.com/assets/images/card_images/large/S3/038192_P_GARARUJIGUZAGUMA.jpg,RARITY_CHANGE
6b99cdcd-8647-40e3-9407-da2d994e90ee,ソード・シールド,S3,拡張パック「ムゲンゾーン」,swsh3_ja,055,ガラル マッスグマ,,C,C,https://www.pokemon-card.com/assets/images/card_images/large/S3/038193_P_GARARUMASSUGUMA.jpg,RARITY_CHANGE
c5045b78-da77-4a0f-8f59-e14eb07ecf2b,ソード・シールド,S3,拡張パック「ムゲンゾーン」,swsh3_ja,056,ガラル タチフサグマ,,R,R,https://www.pokemon-card.com/assets/images/card_images/large/S3/038194_P_GARARUTACHIFUSAGUMA.jpg,RARITY_CHANGE
3ee2a7f0-9025-400e-866c-900b0324bdeb,ソード・シールド,S3,拡張パック「ムゲンゾーン」,swsh3_ja,057,ズルッグ,,C,C,https://www.pokemon-card.com/assets/images/card_images/large/S3/038195_P_ZURUGGU.jpg,RARITY_CHANGE
742c9ede-7b91-4e8d-93f9-30ecdb88fcd1,ソード・シールド,S3,拡張パック「ムゲンゾーン」,swsh3_ja,058,ズルズキン,,U,U,https://www.pokemon-card.com/assets/images/card_images/large/S3/038196_P_ZURUZUKIN.jpg,RARITY_CHANGE
09da09a8-03a8-4bf6-8a57-e0cb1ba30eff,ソード・シールド,S3,拡張パック「ムゲンゾーン」,swsh3_ja,059,マーイーカ,,C,C,https://www.pokemon-card.com/assets/images/card_images/large/S3/038197_P_MAIKA.jpg,RARITY_CHANGE
523f68e1-4e70-4b65-9fce-313a29430537,ソード・シールド,S3,拡張パック「ムゲンゾーン」,swsh3_ja,060,カラマネロ,,U,U,https://www.pokemon-card.com/assets/images/card_images/large/S3/038198_P_KARAMANERO.jpg,RARITY_CHANGE
667df573-6577-4861-9f2c-a5d362b6f3e0,ソード・シールド,S3,拡張パック「ムゲンゾーン」,swsh3_ja,061,フーパ,,R,R,https://www.pokemon-card.com/assets/images/card_images/large/S3/038199_P_FUPA.jpg,RARITY_CHANGE
eb5987fb-34dd-4b47-9793-75c6c29a0a6f,ソード・シールド,S3,拡張パック「ムゲンゾーン」,swsh3_ja,062,クスネ,,C,C,https://www.pokemon-card.com/assets/images/card_images/large/S3/038200_P_KUSUNE.jpg,RARITY_CHANGE
b30e2dbd-a6fd-482c-8766-315e76eb2f1f,ソード・シールド,S3,拡張パック「ムゲンゾーン」,swsh3_ja,063,フォクスライ,,U,U,https://www.pokemon-card.com/assets/images/card_images/large/S3/038201_P_FOKUSURAI.jpg,RARITY_CHANGE
c2302054-1790-4c73-8288-1098c34d9c5d,ソード・シールド,S3,拡張パック「ムゲンゾーン」,swsh3_ja,064,ムゲンダイナV,,RR,RR,https://www.pokemon-card.com/assets/images/card_images/large/S3/038202_P_MUGENDAINAV.jpg,RARITY_CHANGE
4626bf29-b4e9-48b8-a6db-2a884fb49608,ソード・シールド,S3,拡張パック「ムゲンゾーン」,swsh3_ja,066,ハッサムV,,RR,RR,https://www.pokemon-card.com/assets/images/card_images/large/S3/038204_P_HASSAMUV.jpg,RARITY_CHANGE
fe087c35-1534-40fa-9ce7-2bcad4a22fd4,ソード・シールド,S3,拡張パック「ムゲンゾーン」,swsh3_ja,068,エアームド,,C,C,https://www.pokemon-card.com/assets/images/card_images/large/S3/038206_P_EAMUDO.jpg,RARITY_CHANGE
1951aa88-25e1-4c28-a6c8-64ce66676c12,ソード・シールド,S3,拡張パック「ムゲンゾーン」,swsh3_ja,069,ギアル,,C,C,https://www.pokemon-card.com/assets/images/card_images/large/S3/038207_P_GIARU.jpg,RARITY_CHANGE
1493a039-9a0e-4c04-b446-6d7f7f840377,ソード・シールド,S3,拡張パック「ムゲンゾーン」,swsh3_ja,070,ギギアル,,C,C,https://www.pokemon-card.com/assets/images/card_images/large/S3/038208_P_GIGIARU.jpg,RARITY_CHANGE
6f8c5225-cdee-46ec-8efc-9af7e91742eb,ソード・シールド,S3,拡張パック「ムゲンゾーン」,swsh3_ja,071,ギギギアル,,U,U,https://www.pokemon-card.com/assets/images/card_images/large/S3/038209_P_GIGIGIARU.jpg,RARITY_CHANGE
610deda3-5fd9-481e-a538-be4bf9d7ff1d,ソード・シールド,S3,拡張パック「ムゲンゾーン」,swsh3_ja,072,ゾウドウ,,C,C,https://www.pokemon-card.com/assets/images/card_images/large/S3/038210_P_ZOUDOU.jpg,RARITY_CHANGE
24afee82-cc0c-4981-b9ff-a975fed0b0a7,ソード・シールド,S3,拡張パック「ムゲンゾーン」,swsh3_ja,073,ダイオウドウ,,R,R,https://www.pokemon-card.com/assets/images/card_images/large/S3/038211_P_DAIOUDOU.jpg,RARITY_CHANGE
a759c706-7c68-4651-8ef3-3abd83a069f6,ソード・シールド,S3,拡張パック「ムゲンゾーン」,swsh3_ja,074,ガルーラ,,R,R,https://www.pokemon-card.com/assets/images/card_images/large/S3/038212_P_GARURA.jpg,RARITY_CHANGE
26e8ffff-3f8e-4752-b192-6de3405c535c,ソード・シールド,S3,拡張パック「ムゲンゾーン」,swsh3_ja,075,ノコッチ,,C,C,https://www.pokemon-card.com/assets/images/card_images/large/S3/038213_P_NOKOCCHI.jpg,RARITY_CHANGE
b32ab191-e70b-449e-9290-796d3f67d6a0,ソード・シールド,S3,拡張パック「ムゲンゾーン」,swsh3_ja,076,ヒメグマ,,C,C,https://www.pokemon-card.com/assets/images/card_images/large/S3/038214_P_HIMEGUMA.jpg,RARITY_CHANGE
a0f8f99b-5520-4b16-bf08-d54844fff673,ソード・シールド,S3,拡張パック「ムゲンゾーン」,swsh3_ja,077,リングマ,,C,C,https://www.pokemon-card.com/assets/images/card_images/large/S3/038215_P_RINGUMA.jpg,RARITY_CHANGE
7b4b2bfe-9972-48d8-95d0-976cdc71f14f,ソード・シールド,S3,拡張パック「ムゲンゾーン」,swsh3_ja,078,エネコ,,C,C,https://www.pokemon-card.com/assets/images/card_images/large/S3/038216_P_ENEKO.jpg,RARITY_CHANGE
9ddd5297-cc8c-4a76-8b09-e4ed55b1f8e7,ソード・シールド,S3,拡張パック「ムゲンゾーン」,swsh3_ja,079,エネコロロ,,U,U,https://www.pokemon-card.com/assets/images/card_images/large/S3/038217_P_ENEKORORO.jpg,RARITY_CHANGE
95a40697-4454-4ed5-843e-93901c11985f,ソード・シールド,S3,拡張パック「ムゲンゾーン」,swsh3_ja,080,ボーマンダV,,RR,RR,https://www.pokemon-card.com/assets/images/card_images/large/S3/038218_P_BOMANDAV.jpg,RARITY_CHANGE
99242ce3-fec2-4fc1-82e8-2c8f6dee31a8,ソード・シールド,S3,拡張パック「ムゲンゾーン」,swsh3_ja,082,ムックル,,C,C,https://www.pokemon-card.com/assets/images/card_images/large/S3/038220_P_MUKKURU.jpg,RARITY_CHANGE
45b6e1a5-2df7-44bc-93b5-8ceef20d9da5,ソード・シールド,S3,拡張パック「ムゲンゾーン」,swsh3_ja,083,ムクバード,,C,C,https://www.pokemon-card.com/assets/images/card_images/large/S3/038221_P_MUKUBADO.jpg,RARITY_CHANGE
b43bdcdf-4bb1-4c0b-8f7e-36a3ddf34757,ソード・シールド,S3,拡張パック「ムゲンゾーン」,swsh3_ja,084,ムクホーク,,U,U,https://www.pokemon-card.com/assets/images/card_images/large/S3/038222_P_MUKUHOKU.jpg,RARITY_CHANGE
1ebacd1d-beac-429a-83d4-2324c1324209,ソード・シールド,S3,拡張パック「ムゲンゾーン」,swsh3_ja,085,コアルヒー,,C,C,https://www.pokemon-card.com/assets/images/card_images/large/S3/038223_P_KOARUHI.jpg,RARITY_CHANGE
7096b084-1b29-46cb-b964-bdb11e0c7849,ソード・シールド,S3,拡張パック「ムゲンゾーン」,swsh3_ja,086,スワンナ,,U,U,https://www.pokemon-card.com/assets/images/card_images/large/S3/038224_P_SUWANNA.jpg,RARITY_CHANGE
605e7dd9-c2e5-4453-b9ba-66f439f65204,ソード・シールド,S3,拡張パック「ムゲンゾーン」,swsh3_ja,087,ホシガリス,,C,C,https://www.pokemon-card.com/assets/images/card_images/large/S3/038225_P_HOSHIGARISU.jpg,RARITY_CHANGE
2a6c08c7-b8ce-4754-bee3-a6e4321737c3,ソード・シールド,S3a,強化拡張パック「伝説の鼓動」,swsh3a_ja,078,デンリュウV,,SR,SR,https://www.pokemon-card.com/assets/images/card_images/large/S3a/038600_P_DENRYUUV.jpg,RARITY_CHANGE
77e47e0d-658c-4e3e-bd12-f4ce522a1e1c,ソード・シールド,S3a,強化拡張パック「伝説の鼓動」,swsh3a_ja,079,マホイップV,,SR,SR,https://www.pokemon-card.com/assets/images/card_images/large/S3a/038601_P_MAHOIPPUV.jpg,RARITY_CHANGE
1a383c98-3901-4d93-b794-b0903538284c,ソード・シールド,S3a,強化拡張パック「伝説の鼓動」,swsh3a_ja,080,セキタンザンV,,SR,SR,https://www.pokemon-card.com/assets/images/card_images/large/S3a/038602_P_SEKITANZANV.jpg,RARITY_CHANGE
f8856a13-7e16-41c1-aa67-ea46f0ed57bd,ソード・シールド,S3a,強化拡張パック「伝説の鼓動」,swsh3a_ja,081,ハガネールV,,SR,SR,https://www.pokemon-card.com/assets/images/card_images/large/S3a/038603_P_HAGANERUV.jpg,RARITY_CHANGE
42f6a7ea-d5b8-404b-830a-76bb4bb3cc03,ソード・シールド,S3a,強化拡張パック「伝説の鼓動」,swsh3a_ja,082,トゲキッスV,,SR,SR,https://www.pokemon-card.com/assets/images/card_images/large/S3a/038604_P_TOGEKISSUV.jpg,RARITY_CHANGE
780bd02b-3ea9-4f6e-bf93-036f9b97ba14,ソード・シールド,S3a,強化拡張パック「伝説の鼓動」,swsh3a_ja,083,おとなのおねえさん,,SR,SR,https://www.pokemon-card.com/assets/images/card_images/large/S3a/038605_T_OTONANOONEESAN.jpg,RARITY_CHANGE
cb1b1078-45d1-4b0e-a32d-6ae651956d04,ソード・シールド,S3,拡張パック「ムゲンゾーン」,swsh3_ja,092,タフネスマント,,U,U,https://www.pokemon-card.com/assets/images/card_images/large/S3/038230_T_TAFUNESUMANTO.jpg,RARITY_CHANGE
4ae218e5-1a23-4a60-90ac-5e5662ca639a,ソード・シールド,S3,拡張パック「ムゲンゾーン」,swsh3_ja,093,もくもくスモーク,,U,U,https://www.pokemon-card.com/assets/images/card_images/large/S3/038231_T_MOKUMOKUSUMOKU.jpg,RARITY_CHANGE
647bab77-4395-45cf-a76c-18c06cca443c,ソード・シールド,S3,拡張パック「ムゲンゾーン」,swsh3_ja,094,とりつかい,,U,U,https://www.pokemon-card.com/assets/images/card_images/large/S3/038232_T_TORITSUKAI.jpg,RARITY_CHANGE
eaf26e0a-4abf-455d-8f59-8d3eccccab0a,ソード・シールド,S3,拡張パック「ムゲンゾーン」,swsh3_ja,095,ネズ,,U,U,https://www.pokemon-card.com/assets/images/card_images/large/S3/038233_T_NEZU.jpg,RARITY_CHANGE
0cc54718-a03b-4b68-905b-2a709a04f511,ソード・シールド,S3,拡張パック「ムゲンゾーン」,swsh3_ja,096,ローズ,,U,U,https://www.pokemon-card.com/assets/images/card_images/large/S3/038234_T_ROZU.jpg,RARITY_CHANGE
dc3970c4-cf2f-4d92-b324-aecaaf51fd3a,ソード・シールド,S3,拡張パック「ムゲンゾーン」,swsh3_ja,097,スパイクタウン,,U,U,https://www.pokemon-card.com/assets/images/card_images/large/S3/038235_T_SUPAIKUTAUN.jpg,RARITY_CHANGE
0ff39e87-581b-4250-9c8e-4d8da4507e45,ソード・シールド,S3,拡張パック「ムゲンゾーン」,swsh3_ja,098,ローズタワー,,U,U,https://www.pokemon-card.com/assets/images/card_images/large/S3/038236_T_ROZUTAWA.jpg,RARITY_CHANGE
eb423f52-6657-4ca1-9aed-aaa5ffa2884f,ソード・シールド,S3,拡張パック「ムゲンゾーン」,swsh3_ja,099,ハイド悪エネルギー,,U,U,https://www.pokemon-card.com/assets/images/card_images/large/S3/038237_E_HAIDOAKUENERUGI.jpg,RARITY_CHANGE
634e4975-0c7d-4cfd-895d-a9021860cc36,ソード・シールド,S3,拡張パック「ムゲンゾーン」,swsh3_ja,100,パワフル無色エネルギー,,U,U,https://www.pokemon-card.com/assets/images/card_images/large/S3/038238_E_PAWAFURUMUSHOKUENERUGI.jpg,RARITY_CHANGE
2d318a70-1100-4bfd-b82a-fa1d4e7851f2,ソード・シールド,S3,拡張パック「ムゲンゾーン」,swsh3_ja,101,ヘルガーV,,SR,SR,https://www.pokemon-card.com/assets/images/card_images/large/S3/038483_P_HERUGAV.jpg,RARITY_CHANGE
51ceccb4-fad8-4cd9-8fe2-fdddb69b1e78,ソード・シールド,S3,拡張パック「ムゲンゾーン」,swsh3_ja,102,カジリガメV,,SR,SR,https://www.pokemon-card.com/assets/images/card_images/large/S3/038484_P_KAJIRIGAMEV.jpg,RARITY_CHANGE
036535b4-b23c-415a-b9f5-c89ee37a3298,ソード・シールド,S3,拡張パック「ムゲンゾーン」,swsh3_ja,103,ガラル サニゴーンV,,SR,SR,https://www.pokemon-card.com/assets/images/card_images/large/S3/038485_P_GARARUSANIGONV.jpg,RARITY_CHANGE
91448ab1-851a-4a8e-ba60-8a55a1444b62,ソード・シールド,S3,拡張パック「ムゲンゾーン」,swsh3_ja,104,ドサイドンV,,SR,SR,https://www.pokemon-card.com/assets/images/card_images/large/S3/038486_P_DOSAIDONV.jpg,RARITY_CHANGE
13db4fd2-b804-4e37-b96c-04ea9d6a271d,ソード・シールド,S3,拡張パック「ムゲンゾーン」,swsh3_ja,105,クロバットV,,SR,SR,https://www.pokemon-card.com/assets/images/card_images/large/S3/038487_P_KUROBATTOV.jpg,RARITY_CHANGE
23a1c9e8-f24e-48ea-82c1-dc5134d6712b,ソード・シールド,S3,拡張パック「ムゲンゾーン」,swsh3_ja,106,ムゲンダイナV,,SR,SR,https://www.pokemon-card.com/assets/images/card_images/large/S3/038488_P_MUGENDAINAV.jpg,RARITY_CHANGE
c5646241-9dba-44f5-9b59-33c0e1192690,ソード・シールド,S3,拡張パック「ムゲンゾーン」,swsh3_ja,107,ハッサムV,,SR,SR,https://www.pokemon-card.com/assets/images/card_images/large/S3/038489_P_HASSAMUV.jpg,RARITY_CHANGE
f2ddb781-eb37-477d-ab61-5c46fa1e42f0,ソード・シールド,S3,拡張パック「ムゲンゾーン」,swsh3_ja,108,ボーマンダV,,SR,SR,https://www.pokemon-card.com/assets/images/card_images/large/S3/038490_P_BOMANDAV.jpg,RARITY_CHANGE
1fb89943-fb0e-44dc-8063-17f5abf2a9c3,ソード・シールド,S3,拡張パック「ムゲンゾーン」,swsh3_ja,109,ネズ,,SR,SR,https://www.pokemon-card.com/assets/images/card_images/large/S3/038491_T_NEZU.jpg,RARITY_CHANGE
5f98d2bf-8667-4edd-aabe-2a3e8d6aecb8,ソード・シールド,S3,拡張パック「ムゲンゾーン」,swsh3_ja,110,ローズ,,SR,SR,https://www.pokemon-card.com/assets/images/card_images/large/S3/038492_T_ROZU.jpg,RARITY_CHANGE
0b6b555e-7463-4482-8daf-4bb009b84dca,ソード・シールド,S3a,強化拡張パック「伝説の鼓動」,swsh3a_ja,001,ビードル,,C,C,https://www.pokemon-card.com/assets/images/card_images/large/S3a/038407_P_BIDORU.jpg,RARITY_CHANGE
4c070ead-2514-42fb-884d-fe0e2bc30959,ソード・シールド,S3a,強化拡張パック「伝説の鼓動」,swsh3a_ja,002,コクーン,,C,C,https://www.pokemon-card.com/assets/images/card_images/large/S3a/038408_P_KOKUN.jpg,RARITY_CHANGE
ad62b5a5-5043-4df7-9bfb-6f4bc237f5a4,ソード・シールド,S3a,強化拡張パック「伝説の鼓動」,swsh3a_ja,003,スピアー,,U,U,https://www.pokemon-card.com/assets/images/card_images/large/S3a/038409_P_SUPIA.jpg,RARITY_CHANGE
2416408a-d042-45df-8f52-2a0d274842fe,ソード・シールド,S3a,強化拡張パック「伝説の鼓動」,swsh3a_ja,004,タマタマ,,C,C,https://www.pokemon-card.com/assets/images/card_images/large/S3a/038410_P_TAMATAMA.jpg,RARITY_CHANGE
b4c39c47-466c-41cc-af88-728d5e01ad8b,ソード・シールド,S3a,強化拡張パック「伝説の鼓動」,swsh3a_ja,005,ナッシー,,U,U,https://www.pokemon-card.com/assets/images/card_images/large/S3a/038411_P_NASSHI.jpg,RARITY_CHANGE
bffc3660-9483-44cc-8d64-659a2be87cad,SVシリーズ,SV6,変幻の仮面,sv6_ja,132,改造ハンマー,MUR,UR,UR,https://assets.tcgdex.net/ja/SV/SV6/132/high.webp,RARITY_CHANGE
96cdec57-6638-48bf-98cd-e35b5efaf4ab,ソード・シールド,S3a,強化拡張パック「伝説の鼓動」,swsh3a_ja,006,ヤンヤンマ,,C,C,https://www.pokemon-card.com/assets/images/card_images/large/S3a/038412_P_YANYANMA.jpg,RARITY_CHANGE
5a976cf4-0e3f-4107-897d-dd148338fc4d,ソード・シールド,S3a,強化拡張パック「伝説の鼓動」,swsh3a_ja,007,メガヤンマ,,U,U,https://www.pokemon-card.com/assets/images/card_images/large/S3a/038413_P_MEGAYANMA.jpg,RARITY_CHANGE
e3c46e92-dac8-47ed-a480-8fface450e9e,ソード・シールド,S3a,強化拡張パック「伝説の鼓動」,swsh3a_ja,008,クヌギダマ,,C,C,https://www.pokemon-card.com/assets/images/card_images/large/S3a/038414_P_KUNUGIDAMA.jpg,RARITY_CHANGE
79b49d55-1e18-4589-b66d-bb9f415f126a,ソード・シールド,S3a,強化拡張パック「伝説の鼓動」,swsh3a_ja,010,シェイミ,,R,R,https://www.pokemon-card.com/assets/images/card_images/large/S3a/038416_P_SHIEIMI.jpg,RARITY_CHANGE
4d624be1-f759-4405-bff3-293e6a53cb74,ソード・シールド,S3a,強化拡張パック「伝説の鼓動」,swsh3a_ja,011,ゲノセクト,,R,R,https://www.pokemon-card.com/assets/images/card_images/large/S3a/038417_P_GENOSEKUTO.jpg,RARITY_CHANGE
3d9ceb5e-b3ab-4f8e-9ef3-47468e481435,ソード・シールド,S3a,強化拡張パック「伝説の鼓動」,swsh3a_ja,012,ダダリン,,C,C,https://www.pokemon-card.com/assets/images/card_images/large/S3a/038418_P_DADARIN.jpg,RARITY_CHANGE
b6f53dab-18b7-44df-b02b-c6efbda1ebd1,ソード・シールド,S3a,強化拡張パック「伝説の鼓動」,swsh3a_ja,013,ザルードV,,RR,RR,https://www.pokemon-card.com/assets/images/card_images/large/S3a/038419_P_ZARUDOV.jpg,RARITY_CHANGE
5fcc8aaa-9108-46e7-a374-0358abd41b68,ソード・シールド,S3a,強化拡張パック「伝説の鼓動」,swsh3a_ja,014,デンリュウV,,RR,RR,https://www.pokemon-card.com/assets/images/card_images/large/S3a/038420_P_DENRYUUV.jpg,RARITY_CHANGE
e08e1c55-c95c-469a-87bb-57266fbc9b4f,ソード・シールド,S3a,強化拡張パック「伝説の鼓動」,swsh3a_ja,016,ラクライ,,C,C,https://www.pokemon-card.com/assets/images/card_images/large/S3a/038422_P_RAKURAI.jpg,RARITY_CHANGE
9fe36961-4d29-4c01-81e7-fa14cc097846,ソード・シールド,S3a,強化拡張パック「伝説の鼓動」,swsh3a_ja,017,ライボルト,,U,U,https://www.pokemon-card.com/assets/images/card_images/large/S3a/038423_P_RAIBORUTO.jpg,RARITY_CHANGE
43e20e3b-3a8a-48af-860c-d5813d38a4e5,ソード・シールド,S3a,強化拡張パック「伝説の鼓動」,swsh3a_ja,018,バチュル,,C,C,https://www.pokemon-card.com/assets/images/card_images/large/S3a/038424_P_BACHURU.jpg,RARITY_CHANGE
08971f85-24aa-48f6-a4ea-ff45489666ff,ソード・シールド,S3a,強化拡張パック「伝説の鼓動」,swsh3a_ja,019,デンチュラ,,U,U,https://www.pokemon-card.com/assets/images/card_images/large/S3a/038425_P_DENCHURA.jpg,RARITY_CHANGE
1ba9187a-fe40-42a9-88c3-7382b3b753b8,ソード・シールド,S3a,強化拡張パック「伝説の鼓動」,swsh3a_ja,020,ゼクロム,,R,R,https://www.pokemon-card.com/assets/images/card_images/large/S3a/038426_P_ZEKUROMU.jpg,RARITY_CHANGE
cf3659cd-87b4-4679-8f92-77dc876545bb,ソード・シールド,S3a,強化拡張パック「伝説の鼓動」,swsh3a_ja,021,ゼラオラ,,R,R,https://www.pokemon-card.com/assets/images/card_images/large/S3a/038427_P_ZERAORA.jpg,RARITY_CHANGE
9ba27d04-3541-4c3c-93f7-c190d5db1b61,ソード・シールド,S3a,強化拡張パック「伝説の鼓動」,swsh3a_ja,022,バチンウニ,,U,U,https://www.pokemon-card.com/assets/images/card_images/large/S3a/038428_P_BACHINUNI.jpg,RARITY_CHANGE
f80384b9-cec6-4087-a1b9-f125e28a4a44,ソード・シールド,S3a,強化拡張パック「伝説の鼓動」,swsh3a_ja,023,ピッピ,,C,C,https://www.pokemon-card.com/assets/images/card_images/large/S3a/038429_P_PIPPI.jpg,RARITY_CHANGE
670aabfa-6e19-402b-8b3e-d6fa1abd8d22,ソード・シールド,S3a,強化拡張パック「伝説の鼓動」,swsh3a_ja,024,ピクシー,,U,U,https://www.pokemon-card.com/assets/images/card_images/large/S3a/038430_P_PIKUSHI.jpg,RARITY_CHANGE
d6e5f87b-53f0-40df-8bf5-2f497f26f8f1,ソード・シールド,S3a,強化拡張パック「伝説の鼓動」,swsh3a_ja,025,キリンリキ,,U,U,https://www.pokemon-card.com/assets/images/card_images/large/S3a/038431_P_KIRINRIKI.jpg,RARITY_CHANGE
2f80cb68-9e6b-4112-a14c-b08266d6fdd7,ソード・シールド,S3a,強化拡張パック「伝説の鼓動」,swsh3a_ja,026,カゲボウズ,,C,C,https://www.pokemon-card.com/assets/images/card_images/large/S3a/038432_P_KAGEBOUZU.jpg,RARITY_CHANGE
a53717e7-4fd7-4fca-b83a-6eb27fc356cc,ソード・シールド,S3a,強化拡張パック「伝説の鼓動」,swsh3a_ja,027,ジュペッタ,,U,U,https://www.pokemon-card.com/assets/images/card_images/large/S3a/038433_P_JUPETTA.jpg,RARITY_CHANGE
e68993c5-0206-47df-8468-a76d55a9a70c,ソード・シールド,S3a,強化拡張パック「伝説の鼓動」,swsh3a_ja,028,デデンネ,,C,C,https://www.pokemon-card.com/assets/images/card_images/large/S3a/038434_P_DEDENNE.jpg,RARITY_CHANGE
ed6c43c5-0344-4fde-8383-1b619c524b86,ソード・シールド,S3a,強化拡張パック「伝説の鼓動」,swsh3a_ja,029,ゼルネアス,,R,R,https://www.pokemon-card.com/assets/images/card_images/large/S3a/038435_P_ZERUNEASU.jpg,RARITY_CHANGE
23d7cef1-9e70-471d-8354-9b89c9e60b1c,ソード・シールド,S3a,強化拡張パック「伝説の鼓動」,swsh3a_ja,030,ディアンシー,,R,R,https://www.pokemon-card.com/assets/images/card_images/large/S3a/038436_P_DEIANSHI.jpg,RARITY_CHANGE
d8bca3a0-c56d-4194-ab53-9883ab822c16,ソード・シールド,S3a,強化拡張パック「伝説の鼓動」,swsh3a_ja,031,マホイップV,,RR,RR,https://www.pokemon-card.com/assets/images/card_images/large/S3a/038437_P_MAHOIPPUV.jpg,RARITY_CHANGE
0e610a31-1204-4f31-973c-b2d9a34259ca,ソード・シールド,S3a,強化拡張パック「伝説の鼓動」,swsh3a_ja,034,ウパー,,C,C,https://www.pokemon-card.com/assets/images/card_images/large/S3a/038440_P_UPA.jpg,RARITY_CHANGE
6ea97032-0b75-4ef5-b62d-d4d60924c975,ソード・シールド,S3a,強化拡張パック「伝説の鼓動」,swsh3a_ja,035,ヌオー,,U,U,https://www.pokemon-card.com/assets/images/card_images/large/S3a/038441_P_NUO.jpg,RARITY_CHANGE
bcaae0ab-7b5b-41ea-8532-34259ab51386,ソード・シールド,S3a,強化拡張パック「伝説の鼓動」,swsh3a_ja,036,ツボツボ,,C,C,https://www.pokemon-card.com/assets/images/card_images/large/S3a/038442_P_TSUBOTSUBO.jpg,RARITY_CHANGE
482722b3-a9d3-41e0-a554-94ddd903e5ea,ソード・シールド,S3a,強化拡張パック「伝説の鼓動」,swsh3a_ja,037,レジロック,,R,R,https://www.pokemon-card.com/assets/images/card_images/large/S3a/038443_P_REJIROKKU.jpg,RARITY_CHANGE
86d1d632-6099-4a37-b13d-62f77082406d,ソード・シールド,S3a,強化拡張パック「伝説の鼓動」,swsh3a_ja,038,リオル,,C,C,https://www.pokemon-card.com/assets/images/card_images/large/S3a/038444_P_RIORU.jpg,RARITY_CHANGE
42aaab50-dee6-4977-a0c3-1dfd1d924c50,ソード・シールド,S3a,強化拡張パック「伝説の鼓動」,swsh3a_ja,039,ジガルデ,,R,R,https://www.pokemon-card.com/assets/images/card_images/large/S3a/038445_P_JIGARUDE.jpg,RARITY_CHANGE
0c1de212-3610-40ba-8970-6258ff33adb9,ソード・シールド,S3a,強化拡張パック「伝説の鼓動」,swsh3a_ja,040,イワンコ,,C,C,https://www.pokemon-card.com/assets/images/card_images/large/S3a/038446_P_IWANKO.jpg,RARITY_CHANGE
c6d8042f-c072-455b-939a-8ad6fd4c19d1,ソード・シールド,S3a,強化拡張パック「伝説の鼓動」,swsh3a_ja,041,ルガルガン,,U,U,https://www.pokemon-card.com/assets/images/card_images/large/S3a/038447_P_RUGARUGAN.jpg,RARITY_CHANGE
c2bfe212-b228-4278-83ac-2a28223b2816,ソード・シールド,S3a,強化拡張パック「伝説の鼓動」,swsh3a_ja,042,セキタンザンV,,RR,RR,https://www.pokemon-card.com/assets/images/card_images/large/S3a/038448_P_SEKITANZANV.jpg,RARITY_CHANGE
643c62bc-bc67-4e26-b80d-58a6d2071cd4,ソード・シールド,S3a,強化拡張パック「伝説の鼓動」,swsh3a_ja,045,フォレトス,,U,U,https://www.pokemon-card.com/assets/images/card_images/large/S3a/038451_P_FORETOSU.jpg,RARITY_CHANGE
544cae7b-1f8c-4e49-a4cb-f58bf26a6f27,ソード・シールド,S3a,強化拡張パック「伝説の鼓動」,swsh3a_ja,046,ハガネールV,,RR,RR,https://www.pokemon-card.com/assets/images/card_images/large/S3a/038452_P_HAGANERUV.jpg,RARITY_CHANGE
52296449-c2c6-4093-a505-62606cd69250,ソード・シールド,S3a,強化拡張パック「伝説の鼓動」,swsh3a_ja,047,ダンバル,,C,C,https://www.pokemon-card.com/assets/images/card_images/large/S3a/038453_P_DANBARU.jpg,RARITY_CHANGE
af95df0f-fa98-4c9d-9def-243f6a672114,ソード・シールド,S3a,強化拡張パック「伝説の鼓動」,swsh3a_ja,048,メタング,,C,C,https://www.pokemon-card.com/assets/images/card_images/large/S3a/038454_P_METANGU.jpg,RARITY_CHANGE
ef2bc327-c6bd-4ce1-906b-50555bcd4c6a,ソード・シールド,S3a,強化拡張パック「伝説の鼓動」,swsh3a_ja,049,メタグロス,,U,U,https://www.pokemon-card.com/assets/images/card_images/large/S3a/038455_P_METAGUROSU.jpg,RARITY_CHANGE
103f9838-82bd-4443-91d5-e47d96e27207,ソード・シールド,S3a,強化拡張パック「伝説の鼓動」,swsh3a_ja,051,ルカリオ,,U,U,https://www.pokemon-card.com/assets/images/card_images/large/S3a/038457_P_RUKARIO.jpg,RARITY_CHANGE
b036395c-5291-41be-838e-5944c4d347a9,ソード・シールド,S3a,強化拡張パック「伝説の鼓動」,swsh3a_ja,052,ディアルガ,,R,R,https://www.pokemon-card.com/assets/images/card_images/large/S3a/038458_P_DEIARUGA.jpg,RARITY_CHANGE
d790efc2-57f6-4971-b66d-792a429d6e5f,ソード・シールド,S3a,強化拡張パック「伝説の鼓動」,swsh3a_ja,053,ガラル マッギョ,,U,U,https://www.pokemon-card.com/assets/images/card_images/large/S3a/038459_P_GARARUMAGGYO.jpg,RARITY_CHANGE
18cc8f37-c411-4042-8a91-aabfda8d1549,ソード・シールド,S3a,強化拡張パック「伝説の鼓動」,swsh3a_ja,054,マギアナ,,R,R,https://www.pokemon-card.com/assets/images/card_images/large/S3a/038460_P_MAGIANA.jpg,RARITY_CHANGE
54106c3b-bfbd-42a5-8351-bc1330e079a8,ソード・シールド,S3a,強化拡張パック「伝説の鼓動」,swsh3a_ja,055,ルギア,,R,R,https://www.pokemon-card.com/assets/images/card_images/large/S3a/038461_P_RUGIA.jpg,RARITY_CHANGE
93eadcf4-d5be-4be8-b4ed-fa80d3d2ac55,ソード・シールド,S3a,強化拡張パック「伝説の鼓動」,swsh3a_ja,057,ペラップ,,C,C,https://www.pokemon-card.com/assets/images/card_images/large/S3a/038463_P_PERAPPU.jpg,RARITY_CHANGE
8902d92b-6e29-4a0c-b13f-5db47e645ec9,ソード・シールド,S3a,強化拡張パック「伝説の鼓動」,swsh3a_ja,058,トゲキッスV,,RR,RR,https://www.pokemon-card.com/assets/images/card_images/large/S3a/038464_P_TOGEKISSUV.jpg,RARITY_CHANGE
4617fa29-6a78-4b70-82bf-5892ca0e98e2,ソード・シールド,S3a,強化拡張パック「伝説の鼓動」,swsh3a_ja,060,トルネロス,,R,R,https://www.pokemon-card.com/assets/images/card_images/large/S3a/038466_P_TORUNEROSU.jpg,RARITY_CHANGE
e7cb68e5-c6da-4227-a2f0-f6acf1c63a01,SVシリーズ,SV6a,ナイトワンダラー,sv6a_ja,093,大地の器,MUR,UR,UR,https://assets.tcgdex.net/ja/SV/SV6a/093/high.webp,RARITY_CHANGE
536b4d27-ad10-4d12-8f6e-ad37b53117fd,ソード・シールド,S3a,強化拡張パック「伝説の鼓動」,swsh3a_ja,061,ツツケラ,,C,C,https://www.pokemon-card.com/assets/images/card_images/large/S3a/038467_P_TSUTSUKERA.jpg,RARITY_CHANGE
edb46436-33df-4aac-91b4-29c9e099e479,ソード・シールド,S3a,強化拡張パック「伝説の鼓動」,swsh3a_ja,062,ケララッパ,,C,C,https://www.pokemon-card.com/assets/images/card_images/large/S3a/038468_P_KERARAPPA.jpg,RARITY_CHANGE
e44bb528-c6dd-4b5c-93df-bee91772fa89,ソード・シールド,S3a,強化拡張パック「伝説の鼓動」,swsh3a_ja,063,ドデカバシ,,U,U,https://www.pokemon-card.com/assets/images/card_images/large/S3a/038469_P_DODEKABASHI.jpg,RARITY_CHANGE
1af8f81d-80bc-44ad-97b1-b422c975adde,ソード・シールド,S3a,強化拡張パック「伝説の鼓動」,swsh3a_ja,064,スーパーボール,,U,U,https://www.pokemon-card.com/assets/images/card_images/large/S3a/038470_T_SUPABORU.jpg,RARITY_CHANGE
46494dc3-f3d2-4d90-a3d3-a7f28e85ff97,ソード・シールド,S3a,強化拡張パック「伝説の鼓動」,swsh3a_ja,065,ポケモンいれかえ,,U,U,https://www.pokemon-card.com/assets/images/card_images/large/S3a/038471_T_POKEMONIREKAE.jpg,RARITY_CHANGE
a743d4e7-cf8a-4b2e-91e2-403494c048a5,ソード・シールド,S3a,強化拡張パック「伝説の鼓動」,swsh3a_ja,066,ポケモンキャッチャー,,U,U,https://www.pokemon-card.com/assets/images/card_images/large/S3a/038472_T_POKEMONKYACCHA.jpg,RARITY_CHANGE
ea2a540e-0b32-4637-b9bd-67df73b7b00c,ソード・シールド,S3a,強化拡張パック「伝説の鼓動」,swsh3a_ja,067,モーモーチーズ,,U,U,https://www.pokemon-card.com/assets/images/card_images/large/S3a/038473_T_MOMOCHIZU.jpg,RARITY_CHANGE
65f99ab8-8490-4bce-a6ad-3aeeaa29c8a0,ソード・シールド,S3a,強化拡張パック「伝説の鼓動」,swsh3a_ja,068,英雄のメダル,,U,U,https://www.pokemon-card.com/assets/images/card_images/large/S3a/038474_T_EIYUUNOMEDARU.jpg,RARITY_CHANGE
814a073a-f229-4127-820a-dff0732ccb20,ソード・シールド,S3a,強化拡張パック「伝説の鼓動」,swsh3a_ja,069,ゴツゴツメット,,U,U,https://www.pokemon-card.com/assets/images/card_images/large/S3a/038475_T_GOTSUGOTSUMETTO.jpg,RARITY_CHANGE
ce9583ec-5d0c-4df8-8e76-63714b9127f1,ソード・シールド,S3a,強化拡張パック「伝説の鼓動」,swsh3a_ja,070,おとなのおねえさん,,U,U,https://www.pokemon-card.com/assets/images/card_images/large/S3a/038476_T_OTONANOONEESAN.jpg,RARITY_CHANGE
8169243d-c4dc-4d81-83ff-96f13e324fca,ソード・シールド,S3a,強化拡張パック「伝説の鼓動」,swsh3a_ja,071,オニオン,,U,U,https://www.pokemon-card.com/assets/images/card_images/large/S3a/038477_T_ONION.jpg,RARITY_CHANGE
940c2ef2-484b-4c5c-8c27-e88f57a4ebb3,ソード・シールド,S3a,強化拡張パック「伝説の鼓動」,swsh3a_ja,072,ポプラ,,U,U,https://www.pokemon-card.com/assets/images/card_images/large/S3a/038478_T_POPURA.jpg,RARITY_CHANGE
f5b9e60d-07b2-4b6e-adac-4bd1aa4529e5,ソード・シールド,S3a,強化拡張パック「伝説の鼓動」,swsh3a_ja,073,マリィ,,U,U,https://www.pokemon-card.com/assets/images/card_images/large/S3a/038479_T_MARII.jpg,RARITY_CHANGE
bf36a71f-3cee-4177-ab9c-43f4bfb2e239,ソード・シールド,S3a,強化拡張パック「伝説の鼓動」,swsh3a_ja,074,アロマ草エネルギー,,U,U,https://www.pokemon-card.com/assets/images/card_images/large/S3a/038480_E_AROMAKUSAENERUGI.jpg,RARITY_CHANGE
2fa7362e-f62d-439b-8cd9-3c9671636141,ソード・シールド,S3a,強化拡張パック「伝説の鼓動」,swsh3a_ja,075,ストーン闘エネルギー,,U,U,https://www.pokemon-card.com/assets/images/card_images/large/S3a/038481_E_SUTONTOUENERUGI.jpg,RARITY_CHANGE
2fca92ce-6777-4af3-9cc8-e7449b5d7bcd,ソード・シールド,S3a,強化拡張パック「伝説の鼓動」,swsh3a_ja,076,ツインエネルギー,,U,U,https://www.pokemon-card.com/assets/images/card_images/large/S3a/038482_E_TSUINENERUGI.jpg,RARITY_CHANGE
cca93a28-b852-41ac-8272-46dc4295a745,ソード・シールド,S3a,強化拡張パック「伝説の鼓動」,swsh3a_ja,077,ザルードV,,SR,SR,https://www.pokemon-card.com/assets/images/card_images/large/S3a/038599_P_ZARUDOV.jpg,RARITY_CHANGE
8ad7529b-e14f-407a-9ef0-44c183cb3ce8,ソード・シールド,S4,拡張パック「仰天のボルテッカー」,swsh4_ja,093,サイトウ,,U,U,https://www.pokemon-card.com/assets/images/card_images/large/S4/038591_T_SAITOU.jpg,RARITY_CHANGE
345cec99-04b2-43b6-b80e-f7d316bb6b54,ソード・シールド,S4,拡張パック「仰天のボルテッカー」,swsh4_ja,094,ダンデ,,R,R,https://www.pokemon-card.com/assets/images/card_images/large/S4/038592_T_DANDE.jpg,RARITY_CHANGE
c031642d-d900-4f8b-93d9-ea7b8aa9c8d8,ソード・シールド,S4,拡張パック「仰天のボルテッカー」,swsh4_ja,095,リーグスタッフ,,U,U,https://www.pokemon-card.com/assets/images/card_images/large/S4/038593_T_RIGUSUTAFFU.jpg,RARITY_CHANGE
f57e80fd-c2fd-467b-913c-d38281c2da0d,ソード・シールド,S4,拡張パック「仰天のボルテッカー」,swsh4_ja,096,ルリナ,,U,U,https://www.pokemon-card.com/assets/images/card_images/large/S4/038594_T_RURINA.jpg,RARITY_CHANGE
85452eb5-ae6c-4e49-a022-2eb58abaf6d6,ソード・シールド,S4,拡張パック「仰天のボルテッカー」,swsh4_ja,097,キルクス温泉,,U,U,https://www.pokemon-card.com/assets/images/card_images/large/S4/038595_T_KIRUKUSUONSEN.jpg,RARITY_CHANGE
82f8ee8d-62da-4bf4-b902-fe507e3412c4,ソード・シールド,S4,拡張パック「仰天のボルテッカー」,swsh4_ja,098,シュートスタジアム,,U,U,https://www.pokemon-card.com/assets/images/card_images/large/S4/038596_T_SHUTOSUTAJIAMU.jpg,RARITY_CHANGE
13c67fc3-7250-4a42-b0c9-10275938e497,ソード・シールド,S4,拡張パック「仰天のボルテッカー」,swsh4_ja,099,ウォッシュ水エネルギー,,U,U,https://www.pokemon-card.com/assets/images/card_images/large/S4/038597_E_UOSSHUMIZUENERUGI.jpg,RARITY_CHANGE
eda1c99b-49fe-4667-aab3-7dcf778715c4,ソード・シールド,S4,拡張パック「仰天のボルテッカー」,swsh4_ja,100,コーティング鋼エネルギー,,U,U,https://www.pokemon-card.com/assets/images/card_images/large/S4/038598_E_KOTEINGUKOUENERUGI.jpg,RARITY_CHANGE
d1da993c-9e81-4caf-b457-47265c9cccb9,ソード・シールド,S4,拡張パック「仰天のボルテッカー」,swsh4_ja,101,イオルブV,,SR,SR,https://www.pokemon-card.com/assets/images/card_images/large/S4/038912_P_IORUBUV.jpg,RARITY_CHANGE
365dc373-a7e0-4f9c-8752-a851c92f8b5e,ソード・シールド,S4,拡張パック「仰天のボルテッカー」,swsh4_ja,102,ファイアローV,,SR,SR,https://www.pokemon-card.com/assets/images/card_images/large/S4/038913_P_FAIAROV.jpg,RARITY_CHANGE
cc7c9fa7-ca23-4667-8436-e83cba0beebf,ソード・シールド,S4,拡張パック「仰天のボルテッカー」,swsh4_ja,103,ガラル ヒヒダルマV,,SR,SR,https://www.pokemon-card.com/assets/images/card_images/large/S4/038914_P_GARARUHIHIDARUMAV.jpg,RARITY_CHANGE
805cad96-7964-47f6-938a-2944475dc35a,ソード・シールド,S4,拡張パック「仰天のボルテッカー」,swsh4_ja,104,ピカチュウV,,SR,SR,https://www.pokemon-card.com/assets/images/card_images/large/S4/038915_P_PIKACHUUV.jpg,RARITY_CHANGE
b559ec3b-d682-4d0e-8e8c-6f7377107812,ソード・シールド,S3a,強化拡張パック「伝説の鼓動」,swsh3a_ja,084,オニオン,,SR,SR,https://www.pokemon-card.com/assets/images/card_images/large/S3a/038606_T_ONION.jpg,RARITY_CHANGE
2ede86ae-3055-4e10-8623-b718262717df,ソード・シールド,S3a,強化拡張パック「伝説の鼓動」,swsh3a_ja,085,ポプラ,,SR,SR,https://www.pokemon-card.com/assets/images/card_images/large/S3a/038607_T_POPURA.jpg,RARITY_CHANGE
f2f28f66-4104-41d3-98e9-3099ec8299ea,ソード・シールド,S4,拡張パック「仰天のボルテッカー」,swsh4_ja,001,タネボー,,C,C,https://www.pokemon-card.com/assets/images/card_images/large/S4/038499_P_TANEBO.jpg,RARITY_CHANGE
0c0effbe-c300-44a5-b332-7267ed77d94b,ソード・シールド,S4,拡張パック「仰天のボルテッカー」,swsh4_ja,002,コノハナ,,C,C,https://www.pokemon-card.com/assets/images/card_images/large/S4/038500_P_KONOHANA.jpg,RARITY_CHANGE
fb5aedbe-650f-4ff3-aa54-7009e9bace3f,ソード・シールド,S4,拡張パック「仰天のボルテッカー」,swsh4_ja,003,ダーテング,,U,U,https://www.pokemon-card.com/assets/images/card_images/large/S4/038501_P_DATENGU.jpg,RARITY_CHANGE
50a5aa7f-5fa1-4b85-a41b-e2bc008209c4,ソード・シールド,S4,拡張パック「仰天のボルテッカー」,swsh4_ja,004,ツチニン,,C,C,https://www.pokemon-card.com/assets/images/card_images/large/S4/038502_P_TSUCHININ.jpg,RARITY_CHANGE
b0d8c050-6e6e-46ae-9be0-9719c97e6645,ソード・シールド,S4,拡張パック「仰天のボルテッカー」,swsh4_ja,005,テッカニン,,U,U,https://www.pokemon-card.com/assets/images/card_images/large/S4/038503_P_TEKKANIN.jpg,RARITY_CHANGE
af1db0c0-176c-4921-ad6f-34ff0d65d10f,ソード・シールド,S4,拡張パック「仰天のボルテッカー」,swsh4_ja,006,メェークル,,C,C,https://www.pokemon-card.com/assets/images/card_images/large/S4/038504_P_MEEKURU.jpg,RARITY_CHANGE
80e503f5-5527-4952-9145-fa1bed6fd7a0,ソード・シールド,S4,拡張パック「仰天のボルテッカー」,swsh4_ja,007,ゴーゴート,,C,C,https://www.pokemon-card.com/assets/images/card_images/large/S4/038505_P_GOGOTO.jpg,RARITY_CHANGE
71487cd1-2fe7-4a6e-b376-4525bfcb7b20,ソード・シールド,S4,拡張パック「仰天のボルテッカー」,swsh4_ja,008,イオルブV,,RR,RR,https://www.pokemon-card.com/assets/images/card_images/large/S4/038506_P_IORUBUV.jpg,RARITY_CHANGE
674ff5dd-5d99-4240-a862-ddf4a21b3dac,ソード・シールド,S4,拡張パック「仰天のボルテッカー」,swsh4_ja,010,ヒトカゲ,,C,C,https://www.pokemon-card.com/assets/images/card_images/large/S4/038508_P_HITOKAGE.jpg,RARITY_CHANGE
906b4ee1-66ab-4ee7-98a2-49fe513dffc2,ソード・シールド,S4,拡張パック「仰天のボルテッカー」,swsh4_ja,011,リザード,,U,U,https://www.pokemon-card.com/assets/images/card_images/large/S4/038509_P_RIZADO.jpg,RARITY_CHANGE
087e5924-ce11-4677-9671-592a14e03a85,ソード・シールド,S4,拡張パック「仰天のボルテッカー」,swsh4_ja,012,リザードン,,R,R,https://www.pokemon-card.com/assets/images/card_images/large/S4/038510_P_RIZADON.jpg,RARITY_CHANGE
2566c8d2-de87-4ba7-ba26-a62ab2f2c0d2,ソード・シールド,S4,拡張パック「仰天のボルテッカー」,swsh4_ja,013,ブースター,,U,U,https://www.pokemon-card.com/assets/images/card_images/large/S4/038511_P_BUSUTA.jpg,RARITY_CHANGE
1ae448e3-e139-4562-9b44-16f384bc822c,ソード・シールド,S4,拡張パック「仰天のボルテッカー」,swsh4_ja,014,マグマッグ,,C,C,https://www.pokemon-card.com/assets/images/card_images/large/S4/038512_P_MAGUMAGGU.jpg,RARITY_CHANGE
1542b908-5733-44fe-9c27-9375c06627fa,ソード・シールド,S4,拡張パック「仰天のボルテッカー」,swsh4_ja,015,マグカルゴ,,C,C,https://www.pokemon-card.com/assets/images/card_images/large/S4/038513_P_MAGUKARUGO.jpg,RARITY_CHANGE
2d0bd4c2-8ba2-4b43-ae77-8472132b2058,ソード・シールド,S4,拡張パック「仰天のボルテッカー」,swsh4_ja,016,ファイアローV,,RR,RR,https://www.pokemon-card.com/assets/images/card_images/large/S4/038514_P_FAIAROV.jpg,RARITY_CHANGE
62f0967b-1bb7-4c1d-b80b-d1fdefcf3c75,ソード・シールド,S4,拡張パック「仰天のボルテッカー」,swsh4_ja,017,シャワーズ,,U,U,https://www.pokemon-card.com/assets/images/card_images/large/S4/038515_P_SHAWAZU.jpg,RARITY_CHANGE
84a5f13e-52b4-48ef-a5f8-fb249f1351f3,ソード・シールド,S4,拡張パック「仰天のボルテッカー」,swsh4_ja,018,ホエルコ,,C,C,https://www.pokemon-card.com/assets/images/card_images/large/S4/038516_P_HOERUKO.jpg,RARITY_CHANGE
eaae2779-b54e-482e-bffa-4cb8476da467,ソード・シールド,S4,拡張パック「仰天のボルテッカー」,swsh4_ja,019,ホエルオー,,R,R,https://www.pokemon-card.com/assets/images/card_images/large/S4/038517_P_HOERUO.jpg,RARITY_CHANGE
210746e1-31d1-4c18-878d-f1f8d18b2ecf,ソード・シールド,S4,拡張パック「仰天のボルテッカー」,swsh4_ja,020,ミジュマル,,C,C,https://www.pokemon-card.com/assets/images/card_images/large/S4/038518_P_MIJUMARU.jpg,RARITY_CHANGE
16690795-5d49-4774-b8ae-3317179c896c,ソード・シールド,S4,拡張パック「仰天のボルテッカー」,swsh4_ja,021,フタチマル,,C,C,https://www.pokemon-card.com/assets/images/card_images/large/S4/038519_P_FUTACHIMARU.jpg,RARITY_CHANGE
f6009678-e079-4a01-af91-b56b53ca962c,ソード・シールド,S4,拡張パック「仰天のボルテッカー」,swsh4_ja,022,ダイケンキ,,U,U,https://www.pokemon-card.com/assets/images/card_images/large/S4/038520_P_DAIKENKI.jpg,RARITY_CHANGE
4cee1c61-f7d8-4ecf-ac08-1ef175a42b1c,ソード・シールド,S4,拡張パック「仰天のボルテッカー」,swsh4_ja,023,ガラル ヒヒダルマV,,RR,RR,https://www.pokemon-card.com/assets/images/card_images/large/S4/038521_P_GARARUHIHIDARUMAV.jpg,RARITY_CHANGE
8dd91b3c-7e33-4850-9f62-059ae3e9a25a,ソード・シールド,S4,拡張パック「仰天のボルテッカー」,swsh4_ja,025,カムカメ,,C,C,https://www.pokemon-card.com/assets/images/card_images/large/S4/038523_P_KAMUKAME.jpg,RARITY_CHANGE
d01e1d49-5968-4b4e-8772-dd1640a48735,ソード・シールド,S4,拡張パック「仰天のボルテッカー」,swsh4_ja,026,カジリガメ,,U,U,https://www.pokemon-card.com/assets/images/card_images/large/S4/038524_P_KAJIRIGAME.jpg,RARITY_CHANGE
a2f0bc83-80db-46b2-a013-e7d41fd11f56,ソード・シールド,S4,拡張パック「仰天のボルテッカー」,swsh4_ja,027,ウッウ,,C,C,https://www.pokemon-card.com/assets/images/card_images/large/S4/038525_P_UTSUU.jpg,RARITY_CHANGE
070d5b5f-e00a-4f8c-b6ac-1ce3c0afe908,ソード・シールド,S4,拡張パック「仰天のボルテッカー」,swsh4_ja,028,サシカマス,,C,C,https://www.pokemon-card.com/assets/images/card_images/large/S4/038526_P_SASHIKAMASU.jpg,RARITY_CHANGE
9b157eae-5c4c-4076-be50-91a3b0081631,ソード・シールド,S4,拡張パック「仰天のボルテッカー」,swsh4_ja,029,カマスジョー,,U,U,https://www.pokemon-card.com/assets/images/card_images/large/S4/038527_P_KAMASUJO.jpg,RARITY_CHANGE
f92a4993-ad71-4aac-b581-620eb72a7bd6,ソード・シールド,S4,拡張パック「仰天のボルテッカー」,swsh4_ja,030,ピカチュウV,,RR,RR,https://www.pokemon-card.com/assets/images/card_images/large/S4/038528_P_PIKACHUUV.jpg,RARITY_CHANGE
f78f5fa9-0d15-4094-9ebb-c6da3d21661b,ソード・シールド,S4,拡張パック「仰天のボルテッカー」,swsh4_ja,032,ビリリダマ,,C,C,https://www.pokemon-card.com/assets/images/card_images/large/S4/038530_P_BIRIRIDAMA.jpg,RARITY_CHANGE
3b610e4b-976f-4694-a7cb-025dccea23fe,ソード・シールド,S4,拡張パック「仰天のボルテッカー」,swsh4_ja,033,マルマイン,,R,R,https://www.pokemon-card.com/assets/images/card_images/large/S4/038531_P_MARUMAIN.jpg,RARITY_CHANGE
aaaa2bac-72b6-42fb-b91b-85de216a1713,ソード・シールド,S4,拡張パック「仰天のボルテッカー」,swsh4_ja,034,サンダース,,U,U,https://www.pokemon-card.com/assets/images/card_images/large/S4/038532_P_SANDASU.jpg,RARITY_CHANGE
1818340b-2218-4816-80e8-c5c78496ec15,ソード・シールド,S4,拡張パック「仰天のボルテッカー」,swsh4_ja,035,サンダー,,R,R,https://www.pokemon-card.com/assets/images/card_images/large/S4/038533_P_SANDA.jpg,RARITY_CHANGE
ac01e8b3-d665-49a6-8bcd-d74b95e85dd1,ソード・シールド,S4,拡張パック「仰天のボルテッカー」,swsh4_ja,036,シママ,,C,C,https://www.pokemon-card.com/assets/images/card_images/large/S4/038534_P_SHIMAMA.jpg,RARITY_CHANGE
bfb028bc-c9b2-4b5c-8314-e50d026c0ce8,ソード・シールド,S4,拡張パック「仰天のボルテッカー」,swsh4_ja,037,ゼブライカ,,C,C,https://www.pokemon-card.com/assets/images/card_images/large/S4/038535_P_ZEBURAIKA.jpg,RARITY_CHANGE
2b74bc09-fe6f-4dba-a1ab-474b66ee2c23,ソード・シールド,S4,拡張パック「仰天のボルテッカー」,swsh4_ja,038,シビシラス,,C,C,https://www.pokemon-card.com/assets/images/card_images/large/S4/038536_P_SHIBISHIRASU.jpg,RARITY_CHANGE
e0474157-e904-4629-a51b-825bd75e570f,ソード・シールド,S4,拡張パック「仰天のボルテッカー」,swsh4_ja,039,シビビール,,C,C,https://www.pokemon-card.com/assets/images/card_images/large/S4/038537_P_SHIBIBIRU.jpg,RARITY_CHANGE
a4ed329b-0f8a-453f-b880-d0aa785dbc10,ソード・シールド,S4,拡張パック「仰天のボルテッカー」,swsh4_ja,040,シビルドン,,U,U,https://www.pokemon-card.com/assets/images/card_images/large/S4/038538_P_SHIBIRUDON.jpg,RARITY_CHANGE
36b12fb4-7323-4f72-b8f4-bfdfe5c69f79,ソード・シールド,S4,拡張パック「仰天のボルテッカー」,swsh4_ja,041,フーディンV,,RR,RR,https://www.pokemon-card.com/assets/images/card_images/large/S4/038539_P_FUDEINV.jpg,RARITY_CHANGE
cf97e60d-ce52-44d7-ac89-bc80e68368a8,ソード・シールド,S4,拡張パック「仰天のボルテッカー」,swsh4_ja,042,ヌケニン,,U,U,https://www.pokemon-card.com/assets/images/card_images/large/S4/038540_P_NUKENIN.jpg,RARITY_CHANGE
c3cacd21-31fe-4bdb-804b-86d344d032f8,ソード・シールド,S4,拡張パック「仰天のボルテッカー」,swsh4_ja,043,ヨマワル,,C,C,https://www.pokemon-card.com/assets/images/card_images/large/S4/038541_P_YOMAWARU.jpg,RARITY_CHANGE
57328607-027b-4bed-b569-34c4af005c28,ソード・シールド,S4,拡張パック「仰天のボルテッカー」,swsh4_ja,044,サマヨール,,U,U,https://www.pokemon-card.com/assets/images/card_images/large/S4/038542_P_SAMAYORU.jpg,RARITY_CHANGE
66131181-f173-475f-8baa-331c49327765,ソード・シールド,S4,拡張パック「仰天のボルテッカー」,swsh4_ja,045,ヨノワール,,R,R,https://www.pokemon-card.com/assets/images/card_images/large/S4/038543_P_YONOWARU.jpg,RARITY_CHANGE
cdcd305a-0356-4dc6-bb41-76b68ec16663,ソード・シールド,S4,拡張パック「仰天のボルテッカー」,swsh4_ja,046,チリーン,,C,C,https://www.pokemon-card.com/assets/images/card_images/large/S4/038544_P_CHIRIN.jpg,RARITY_CHANGE
ee8bf92f-ac3f-4261-a44d-f5018ee69c10,ソード・シールド,S4,拡張パック「仰天のボルテッカー」,swsh4_ja,047,コロモリ,,C,C,https://www.pokemon-card.com/assets/images/card_images/large/S4/038545_P_KOROMORI.jpg,RARITY_CHANGE
9a8fd0f9-0bf6-43b5-8968-77a0b0a6975a,ソード・シールド,S4,拡張パック「仰天のボルテッカー」,swsh4_ja,048,ココロモリ,,U,U,https://www.pokemon-card.com/assets/images/card_images/large/S4/038546_P_KOKOROMORI.jpg,RARITY_CHANGE
c421d6f8-041e-4973-bc7f-cffd0eb51aef,ソード・シールド,S4,拡張パック「仰天のボルテッカー」,swsh4_ja,049,モンメン,,C,C,https://www.pokemon-card.com/assets/images/card_images/large/S4/038547_P_MONMEN.jpg,RARITY_CHANGE
b9c42e14-d68d-4084-9f38-53d1f2c5bac8,ソード・シールド,S4,拡張パック「仰天のボルテッカー」,swsh4_ja,050,エルフーン,,U,U,https://www.pokemon-card.com/assets/images/card_images/large/S4/038548_P_ERUFUN.jpg,RARITY_CHANGE
8f553ee4-0320-46fe-bdfd-e0bd4ef4555f,ソード・シールド,S4,拡張パック「仰天のボルテッカー」,swsh4_ja,051,マホミル,,C,C,https://www.pokemon-card.com/assets/images/card_images/large/S4/038549_P_MAHOMIRU.jpg,RARITY_CHANGE
846304b1-ab39-4b6b-a4b9-5b46d259d39a,ソード・シールド,S4,拡張パック「仰天のボルテッカー」,swsh4_ja,052,マホイップ,,U,U,https://www.pokemon-card.com/assets/images/card_images/large/S4/038550_P_MAHOIPPU.jpg,RARITY_CHANGE
1636481d-d542-4170-9eea-1e831f641a75,ソード・シールド,S4,拡張パック「仰天のボルテッカー」,swsh4_ja,053,ワンリキー,,C,C,https://www.pokemon-card.com/assets/images/card_images/large/S4/038551_P_WANRIKI.jpg,RARITY_CHANGE
76af414d-e479-4fbb-b6b3-ee361b57cdbe,ソード・シールド,S4,拡張パック「仰天のボルテッカー」,swsh4_ja,054,ゴーリキー,,U,U,https://www.pokemon-card.com/assets/images/card_images/large/S4/038552_P_GORIKI.jpg,RARITY_CHANGE
2f458e78-e559-47b2-b725-e37c30b1137c,ソード・シールド,S4,拡張パック「仰天のボルテッカー」,swsh4_ja,055,カイリキー,,R,R,https://www.pokemon-card.com/assets/images/card_images/large/S4/038553_P_KAIRIKI.jpg,RARITY_CHANGE
cee3e97d-878b-4903-9bba-98519edb540e,ソード・シールド,S4,拡張パック「仰天のボルテッカー」,swsh4_ja,056,ゴマゾウ,,C,C,https://www.pokemon-card.com/assets/images/card_images/large/S4/038554_P_GOMAZOU.jpg,RARITY_CHANGE
c9f3bf17-dd4e-42eb-8471-087d186a7199,ソード・シールド,S4,拡張パック「仰天のボルテッカー」,swsh4_ja,057,ドンファン,,U,U,https://www.pokemon-card.com/assets/images/card_images/large/S4/038555_P_DONFAN.jpg,RARITY_CHANGE
bf39866c-5558-4207-94f0-67d795ab6c64,ソード・シールド,S4,拡張パック「仰天のボルテッカー」,swsh4_ja,058,カポエラー,,C,C,https://www.pokemon-card.com/assets/images/card_images/large/S4/038556_P_KAPOERA.jpg,RARITY_CHANGE
a57ef8a8-e62e-416e-97d3-2f7fe69d4e14,ソード・シールド,S4,拡張パック「仰天のボルテッカー」,swsh4_ja,059,モグリュー,,C,C,https://www.pokemon-card.com/assets/images/card_images/large/S4/038557_P_MOGURYU.jpg,RARITY_CHANGE
1ce53b1f-4100-4188-9cae-9c23f5db1ea0,ソード・シールド,S4,拡張パック「仰天のボルテッカー」,swsh4_ja,060,テラキオン,,R,R,https://www.pokemon-card.com/assets/images/card_images/large/S4/038558_P_TERAKION.jpg,RARITY_CHANGE
021ded8b-d604-4789-aad4-7401626f45db,ソード・シールド,S4,拡張パック「仰天のボルテッカー」,swsh4_ja,061,ドロバンコ,,C,C,https://www.pokemon-card.com/assets/images/card_images/large/S4/038559_P_DOROBANKO.jpg,RARITY_CHANGE
66395427-fc76-4b83-b0fa-ff24c99a8460,ソード・シールド,S4,拡張パック「仰天のボルテッカー」,swsh4_ja,062,バンバドロ,,U,U,https://www.pokemon-card.com/assets/images/card_images/large/S4/038560_P_BANBADORO.jpg,RARITY_CHANGE
72a66618-5c6a-4c7e-b54b-08f4f74cd9fc,ソード・シールド,S4,拡張パック「仰天のボルテッカー」,swsh4_ja,063,タタッコ,,C,C,https://www.pokemon-card.com/assets/images/card_images/large/S4/038561_P_TATAKKO.jpg,RARITY_CHANGE
1b4f69c5-7c1f-4971-99a9-d3a91f1f4b6b,ソード・シールド,S4,拡張パック「仰天のボルテッカー」,swsh4_ja,064,オトスパス,,U,U,https://www.pokemon-card.com/assets/images/card_images/large/S4/038562_P_OTOSUPASU.jpg,RARITY_CHANGE
dbb34954-348a-46e4-9400-d8d6f2d47ed4,ソード・シールド,S4,拡張パック「仰天のボルテッカー」,swsh4_ja,065,ガラル ネギガナイトV,,RR,RR,https://www.pokemon-card.com/assets/images/card_images/large/S4/038563_P_GARARUNEGIGANAITOV.jpg,RARITY_CHANGE
1d64f73f-be68-4ce0-97db-98079a22a668,ソード・シールド,S4,拡張パック「仰天のボルテッカー」,swsh4_ja,066,ポチエナ,,C,C,https://www.pokemon-card.com/assets/images/card_images/large/S4/038564_P_POCHIENA.jpg,RARITY_CHANGE
2b9a7a20-26f2-4124-8019-044e97f99cfe,ソード・シールド,S4,拡張パック「仰天のボルテッカー」,swsh4_ja,067,グラエナ,,C,C,https://www.pokemon-card.com/assets/images/card_images/large/S4/038565_P_GURAENA.jpg,RARITY_CHANGE
9ec4bfcb-c2cc-4a78-a281-f497f6108653,ソード・シールド,S4,拡張パック「仰天のボルテッカー」,swsh4_ja,068,ヤミラミ,,C,C,https://www.pokemon-card.com/assets/images/card_images/large/S4/038566_P_YAMIRAMI.jpg,RARITY_CHANGE
46963f61-6648-46e1-a837-14b7768fb209,ソード・シールド,S4,拡張パック「仰天のボルテッカー」,swsh4_ja,069,ドラピオンV,,RR,RR,https://www.pokemon-card.com/assets/images/card_images/large/S4/038567_P_DORAPIONV.jpg,RARITY_CHANGE
5dace8f0-54e3-405e-b585-04cf3977c88e,ソード・シールド,S4,拡張パック「仰天のボルテッカー」,swsh4_ja,070,メグロコ,,C,C,https://www.pokemon-card.com/assets/images/card_images/large/S4/038568_P_MEGUROKO.jpg,RARITY_CHANGE
69062681-70b1-4b30-8a51-ed1c2013a646,SVシリーズ,SV7,ステラミラクル,sv7_ja,109,ゼラオラ,ー,AR,AR,https://assets.tcgdex.net/ja/SV/SV7/109/high.webp,RARITY_CHANGE
bcb5ec2e-a99e-40e6-8e02-3550d6d3802b,ソード・シールド,S4,拡張パック「仰天のボルテッカー」,swsh4_ja,071,ワルビル,,C,C,https://www.pokemon-card.com/assets/images/card_images/large/S4/038569_P_WARUBIRU.jpg,RARITY_CHANGE
0f805b9a-a322-49c7-98ef-2c48eee3d420,ソード・シールド,S4,拡張パック「仰天のボルテッカー」,swsh4_ja,072,ワルビアル,,U,U,https://www.pokemon-card.com/assets/images/card_images/large/S4/038570_P_WARUBIARU.jpg,RARITY_CHANGE
044302e5-77af-4118-a5db-4c84870e8844,ソード・シールド,S4,拡張パック「仰天のボルテッカー」,swsh4_ja,073,ヤブクロン,,C,C,https://www.pokemon-card.com/assets/images/card_images/large/S4/038571_P_YABUKURON.jpg,RARITY_CHANGE
a27c61c7-ed39-4690-ad8e-69901124aaa8,ソード・シールド,S4,拡張パック「仰天のボルテッカー」,swsh4_ja,074,ダストダス,,U,U,https://www.pokemon-card.com/assets/images/card_images/large/S4/038572_P_DASUTODASU.jpg,RARITY_CHANGE
f69d4725-10d3-4115-8fa0-5f0c50be656f,ソード・シールド,S4,拡張パック「仰天のボルテッカー」,swsh4_ja,075,ガラル ニャース,,C,C,https://www.pokemon-card.com/assets/images/card_images/large/S4/038573_P_GARARUNYASU.jpg,RARITY_CHANGE
54a5162d-a1b2-4e6f-b3f8-d5bbc322f673,ソード・シールド,S4,拡張パック「仰天のボルテッカー」,swsh4_ja,076,ガラル ニャイキング,,U,U,https://www.pokemon-card.com/assets/images/card_images/large/S4/038574_P_GARARUNYAIKINGU.jpg,RARITY_CHANGE
6fb8d10d-d2f1-4b71-8a3a-0b6c26a8adcc,SVシリーズ,SV7,ステラミラクル,sv7_ja,123,アカマツ,ー,SR,SR,https://assets.tcgdex.net/ja/SV/SV7/123/high.webp,RARITY_CHANGE
cabcccc7-19a2-4d66-8c42-b4a014eea975,SVシリーズ,SV7,ステラミラクル,sv7_ja,124,タロ,ー,SR,SR,https://assets.tcgdex.net/ja/SV/SV7/124/high.webp,RARITY_CHANGE
d9fdc93e-f5ce-4835-9d65-7b532b51d958,ソード・シールド,S4,拡張パック「仰天のボルテッカー」,swsh4_ja,077,ドリュウズ,,C,C,https://www.pokemon-card.com/assets/images/card_images/large/S4/038575_P_DORYUUZU.jpg,RARITY_CHANGE
1abab9c5-9f82-4cc2-bc6f-c5589ee8f030,ソード・シールド,S4,拡張パック「仰天のボルテッカー」,swsh4_ja,078,テッシード,,C,C,https://www.pokemon-card.com/assets/images/card_images/large/S4/038576_P_TESSHIDO.jpg,RARITY_CHANGE
97450653-ed26-43c5-b820-e47c98f1f8d2,ソード・シールド,S4,拡張パック「仰天のボルテッカー」,swsh4_ja,079,ナットレイ,,U,U,https://www.pokemon-card.com/assets/images/card_images/large/S4/038577_P_NATTOREI.jpg,RARITY_CHANGE
819a4ea0-82f6-4ce2-a8e4-7e1e4394633b,ソード・シールド,S4,拡張パック「仰天のボルテッカー」,swsh4_ja,080,ギルガルドV,,RR,RR,https://www.pokemon-card.com/assets/images/card_images/large/S4/038578_P_GIRUGARUDOV.jpg,RARITY_CHANGE
889805a6-42e9-41e8-bb85-e4376fe553ca,ソード・シールド,S4,拡張パック「仰天のボルテッカー」,swsh4_ja,082,ジュラルドン,,R,R,https://www.pokemon-card.com/assets/images/card_images/large/S4/038580_P_JURARUDON.jpg,RARITY_CHANGE
9706c9ad-ad1e-4bce-8cc8-604c9902a65d,ソード・シールド,S4,拡張パック「仰天のボルテッカー」,swsh4_ja,083,イーブイ,,C,C,https://www.pokemon-card.com/assets/images/card_images/large/S4/038581_P_IBUI.jpg,RARITY_CHANGE
0e15493f-562e-4eb8-974c-ea8b4bf35666,ソード・シールド,S4,拡張パック「仰天のボルテッカー」,swsh4_ja,084,カビゴン,,R,R,https://www.pokemon-card.com/assets/images/card_images/large/S4/038582_P_KABIGON.jpg,RARITY_CHANGE
a42cd567-370e-4644-b487-66b988d05279,SVシリーズ,SV7,ステラミラクル,sv7_ja,132,ブライア,ー,SAR,SAR,https://assets.tcgdex.net/ja/SV/SV7/132/high.webp,RARITY_CHANGE
5b3530a8-e66f-4a7a-bb2e-5a92886e1ce6,ソード・シールド,S4,拡張パック「仰天のボルテッカー」,swsh4_ja,085,スバメ,,C,C,https://www.pokemon-card.com/assets/images/card_images/large/S4/038583_P_SUBAME.jpg,RARITY_CHANGE
06c5960d-9dfe-4926-8642-322d0fee8a9d,ソード・シールド,S4,拡張パック「仰天のボルテッカー」,swsh4_ja,086,オオスバメ,,C,C,https://www.pokemon-card.com/assets/images/card_images/large/S4/038584_P_OOSUBAME.jpg,RARITY_CHANGE
b201e308-5640-4900-beb6-6bdcb05112d9,ソード・シールド,S4,拡張パック「仰天のボルテッカー」,swsh4_ja,087,ゴニョニョ,,C,C,https://www.pokemon-card.com/assets/images/card_images/large/S4/038585_P_GONYONYO.jpg,RARITY_CHANGE
130749cf-ae95-4b90-b55b-d95cf2a8d59f,ソード・シールド,S4,拡張パック「仰天のボルテッカー」,swsh4_ja,088,ドゴーム,,C,C,https://www.pokemon-card.com/assets/images/card_images/large/S4/038586_P_DOGOMU.jpg,RARITY_CHANGE
765acd3a-da15-491c-9e81-633ec890dc0e,ソード・シールド,S4,拡張パック「仰天のボルテッカー」,swsh4_ja,089,バクオング,,U,U,https://www.pokemon-card.com/assets/images/card_images/large/S4/038587_P_BAKUONGU.jpg,RARITY_CHANGE
2711059b-2514-4f1c-9077-e54d712f5349,ソード・シールド,S4,拡張パック「仰天のボルテッカー」,swsh4_ja,090,ドローンロトム,,U,U,https://www.pokemon-card.com/assets/images/card_images/large/S4/038588_T_DORONROTOMU.jpg,RARITY_CHANGE
b2e1f087-3c96-41af-8834-225514c7d2de,ソード・シールド,S4,拡張パック「仰天のボルテッカー」,swsh4_ja,091,望遠スコープ,,U,U,https://www.pokemon-card.com/assets/images/card_images/large/S4/038589_T_BOUENSUKOPU.jpg,RARITY_CHANGE
14fa8b07-2042-4da3-8a5b-2149a967d9ff,ソード・シールド,S4,拡張パック「仰天のボルテッカー」,swsh4_ja,092,メモリーカプセル,,U,U,https://www.pokemon-card.com/assets/images/card_images/large/S4/038590_T_MEMORIKAPUSERU.jpg,RARITY_CHANGE
0d4077bc-cb97-49c0-b59a-a181aa67a4a4,ソード・シールド,S5a,強化拡張パック「双璧のファイター」,swsh5a_ja,082,クララ,,SR,SR,https://www.pokemon-card.com/assets/images/card_images/large/S5a/039357_T_KURARA.jpg,RARITY_CHANGE
dc79f948-ef3d-486f-9040-da6c3da5618f,ソード・シールド,S5a,強化拡張パック「双璧のファイター」,swsh5a_ja,083,セイボリー,,SR,SR,https://www.pokemon-card.com/assets/images/card_images/large/S5a/039358_T_SEIBORI.jpg,RARITY_CHANGE
6d6cf091-4803-4755-9e4a-67628bca7b4b,ソード・シールド,S5a,強化拡張パック「双璧のファイター」,swsh5a_ja,084,トウキ,,SR,SR,https://www.pokemon-card.com/assets/images/card_images/large/S5a/039359_T_TOUKI.jpg,RARITY_CHANGE
fa5a51b4-61cd-4645-b16f-a6ee54dcd418,ソード・シールド,S5R,拡張パック「連撃マスター」,swsh5r_ja,001,マダツボミ,,C,C,https://www.pokemon-card.com/assets/images/card_images/large/S5R/039131_P_MADATSUBOMI.jpg,RARITY_CHANGE
e683aeb7-2f8e-42fd-8e64-a93e7afec3a9,ソード・シールド,S4,拡張パック「仰天のボルテッカー」,swsh4_ja,105,フーディンV,,SR,SR,https://www.pokemon-card.com/assets/images/card_images/large/S4/038916_P_FUDEINV.jpg,RARITY_CHANGE
1ba2e6ea-5d8c-47e7-8408-0dcf28271741,ソード・シールド,S4,拡張パック「仰天のボルテッカー」,swsh4_ja,106,ガラル ネギガナイトV,,SR,SR,https://www.pokemon-card.com/assets/images/card_images/large/S4/038917_P_GARARUNEGIGANAITOV.jpg,RARITY_CHANGE
6550e2bd-b102-419f-9e3f-17cf07edd1ff,ソード・シールド,S4,拡張パック「仰天のボルテッカー」,swsh4_ja,107,ドラピオンV,,SR,SR,https://www.pokemon-card.com/assets/images/card_images/large/S4/038918_P_DORAPIONV.jpg,RARITY_CHANGE
d85321d1-c8ac-41f8-b044-137a222b474b,ソード・シールド,S4,拡張パック「仰天のボルテッカー」,swsh4_ja,108,ギルガルドV,,SR,SR,https://www.pokemon-card.com/assets/images/card_images/large/S4/038919_P_GIRUGARUDOV.jpg,RARITY_CHANGE
a426831d-b411-4013-9d8d-5390c70ceb73,ソード・シールド,S4,拡張パック「仰天のボルテッカー」,swsh4_ja,109,サイトウ,,SR,SR,https://www.pokemon-card.com/assets/images/card_images/large/S4/038920_T_SAITOU.jpg,RARITY_CHANGE
a9075851-ee68-46f4-aa67-1fbbedae2c0b,ソード・シールド,S4,拡張パック「仰天のボルテッカー」,swsh4_ja,110,ダンデ,,SR,SR,https://www.pokemon-card.com/assets/images/card_images/large/S4/038921_T_DANDE.jpg,RARITY_CHANGE
8c365b3c-6797-4b04-a145-884582307994,ソード・シールド,S4,拡張パック「仰天のボルテッカー」,swsh4_ja,111,ルリナ,,SR,SR,https://www.pokemon-card.com/assets/images/card_images/large/S4/038922_T_RURINA.jpg,RARITY_CHANGE
1a41896f-c16b-4d9c-9b57-fbe1beaa1dd1,ソード・シールド,S5a,強化拡張パック「双璧のファイター」,swsh5a_ja,001,ビードル,,C,C,https://www.pokemon-card.com/assets/images/card_images/large/S5a/039268_P_BIDORU.jpg,RARITY_CHANGE
85edb342-de2f-44c6-8fc7-d5b5fca5cd31,ソード・シールド,S5a,強化拡張パック「双璧のファイター」,swsh5a_ja,002,コクーン,,U,U,https://www.pokemon-card.com/assets/images/card_images/large/S5a/039269_P_KOKUN.jpg,RARITY_CHANGE
b9c10208-d0e5-4ccc-85fe-01348d524934,ソード・シールド,S5a,強化拡張パック「双璧のファイター」,swsh5a_ja,003,スピアー,,R,R,https://www.pokemon-card.com/assets/images/card_images/large/S5a/039270_P_SUPIA.jpg,RARITY_CHANGE
840068d5-6f5e-4bae-90c3-0ffeab1e56a5,ソード・シールド,S5a,強化拡張パック「双璧のファイター」,swsh5a_ja,004,ヘラクロス,,C,C,https://www.pokemon-card.com/assets/images/card_images/large/S5a/039271_P_HERAKUROSU.jpg,RARITY_CHANGE
013dcc24-cd0d-4707-8308-4568c712f7bb,ソード・シールド,S5a,強化拡張パック「双璧のファイター」,swsh5a_ja,005,チュリネ,,C,C,https://www.pokemon-card.com/assets/images/card_images/large/S5a/039272_P_CHURINE.jpg,RARITY_CHANGE
89aaa128-2265-47b5-815f-2ed35fd2d877,ソード・シールド,S5a,強化拡張パック「双璧のファイター」,swsh5a_ja,006,ドレディア,,U,U,https://www.pokemon-card.com/assets/images/card_images/large/S5a/039273_P_DOREDEIA.jpg,RARITY_CHANGE
6eee2e4f-49fa-4daa-81fe-794e12bc37ed,ソード・シールド,S5a,強化拡張パック「双璧のファイター」,swsh5a_ja,007,バシャーモV,,RR,RR,https://www.pokemon-card.com/assets/images/card_images/large/S5a/039274_P_BASHAMOV.jpg,RARITY_CHANGE
95a013c4-4bd3-4868-95b5-134ae7ef807d,ソード・シールド,S5a,強化拡張パック「双璧のファイター」,swsh5a_ja,009,メラルバ,,C,C,https://www.pokemon-card.com/assets/images/card_images/large/S5a/039276_P_MERARUBA.jpg,RARITY_CHANGE
f70cb7ab-c2b9-4874-98fd-2e758067bfba,ソード・シールド,S5a,強化拡張パック「双璧のファイター」,swsh5a_ja,010,ウルガモス,,C,C,https://www.pokemon-card.com/assets/images/card_images/large/S5a/039277_P_URUGAMOSU.jpg,RARITY_CHANGE
0f968390-c8d1-4a3a-adb1-eeaf02f05769,ソード・シールド,S5a,強化拡張パック「双璧のファイター」,swsh5a_ja,011,メノクラゲ,,C,C,https://www.pokemon-card.com/assets/images/card_images/large/S5a/039278_P_MENOKURAGE.jpg,RARITY_CHANGE
eedd8456-4f0f-41cb-90ea-d9dbfef97aff,ソード・シールド,S5a,強化拡張パック「双璧のファイター」,swsh5a_ja,012,ドククラゲ,,U,U,https://www.pokemon-card.com/assets/images/card_images/large/S5a/039279_P_DOKUKURAGE.jpg,RARITY_CHANGE
e7b61e7e-bccf-4153-b76c-9cf159be738d,ソード・シールド,S5a,強化拡張パック「双璧のファイター」,swsh5a_ja,013,デリバード,,C,C,https://www.pokemon-card.com/assets/images/card_images/large/S5a/039280_P_DERIBADO.jpg,RARITY_CHANGE
87c9f9c1-ca46-4d1f-8276-e76371157cb5,ソード・シールド,S5a,強化拡張パック「双璧のファイター」,swsh5a_ja,014,キバニア,,C,C,https://www.pokemon-card.com/assets/images/card_images/large/S5a/039281_P_KIBANIA.jpg,RARITY_CHANGE
875b0e60-d417-4bca-965b-dca05c8235e5,ソード・シールド,S5a,強化拡張パック「双璧のファイター」,swsh5a_ja,015,サメハダー,,U,U,https://www.pokemon-card.com/assets/images/card_images/large/S5a/039282_P_SAMEHADA.jpg,RARITY_CHANGE
7a13efda-d2a3-47b2-b2fa-ecef556c0356,ソード・シールド,S5a,強化拡張パック「双璧のファイター」,swsh5a_ja,016,メッソン,,C,C,https://www.pokemon-card.com/assets/images/card_images/large/S5a/039283_P_MESSON.jpg,RARITY_CHANGE
2204a6f9-dffd-4efb-9009-efdeb092e8ec,ソード・シールド,S5a,強化拡張パック「双璧のファイター」,swsh5a_ja,017,ジメレオン,,U,U,https://www.pokemon-card.com/assets/images/card_images/large/S5a/039284_P_JIMEREON.jpg,RARITY_CHANGE
75c84dff-a960-4918-abb9-a0b3bf5e1d83,ソード・シールド,S5a,強化拡張パック「双璧のファイター」,swsh5a_ja,018,インテレオン,,R,R,https://www.pokemon-card.com/assets/images/card_images/large/S5a/039285_P_INTEREON.jpg,RARITY_CHANGE
65bee12f-25ae-4d50-9580-f7459f7ef80c,ソード・シールド,S5a,強化拡張パック「双璧のファイター」,swsh5a_ja,019,れんげきウーラオス,,R,R,https://www.pokemon-card.com/assets/images/card_images/large/S5a/039286_P_RENGEKIURAOSU.jpg,RARITY_CHANGE
94a833eb-dc32-40e8-8bc2-874d8388c4b2,ソード・シールド,S5a,強化拡張パック「双璧のファイター」,swsh5a_ja,020,チョンチー,,C,C,https://www.pokemon-card.com/assets/images/card_images/large/S5a/039287_P_CHONCHI.jpg,RARITY_CHANGE
ab6eb9aa-61b6-4194-add2-81d6064e048a,ソード・シールド,S5a,強化拡張パック「双璧のファイター」,swsh5a_ja,021,ランターン,,C,C,https://www.pokemon-card.com/assets/images/card_images/large/S5a/039288_P_RANTAN.jpg,RARITY_CHANGE
ea2f0fa3-f47b-4ae3-9825-92bfaa235db7,ソード・シールド,S5a,強化拡張パック「双璧のファイター」,swsh5a_ja,022,ボルトロス,,R,R,https://www.pokemon-card.com/assets/images/card_images/large/S5a/039289_P_BORUTOROSU.jpg,RARITY_CHANGE
c07ae093-230a-4234-873d-e25527db2018,ソード・シールド,S5a,強化拡張パック「双璧のファイター」,swsh5a_ja,023,パッチラゴンV,,RR,RR,https://www.pokemon-card.com/assets/images/card_images/large/S5a/039290_P_PACCHIRAGONV.jpg,RARITY_CHANGE
900cc0ad-d723-4dbd-b2b9-1b1268c15160,ソード・シールド,S5a,強化拡張パック「双璧のファイター」,swsh5a_ja,025,ガラル フリーザーV,,RR,RR,https://www.pokemon-card.com/assets/images/card_images/large/S5a/039292_P_GARARUFURIZAV.jpg,RARITY_CHANGE
e74877e1-9de2-4c27-97d1-92bce8fdea39,ソード・シールド,S5a,強化拡張パック「双璧のファイター」,swsh5a_ja,026,コロモリ,,C,C,https://www.pokemon-card.com/assets/images/card_images/large/S5a/039293_P_KOROMORI.jpg,RARITY_CHANGE
d8fe088e-aaef-408e-a555-8ea5272cea84,ソード・シールド,S5a,強化拡張パック「双璧のファイター」,swsh5a_ja,027,ココロモリ,,U,U,https://www.pokemon-card.com/assets/images/card_images/large/S5a/039294_P_KOKOROMORI.jpg,RARITY_CHANGE
e6155dc7-2418-42e6-8ca9-cbf2fdde4f76,ソード・シールド,S5a,強化拡張パック「双璧のファイター」,swsh5a_ja,028,ペロッパフ,,C,C,https://www.pokemon-card.com/assets/images/card_images/large/S5a/039295_P_PEROPPAFU.jpg,RARITY_CHANGE
2073d78d-ea5d-434a-abdc-5e115eba5fc0,ソード・シールド,S5a,強化拡張パック「双璧のファイター」,swsh5a_ja,029,ペロリーム,,U,U,https://www.pokemon-card.com/assets/images/card_images/large/S5a/039296_P_PERORIMU.jpg,RARITY_CHANGE
25ec48d7-e55c-4606-ab66-e5185f282c94,ソード・シールド,S5a,強化拡張パック「双璧のファイター」,swsh5a_ja,030,ミブリム,,C,C,https://www.pokemon-card.com/assets/images/card_images/large/S5a/039297_P_MIBURIMU.jpg,RARITY_CHANGE
bf23552b-03dd-48d9-907a-e55fc01f0c92,ソード・シールド,S5a,強化拡張パック「双璧のファイター」,swsh5a_ja,031,テブリム,,U,U,https://www.pokemon-card.com/assets/images/card_images/large/S5a/039298_P_TEBURIMU.jpg,RARITY_CHANGE
67df8170-b508-4e56-ad24-2ce59b579fd6,ソード・シールド,S5a,強化拡張パック「双璧のファイター」,swsh5a_ja,032,ブリムオン,,R,R,https://www.pokemon-card.com/assets/images/card_images/large/S5a/039299_P_BURIMUON.jpg,RARITY_CHANGE
f470592b-8537-4add-883b-e236eb8987f2,ソード・シールド,S5a,強化拡張パック「双璧のファイター」,swsh5a_ja,033,ディグダ,,C,C,https://www.pokemon-card.com/assets/images/card_images/large/S5a/039300_P_DEIGUDA.jpg,RARITY_CHANGE
62279cf4-5861-47b0-8c9a-84ecf4fca0f1,ソード・シールド,S5a,強化拡張パック「双璧のファイター」,swsh5a_ja,034,ダグトリオ,,U,U,https://www.pokemon-card.com/assets/images/card_images/large/S5a/039301_P_DAGUTORIO.jpg,RARITY_CHANGE
6e4cf101-efbe-4365-868f-70293953e82c,ソード・シールド,S5a,強化拡張パック「双璧のファイター」,swsh5a_ja,035,ガラル カモネギ,,C,C,https://www.pokemon-card.com/assets/images/card_images/large/S5a/039302_P_GARARUKAMONEGI.jpg,RARITY_CHANGE
8e1a6cb0-72a5-458d-9181-8c7f321d15e5,ソード・シールド,S5a,強化拡張パック「双璧のファイター」,swsh5a_ja,036,ガラル ネギガナイト,,U,U,https://www.pokemon-card.com/assets/images/card_images/large/S5a/039303_P_GARARUNEGIGANAITO.jpg,RARITY_CHANGE
ac58c15f-275f-4ac7-ba96-b3a5f92e5f91,ソード・シールド,S5a,強化拡張パック「双璧のファイター」,swsh5a_ja,037,ガラル サンダーV,,RR,RR,https://www.pokemon-card.com/assets/images/card_images/large/S5a/039304_P_GARARUSANDAV.jpg,RARITY_CHANGE
f13744b5-62cc-4288-b175-67ded75daa57,ソード・シールド,S5a,強化拡張パック「双璧のファイター」,swsh5a_ja,038,ダンゴロ,,C,C,https://www.pokemon-card.com/assets/images/card_images/large/S5a/039305_P_DANGORO.jpg,RARITY_CHANGE
edf3da52-78a3-4869-8514-f0e12aa9c985,ソード・シールド,S5a,強化拡張パック「双璧のファイター」,swsh5a_ja,039,ガントル,,C,C,https://www.pokemon-card.com/assets/images/card_images/large/S5a/039306_P_GANTORU.jpg,RARITY_CHANGE
ee23330a-fe9d-4779-b9b6-c5102529700d,ソード・シールド,S5a,強化拡張パック「双璧のファイター」,swsh5a_ja,040,ギガイアス,,U,U,https://www.pokemon-card.com/assets/images/card_images/large/S5a/039307_P_GIGAIASU.jpg,RARITY_CHANGE
820986fe-2738-4e91-82fc-6023c80db1b9,ソード・シールド,S5a,強化拡張パック「双璧のファイター」,swsh5a_ja,041,ガラル デスマス,,C,C,https://www.pokemon-card.com/assets/images/card_images/large/S5a/039308_P_GARARUDESUMASU.jpg,RARITY_CHANGE
deb4d937-1217-4ad1-9803-e69989c29b74,ソード・シールド,S5a,強化拡張パック「双璧のファイター」,swsh5a_ja,042,ガラル デスバーン,,R,R,https://www.pokemon-card.com/assets/images/card_images/large/S5a/039309_P_GARARUDESUBAN.jpg,RARITY_CHANGE
4bbaaf1b-5ca5-43e5-9a5e-dcdd6db46498,ソード・シールド,S5a,強化拡張パック「双璧のファイター」,swsh5a_ja,043,ナゲツケサル,,C,C,https://www.pokemon-card.com/assets/images/card_images/large/S5a/039310_P_NAGETSUKESARU.jpg,RARITY_CHANGE
aed61fe0-9ffb-4960-9717-ce0883f952b6,ソード・シールド,S5a,強化拡張パック「双璧のファイター」,swsh5a_ja,044,ダクマ,,C,C,https://www.pokemon-card.com/assets/images/card_images/large/S5a/039311_P_DAKUMA.jpg,RARITY_CHANGE
365d1b01-b0b6-4bb4-96c7-b1b4122674ab,SVシリーズ,SV7a,楽園ドラゴーナ,sv7a_ja,083,カキツバタ,ー,SR,SR,https://assets.tcgdex.net/ja/SV/SV7a/083/high.webp,RARITY_CHANGE
30ec3c7a-23cf-491c-b3b1-6a6ebea78c77,ソード・シールド,S5a,強化拡張パック「双璧のファイター」,swsh5a_ja,045,ガラル ファイヤーV,,RR,RR,https://www.pokemon-card.com/assets/images/card_images/large/S5a/039312_P_GARARUFAIYAV.jpg,RARITY_CHANGE
3c5a8789-34f9-4bfe-909c-b0f8eebe45de,ソード・シールド,S5a,強化拡張パック「双璧のファイター」,swsh5a_ja,046,ガラル ヤドキングV,,RR,RR,https://www.pokemon-card.com/assets/images/card_images/large/S5a/039313_P_GARARUYADOKINGUV.jpg,RARITY_CHANGE
d4737934-7317-4e0b-b239-f0bf5582275b,ソード・シールド,S5a,強化拡張パック「双璧のファイター」,swsh5a_ja,048,ハブネーク,,C,C,https://www.pokemon-card.com/assets/images/card_images/large/S5a/039315_P_HABUNEKU.jpg,RARITY_CHANGE
4fced611-81c7-4653-9f48-9f81b01cef2b,ソード・シールド,S5a,強化拡張パック「双璧のファイター」,swsh5a_ja,049,ミカルゲ,,U,U,https://www.pokemon-card.com/assets/images/card_images/large/S5a/039316_P_MIKARUGE.jpg,RARITY_CHANGE
4b3ab375-6319-424c-869d-040cbd56ef9c,ソード・シールド,S5a,強化拡張パック「双璧のファイター」,swsh5a_ja,050,フシデ,,C,C,https://www.pokemon-card.com/assets/images/card_images/large/S5a/039317_P_FUSHIDE.jpg,RARITY_CHANGE
559fc460-e2da-49f5-8a08-e6a399a53d21,ソード・シールド,S5a,強化拡張パック「双璧のファイター」,swsh5a_ja,051,ホイーガ,,C,C,https://www.pokemon-card.com/assets/images/card_images/large/S5a/039318_P_HOIGA.jpg,RARITY_CHANGE
5f1fa281-57b6-490a-a745-80b4578be7a2,ソード・シールド,S5a,強化拡張パック「双璧のファイター」,swsh5a_ja,052,ペンドラー,,U,U,https://www.pokemon-card.com/assets/images/card_images/large/S5a/039319_P_PENDORA.jpg,RARITY_CHANGE
cf8f5062-35fa-46a7-9629-a8a4ff0e7b36,ソード・シールド,S5a,強化拡張パック「双璧のファイター」,swsh5a_ja,053,ズルッグ,,C,C,https://www.pokemon-card.com/assets/images/card_images/large/S5a/039320_P_ZURUGGU.jpg,RARITY_CHANGE
79bd9cee-7164-45dc-a3bf-e6f0f6291bc6,ソード・シールド,S5a,強化拡張パック「双璧のファイター」,swsh5a_ja,054,ズルズキン,,U,U,https://www.pokemon-card.com/assets/images/card_images/large/S5a/039321_P_ZURUZUKIN.jpg,RARITY_CHANGE
2849aa0a-f56a-4ba1-a64a-12a30cd77e4b,ソード・シールド,S5a,強化拡張パック「双璧のファイター」,swsh5a_ja,055,いちげきウーラオス,,R,R,https://www.pokemon-card.com/assets/images/card_images/large/S5a/039322_P_ICHIGEKIURAOSU.jpg,RARITY_CHANGE
9ec6c879-23ee-4b69-8c61-334e24ae9d67,ソード・シールド,S5a,強化拡張パック「双璧のファイター」,swsh5a_ja,056,ザングース,,C,C,https://www.pokemon-card.com/assets/images/card_images/large/S5a/039323_P_ZANGUSU.jpg,RARITY_CHANGE
472e8422-20cb-4ea0-b396-20eb8e4bc565,ソード・シールド,S5a,強化拡張パック「双璧のファイター」,swsh5a_ja,057,シェイミ,,R,R,https://www.pokemon-card.com/assets/images/card_images/large/S5a/039324_P_SHIEIMI.jpg,RARITY_CHANGE
3208b5ca-82f4-425e-9a37-1e19b6404786,ソード・シールド,S5a,強化拡張パック「双璧のファイター」,swsh5a_ja,058,ヨーテリー,,C,C,https://www.pokemon-card.com/assets/images/card_images/large/S5a/039325_P_YOTERI.jpg,RARITY_CHANGE
a8337c9d-b5b8-4855-a60b-cba1de1ecb53,ソード・シールド,S5a,強化拡張パック「双璧のファイター」,swsh5a_ja,059,ハーデリア,,C,C,https://www.pokemon-card.com/assets/images/card_images/large/S5a/039326_P_HADERIA.jpg,RARITY_CHANGE
2945b185-9f1b-45e0-843d-3b8fd6d25921,ソード・シールド,S5a,強化拡張パック「双璧のファイター」,swsh5a_ja,060,ムーランド,,U,U,https://www.pokemon-card.com/assets/images/card_images/large/S5a/039327_P_MURANDO.jpg,RARITY_CHANGE
850ce9e0-5e53-488d-9327-aaa1413458a8,ソード・シールド,S5a,強化拡張パック「双璧のファイター」,swsh5a_ja,061,ワシボン,,C,C,https://www.pokemon-card.com/assets/images/card_images/large/S5a/039328_P_WASHIBON.jpg,RARITY_CHANGE
f93e3a69-2bde-4736-9dfd-472c7c7d3dbb,ソード・シールド,S5a,強化拡張パック「双璧のファイター」,swsh5a_ja,062,ウォーグル,,C,C,https://www.pokemon-card.com/assets/images/card_images/large/S5a/039329_P_UOGURU.jpg,RARITY_CHANGE
d826684c-cd2f-4ac0-988c-c59fbf1bd3d2,ソード・シールド,S5a,強化拡張パック「双璧のファイター」,swsh5a_ja,063,おむかえちょうちん,,U,U,https://www.pokemon-card.com/assets/images/card_images/large/S5a/039330_T_OMUKAECHOUCHIN.jpg,RARITY_CHANGE
7dace968-4a7b-44be-bd07-6d3e583e485a,ソード・シールド,S5a,強化拡張パック「双璧のファイター」,swsh5a_ja,064,やまびこホーン,,U,U,https://www.pokemon-card.com/assets/images/card_images/large/S5a/039331_T_YAMABIKOHON.jpg,RARITY_CHANGE
bf5bd113-1094-4f3e-90df-5fb8eded1ae0,ソード・シールド,S5a,強化拡張パック「双璧のファイター」,swsh5a_ja,065,ガラルのむねあて,,U,U,https://www.pokemon-card.com/assets/images/card_images/large/S5a/039332_T_GARARUNOMUNEATE.jpg,RARITY_CHANGE
07ec6efa-ade9-4500-b4c8-339afd7b767e,ソード・シールド,S5a,強化拡張パック「双璧のファイター」,swsh5a_ja,066,カリンの信念,,U,U,https://www.pokemon-card.com/assets/images/card_images/large/S5a/039333_T_KARINNOSHINNEN.jpg,RARITY_CHANGE
267cd4f3-18f5-49c7-8861-083c5c39fa1d,ソード・シールド,S5a,強化拡張パック「双璧のファイター」,swsh5a_ja,067,クララ,,U,U,https://www.pokemon-card.com/assets/images/card_images/large/S5a/039334_T_KURARA.jpg,RARITY_CHANGE
8da63da5-8ccb-4177-8a40-a47aa8d1c1ee,ソード・シールド,S5a,強化拡張パック「双璧のファイター」,swsh5a_ja,068,セイボリー,,U,U,https://www.pokemon-card.com/assets/images/card_images/large/S5a/039335_T_SEIBORI.jpg,RARITY_CHANGE
ae7cc57b-fbde-43f0-b4de-ef989ab313a1,ソード・シールド,S5a,強化拡張パック「双璧のファイター」,swsh5a_ja,069,トウキ,,U,U,https://www.pokemon-card.com/assets/images/card_images/large/S5a/039336_T_TOUKI.jpg,RARITY_CHANGE
2287263c-fbf1-4497-aa1e-3dffb37a2bd5,ソード・シールド,S5a,強化拡張パック「双璧のファイター」,swsh5a_ja,070,ダイ木の丘,,U,U,https://www.pokemon-card.com/assets/images/card_images/large/S5a/039337_T_DAIKINOOKA.jpg,RARITY_CHANGE
e7c2ed42-22b5-4e01-977e-a3b5e29660db,ソード・シールド,S5a,強化拡張パック「双璧のファイター」,swsh5a_ja,071,バシャーモV,,SR,SR,https://www.pokemon-card.com/assets/images/card_images/large/S5a/039346_P_BASHAMOV.jpg,RARITY_CHANGE
3acbe687-d63d-4bfb-a4c5-228fb366f54f,ソード・シールド,S5a,強化拡張パック「双璧のファイター」,swsh5a_ja,072,パッチラゴンV,,SR,SR,https://www.pokemon-card.com/assets/images/card_images/large/S5a/039347_P_PACCHIRAGONV.jpg,RARITY_CHANGE
ff4bd882-6b85-4a3d-8076-b0678327b06a,ソード・シールド,S5a,強化拡張パック「双璧のファイター」,swsh5a_ja,073,ガラル フリーザーV,,SR,SR,https://www.pokemon-card.com/assets/images/card_images/large/S5a/039348_P_GARARUFURIZAV.jpg,RARITY_CHANGE
5aecba57-cfc0-4e18-b230-206ebb6482ad,ソード・シールド,S5a,強化拡張パック「双璧のファイター」,swsh5a_ja,074,ガラル フリーザーV,,SR,SR,https://www.pokemon-card.com/assets/images/card_images/large/S5a/039349_P_GARARUFURIZAV.jpg,RARITY_CHANGE
ff494efa-cddf-4d88-9046-88d9884b671f,ソード・シールド,S5a,強化拡張パック「双璧のファイター」,swsh5a_ja,075,ガラル サンダーV,,SR,SR,https://www.pokemon-card.com/assets/images/card_images/large/S5a/039350_P_GARARUSANDAV.jpg,RARITY_CHANGE
227b6334-353a-479c-8288-0630ef36e140,ソード・シールド,S5a,強化拡張パック「双璧のファイター」,swsh5a_ja,076,ガラル サンダーV,,SR,SR,https://www.pokemon-card.com/assets/images/card_images/large/S5a/039351_P_GARARUSANDAV.jpg,RARITY_CHANGE
b704666a-7c88-488f-9e5b-5dfc305220c3,ソード・シールド,S5a,強化拡張パック「双璧のファイター」,swsh5a_ja,077,ガラル ファイヤーV,,SR,SR,https://www.pokemon-card.com/assets/images/card_images/large/S5a/039352_P_GARARUFAIYAV.jpg,RARITY_CHANGE
22023880-fc4c-4b40-bab6-e77f558674e2,ソード・シールド,S5a,強化拡張パック「双璧のファイター」,swsh5a_ja,078,ガラル ファイヤーV,,SR,SR,https://www.pokemon-card.com/assets/images/card_images/large/S5a/039353_P_GARARUFAIYAV.jpg,RARITY_CHANGE
0c4f7a74-93e9-455f-bd72-19f3e5974548,ソード・シールド,S5a,強化拡張パック「双璧のファイター」,swsh5a_ja,079,ガラル ヤドキングV,,SR,SR,https://www.pokemon-card.com/assets/images/card_images/large/S5a/039354_P_GARARUYADOKINGUV.jpg,RARITY_CHANGE
ec3e9466-966c-408f-8932-985de8d32833,ソード・シールド,S5a,強化拡張パック「双璧のファイター」,swsh5a_ja,080,ガラル ヤドキングV,,SR,SR,https://www.pokemon-card.com/assets/images/card_images/large/S5a/039355_P_GARARUYADOKINGUV.jpg,RARITY_CHANGE
153fd860-abd3-4ca2-bf79-5b6000bd4175,ソード・シールド,S5a,強化拡張パック「双璧のファイター」,swsh5a_ja,081,カリンの信念,,SR,SR,https://www.pokemon-card.com/assets/images/card_images/large/S5a/039356_T_KARINNOSHINNEN.jpg,RARITY_CHANGE
40ed3e19-9be5-48a6-88cf-677ffe27e4d6,ソード・シールド,S6a,強化拡張パック「イーブイヒーローズ」,swsh6a_ja,017,マリルリ,,C,C,https://www.pokemon-card.com/assets/images/card_images/large/S6a/039601_P_MARIRURI.jpg,RARITY_CHANGE
bb23e6a3-af4d-4a60-8102-f48f9558a1db,ソード・シールド,S5R,拡張パック「連撃マスター」,swsh5r_ja,002,ウツドン,,C,C,https://www.pokemon-card.com/assets/images/card_images/large/S5R/039132_P_UTSUDON.jpg,RARITY_CHANGE
3e012798-d1db-4a07-8803-d8b8e5407eef,ソード・シールド,S5R,拡張パック「連撃マスター」,swsh5r_ja,003,ウツボット,,U,U,https://www.pokemon-card.com/assets/images/card_images/large/S5R/039133_P_UTSUBOTTO.jpg,RARITY_CHANGE
d9cd9586-4f40-4200-8e12-970f985f7749,ソード・シールド,S5R,拡張パック「連撃マスター」,swsh5r_ja,004,コロトックV,,RR,RR,https://www.pokemon-card.com/assets/images/card_images/large/S5R/039134_P_KOROTOKKUV.jpg,RARITY_CHANGE
d96cf7eb-d070-471c-bd0a-2e4b94aa8cf4,ソード・シールド,S5R,拡張パック「連撃マスター」,swsh5r_ja,005,チェリンボ,,C,C,https://www.pokemon-card.com/assets/images/card_images/large/S5R/039135_P_CHIERINBO.jpg,RARITY_CHANGE
bfd2baf6-531b-4386-9333-889e150f5258,ソード・シールド,S5R,拡張パック「連撃マスター」,swsh5r_ja,006,チェリム,,R,R,https://www.pokemon-card.com/assets/images/card_images/large/S5R/039136_P_CHIERIMU.jpg,RARITY_CHANGE
5af9b8e3-757e-4900-8a1f-e93db9bb0ec4,ソード・シールド,S5R,拡張パック「連撃マスター」,swsh5r_ja,007,マスキッパ,,C,C,https://www.pokemon-card.com/assets/images/card_images/large/S5R/039137_P_MASUKIPPA.jpg,RARITY_CHANGE
ba4bcd15-c61f-4b99-b73b-cb0c213b0f63,ソード・シールド,S5R,拡張パック「連撃マスター」,swsh5r_ja,008,カリキリ,,C,C,https://www.pokemon-card.com/assets/images/card_images/large/S5R/039138_P_KARIKIRI.jpg,RARITY_CHANGE
f7fe683c-60ba-4125-9928-c0c1e55540db,ソード・シールド,S5R,拡張パック「連撃マスター」,swsh5r_ja,009,ラランテス,,U,U,https://www.pokemon-card.com/assets/images/card_images/large/S5R/039139_P_RARANTESU.jpg,RARITY_CHANGE
9ec41b73-63f2-41f0-8a3e-ec149b9d6a5f,ソード・シールド,S5R,拡張パック「連撃マスター」,swsh5r_ja,010,カプ・ブルル,,R,R,https://www.pokemon-card.com/assets/images/card_images/large/S5R/039140_P_KAPUBURURU.jpg,RARITY_CHANGE
c7816da4-00d4-439c-8cc4-5d989283356a,ソード・シールド,S5R,拡張パック「連撃マスター」,swsh5r_ja,011,サッチムシ,,C,C,https://www.pokemon-card.com/assets/images/card_images/large/S5R/039141_P_SACCHIMUSHI.jpg,RARITY_CHANGE
5d1d2566-1656-45ef-841e-3127828c3d42,ソード・シールド,S5R,拡張パック「連撃マスター」,swsh5r_ja,012,ビクティニV,,RR,RR,https://www.pokemon-card.com/assets/images/card_images/large/S5R/039142_P_BIKUTEINIV.jpg,RARITY_CHANGE
28fd3c31-fe18-447d-9839-aef2df060c89,ソード・シールド,S5R,拡張パック「連撃マスター」,swsh5r_ja,014,クイタラン,,C,C,https://www.pokemon-card.com/assets/images/card_images/large/S5R/039144_P_KUITARAN.jpg,RARITY_CHANGE
7ab1ba61-1032-42b4-9961-6dd600619f3b,ソード・シールド,S5R,拡張パック「連撃マスター」,swsh5r_ja,015,ヤクデ,,C,C,https://www.pokemon-card.com/assets/images/card_images/large/S5R/039145_P_YAKUDE.jpg,RARITY_CHANGE
6c767f54-06d5-4c71-911e-e485016c81c4,ソード・シールド,S5R,拡張パック「連撃マスター」,swsh5r_ja,016,マルヤクデ,,U,U,https://www.pokemon-card.com/assets/images/card_images/large/S5R/039146_P_MARUYAKUDE.jpg,RARITY_CHANGE
f60b977e-8b47-4f70-a435-257e64c496b1,ソード・シールド,S5R,拡張パック「連撃マスター」,swsh5r_ja,017,タッツー,,C,C,https://www.pokemon-card.com/assets/images/card_images/large/S5R/039147_P_TATTSU.jpg,RARITY_CHANGE
14701f4e-9f37-4fa7-8f13-5e46a51f2fa3,ソード・シールド,S5R,拡張パック「連撃マスター」,swsh5r_ja,018,シードラ,,U,U,https://www.pokemon-card.com/assets/images/card_images/large/S5R/039148_P_SHIDORA.jpg,RARITY_CHANGE
1575dbc1-aae0-458d-9a39-a0c72141c921,ソード・シールド,S5R,拡張パック「連撃マスター」,swsh5r_ja,019,キングドラ,,R,R,https://www.pokemon-card.com/assets/images/card_images/large/S5R/039149_P_KINGUDORA.jpg,RARITY_CHANGE
d39e044d-d3ab-404f-8dff-32c40aa2e217,ソード・シールド,S5R,拡張パック「連撃マスター」,swsh5r_ja,020,ガラル バリヤード,,C,C,https://www.pokemon-card.com/assets/images/card_images/large/S5R/039150_P_GARARUBARIYADO.jpg,RARITY_CHANGE
e1356520-72ee-47f9-80c9-380c47b74bb7,ソード・シールド,S5R,拡張パック「連撃マスター」,swsh5r_ja,021,ガラル バリコオル,,U,U,https://www.pokemon-card.com/assets/images/card_images/large/S5R/039151_P_GARARUBARIKOORU.jpg,RARITY_CHANGE
0e1b69e6-c82d-45bc-8ce6-23058e5dfa2c,ソード・シールド,S5R,拡張パック「連撃マスター」,swsh5r_ja,022,テッポウオ,,C,C,https://www.pokemon-card.com/assets/images/card_images/large/S5R/039152_P_TEPPOUO.jpg,RARITY_CHANGE
7d080daa-174e-4e53-8fa6-4b32750fad02,ソード・シールド,S5R,拡張パック「連撃マスター」,swsh5r_ja,023,オクタン,,R,R,https://www.pokemon-card.com/assets/images/card_images/large/S5R/039153_P_OKUTAN.jpg,RARITY_CHANGE
fc2a5c65-04de-4dc2-8740-d5ebb020366e,ソード・シールド,S5R,拡張パック「連撃マスター」,swsh5r_ja,024,ヘイガニ,,C,C,https://www.pokemon-card.com/assets/images/card_images/large/S5R/039154_P_HEIGANI.jpg,RARITY_CHANGE
86bcd1c5-5b59-4cf1-b7ff-a4bafc7fd18c,ソード・シールド,S5R,拡張パック「連撃マスター」,swsh5r_ja,025,シザリガー,,C,C,https://www.pokemon-card.com/assets/images/card_images/large/S5R/039155_P_SHIZARIGA.jpg,RARITY_CHANGE
6c7e7406-564a-4c7f-9329-34943c159dd4,ソード・シールド,S5R,拡張パック「連撃マスター」,swsh5r_ja,026,エンペルトV,,RR,RR,https://www.pokemon-card.com/assets/images/card_images/large/S5R/039156_P_ENPERUTOV.jpg,RARITY_CHANGE
6e0819aa-719d-4c91-8519-5a046d354fad,ソード・シールド,S5R,拡張パック「連撃マスター」,swsh5r_ja,027,プルリル,,C,C,https://www.pokemon-card.com/assets/images/card_images/large/S5R/039157_P_PURURIRU.jpg,RARITY_CHANGE
d29842a8-244b-48eb-a3d4-253da5da71c2,ソード・シールド,S5R,拡張パック「連撃マスター」,swsh5r_ja,028,ブルンゲル,,U,U,https://www.pokemon-card.com/assets/images/card_images/large/S5R/039158_P_BURUNGERU.jpg,RARITY_CHANGE
02dcb95c-2580-4158-a12e-778b79b68c84,ソード・シールド,S5R,拡張パック「連撃マスター」,swsh5r_ja,029,ハギギシリ,,C,C,https://www.pokemon-card.com/assets/images/card_images/large/S5R/039159_P_HAGIGISHIRI.jpg,RARITY_CHANGE
aecedd86-5592-474e-8e0d-68ecce2b3a0e,ソード・シールド,S5R,拡張パック「連撃マスター」,swsh5r_ja,030,コリンク,,C,C,https://www.pokemon-card.com/assets/images/card_images/large/S5R/039160_P_KORINKU.jpg,RARITY_CHANGE
fbfd3fc1-c17c-4ff1-a4f2-46ebda6dcf93,ソード・シールド,S5R,拡張パック「連撃マスター」,swsh5r_ja,031,ルクシオ,,U,U,https://www.pokemon-card.com/assets/images/card_images/large/S5R/039161_P_RUKUSHIO.jpg,RARITY_CHANGE
bd4cc0a4-e36c-4ed6-9144-a53e486ddffe,ソード・シールド,S5R,拡張パック「連撃マスター」,swsh5r_ja,032,レントラー,,R,R,https://www.pokemon-card.com/assets/images/card_images/large/S5R/039162_P_RENTORA.jpg,RARITY_CHANGE
df938d6c-ed11-4dd7-b868-59f063f027e3,ソード・シールド,S5R,拡張パック「連撃マスター」,swsh5r_ja,033,パチリス,,C,C,https://www.pokemon-card.com/assets/images/card_images/large/S5R/039163_P_PACHIRISU.jpg,RARITY_CHANGE
ee8398b3-b671-44fb-8581-b39841e8c049,ソード・シールド,S5R,拡張パック「連撃マスター」,swsh5r_ja,034,ヤジロン,,C,C,https://www.pokemon-card.com/assets/images/card_images/large/S5R/039164_P_YAJIRON.jpg,RARITY_CHANGE
d6fa6daf-e523-46ac-a93a-5eeb4add77c4,ソード・シールド,S5R,拡張パック「連撃マスター」,swsh5r_ja,035,ネンドール,,U,U,https://www.pokemon-card.com/assets/images/card_images/large/S5R/039165_P_NENDORU.jpg,RARITY_CHANGE
c0f46871-4a60-4e00-8645-b07b0f070e95,ソード・シールド,S5R,拡張パック「連撃マスター」,swsh5r_ja,036,ネクロズマV,,RR,RR,https://www.pokemon-card.com/assets/images/card_images/large/S5R/039166_P_NEKUROZUMAV.jpg,RARITY_CHANGE
4389d7ec-6628-4839-b5da-a1b7c4f4927a,ソード・シールド,S5R,拡張パック「連撃マスター」,swsh5r_ja,037,レドームシ,,U,U,https://www.pokemon-card.com/assets/images/card_images/large/S5R/039167_P_REDOMUSHI.jpg,RARITY_CHANGE
be8e1423-1558-4b15-b741-df7867829fff,ソード・シールド,S5R,拡張パック「連撃マスター」,swsh5r_ja,038,イオルブ,,R,R,https://www.pokemon-card.com/assets/images/card_images/large/S5R/039168_P_IORUBU.jpg,RARITY_CHANGE
b0ca092f-d3dd-48fd-a9f8-c4bd1bfc534c,SVシリーズ,SV8a,テラスタルフェスex,sv8a_ja,159,マキシマムベルト,ー,ACE,ACE,https://assets.tcgdex.net/ja/SV/SV8a/159/high.webp,RARITY_CHANGE
60b04158-6ca4-49ac-bb97-87d9699ab5ab,ソード・シールド,S5R,拡張パック「連撃マスター」,swsh5r_ja,039,イワーク,,C,C,https://www.pokemon-card.com/assets/images/card_images/large/S5R/039169_P_IWAKU.jpg,RARITY_CHANGE
38d1a932-54af-4434-9725-07fbbe9faa70,ソード・シールド,S5R,拡張パック「連撃マスター」,swsh5r_ja,040,カラカラ,,C,C,https://www.pokemon-card.com/assets/images/card_images/large/S5R/039170_P_KARAKARA.jpg,RARITY_CHANGE
27f3bdb0-999b-426d-9679-c3df544dfff0,ソード・シールド,S5R,拡張パック「連撃マスター」,swsh5r_ja,041,ガラガラ,,U,U,https://www.pokemon-card.com/assets/images/card_images/large/S5R/039171_P_GARAGARA.jpg,RARITY_CHANGE
8a606a6f-78c7-4932-947d-5a8fb828b738,ソード・シールド,S5R,拡張パック「連撃マスター」,swsh5r_ja,042,ドッコラー,,C,C,https://www.pokemon-card.com/assets/images/card_images/large/S5R/039172_P_DOKKORA.jpg,RARITY_CHANGE
0a0804e0-ef02-45c9-8611-9cc0d13576b2,ソード・シールド,S5R,拡張パック「連撃マスター」,swsh5r_ja,043,ドテッコツ,,C,C,https://www.pokemon-card.com/assets/images/card_images/large/S5R/039173_P_DOTEKKOTSU.jpg,RARITY_CHANGE
49cf210f-1ac8-413d-854d-8f16ede5d0ae,ソード・シールド,S5R,拡張パック「連撃マスター」,swsh5r_ja,044,ローブシン,,U,U,https://www.pokemon-card.com/assets/images/card_images/large/S5R/039174_P_ROBUSHIN.jpg,RARITY_CHANGE
5a926c95-ba7e-48ba-8304-9e0afabd7ea1,ソード・シールド,S5R,拡張パック「連撃マスター」,swsh5r_ja,045,コジョフー,,C,C,https://www.pokemon-card.com/assets/images/card_images/large/S5R/039175_P_KOJOFU.jpg,RARITY_CHANGE
f673ac05-bde4-49d4-b04a-7cb516cf2cc8,ソード・シールド,S5R,拡張パック「連撃マスター」,swsh5r_ja,046,コジョンド,,U,U,https://www.pokemon-card.com/assets/images/card_images/large/S5R/039176_P_KOJONDO.jpg,RARITY_CHANGE
fa799973-90a8-4c95-a02e-0cc44a021ff1,ソード・シールド,S5R,拡張パック「連撃マスター」,swsh5r_ja,047,スナヘビ,,C,C,https://www.pokemon-card.com/assets/images/card_images/large/S5R/039177_P_SUNAHEBI.jpg,RARITY_CHANGE
c3d7ee98-7584-4b08-a628-06d9984bfb2c,ソード・シールド,S5R,拡張パック「連撃マスター」,swsh5r_ja,048,サダイジャ,,R,R,https://www.pokemon-card.com/assets/images/card_images/large/S5R/039178_P_SADAIJA.jpg,RARITY_CHANGE
277e28e6-5e34-41b7-a9bb-8c739f978b4f,ソード・シールド,S5R,拡張パック「連撃マスター」,swsh5r_ja,049,タイレーツ,,U,U,https://www.pokemon-card.com/assets/images/card_images/large/S5R/039179_P_TAIRETSU.jpg,RARITY_CHANGE
fcc00c47-14cb-4a9c-a059-9666891ae0b8,ソード・シールド,S5R,拡張パック「連撃マスター」,swsh5r_ja,050,れんげきウーラオスV,,RR,RR,https://www.pokemon-card.com/assets/images/card_images/large/S5R/039180_P_RENGEKIURAOSUV.jpg,RARITY_CHANGE
bd9d69d3-aa11-4235-8c9b-2f4562a2a215,ソード・シールド,S5R,拡張パック「連撃マスター」,swsh5r_ja,052,ハガネール,,R,R,https://www.pokemon-card.com/assets/images/card_images/large/S5R/039182_P_HAGANERU.jpg,RARITY_CHANGE
a216bcb4-81c1-4961-855c-4c0ef50315b4,ソード・シールド,S5R,拡張パック「連撃マスター」,swsh5r_ja,053,コマタナ,,C,C,https://www.pokemon-card.com/assets/images/card_images/large/S5R/039183_P_KOMATANA.jpg,RARITY_CHANGE
092bc6be-e21d-4535-9ec8-10f83a7b04d0,ソード・シールド,S5R,拡張パック「連撃マスター」,swsh5r_ja,054,キリキザン,,C,C,https://www.pokemon-card.com/assets/images/card_images/large/S5R/039184_P_KIRIKIZAN.jpg,RARITY_CHANGE
f8eec69a-3a70-4efe-88c4-3bcaec4e6cee,ソード・シールド,S5R,拡張パック「連撃マスター」,swsh5r_ja,055,アーマーガアV,,RR,RR,https://www.pokemon-card.com/assets/images/card_images/large/S5R/039185_P_AMAGAAV.jpg,RARITY_CHANGE
88c2424c-677d-456d-ba59-ab7d79306f0a,ソード・シールド,S5R,拡張パック「連撃マスター」,swsh5r_ja,057,ニャルマー,,C,C,https://www.pokemon-card.com/assets/images/card_images/large/S5R/039187_P_NYARUMA.jpg,RARITY_CHANGE
7a1e371c-e201-4bf4-9d93-a3bfd7bd1c23,ソード・シールド,S5R,拡張パック「連撃マスター」,swsh5r_ja,058,ブニャット,,C,C,https://www.pokemon-card.com/assets/images/card_images/large/S5R/039188_P_BUNYATTO.jpg,RARITY_CHANGE
e6009644-5814-4c2f-b5b4-d6032504f544,ソード・シールド,S5R,拡張パック「連撃マスター」,swsh5r_ja,059,バッフロン,,C,C,https://www.pokemon-card.com/assets/images/card_images/large/S5R/039189_P_BAFFURON.jpg,RARITY_CHANGE
a1107c06-e9a1-48f5-a40d-00fbbf00c944,ソード・シールド,S5R,拡張パック「連撃マスター」,swsh5r_ja,060,イエッサン,,C,C,https://www.pokemon-card.com/assets/images/card_images/large/S5R/039190_P_IESSAN.jpg,RARITY_CHANGE
2789793b-7deb-489a-afbe-760350197280,ソード・シールド,S5R,拡張パック「連撃マスター」,swsh5r_ja,061,うねりの扇,,U,U,https://www.pokemon-card.com/assets/images/card_images/large/S5R/039191_T_UNERINOOUGI.jpg,RARITY_CHANGE
c5c66675-60b9-47f2-8f91-c0c8ee528e92,ソード・シールド,S5R,拡張パック「連撃マスター」,swsh5r_ja,062,エネルギーリサイクル,,U,U,https://www.pokemon-card.com/assets/images/card_images/large/S5R/039192_T_ENERUGIRISAIKURU.jpg,RARITY_CHANGE
a55ea09c-e2a1-4ae5-93d4-66fd9df0f5f4,ソード・シールド,S5R,拡張パック「連撃マスター」,swsh5r_ja,063,レベルボール,,U,U,https://www.pokemon-card.com/assets/images/card_images/large/S5R/039193_T_REBERUBORU.jpg,RARITY_CHANGE
6e3abe79-5788-45fe-bfbe-44294d5a10ec,ソード・シールド,S5R,拡張パック「連撃マスター」,swsh5r_ja,064,ツールジャマー,,U,U,https://www.pokemon-card.com/assets/images/card_images/large/S5R/039194_T_TSURUJAMA.jpg,RARITY_CHANGE
44b89c37-af23-446d-aec5-7730c562acaf,ソード・シールド,S5R,拡張パック「連撃マスター」,swsh5r_ja,065,れんげきの巻物 渦の巻,,U,U,https://www.pokemon-card.com/assets/images/card_images/large/S5R/039195_T_RENGEKINOMAKIMONOUZUNOKAN.jpg,RARITY_CHANGE
a5eabafa-1989-470f-b1b8-5913fb88f16d,ソード・シールド,S5R,拡張パック「連撃マスター」,swsh5r_ja,066,コルニの気合い,,U,U,https://www.pokemon-card.com/assets/images/card_images/large/S5R/039196_T_KORUNINOKIAI.jpg,RARITY_CHANGE
664eb4ab-43b0-44d0-bc8d-91ab8027ac65,ソード・シールド,S5R,拡張パック「連撃マスター」,swsh5r_ja,067,マスタード れんげきのかた,,U,U,https://www.pokemon-card.com/assets/images/card_images/large/S5R/039197_T_MASUTADORENGEKINOKATA.jpg,RARITY_CHANGE
7b00d73e-7400-4eb0-a9c7-a723df2f697e,ソード・シールド,S5R,拡張パック「連撃マスター」,swsh5r_ja,068,モミ,,U,U,https://www.pokemon-card.com/assets/images/card_images/large/S5R/039198_T_MOMI.jpg,RARITY_CHANGE
8951d938-817e-45eb-82de-1e4037102010,ソード・シールド,S5R,拡張パック「連撃マスター」,swsh5r_ja,069,みずの塔,,U,U,https://www.pokemon-card.com/assets/images/card_images/large/S5R/039199_T_MIZUNOTOU.jpg,RARITY_CHANGE
2a42fa3f-625e-4e4b-b9ae-442e36f7c2e0,ソード・シールド,S5R,拡張パック「連撃マスター」,swsh5r_ja,070,れんげきエネルギー,,U,U,https://www.pokemon-card.com/assets/images/card_images/large/S5R/039200_E_RENGEKIENERUGI.jpg,RARITY_CHANGE
e7e7199e-418d-4569-9477-8c2fbf68ae6c,ソード・シールド,S5R,拡張パック「連撃マスター」,swsh5r_ja,071,コロトックV,,SR,SR,https://www.pokemon-card.com/assets/images/card_images/large/S5R/039247_P_KOROTOKKUV.jpg,RARITY_CHANGE
7e3de51a-c21a-4cb8-85ca-14e08c7fc5ff,ソード・シールド,S5R,拡張パック「連撃マスター」,swsh5r_ja,072,ビクティニV,,SR,SR,https://www.pokemon-card.com/assets/images/card_images/large/S5R/039248_P_BIKUTEINIV.jpg,RARITY_CHANGE
fff8fab5-57d5-4d89-8062-8ba2ebda6762,ソード・シールド,S5R,拡張パック「連撃マスター」,swsh5r_ja,073,エンペルトV,,SR,SR,https://www.pokemon-card.com/assets/images/card_images/large/S5R/039249_P_ENPERUTOV.jpg,RARITY_CHANGE
2640c6c6-0726-4476-9342-f6b667d64a54,ソード・シールド,S5R,拡張パック「連撃マスター」,swsh5r_ja,074,エンペルトV,,SR,SR,https://www.pokemon-card.com/assets/images/card_images/large/S5R/039250_P_ENPERUTOV.jpg,RARITY_CHANGE
dfc73774-23f5-4513-8a8e-030e63b4ff21,ソード・シールド,S5R,拡張パック「連撃マスター」,swsh5r_ja,075,ネクロズマV,,SR,SR,https://www.pokemon-card.com/assets/images/card_images/large/S5R/039251_P_NEKUROZUMAV.jpg,RARITY_CHANGE
51257ef5-4b99-456a-9c57-1f05e1c3f41a,ソード・シールド,S5R,拡張パック「連撃マスター」,swsh5r_ja,076,れんげきウーラオスV,,SR,SR,https://www.pokemon-card.com/assets/images/card_images/large/S5R/039252_P_RENGEKIURAOSUV.jpg,RARITY_CHANGE
08dfbac9-9fe9-4288-9470-0b82c612b0d6,ソード・シールド,S5R,拡張パック「連撃マスター」,swsh5r_ja,077,れんげきウーラオスV,,SR,SR,https://www.pokemon-card.com/assets/images/card_images/large/S5R/039253_P_RENGEKIURAOSUV.jpg,RARITY_CHANGE
93358c2c-d2f1-415e-95ee-1f4150ac35ea,ソード・シールド,S5R,拡張パック「連撃マスター」,swsh5r_ja,078,アーマーガアV,,SR,SR,https://www.pokemon-card.com/assets/images/card_images/large/S5R/039254_P_AMAGAAV.jpg,RARITY_CHANGE
8953758a-0ae6-43c4-8022-4312bd2a49d3,ソード・シールド,S5R,拡張パック「連撃マスター」,swsh5r_ja,079,コルニの気合い,,SR,SR,https://www.pokemon-card.com/assets/images/card_images/large/S5R/039255_T_KORUNINOKIAI.jpg,RARITY_CHANGE
290d20a1-a214-47f1-949e-8b002f9514e3,ソード・シールド,S5R,拡張パック「連撃マスター」,swsh5r_ja,080,マスタード れんげきのかた,,SR,SR,https://www.pokemon-card.com/assets/images/card_images/large/S5R/039256_T_MASUTADORENGEKINOKATA.jpg,RARITY_CHANGE
faaaab25-2909-4265-9ab7-7b7246800bdb,ソード・シールド,S5R,拡張パック「連撃マスター」,swsh5r_ja,081,モミ,,SR,SR,https://www.pokemon-card.com/assets/images/card_images/large/S5R/039511_T_MOMI.jpg,RARITY_CHANGE
92c85d78-1c3a-4a9e-8037-c552415ed16a,ソード・シールド,S6a,強化拡張パック「イーブイヒーローズ」,swsh6a_ja,001,カイロス,,U,U,https://www.pokemon-card.com/assets/images/card_images/large/S6a/039585_P_KAIROSU.jpg,RARITY_CHANGE
0c0f80d7-ff11-47a7-92a9-dbb94ef73cad,ソード・シールド,S6a,強化拡張パック「イーブイヒーローズ」,swsh6a_ja,002,リーフィアV,,RR,RR,https://www.pokemon-card.com/assets/images/card_images/large/S6a/039586_P_RIFIAV.jpg,RARITY_CHANGE
b44eb239-c528-4fa2-a77e-15f88bc87156,ソード・シールド,S6a,強化拡張パック「イーブイヒーローズ」,swsh6a_ja,004,クルミル,,C,C,https://www.pokemon-card.com/assets/images/card_images/large/S6a/039588_P_KURUMIRU.jpg,RARITY_CHANGE
4d495216-d4ca-49fd-b822-11fdc835bd4e,ソード・シールド,S6a,強化拡張パック「イーブイヒーローズ」,swsh6a_ja,005,クルマユ,,C,C,https://www.pokemon-card.com/assets/images/card_images/large/S6a/039589_P_KURUMAYU.jpg,RARITY_CHANGE
d377559c-1b11-4c29-8743-8672f84863d0,ソード・シールド,S6a,強化拡張パック「イーブイヒーローズ」,swsh6a_ja,006,ハハコモリ,,U,U,https://www.pokemon-card.com/assets/images/card_images/large/S6a/039590_P_HAHAKOMORI.jpg,RARITY_CHANGE
c0efd44e-8277-4cf9-9566-4759e47eae9c,ソード・シールド,S6a,強化拡張パック「イーブイヒーローズ」,swsh6a_ja,007,シズクモ,,C,C,https://www.pokemon-card.com/assets/images/card_images/large/S6a/039591_P_SHIZUKUMO.jpg,RARITY_CHANGE
492e8f8d-756f-4e35-a00c-0d524eb9b8d9,ソード・シールド,S6a,強化拡張パック「イーブイヒーローズ」,swsh6a_ja,008,オニシズクモ,,C,C,https://www.pokemon-card.com/assets/images/card_images/large/S6a/039592_P_ONISHIZUKUMO.jpg,RARITY_CHANGE
fd93e98e-ba31-4723-8dfd-b8e3511b4533,ソード・シールド,S6a,強化拡張パック「イーブイヒーローズ」,swsh6a_ja,009,ヒメンカ,,C,C,https://www.pokemon-card.com/assets/images/card_images/large/S6a/039593_P_HIMENKA.jpg,RARITY_CHANGE
91beb07c-020a-4ce0-bc42-7462ce7a3ff6,ソード・シールド,S6a,強化拡張パック「イーブイヒーローズ」,swsh6a_ja,010,ワタシラガ,,R,R,https://www.pokemon-card.com/assets/images/card_images/large/S6a/039594_P_WATASHIRAGA.jpg,RARITY_CHANGE
33f0dda1-5f5d-4582-8038-bae06cec8a6a,ソード・シールド,S6a,強化拡張パック「イーブイヒーローズ」,swsh6a_ja,011,ブースターV,,RR,RR,https://www.pokemon-card.com/assets/images/card_images/large/S6a/039595_P_BUSUTAV.jpg,RARITY_CHANGE
6848d01c-3200-4b2d-903c-c26da45499ef,ソード・シールド,S6a,強化拡張パック「イーブイヒーローズ」,swsh6a_ja,012,マグマッグ,,C,C,https://www.pokemon-card.com/assets/images/card_images/large/S6a/039596_P_MAGUMAGGU.jpg,RARITY_CHANGE
e2ad1c0e-0c28-4b89-acbc-595807cfd01f,ソード・シールド,S6a,強化拡張パック「イーブイヒーローズ」,swsh6a_ja,013,マグカルゴ,,C,C,https://www.pokemon-card.com/assets/images/card_images/large/S6a/039597_P_MAGUKARUGO.jpg,RARITY_CHANGE
c8d9774d-666c-4750-9a93-5ac6e5d0a0db,ソード・シールド,S6a,強化拡張パック「イーブイヒーローズ」,swsh6a_ja,014,エンテイ,,R,R,https://www.pokemon-card.com/assets/images/card_images/large/S6a/039598_P_ENTEI.jpg,RARITY_CHANGE
cc0f680a-4508-4203-9f48-e8c0938c1ddb,ソード・シールド,S6a,強化拡張パック「イーブイヒーローズ」,swsh6a_ja,015,シャワーズV,,RR,RR,https://www.pokemon-card.com/assets/images/card_images/large/S6a/039599_P_SHAWAZUV.jpg,RARITY_CHANGE
971501fc-8f8b-4ada-8939-6694898e68e2,ソード・シールド,S6a,強化拡張パック「イーブイヒーローズ」,swsh6a_ja,016,マリル,,C,C,https://www.pokemon-card.com/assets/images/card_images/large/S6a/039600_P_MARIRU.jpg,RARITY_CHANGE
33cff01e-b0d4-45ab-8a21-2b0d78150c94,ソード・シールド,S7R,拡張パック「蒼空ストリーム」,swsh7r_ja,030,マイナン,,C,C,https://www.pokemon-card.com/assets/images/card_images/large/S7R/039766_P_MAINAN.jpg,RARITY_CHANGE
c6b3fa13-30c9-473e-b1ec-ce20f5fc3f76,ソード・シールド,S7R,拡張パック「蒼空ストリーム」,swsh7r_ja,031,エレズン,,C,C,https://www.pokemon-card.com/assets/images/card_images/large/S7R/039767_P_EREZUN.jpg,RARITY_CHANGE
4bae0fb7-3472-4b55-afa9-f5747db1d4d2,ソード・シールド,S7R,拡張パック「蒼空ストリーム」,swsh7r_ja,032,ストリンダー,,R,R,https://www.pokemon-card.com/assets/images/card_images/large/S7R/039768_P_SUTORINDA.jpg,RARITY_CHANGE
d6d393ed-ad66-4eb0-ab7c-7099404fef12,ソード・シールド,S7R,拡張パック「蒼空ストリーム」,swsh7r_ja,033,レジエレキ,,R,R,https://www.pokemon-card.com/assets/images/card_images/large/S7R/039769_P_REJIEREKI.jpg,RARITY_CHANGE
73732c90-fce8-489a-b6c4-cd0ae16213d5,ソード・シールド,S7R,拡張パック「蒼空ストリーム」,swsh7r_ja,034,サンド,,C,C,https://www.pokemon-card.com/assets/images/card_images/large/S7R/039770_P_SANDO.jpg,RARITY_CHANGE
a420d94d-a185-42a4-b9e5-9a4ab83640d1,ソード・シールド,S7R,拡張パック「蒼空ストリーム」,swsh7r_ja,035,サンドパン,,C,C,https://www.pokemon-card.com/assets/images/card_images/large/S7R/039771_P_SANDOPAN.jpg,RARITY_CHANGE
f289efbc-c4de-44a7-b356-9fd402cd25fc,ソード・シールド,S6a,強化拡張パック「イーブイヒーローズ」,swsh6a_ja,018,マンタイン,,C,C,https://www.pokemon-card.com/assets/images/card_images/large/S6a/039602_P_MANTAIN.jpg,RARITY_CHANGE
98d965df-5f51-4021-a5bb-25fe27270d4e,ソード・シールド,S6a,強化拡張パック「イーブイヒーローズ」,swsh6a_ja,019,ミズゴロウ,,C,C,https://www.pokemon-card.com/assets/images/card_images/large/S6a/039603_P_MIZUGOROU.jpg,RARITY_CHANGE
d024abbf-71bb-4cae-979c-5600e68fd26e,ソード・シールド,S6a,強化拡張パック「イーブイヒーローズ」,swsh6a_ja,020,ヌマクロー,,U,U,https://www.pokemon-card.com/assets/images/card_images/large/S6a/039604_P_NUMAKURO.jpg,RARITY_CHANGE
c90490e3-f606-4380-93f1-6cf5cf7b873b,ソード・シールド,S6a,強化拡張パック「イーブイヒーローズ」,swsh6a_ja,021,ラグラージ,,R,R,https://www.pokemon-card.com/assets/images/card_images/large/S6a/039605_P_RAGURAJI.jpg,RARITY_CHANGE
53d8968a-9e87-4bab-b1ba-5d7502a9811f,ソード・シールド,S6a,強化拡張パック「イーブイヒーローズ」,swsh6a_ja,022,ヒンバス,,C,C,https://www.pokemon-card.com/assets/images/card_images/large/S6a/039606_P_HINBASU.jpg,RARITY_CHANGE
1b0f4826-f126-4d10-b103-f5b9b0875ffe,ソード・シールド,S6a,強化拡張パック「イーブイヒーローズ」,swsh6a_ja,023,ミロカロス,,U,U,https://www.pokemon-card.com/assets/images/card_images/large/S6a/039607_P_MIROKAROSU.jpg,RARITY_CHANGE
82592342-7ff0-4542-a285-fa486b7d18be,ソード・シールド,S6a,強化拡張パック「イーブイヒーローズ」,swsh6a_ja,024,グレイシアV,,RR,RR,https://www.pokemon-card.com/assets/images/card_images/large/S6a/039608_P_GUREISHIAV.jpg,RARITY_CHANGE
02e1cfb5-8876-4170-a4bc-137c96e31aba,ソード・シールド,S6a,強化拡張パック「イーブイヒーローズ」,swsh6a_ja,026,ピカチュウ,,C,C,https://www.pokemon-card.com/assets/images/card_images/large/S6a/039610_P_PIKACHUU.jpg,RARITY_CHANGE
fa929180-48ab-4b56-a78c-ff1cf9978ad2,ソード・シールド,S6a,強化拡張パック「イーブイヒーローズ」,swsh6a_ja,027,ライチュウ,,R,R,https://www.pokemon-card.com/assets/images/card_images/large/S6a/039611_P_RAICHUU.jpg,RARITY_CHANGE
137cc20f-1b59-4773-9883-429e758e8fb8,ソード・シールド,S6a,強化拡張パック「イーブイヒーローズ」,swsh6a_ja,028,ビリリダマ,,C,C,https://www.pokemon-card.com/assets/images/card_images/large/S6a/039612_P_BIRIRIDAMA.jpg,RARITY_CHANGE
ada6f179-02d5-4c46-b9db-95565cf0a441,ソード・シールド,S6a,強化拡張パック「イーブイヒーローズ」,swsh6a_ja,029,マルマイン,,U,U,https://www.pokemon-card.com/assets/images/card_images/large/S6a/039613_P_MARUMAIN.jpg,RARITY_CHANGE
4c6296b4-c8c7-4f8d-8fd4-1e41d1b2a501,ソード・シールド,S6a,強化拡張パック「イーブイヒーローズ」,swsh6a_ja,030,サンダースV,,RR,RR,https://www.pokemon-card.com/assets/images/card_images/large/S6a/039614_P_SANDASUV.jpg,RARITY_CHANGE
a09fc4e0-bfb4-492a-a7e6-a9173faaca1e,ソード・シールド,S6a,強化拡張パック「イーブイヒーローズ」,swsh6a_ja,031,ロトム,,C,C,https://www.pokemon-card.com/assets/images/card_images/large/S6a/039615_P_ROTOMU.jpg,RARITY_CHANGE
4c18f6f4-93da-4163-ac67-6b2b9271de3f,ソード・シールド,S6a,強化拡張パック「イーブイヒーローズ」,swsh6a_ja,032,シビシラス,,C,C,https://www.pokemon-card.com/assets/images/card_images/large/S6a/039616_P_SHIBISHIRASU.jpg,RARITY_CHANGE
76dc068e-c1d6-4102-ad7e-2842dca6b458,ソード・シールド,S6a,強化拡張パック「イーブイヒーローズ」,swsh6a_ja,033,シビビール,,C,C,https://www.pokemon-card.com/assets/images/card_images/large/S6a/039617_P_SHIBIBIRU.jpg,RARITY_CHANGE
4cc306d5-d801-455a-bf34-bcc725008f7f,ソード・シールド,S6a,強化拡張パック「イーブイヒーローズ」,swsh6a_ja,034,シビルドン,,U,U,https://www.pokemon-card.com/assets/images/card_images/large/S6a/039618_P_SHIBIRUDON.jpg,RARITY_CHANGE
289f5de4-ca5b-41de-8dfd-fd954f86e43f,ソード・シールド,S6a,強化拡張パック「イーブイヒーローズ」,swsh6a_ja,035,エーフィV,,RR,RR,https://www.pokemon-card.com/assets/images/card_images/large/S6a/039619_P_EFIV.jpg,RARITY_CHANGE
7fe59512-1516-4eea-88c0-aafd1e21d43c,ソード・シールド,S6a,強化拡張パック「イーブイヒーローズ」,swsh6a_ja,036,クチート,,C,C,https://www.pokemon-card.com/assets/images/card_images/large/S6a/039620_P_KUCHITO.jpg,RARITY_CHANGE
fb0b163f-2d5a-4bc0-a544-4925b9a33367,ソード・シールド,S6a,強化拡張パック「イーブイヒーローズ」,swsh6a_ja,037,フラベベ,,C,C,https://www.pokemon-card.com/assets/images/card_images/large/S6a/039621_P_FURABEBE.jpg,RARITY_CHANGE
c04fbc8d-51a2-42fc-a16e-efb35a03bcee,ソード・シールド,S6a,強化拡張パック「イーブイヒーローズ」,swsh6a_ja,038,フラエッテ,,U,U,https://www.pokemon-card.com/assets/images/card_images/large/S6a/039622_P_FURAETTE.jpg,RARITY_CHANGE
09979ed7-64aa-47e8-894b-72c5ae18b61a,ソード・シールド,S6a,強化拡張パック「イーブイヒーローズ」,swsh6a_ja,039,フラージェス,,R,R,https://www.pokemon-card.com/assets/images/card_images/large/S6a/039623_P_FURAJIESU.jpg,RARITY_CHANGE
438a84d6-7126-45db-88da-3d07602d2d66,ソード・シールド,S6a,強化拡張パック「イーブイヒーローズ」,swsh6a_ja,040,ニンフィアV,,RR,RR,https://www.pokemon-card.com/assets/images/card_images/large/S6a/039624_P_NINFIAV.jpg,RARITY_CHANGE
1569ffdd-ac0f-442e-b9fa-92cb418f2906,ソード・シールド,S6a,強化拡張パック「イーブイヒーローズ」,swsh6a_ja,042,スナバァ,,C,C,https://www.pokemon-card.com/assets/images/card_images/large/S6a/039626_P_SUNABAA.jpg,RARITY_CHANGE
c539c5fa-7641-4377-a6cb-352d14b78bcf,ソード・シールド,S6a,強化拡張パック「イーブイヒーローズ」,swsh6a_ja,043,シロデスナ,,U,U,https://www.pokemon-card.com/assets/images/card_images/large/S6a/039627_P_SHIRODESUNA.jpg,RARITY_CHANGE
880ae651-7c87-43e4-9c1d-99d2a69cca0a,ソード・シールド,S6a,強化拡張パック「イーブイヒーローズ」,swsh6a_ja,044,マーシャドー,,R,R,https://www.pokemon-card.com/assets/images/card_images/large/S6a/039628_P_MASHADO.jpg,RARITY_CHANGE
a6906b21-664f-42be-b444-5354592d22e3,ソード・シールド,S6a,強化拡張パック「イーブイヒーローズ」,swsh6a_ja,045,イエッサン,,C,C,https://www.pokemon-card.com/assets/images/card_images/large/S6a/039629_P_IESSAN.jpg,RARITY_CHANGE
b0617dbb-a06e-4584-9bc5-f61e35d01b93,ソード・シールド,S6a,強化拡張パック「イーブイヒーローズ」,swsh6a_ja,046,ヤンチャム,,C,C,https://www.pokemon-card.com/assets/images/card_images/large/S6a/039630_P_YANCHAMU.jpg,RARITY_CHANGE
953b12da-5404-4381-b1fa-9bc956fdfb0a,ソード・シールド,S6a,強化拡張パック「イーブイヒーローズ」,swsh6a_ja,047,ブラッキーV,,RR,RR,https://www.pokemon-card.com/assets/images/card_images/large/S6a/039631_P_BURAKKIV.jpg,RARITY_CHANGE
c19b0eaa-342e-4ec8-b9ae-f62ef42fd7f4,SVシリーズ,SV6,変幻の仮面,sv6_ja,131,オーガポン みどりのめんex,MUR,UR,UR,https://assets.tcgdex.net/ja/SV/SV6/131/high.webp,RARITY_CHANGE
f858dbd9-d035-4ceb-8e65-a39d97b09710,SVシリーズ,SV6,変幻の仮面,sv6_ja,133,なかよしポフィン,MUR,UR,UR,https://assets.tcgdex.net/ja/SV/SV6/133/high.webp,RARITY_CHANGE
d7ae6f1f-8181-4554-887d-fc9b3469e02b,ソード・シールド,S6a,強化拡張パック「イーブイヒーローズ」,swsh6a_ja,049,ゾロア,,C,C,https://www.pokemon-card.com/assets/images/card_images/large/S6a/039633_P_ZOROA.jpg,RARITY_CHANGE
ad6fb3d4-da5c-4afd-8a38-2376b64e569f,ソード・シールド,S6a,強化拡張パック「イーブイヒーローズ」,swsh6a_ja,050,ゾロアーク,,R,R,https://www.pokemon-card.com/assets/images/card_images/large/S6a/039634_P_ZOROAKU.jpg,RARITY_CHANGE
2ea9cb0f-b5be-409a-b41c-16dfcb5cc568,ソード・シールド,S6a,強化拡張パック「イーブイヒーローズ」,swsh6a_ja,051,ゴロンダ,,C,C,https://www.pokemon-card.com/assets/images/card_images/large/S6a/039635_P_GORONDA.jpg,RARITY_CHANGE
113ee24b-610a-4945-bd2e-08f2288fbd63,ソード・シールド,S6a,強化拡張パック「イーブイヒーローズ」,swsh6a_ja,052,ベロバー,,C,C,https://www.pokemon-card.com/assets/images/card_images/large/S6a/039636_P_BEROBA.jpg,RARITY_CHANGE
27a8f589-488d-4b0a-9aba-a61ac1b866a4,ソード・シールド,S6a,強化拡張パック「イーブイヒーローズ」,swsh6a_ja,053,ギモー,,U,U,https://www.pokemon-card.com/assets/images/card_images/large/S6a/039637_P_GIMO.jpg,RARITY_CHANGE
0695e80e-e97f-48be-9989-02cf1eb1987d,ソード・シールド,S6a,強化拡張パック「イーブイヒーローズ」,swsh6a_ja,054,オーロンゲ,,R,R,https://www.pokemon-card.com/assets/images/card_images/large/S6a/039638_P_ORONGE.jpg,RARITY_CHANGE
9c7e5f53-86ae-4a39-b8fd-3905988f0164,ソード・シールド,S6a,強化拡張パック「イーブイヒーローズ」,swsh6a_ja,055,ニャース,,C,C,https://www.pokemon-card.com/assets/images/card_images/large/S6a/039639_P_NYASU.jpg,RARITY_CHANGE
9c12f3da-27ed-4358-955b-967d8a94c0eb,ソード・シールド,S6a,強化拡張パック「イーブイヒーローズ」,swsh6a_ja,056,ペルシアン,,U,U,https://www.pokemon-card.com/assets/images/card_images/large/S6a/039640_P_PERUSHIAN.jpg,RARITY_CHANGE
d96a8cb3-45bd-4983-b0c6-6c3112ffaf3a,ソード・シールド,S6a,強化拡張パック「イーブイヒーローズ」,swsh6a_ja,057,ガルーラ,,U,U,https://www.pokemon-card.com/assets/images/card_images/large/S6a/039641_P_GARURA.jpg,RARITY_CHANGE
25d6df0e-9311-41e5-ab51-102d6729fcf6,ソード・シールド,S6a,強化拡張パック「イーブイヒーローズ」,swsh6a_ja,058,イーブイ,,C,C,https://www.pokemon-card.com/assets/images/card_images/large/S6a/039642_P_IBUI.jpg,RARITY_CHANGE
2b0ad9c3-9db6-4d6e-96d0-36e9725586c5,ソード・シールド,S6a,強化拡張パック「イーブイヒーローズ」,swsh6a_ja,059,ドーブル,,C,C,https://www.pokemon-card.com/assets/images/card_images/large/S6a/039643_P_DOBURU.jpg,RARITY_CHANGE
4bfc8a04-2c26-448c-a667-93f8e2f8996e,ソード・シールド,S6a,強化拡張パック「イーブイヒーローズ」,swsh6a_ja,060,ぐんぐんシェイク,,U,U,https://www.pokemon-card.com/assets/images/card_images/large/S6a/039644_T_GUNGUNSHIEIKU.jpg,RARITY_CHANGE
aa5d26da-2a42-407b-a29a-a6b59af0d16b,ソード・シールド,S6a,強化拡張パック「イーブイヒーローズ」,swsh6a_ja,061,ドリームボール,,U,U,https://www.pokemon-card.com/assets/images/card_images/large/S6a/039645_T_DORIMUBORU.jpg,RARITY_CHANGE
972ad287-c0c1-460c-914f-b88bfe421a48,ソード・シールド,S6a,強化拡張パック「イーブイヒーローズ」,swsh6a_ja,062,エレメンタルバッジ,,U,U,https://www.pokemon-card.com/assets/images/card_images/large/S6a/039646_T_EREMENTARUBAJJI.jpg,RARITY_CHANGE
aa30abf4-b5db-48c5-9f9a-cb755b086294,ソード・シールド,S6a,強化拡張パック「イーブイヒーローズ」,swsh6a_ja,063,スノーリーフバッジ,,U,U,https://www.pokemon-card.com/assets/images/card_images/large/S6a/039647_T_SUNORIFUBAJJI.jpg,RARITY_CHANGE
f1d6bbe4-b089-4e68-a7be-518009318a58,ソード・シールド,S6a,強化拡張パック「イーブイヒーローズ」,swsh6a_ja,064,月と太陽のバッジ,,U,U,https://www.pokemon-card.com/assets/images/card_images/large/S6a/039648_T_GATSUTOTAIYOUNOBAJJI.jpg,RARITY_CHANGE
4627f348-1a48-4a35-9932-995813a2998e,ソード・シールド,S6a,強化拡張パック「イーブイヒーローズ」,swsh6a_ja,065,リボンバッジ,,U,U,https://www.pokemon-card.com/assets/images/card_images/large/S6a/039649_T_RIBONBAJJI.jpg,RARITY_CHANGE
27398fe4-7009-4c58-bb66-e14c1adbbbc6,ソード・シールド,S6a,強化拡張パック「イーブイヒーローズ」,swsh6a_ja,066,アロマなおねえさん,,U,U,https://www.pokemon-card.com/assets/images/card_images/large/S6a/039650_T_AROMANAONEESAN.jpg,RARITY_CHANGE
32df9c4b-6f3d-4e83-9920-ecfabdc0f785,ソード・シールド,S6a,強化拡張パック「イーブイヒーローズ」,swsh6a_ja,067,マクワ,,U,U,https://www.pokemon-card.com/assets/images/card_images/large/S6a/039651_T_MAKUWA.jpg,RARITY_CHANGE
32ce6549-f520-4735-9cf1-46e1d20a0e61,ソード・シールド,S6a,強化拡張パック「イーブイヒーローズ」,swsh6a_ja,068,ファッションモール,,U,U,https://www.pokemon-card.com/assets/images/card_images/large/S6a/039652_T_FASSHONMORU.jpg,RARITY_CHANGE
bdf88404-78d1-472b-81a9-1571cd301236,ソード・シールド,S6a,強化拡張パック「イーブイヒーローズ」,swsh6a_ja,069,トレジャーエネルギー,,U,U,https://www.pokemon-card.com/assets/images/card_images/large/S6a/039653_E_TOREJAENERUGI.jpg,RARITY_CHANGE
5b5523cd-3d89-4339-b0be-c6b48ca0fc28,ソード・シールド,S6a,強化拡張パック「イーブイヒーローズ」,swsh6a_ja,070,リーフィアV,,SR,SR,https://www.pokemon-card.com/assets/images/card_images/large/S6a/039882_P_RIFIAV.jpg,RARITY_CHANGE
a04cd7d9-0a9b-4fa1-8294-a9de52e9232b,ソード・シールド,S6a,強化拡張パック「イーブイヒーローズ」,swsh6a_ja,071,リーフィアV,,SR,SR,https://www.pokemon-card.com/assets/images/card_images/large/S6a/039883_P_RIFIAV.jpg,RARITY_CHANGE
f29ee1ef-f35b-4f3e-84dc-59fe1979267f,ソード・シールド,S6a,強化拡張パック「イーブイヒーローズ」,swsh6a_ja,072,ブースターV,,SR,SR,https://www.pokemon-card.com/assets/images/card_images/large/S6a/039884_P_BUSUTAV.jpg,RARITY_CHANGE
0e209b48-d07c-45aa-8f04-bf5c29910493,ソード・シールド,S6a,強化拡張パック「イーブイヒーローズ」,swsh6a_ja,073,ブースターV,,SR,SR,https://www.pokemon-card.com/assets/images/card_images/large/S6a/039885_P_BUSUTAV.jpg,RARITY_CHANGE
87c03551-e0b7-4f8f-afab-8a4335aaffc7,ソード・シールド,S6a,強化拡張パック「イーブイヒーローズ」,swsh6a_ja,074,シャワーズV,,SR,SR,https://www.pokemon-card.com/assets/images/card_images/large/S6a/039886_P_SHAWAZUV.jpg,RARITY_CHANGE
9c0781ad-3a8e-45ce-aa0b-ac9b190b335e,ソード・シールド,S6a,強化拡張パック「イーブイヒーローズ」,swsh6a_ja,075,シャワーズV,,SR,SR,https://www.pokemon-card.com/assets/images/card_images/large/S6a/039887_P_SHAWAZUV.jpg,RARITY_CHANGE
d75d508e-a470-4f83-b816-16b63e7c1bd6,ソード・シールド,S6a,強化拡張パック「イーブイヒーローズ」,swsh6a_ja,076,グレイシアV,,SR,SR,https://www.pokemon-card.com/assets/images/card_images/large/S6a/039888_P_GUREISHIAV.jpg,RARITY_CHANGE
64cc9e0a-52fd-4b8e-8fdc-97fa941208eb,ソード・シールド,S6a,強化拡張パック「イーブイヒーローズ」,swsh6a_ja,077,グレイシアV,,SR,SR,https://www.pokemon-card.com/assets/images/card_images/large/S6a/039889_P_GUREISHIAV.jpg,RARITY_CHANGE
e01b8b98-8a10-402e-804c-57d61f16c86a,ソード・シールド,S6a,強化拡張パック「イーブイヒーローズ」,swsh6a_ja,078,サンダースV,,SR,SR,https://www.pokemon-card.com/assets/images/card_images/large/S6a/039890_P_SANDASUV.jpg,RARITY_CHANGE
3ac2185c-3f36-472c-9794-29067196385d,ソード・シールド,S6a,強化拡張パック「イーブイヒーローズ」,swsh6a_ja,079,サンダースV,,SR,SR,https://www.pokemon-card.com/assets/images/card_images/large/S6a/039891_P_SANDASUV.jpg,RARITY_CHANGE
c975427c-6c94-4f60-9616-72cea723bf6c,ソード・シールド,S6a,強化拡張パック「イーブイヒーローズ」,swsh6a_ja,080,エーフィV,,SR,SR,https://www.pokemon-card.com/assets/images/card_images/large/S6a/039892_P_EFIV.jpg,RARITY_CHANGE
b9d69914-f492-45ed-9569-698cb2a18d4b,ソード・シールド,S6a,強化拡張パック「イーブイヒーローズ」,swsh6a_ja,081,エーフィV,,SR,SR,https://www.pokemon-card.com/assets/images/card_images/large/S6a/039893_P_EFIV.jpg,RARITY_CHANGE
2d7f8e69-3ff9-45fb-a7e0-b0ca2f072dbe,ソード・シールド,S6a,強化拡張パック「イーブイヒーローズ」,swsh6a_ja,082,ニンフィアV,,SR,SR,https://www.pokemon-card.com/assets/images/card_images/large/S6a/039894_P_NINFIAV.jpg,RARITY_CHANGE
1d591a03-5b36-45be-9c76-e5afac65d4a8,ソード・シールド,S6a,強化拡張パック「イーブイヒーローズ」,swsh6a_ja,083,ニンフィアV,,SR,SR,https://www.pokemon-card.com/assets/images/card_images/large/S6a/039895_P_NINFIAV.jpg,RARITY_CHANGE
c0c83c2a-12de-4315-a887-72413157242f,ソード・シールド,S6a,強化拡張パック「イーブイヒーローズ」,swsh6a_ja,084,ブラッキーV,,SR,SR,https://www.pokemon-card.com/assets/images/card_images/large/S6a/039896_P_BURAKKIV.jpg,RARITY_CHANGE
087af3de-2a84-4890-9856-c7b59e40ce75,ソード・シールド,S6a,強化拡張パック「イーブイヒーローズ」,swsh6a_ja,085,ブラッキーV,,SR,SR,https://www.pokemon-card.com/assets/images/card_images/large/S6a/039897_P_BURAKKIV.jpg,RARITY_CHANGE
f5be9b21-4e02-4de2-b849-c89f0905a37d,ソード・シールド,S6a,強化拡張パック「イーブイヒーローズ」,swsh6a_ja,086,アロマなおねえさん,,SR,SR,https://www.pokemon-card.com/assets/images/card_images/large/S6a/039898_T_AROMANAONEESAN.jpg,RARITY_CHANGE
a8d22d51-7915-4bfd-a4a0-debc9c68085b,ソード・シールド,S6a,強化拡張パック「イーブイヒーローズ」,swsh6a_ja,087,マクワ,,SR,SR,https://www.pokemon-card.com/assets/images/card_images/large/S6a/039899_T_MAKUWA.jpg,RARITY_CHANGE
188e22dd-9148-4fc1-a0cd-6055e9c2b733,ソード・シールド,S7R,拡張パック「蒼空ストリーム」,swsh7r_ja,001,ハネッコ,,C,C,https://www.pokemon-card.com/assets/images/card_images/large/S7R/039737_P_HANEKKO.jpg,RARITY_CHANGE
a4691dc9-f8dc-4672-8d99-8db6be570b03,ソード・シールド,S7R,拡張パック「蒼空ストリーム」,swsh7r_ja,002,ポポッコ,,C,C,https://www.pokemon-card.com/assets/images/card_images/large/S7R/039738_P_POPOKKO.jpg,RARITY_CHANGE
0fa241c7-4d03-4426-9ad5-d9c1ae8d46fb,ソード・シールド,S7R,拡張パック「蒼空ストリーム」,swsh7r_ja,003,ワタッコ,,R,R,https://www.pokemon-card.com/assets/images/card_images/large/S7R/039739_P_WATAKKO.jpg,RARITY_CHANGE
c0f88369-7fd2-49ea-a192-df058af0776e,ソード・シールド,S7R,拡張パック「蒼空ストリーム」,swsh7r_ja,004,トロピウス,,C,C,https://www.pokemon-card.com/assets/images/card_images/large/S7R/039740_P_TOROPIUSU.jpg,RARITY_CHANGE
907a0f53-f44d-437d-aee6-4cf0d260da68,ソード・シールド,S7R,拡張パック「蒼空ストリーム」,swsh7r_ja,005,ヤナップ,,C,C,https://www.pokemon-card.com/assets/images/card_images/large/S7R/039741_P_YANAPPU.jpg,RARITY_CHANGE
4fa9cad8-7bbd-4d2d-b03a-db7d5585ee8b,ソード・シールド,S7R,拡張パック「蒼空ストリーム」,swsh7r_ja,006,ヤナッキー,,C,C,https://www.pokemon-card.com/assets/images/card_images/large/S7R/039742_P_YANAKKI.jpg,RARITY_CHANGE
d712b19a-13bb-4eac-8390-7e04bde15b6e,ソード・シールド,S7R,拡張パック「蒼空ストリーム」,swsh7r_ja,007,オーロットV,,RR,RR,https://www.pokemon-card.com/assets/images/card_images/large/S7R/039743_P_OROTTOV.jpg,RARITY_CHANGE
356b4804-6539-41a8-a9d4-f8aeafe4f057,ソード・シールド,S7R,拡張パック「蒼空ストリーム」,swsh7r_ja,009,カジッチュ,,C,C,https://www.pokemon-card.com/assets/images/card_images/large/S7R/039745_P_KAJICCHU.jpg,RARITY_CHANGE
dc110db4-c8c4-43b8-8220-089d083dc264,ソード・シールド,S7R,拡張パック「蒼空ストリーム」,swsh7r_ja,010,ロコン,,C,C,https://www.pokemon-card.com/assets/images/card_images/large/S7R/039746_P_ROKON.jpg,RARITY_CHANGE
0069980b-eb92-4ebd-8be5-bc9d1942b969,ソード・シールド,S7R,拡張パック「蒼空ストリーム」,swsh7r_ja,011,キュウコン,,C,C,https://www.pokemon-card.com/assets/images/card_images/large/S7R/039747_P_KYUUKON.jpg,RARITY_CHANGE
725cabea-3a6a-41ce-8196-27c638f3aa5d,ソード・シールド,S7R,拡張パック「蒼空ストリーム」,swsh7r_ja,012,ビクティニ,,R,R,https://www.pokemon-card.com/assets/images/card_images/large/S7R/039748_P_BIKUTEINI.jpg,RARITY_CHANGE
ac2ad5aa-cdd3-4e6d-82f9-37f621adbbe8,ソード・シールド,S7R,拡張パック「蒼空ストリーム」,swsh7r_ja,013,バオップ,,C,C,https://www.pokemon-card.com/assets/images/card_images/large/S7R/039749_P_BAOPPU.jpg,RARITY_CHANGE
7e3d1801-8315-49bd-bbe9-89cd98bc1f2b,ソード・シールド,S7R,拡張パック「蒼空ストリーム」,swsh7r_ja,014,バオッキー,,C,C,https://www.pokemon-card.com/assets/images/card_images/large/S7R/039750_P_BAOKKI.jpg,RARITY_CHANGE
68a7953e-6061-4829-99fd-068af73ef0f8,ソード・シールド,S7R,拡張パック「蒼空ストリーム」,swsh7r_ja,015,ウルガモスV,,RR,RR,https://www.pokemon-card.com/assets/images/card_images/large/S7R/039751_P_URUGAMOSUV.jpg,RARITY_CHANGE
505e9de6-0ff7-41c2-83e1-8fd9add8a146,ソード・シールド,S7R,拡張パック「蒼空ストリーム」,swsh7r_ja,016,ヤクデ,,C,C,https://www.pokemon-card.com/assets/images/card_images/large/S7R/039752_P_YAKUDE.jpg,RARITY_CHANGE
080f30c3-6afb-4c57-a9ef-9b09d99dedcc,ソード・シールド,S7R,拡張パック「蒼空ストリーム」,swsh7r_ja,017,マルヤクデ,,U,U,https://www.pokemon-card.com/assets/images/card_images/large/S7R/039753_P_MARUYAKUDE.jpg,RARITY_CHANGE
4aa7572b-b295-4bf0-913f-d480e3f22329,ソード・シールド,S7R,拡張パック「蒼空ストリーム」,swsh7r_ja,018,シェルダー,,C,C,https://www.pokemon-card.com/assets/images/card_images/large/S7R/039754_P_SHIERUDA.jpg,RARITY_CHANGE
8d7c0e52-7de8-45eb-bffc-0e1b43c00cc2,ソード・シールド,S7R,拡張パック「蒼空ストリーム」,swsh7r_ja,019,パルシェン,,U,U,https://www.pokemon-card.com/assets/images/card_images/large/S7R/039755_P_PARUSHIEN.jpg,RARITY_CHANGE
3d5a4e17-3128-4f92-9c29-7f5dd6d573b9,ソード・シールド,S7R,拡張パック「蒼空ストリーム」,swsh7r_ja,020,ギャラドスV,,RR,RR,https://www.pokemon-card.com/assets/images/card_images/large/S7R/039756_P_GYARADOSUV.jpg,RARITY_CHANGE
f621d7ee-5ac6-4c9c-9110-03b97ee423b9,ソード・シールド,S7R,拡張パック「蒼空ストリーム」,swsh7r_ja,022,ガラル ダルマッカ,,C,C,https://www.pokemon-card.com/assets/images/card_images/large/S7R/039758_P_GARARUDARUMAKKA.jpg,RARITY_CHANGE
8ecb141a-6f5b-4ebe-b200-34f5504f5151,ソード・シールド,S7R,拡張パック「蒼空ストリーム」,swsh7r_ja,023,ガラル ヒヒダルマ,,C,C,https://www.pokemon-card.com/assets/images/card_images/large/S7R/039759_P_GARARUHIHIDARUMA.jpg,RARITY_CHANGE
e36d7149-db3f-42ad-8f2d-a6b265fbe0e5,ソード・シールド,S7R,拡張パック「蒼空ストリーム」,swsh7r_ja,024,フリージオ,,C,C,https://www.pokemon-card.com/assets/images/card_images/large/S7R/039760_P_FURIJIO.jpg,RARITY_CHANGE
ddf5abc3-86c2-4d5a-a367-ebb435bf757f,ソード・シールド,S7R,拡張パック「蒼空ストリーム」,swsh7r_ja,025,ヨワシ,,U,U,https://www.pokemon-card.com/assets/images/card_images/large/S7R/039761_P_YOWASHI.jpg,RARITY_CHANGE
c7d76cd5-5c18-421d-b652-5eac1287814e,ソード・シールド,S7R,拡張パック「蒼空ストリーム」,swsh7r_ja,026,メリープ,,C,C,https://www.pokemon-card.com/assets/images/card_images/large/S7R/039762_P_MERIPU.jpg,RARITY_CHANGE
01c32d88-846a-43ef-9a89-3ad31e50fde5,ソード・シールド,S7R,拡張パック「蒼空ストリーム」,swsh7r_ja,027,モココ,,U,U,https://www.pokemon-card.com/assets/images/card_images/large/S7R/039763_P_MOKOKO.jpg,RARITY_CHANGE
63c23c7c-b97c-4ed9-b157-1ee3f25badf8,ソード・シールド,S7R,拡張パック「蒼空ストリーム」,swsh7r_ja,028,デンリュウ,,U,U,https://www.pokemon-card.com/assets/images/card_images/large/S7R/039764_P_DENRYUU.jpg,RARITY_CHANGE
bcc02698-bd01-43e1-92ce-3b24ac218439,ソード・シールド,S7R,拡張パック「蒼空ストリーム」,swsh7r_ja,029,プラスル,,C,C,https://www.pokemon-card.com/assets/images/card_images/large/S7R/039765_P_PURASURU.jpg,RARITY_CHANGE
f3f60c1a-a856-4e2c-8b7d-20b3b0ef8f71,ソード・シールド,S7R,拡張パック「蒼空ストリーム」,swsh7r_ja,036,チャーレムV,,RR,RR,https://www.pokemon-card.com/assets/images/card_images/large/S7R/039772_P_CHAREMUV.jpg,RARITY_CHANGE
9cbece1b-e1b5-4ff7-9a12-e4e27bc040ce,ソード・シールド,S7R,拡張パック「蒼空ストリーム」,swsh7r_ja,037,ヤジロン,,C,C,https://www.pokemon-card.com/assets/images/card_images/large/S7R/039773_P_YAJIRON.jpg,RARITY_CHANGE
f76726d2-66d5-49b3-928f-cdbd6d25824f,ソード・シールド,S7R,拡張パック「蒼空ストリーム」,swsh7r_ja,038,ネンドール,,U,U,https://www.pokemon-card.com/assets/images/card_images/large/S7R/039774_P_NENDORU.jpg,RARITY_CHANGE
7267f0b5-e543-46be-8838-3da1b841a8ec,ソード・シールド,S7R,拡張パック「蒼空ストリーム」,swsh7r_ja,039,ランドロス,,R,R,https://www.pokemon-card.com/assets/images/card_images/large/S7R/039775_P_RANDOROSU.jpg,RARITY_CHANGE
d22daabe-60c3-42a2-bb21-9339d4f3ce16,ソード・シールド,S7R,拡張パック「蒼空ストリーム」,swsh7r_ja,040,ヌイコグマ,,C,C,https://www.pokemon-card.com/assets/images/card_images/large/S7R/039776_P_NUIKOGUMA.jpg,RARITY_CHANGE
64afc379-e718-4f6e-ae28-0e40ac03800d,ソード・シールド,S7R,拡張パック「蒼空ストリーム」,swsh7r_ja,041,キテルグマ,,C,C,https://www.pokemon-card.com/assets/images/card_images/large/S7R/039777_P_KITERUGUMA.jpg,RARITY_CHANGE
c6380180-9d79-48d6-90bb-9f1377660d09,ソード・シールド,S7R,拡張パック「蒼空ストリーム」,swsh7r_ja,042,カイリューV,,RR,RR,https://www.pokemon-card.com/assets/images/card_images/large/S7R/039778_P_KAIRYUV.jpg,RARITY_CHANGE
f598f094-22f8-48e4-b33e-6f0a9eee28c4,ソード・シールド,S7R,拡張パック「蒼空ストリーム」,swsh7r_ja,043,タツベイ,,C,C,https://www.pokemon-card.com/assets/images/card_images/large/S7R/039779_P_TATSUBEI.jpg,RARITY_CHANGE
a53c80e3-b014-4458-a84a-93411379d1e9,ソード・シールド,S7R,拡張パック「蒼空ストリーム」,swsh7r_ja,044,コモルー,,C,C,https://www.pokemon-card.com/assets/images/card_images/large/S7R/039780_P_KOMORU.jpg,RARITY_CHANGE
d6a2a6fa-8b67-4010-ad1c-18a86ba36a35,ソード・シールド,S7R,拡張パック「蒼空ストリーム」,swsh7r_ja,045,ボーマンダ,,R,R,https://www.pokemon-card.com/assets/images/card_images/large/S7R/039781_P_BOMANDA.jpg,RARITY_CHANGE
ec0cf47d-3ba0-46b3-a0e0-699f754b8bd6,ソード・シールド,S7R,拡張パック「蒼空ストリーム」,swsh7r_ja,046,レックウザV,,RR,RR,https://www.pokemon-card.com/assets/images/card_images/large/S7R/039782_P_REKKUUZAV.jpg,RARITY_CHANGE
40a38762-a054-4c67-8f8e-674964c3039b,ソード・シールド,S7R,拡張パック「蒼空ストリーム」,swsh7r_ja,048,ジガルデ,,R,R,https://www.pokemon-card.com/assets/images/card_images/large/S7R/039784_P_JIGARUDE.jpg,RARITY_CHANGE
e7f6be20-234f-4c6a-846e-0c410bf471ce,ソード・シールド,S7R,拡張パック「蒼空ストリーム」,swsh7r_ja,049,バクガメス,,U,U,https://www.pokemon-card.com/assets/images/card_images/large/S7R/039785_P_BAKUGAMESU.jpg,RARITY_CHANGE
8e16d354-c7f4-4774-bbdf-0c05d0d6df7d,ソード・シールド,S7R,拡張パック「蒼空ストリーム」,swsh7r_ja,050,アップリュー,,U,U,https://www.pokemon-card.com/assets/images/card_images/large/S7R/039786_P_APPURYU.jpg,RARITY_CHANGE
c0cde95d-15e1-4b6c-9a5d-f4a6cd2f7a69,SVシリーズ,SV8a,テラスタルフェスex,sv8a_ja,228,アンズの秘技,ー,SAR,SAR,https://assets.tcgdex.net/ja/SV/SV8a/228/high.webp,RARITY_CHANGE
384f02ad-5540-4a5f-9465-6c71903bb115,ソード・シールド,S7R,拡張パック「蒼空ストリーム」,swsh7r_ja,051,タルップル,,U,U,https://www.pokemon-card.com/assets/images/card_images/large/S7R/039787_P_TARUPPURU.jpg,RARITY_CHANGE
32bf1334-88ff-4c66-90d6-ae2ae65358c3,ソード・シールド,S7R,拡張パック「蒼空ストリーム」,swsh7r_ja,052,レジドラゴ,,R,R,https://www.pokemon-card.com/assets/images/card_images/large/S7R/039788_P_REJIDORAGO.jpg,RARITY_CHANGE
5b464eb9-5d90-4aa5-8034-c8444c31e961,ソード・シールド,S7R,拡張パック「蒼空ストリーム」,swsh7r_ja,053,ラッキー,,C,C,https://www.pokemon-card.com/assets/images/card_images/large/S7R/039789_P_RAKKI.jpg,RARITY_CHANGE
e199083c-0b79-4498-92e2-e778b3818dec,ソード・シールド,S7R,拡張パック「蒼空ストリーム」,swsh7r_ja,054,ハピナス,,U,U,https://www.pokemon-card.com/assets/images/card_images/large/S7R/039790_P_HAPINASU.jpg,RARITY_CHANGE
f43c0b2e-4d2b-4e52-b501-e36798f3cd0d,ソード・シールド,S7R,拡張パック「蒼空ストリーム」,swsh7r_ja,055,オドシシ,,C,C,https://www.pokemon-card.com/assets/images/card_images/large/S7R/039791_P_ODOSHISHI.jpg,RARITY_CHANGE
53bc8ea0-b3ea-4ae8-a043-ff02d888a32f,ソード・シールド,S7R,拡張パック「蒼空ストリーム」,swsh7r_ja,056,当たりつきアイス,,U,U,https://www.pokemon-card.com/assets/images/card_images/large/S7R/039792_T_ATARITSUKIAISU.jpg,RARITY_CHANGE
3be7c3a4-4220-4a30-8b97-27aefbd71b23,ソード・シールド,S7R,拡張パック「蒼空ストリーム」,swsh7r_ja,057,スーパーボール,,U,U,https://www.pokemon-card.com/assets/images/card_images/large/S7R/039793_T_SUPABORU.jpg,RARITY_CHANGE
34b1bfef-8024-490a-b4e8-16ee7f93a571,ソード・シールド,S7R,拡張パック「蒼空ストリーム」,swsh7r_ja,058,トイキャッチャー,,U,U,https://www.pokemon-card.com/assets/images/card_images/large/S7R/039794_T_TOIKYACCHA.jpg,RARITY_CHANGE
ba1a1c51-31ab-4994-a210-630cbd6fe6f3,ソード・シールド,S7R,拡張パック「蒼空ストリーム」,swsh7r_ja,059,ポケモンいれかえ,,U,U,https://www.pokemon-card.com/assets/images/card_images/large/S7R/039795_T_POKEMONIREKAE.jpg,RARITY_CHANGE
c25c36d2-61a5-464f-a328-74c0135d20e9,ソード・シールド,S7R,拡張パック「蒼空ストリーム」,swsh7r_ja,060,ゴムのグローブ,,U,U,https://www.pokemon-card.com/assets/images/card_images/large/S7R/039796_T_GOMUNOGUROBU.jpg,RARITY_CHANGE
5b70cdb2-c53f-4ac2-9adb-e97ea41a3352,ソード・シールド,S7R,拡張パック「蒼空ストリーム」,swsh7r_ja,061,れいかいのお面,,U,U,https://www.pokemon-card.com/assets/images/card_images/large/S7R/039797_T_REIKAINOOMEN.jpg,RARITY_CHANGE
69c48bf8-4b82-4f8b-9966-4ddb0d1a6297,ソード・シールド,S7R,拡張パック「蒼空ストリーム」,swsh7r_ja,062,れんげきの巻物 飛竜の巻,,U,U,https://www.pokemon-card.com/assets/images/card_images/large/S7R/039798_T_RENGEKINOMAKIMONOHIRYUUNOKAN.jpg,RARITY_CHANGE
b356ba46-991c-49e0-90c5-7335cd3b9e20,ソード・シールド,S7R,拡張パック「蒼空ストリーム」,swsh7r_ja,063,サナ,,C,C,https://www.pokemon-card.com/assets/images/card_images/large/S7R/039799_T_SANA.jpg,RARITY_CHANGE
ee094555-5ba2-4bb8-b73f-622c36014ba0,ソード・シールド,S7R,拡張パック「蒼空ストリーム」,swsh7r_ja,064,スクールボーイ,,C,C,https://www.pokemon-card.com/assets/images/card_images/large/S7R/039800_T_SUKURUBOI.jpg,RARITY_CHANGE
61aa9daa-8a38-4f70-b1cb-d929b635a0fa,ソード・シールド,S7R,拡張パック「蒼空ストリーム」,swsh7r_ja,065,ヒガナの決意,,U,U,https://www.pokemon-card.com/assets/images/card_images/large/S7R/039801_T_HIGANANOKETSUI.jpg,RARITY_CHANGE
0cfc768d-c46a-480b-b9e5-15f88b7e63e7,ソード・シールド,S7R,拡張パック「蒼空ストリーム」,swsh7r_ja,066,嵐の山脈,,U,U,https://www.pokemon-card.com/assets/images/card_images/large/S7R/039802_T_ARASHINOSANMYAKU.jpg,RARITY_CHANGE
a1120d15-c03e-4844-94e1-76a38a306de3,ソード・シールド,S7R,拡張パック「蒼空ストリーム」,swsh7r_ja,067,オーロラエネルギー,,U,U,https://www.pokemon-card.com/assets/images/card_images/large/S7R/039803_E_ORORAENERUGI.jpg,RARITY_CHANGE
a73e89cc-9f98-405f-ac58-2c31b8ad1179,ソード・シールド,S7R,拡張パック「蒼空ストリーム」,swsh7r_ja,068,オーロットV,,SR,SR,https://www.pokemon-card.com/assets/images/card_images/large/S7R/039937_P_OROTTOV.jpg,RARITY_CHANGE
59489cc1-0871-4883-bcd7-fdf0075dac77,ソード・シールド,S7R,拡張パック「蒼空ストリーム」,swsh7r_ja,069,ウルガモスV,,SR,SR,https://www.pokemon-card.com/assets/images/card_images/large/S7R/039938_P_URUGAMOSUV.jpg,RARITY_CHANGE
a542d9f1-71f7-4a4d-a18a-98811d38d09a,ソード・シールド,S7R,拡張パック「蒼空ストリーム」,swsh7r_ja,070,ギャラドスV,,SR,SR,https://www.pokemon-card.com/assets/images/card_images/large/S7R/039939_P_GYARADOSUV.jpg,RARITY_CHANGE
6d9de2f1-6487-471b-8a3e-e163aee16ebb,ソード・シールド,S7R,拡張パック「蒼空ストリーム」,swsh7r_ja,071,チャーレムV,,SR,SR,https://www.pokemon-card.com/assets/images/card_images/large/S7R/039940_P_CHAREMUV.jpg,RARITY_CHANGE
d923ad9d-361b-4061-9e4a-5ed9a420bbed,ソード・シールド,S7R,拡張パック「蒼空ストリーム」,swsh7r_ja,072,チャーレムV,,SR,SR,https://www.pokemon-card.com/assets/images/card_images/large/S7R/039941_P_CHAREMUV.jpg,RARITY_CHANGE
ac5eefc0-2174-4727-91ec-c150a84e1b4a,ソード・シールド,S7R,拡張パック「蒼空ストリーム」,swsh7r_ja,073,カイリューV,,SR,SR,https://www.pokemon-card.com/assets/images/card_images/large/S7R/039942_P_KAIRYUV.jpg,RARITY_CHANGE
b56f3064-5181-445e-87b6-4c8a8d391c33,ソード・シールド,S7R,拡張パック「蒼空ストリーム」,swsh7r_ja,074,カイリューV,,SR,SR,https://www.pokemon-card.com/assets/images/card_images/large/S7R/039943_P_KAIRYUV.jpg,RARITY_CHANGE
21ea9d16-c156-41d1-9b7f-9d6ea9d9f983,ソード・シールド,S7R,拡張パック「蒼空ストリーム」,swsh7r_ja,075,レックウザV,,SR,SR,https://www.pokemon-card.com/assets/images/card_images/large/S7R/039944_P_REKKUUZAV.jpg,RARITY_CHANGE
70c6deab-127b-4ff0-95ff-91d5ef796f8b,ソード・シールド,S7R,拡張パック「蒼空ストリーム」,swsh7r_ja,076,レックウザV,,SR,SR,https://www.pokemon-card.com/assets/images/card_images/large/S7R/039945_P_REKKUUZAV.jpg,RARITY_CHANGE
ccab4329-c2cf-4fa8-b532-6d2c766cfce7,ソード・シールド,S7R,拡張パック「蒼空ストリーム」,swsh7r_ja,077,サナ,,SR,SR,https://www.pokemon-card.com/assets/images/card_images/large/S7R/039946_T_SANA.jpg,RARITY_CHANGE
6c03452f-c7ce-465e-8cf2-b92be447c280,ソード・シールド,S7R,拡張パック「蒼空ストリーム」,swsh7r_ja,078,スクールボーイ,,SR,SR,https://www.pokemon-card.com/assets/images/card_images/large/S7R/039947_T_SUKURUBOI.jpg,RARITY_CHANGE
372d3f1d-8efc-4579-ae0b-a78966a7484b,ソード・シールド,S7R,拡張パック「蒼空ストリーム」,swsh7r_ja,079,ヒガナの決意,,SR,SR,https://www.pokemon-card.com/assets/images/card_images/large/S7R/039948_T_HIGANANOKETSUI.jpg,RARITY_CHANGE
9d552019-b6ba-4bf4-8320-78032c87509b,ソード・シールド,S8a,拡張パック「25th ANNIVERSARY COLLECTION」,swsh8a_ja,018,ザシアンV,,RR,RR,https://www.pokemon-card.com/assets/images/card_images/large/S8a/040083_P_ZASHIANV.jpg,RARITY_CHANGE
e6719542-3518-43f1-ad61-fccd4db4459a,ソード・シールド,S8a,拡張パック「25th ANNIVERSARY COLLECTION」,swsh8a_ja,019,ザマゼンタV,,RR,RR,https://www.pokemon-card.com/assets/images/card_images/large/S8a/040084_P_ZAMAZENTAV.jpg,RARITY_CHANGE
25de22ca-ccab-44bb-a536-5d4aea23435a,ソード・シールド,S8a,拡張パック「25th ANNIVERSARY COLLECTION」,swsh8a_ja,020,ピカチュウV,,RR,RR,https://www.pokemon-card.com/assets/images/card_images/large/S8a/040085_P_PIKACHIXYUUV.jpg,RARITY_CHANGE
fa788caa-5707-487c-8613-47dd9984e3a6,ソード・シールド,S8a,拡張パック「25th ANNIVERSARY COLLECTION」,swsh8a_ja,021,なみのりピカチュウV,,RR,RR,https://www.pokemon-card.com/assets/images/card_images/large/S8a/040086_P_NAMINORIPIKACHIXYUUV.jpg,RARITY_CHANGE
cf512065-50de-4586-9d3e-8d9751d44aef,ソード・シールド,S8a,拡張パック「25th ANNIVERSARY COLLECTION」,swsh8a_ja,023,そらをとぶピカチュウV,,RR,RR,https://www.pokemon-card.com/assets/images/card_images/large/S8a/040088_P_SORAWOTOBUPIKACHIXYUUV.jpg,RARITY_CHANGE
8b48f7d6-cf98-4126-8903-436b8947bb57,ソード・シールド,S8a,拡張パック「25th ANNIVERSARY COLLECTION」,swsh8a_ja,029,博士の研究（オーキド博士）,,SR,SR,https://www.pokemon-card.com/assets/images/card_images/large/S8a/040144_T_HAKASENOKENKIXYUUOKIDOHAKASE.jpg,RARITY_CHANGE
10fff1a4-dc87-44f8-aa22-35cdac48527d,SVシリーズ,SV9,バトルパートナーズ,sv9_ja,123,タケシのスカウト,ー,SR,SR,https://assets.tcgdex.net/ja/SV/SV9/123/high.webp,RARITY_CHANGE
86fc5c43-5206-4364-891b-a2c626589539,SVシリーズ,SV9,バトルパートナーズ,sv9_ja,132,スパイクエネルギー,ー,UR,UR,https://assets.tcgdex.net/ja/SV/SV9/132/high.webp,RARITY_CHANGE
6ffefca4-7d7f-4fda-a190-9fe30656136f,SVシリーズ,SV1V,バイオレットex,sv1v_ja,079,タマンチュラ,,AR,AR,https://assets.tcgdex.net/ja/SV/SV1V/079/high.webp,RARITY_CHANGE
20ebb577-8171-4916-8e6a-c82617492bda,SVシリーズ,SV1V,バイオレットex,sv1v_ja,080,ノノクラゲ,,AR,AR,https://assets.tcgdex.net/ja/SV/SV1V/080/high.webp,RARITY_CHANGE
f0f60122-03fd-4b42-958c-cd91d9bb8325,SVシリーズ,SV1V,バイオレットex,sv1v_ja,105,ミモザ,,SAR,SAR,https://assets.tcgdex.net/ja/SV/SV1V/105/high.webp,RARITY_CHANGE
56c46e9c-22bb-4623-842c-81b6e43bca6f,SVシリーズ,SV8a,テラスタルフェスex,sv8a_ja,188,アオキの手際,ー,SR,SR,https://assets.tcgdex.net/ja/SV/SV8a/188/high.webp,RARITY_CHANGE
877c8ce8-8737-4f10-aec3-f8e4cdd391bc,SVシリーズ,SV8a,テラスタルフェスex,sv8a_ja,192,シュウメイ,ー,SR,SR,https://assets.tcgdex.net/ja/SV/SV8a/192/high.webp,RARITY_CHANGE
33dfbc1d-0670-4cb6-96b9-7eebb32d88d8,SVシリーズ,SV8a,テラスタルフェスex,sv8a_ja,196,ピーニャ,ー,SR,SR,https://assets.tcgdex.net/ja/SV/SV8a/196/high.webp,RARITY_CHANGE
6a345687-3176-453c-8789-8be65b120d21,SMシリーズ,SM7,裂空のカリスマ,sm7_ja,066,ラティアス,旧裏R,PR,PR,,RARITY_CHANGE
8f669837-8197-4859-ab78-806822d6a8fc,ソード・シールド,S10P,スペースジャグラー,swsh10p_ja,088,ダブルターボエネルギー,MUR,UR,UR,https://assets.tcgdex.net/ja/S/S10P/088/high.webp,RARITY_CHANGE
3e790b04-1aef-444c-9cf9-ca2496f305aa,SMシリーズ,SM7a,迅雷スパーク,sm7a_ja,043,メタモン,旧裏R,PR,PR,,RARITY_CHANGE
cc29ce9e-b1b5-4294-87fa-2f7ad34e1426,SMシリーズ,SM8b,GXウルトラシャイニー,sm8b_ja,006,シェイミ,旧裏R,PR,PR,,RARITY_CHANGE
8e6bec58-4337-4d9c-b012-028cd17a8926,SMシリーズ,SM8b,GXウルトラシャイニー,sm8b_ja,162,モクロー,SR,R,R,https://www.pokemon-card.com/assets/images/card_images/large/SM8b/036051_P_MOKURO.jpg,RARITY_CHANGE
84c7a6f3-9b46-47ee-a922-5fa5ddf18d3a,SMシリーズ,SM8b,GXウルトラシャイニー,sm8b_ja,163,フクスロー,SR,R,R,https://www.pokemon-card.com/assets/images/card_images/large/SM8b/036052_P_FUKUSURO.jpg,RARITY_CHANGE
e4de3167-6879-457a-954a-79567d2d7f3b,SMシリーズ,SM8b,GXウルトラシャイニー,sm8b_ja,164,コソクムシ,SR,R,R,https://www.pokemon-card.com/assets/images/card_images/large/SM8b/036053_P_KOSOKUMUSHI.jpg,RARITY_CHANGE
38191425-d65d-4307-85a1-9c397e12ab3f,SMシリーズ,SM8b,GXウルトラシャイニー,sm8b_ja,166,ヒトカゲ,SR,R,R,https://www.pokemon-card.com/assets/images/card_images/large/SM8b/036055_P_HITOKAGE.jpg,RARITY_CHANGE
2435c903-32d3-4f22-a373-d8555a8191e7,SMシリーズ,SM8b,GXウルトラシャイニー,sm8b_ja,167,リザード,SR,R,R,https://www.pokemon-card.com/assets/images/card_images/large/SM8b/036056_P_RIZADO.jpg,RARITY_CHANGE
aeeabaae-f7a7-449f-8ad4-fd3f92304265,SMシリーズ,SM8b,GXウルトラシャイニー,sm8b_ja,171,ケロマツ,SR,R,R,https://www.pokemon-card.com/assets/images/card_images/large/SM8b/036060_P_KEROMATSU.jpg,RARITY_CHANGE
cb8031c9-c0f9-425b-ac1b-831327464b04,SMシリーズ,SM8b,GXウルトラシャイニー,sm8b_ja,172,ゲコガシラ,SR,R,R,https://www.pokemon-card.com/assets/images/card_images/large/SM8b/036061_P_GEKOGASHIRA.jpg,RARITY_CHANGE
6fd67887-cedb-44ae-b217-a01da92409c9,SMシリーズ,SM8b,GXウルトラシャイニー,sm8b_ja,173,ビリリダマ,SR,R,R,https://www.pokemon-card.com/assets/images/card_images/large/SM8b/036062_P_BIRIRIDAMA.jpg,RARITY_CHANGE
0970bde3-137e-4fd1-86d1-a0de60de99c6,SMシリーズ,SM8b,GXウルトラシャイニー,sm8b_ja,174,デンジュモク,SR,R,R,https://www.pokemon-card.com/assets/images/card_images/large/SM8b/036063_P_DENJUMOKU.jpg,RARITY_CHANGE
085db7ab-78cf-4e10-a74d-2e58b55b667b,SMシリーズ,SM8b,GXウルトラシャイニー,sm8b_ja,175,ハブネーク,SR,R,R,https://www.pokemon-card.com/assets/images/card_images/large/SM8b/036064_P_HABUNEKU.jpg,RARITY_CHANGE
55345dca-581f-4bd7-9a5f-69443ac3d1e2,SMシリーズ,SM8b,GXウルトラシャイニー,sm8b_ja,176,カゲボウズ,SR,R,R,https://www.pokemon-card.com/assets/images/card_images/large/SM8b/036065_P_KAGEBOUZU.jpg,RARITY_CHANGE
a742d947-f539-44c2-95e0-99d7c02de4c1,SMシリーズ,SM8b,GXウルトラシャイニー,sm8b_ja,177,マーイーカ,SR,R,R,https://www.pokemon-card.com/assets/images/card_images/large/SM8b/036066_P_MAIKA.jpg,RARITY_CHANGE
f26024fd-002a-4c7a-b1e2-7945e086c185,SMシリーズ,SM8b,GXウルトラシャイニー,sm8b_ja,181,リオル,SR,R,R,https://www.pokemon-card.com/assets/images/card_images/large/SM8b/036070_P_RIORU.jpg,RARITY_CHANGE
d7d7942f-bd59-4060-9c53-9cfddd16e0d9,SMシリーズ,SM8b,GXウルトラシャイニー,sm8b_ja,184,マッシブーン,SR,R,R,https://www.pokemon-card.com/assets/images/card_images/large/SM8b/036073_P_MASSHIBUN.jpg,RARITY_CHANGE
395538f2-ab6a-4195-9002-c8b0068b53e7,SMシリーズ,SM8b,GXウルトラシャイニー,sm8b_ja,185,ゾロア,SR,R,R,https://www.pokemon-card.com/assets/images/card_images/large/SM8b/036074_P_ZOROA.jpg,RARITY_CHANGE
29ada5b0-9d75-4d86-bce9-52e25baea061,SMシリーズ,SM8b,GXウルトラシャイニー,sm8b_ja,186,アクジキング,SR,R,R,https://www.pokemon-card.com/assets/images/card_images/large/SM8b/036075_P_AKUJIKINGU.jpg,RARITY_CHANGE
73a09aec-7ee6-4ee2-b3f7-c8ecd9a91024,SMシリーズ,SM8b,GXウルトラシャイニー,sm8b_ja,187,コイル,SR,R,R,https://www.pokemon-card.com/assets/images/card_images/large/SM8b/036076_P_KOIRU.jpg,RARITY_CHANGE
8dd78f76-b450-4cb3-b825-fa46a28d706b,SMシリーズ,SM8b,GXウルトラシャイニー,sm8b_ja,192,テッカグヤ,SR,R,R,https://www.pokemon-card.com/assets/images/card_images/large/SM8b/036081_P_TEKKAGUYA.jpg,RARITY_CHANGE
e805f9e1-8367-40bf-9810-3855058e94d1,SMシリーズ,SM8b,GXウルトラシャイニー,sm8b_ja,193,カミツルギ,SR,R,R,https://www.pokemon-card.com/assets/images/card_images/large/SM8b/036082_P_KAMITSURUGI.jpg,RARITY_CHANGE
a5ef58c2-1428-44bd-b01a-d57dc6ea81fd,SMシリーズ,SM8b,GXウルトラシャイニー,sm8b_ja,194,ラルトス,SR,R,R,https://www.pokemon-card.com/assets/images/card_images/large/SM8b/036083_P_RARUTOSU.jpg,RARITY_CHANGE
dfb35da1-3feb-4a1d-97fb-e223c4c5eb18,SMシリーズ,SM8b,GXウルトラシャイニー,sm8b_ja,195,キルリア,SR,R,R,https://www.pokemon-card.com/assets/images/card_images/large/SM8b/036084_P_KIRURIA.jpg,RARITY_CHANGE
09ac995e-07da-4868-a3c8-0d4cb3d4568f,SMシリーズ,SM8b,GXウルトラシャイニー,sm8b_ja,196,ディアンシー,SR,R,R,https://www.pokemon-card.com/assets/images/card_images/large/SM8b/036085_P_DEIANSHI.jpg,RARITY_CHANGE
2f1efb5d-7fc8-4add-bcf8-d8ac9ebec4ba,SMシリーズ,SM8b,GXウルトラシャイニー,sm8b_ja,197,チルタリス,SR,R,R,https://www.pokemon-card.com/assets/images/card_images/large/SM8b/036086_P_CHIRUTARISU.jpg,RARITY_CHANGE
bc7e1911-c87f-43d0-97d3-949a48c04260,SMシリーズ,SM8b,GXウルトラシャイニー,sm8b_ja,198,フカマル,SR,R,R,https://www.pokemon-card.com/assets/images/card_images/large/SM8b/036087_P_FUKAMARU.jpg,RARITY_CHANGE
99496c0b-cdef-4308-8b74-64f2ff004aa7,SMシリーズ,SM8b,GXウルトラシャイニー,sm8b_ja,210,ホウオウGX,SR,SSR,SSR,https://www.pokemon-card.com/assets/images/card_images/large/SM8b/036099_P_HOUOUGX.jpg,RARITY_CHANGE
a1c3a00c-d28b-4469-9b63-d5609cb31420,SMシリーズ,SM8b,GXウルトラシャイニー,sm8b_ja,211,レシラムGX,SR,SSR,SSR,https://www.pokemon-card.com/assets/images/card_images/large/SM8b/036100_P_RESHIRAMUGX.jpg,RARITY_CHANGE
41e2afdd-07c4-4932-9efd-cc837609cfb9,SMシリーズ,SM8b,GXウルトラシャイニー,sm8b_ja,212,バクガメスGX,SR,SSR,SSR,https://www.pokemon-card.com/assets/images/card_images/large/SM8b/036101_P_BAKUGAMESUGX.jpg,RARITY_CHANGE
a6a1dccf-2dc2-42ac-b5ca-ec8c30a1d27d,SMシリーズ,SM8b,GXウルトラシャイニー,sm8b_ja,215,グレイシアGX,SR,SSR,SSR,https://www.pokemon-card.com/assets/images/card_images/large/SM8b/036104_P_GUREISHIAGX.jpg,RARITY_CHANGE
54553d09-5f62-4bcd-b401-9d2754c6a90f,SMシリーズ,SM8b,GXウルトラシャイニー,sm8b_ja,216,ゲッコウガGX,SR,SSR,SSR,https://www.pokemon-card.com/assets/images/card_images/large/SM8b/036105_P_GEKKOUGAGX.jpg,RARITY_CHANGE
709b7a60-5077-49dd-aee4-c60839278c33,SMシリーズ,SM8b,GXウルトラシャイニー,sm8b_ja,220,エーフィGX,SR,SSR,SSR,https://www.pokemon-card.com/assets/images/card_images/large/SM8b/036109_P_EFIGX.jpg,RARITY_CHANGE
151be4e3-b0b5-49a2-9480-13b85b2b3474,SMシリーズ,SM8b,GXウルトラシャイニー,sm8b_ja,222,ウツロイドGX,SR,SSR,SSR,https://www.pokemon-card.com/assets/images/card_images/large/SM8b/036111_P_UTSUROIDOGX.jpg,RARITY_CHANGE
2939ee38-8f58-4b00-a759-b399f733a60b,SMシリーズ,SM8b,GXウルトラシャイニー,sm8b_ja,223,アーゴヨンGX,SR,SSR,SSR,https://www.pokemon-card.com/assets/images/card_images/large/SM8b/036112_P_AGOYONGX.jpg,RARITY_CHANGE
108507ac-8607-4fbb-b3f7-46e7b38ee664,SMシリーズ,SM8b,GXウルトラシャイニー,sm8b_ja,229,ブラッキーGX,SR,SSR,SSR,https://www.pokemon-card.com/assets/images/card_images/large/SM8b/036118_P_BURAKKIGX.jpg,RARITY_CHANGE
d305d345-5eb5-48ce-afaf-bff7cbd3134c,SMシリーズ,SM8b,GXウルトラシャイニー,sm8b_ja,230,ダークライGX,SR,SSR,SSR,https://www.pokemon-card.com/assets/images/card_images/large/SM8b/036119_P_DAKURAIGX.jpg,RARITY_CHANGE
37f43eea-87d3-43cd-8d76-05624bf6e9e9,SMシリーズ,SM8b,GXウルトラシャイニー,sm8b_ja,231,ゾロアークGX,SR,SSR,SSR,https://www.pokemon-card.com/assets/images/card_images/large/SM8b/036120_P_ZOROAKUGX.jpg,RARITY_CHANGE
449b2503-ccf7-4890-99b7-dab6d34d7f2d,SMシリーズ,SM8b,GXウルトラシャイニー,sm8b_ja,237,サーナイトGX,SR,SSR,SSR,https://www.pokemon-card.com/assets/images/card_images/large/SM8b/036126_P_SANAITOGX.jpg,RARITY_CHANGE
3dacf1f0-2bb6-4395-9817-8abe798370a8,SMシリーズ,SM8b,GXウルトラシャイニー,sm8b_ja,241,オンバーンGX,SR,SSR,SSR,https://www.pokemon-card.com/assets/images/card_images/large/SM8b/036130_P_ONBANGX.jpg,RARITY_CHANGE
4128cfb6-2fc5-49c7-b3fd-bdcde34ee09d,SMシリーズ,SM8b,GXウルトラシャイニー,sm8b_ja,243,ジジーロンGX,SR,SSR,SSR,https://www.pokemon-card.com/assets/images/card_images/large/SM8b/036132_P_JIJIRONGX.jpg,RARITY_CHANGE
43318574-e99b-43f8-905d-84e5e0328320,SVシリーズ,SV4a,レイジングサーフ,sv4a_ja,214,オドリドリ,,S,Shiny Rare,https://assets.tcgdex.net/ja/SV/SV4a/214/high.webp,RARITY_CHANGE
463ad281-8ec2-4b48-a865-11700fd9a0fd,SVシリーズ,SV10,ロケット団の栄光,sv10_ja,131,ロケット団のクロバットex,MUR,UR,UR,https://www.pokemon-card.com/assets/images/card_images/large/SV10/047535_P_ROKETTODANNOKUROBATTOEX.jpg,RARITY_CHANGE
c1055c75-c2af-4a7e-918c-e9d33d5d1ffa,SVシリーズ,SV10,ロケット団の栄光,sv10_ja,132,ジャミングタワー,MUR,UR,UR,https://www.pokemon-card.com/assets/images/card_images/large/SV10/047536_T_JIXYAMINGUTAWA.jpg,RARITY_CHANGE
497d8503-f530-4c40-ac09-501b26f29406,XYシリーズ,XY1-Bx,ポケモンカードゲームXY 拡張パック「コレクションX」,xy1x_ja,001,フシギバナEX,,RR,RR,https://www.pokemon-card.com/assets/images/card_images/large/XY1-Bx/030046_P_FUSHIGIBANAEX.jpg,RARITY_CHANGE
d70dadab-e0be-44a8-95d1-bdfe8a096def,XYシリーズ,XY1-Bx,ポケモンカードゲームXY 拡張パック「コレクションX」,xy1x_ja,002,megaフシギバナEX,,RR,RR,https://www.pokemon-card.com/assets/images/card_images/large/XY1-Bx/030047_P_MFUSHIGIBANAEX.jpg,RARITY_CHANGE
25dc4c6e-d863-4cf5-8b16-0df1cdfd715d,XYシリーズ,XY1-By,ポケモンカードゲームXY 拡張パック「コレクションY」,xy1y_ja,040,ギルガルド,,U,U,https://www.pokemon-card.com/assets/images/card_images/large/XY1-By/030145_P_GIRUGARUDO.jpg,RARITY_CHANGE
3651d67b-72b7-4f6a-9c5c-8a04296480e2,XYシリーズ,XY1-By,ポケモンカードゲームXY 拡張パック「コレクションY」,xy1y_ja,041,ギルガルド,,R,R,https://www.pokemon-card.com/assets/images/card_images/large/XY1-By/030146_P_GIRUGARUDO.jpg,RARITY_CHANGE
ae6474da-3608-48cb-9a2b-4dec50d75fa1,XYシリーズ,XY1-By,ポケモンカードゲームXY 拡張パック「コレクションY」,xy1y_ja,042,プリン,,C,C,https://www.pokemon-card.com/assets/images/card_images/large/XY1-By/030147_P_PURIN.jpg,RARITY_CHANGE
8fa78f79-087d-4e66-befb-feac0b563461,XYシリーズ,XY1-By,ポケモンカードゲームXY 拡張パック「コレクションY」,xy1y_ja,043,プクリン,,U,U,https://www.pokemon-card.com/assets/images/card_images/large/XY1-By/030148_P_PUKURIN.jpg,RARITY_CHANGE
5aabf273-9a1c-4f23-aa4e-6d4797053adc,XYシリーズ,XY1-By,ポケモンカードゲームXY 拡張パック「コレクションY」,xy1y_ja,044,シュシュプ,,C,C,https://www.pokemon-card.com/assets/images/card_images/large/XY1-By/030149_P_SHUSHUPU.jpg,RARITY_CHANGE
48adeadf-19d0-483d-8fc2-420407a5b3bc,XYシリーズ,XY1-By,ポケモンカードゲームXY 拡張パック「コレクションY」,xy1y_ja,045,フレフワン,,R,R,https://www.pokemon-card.com/assets/images/card_images/large/XY1-By/030150_P_FUREFUWAN.jpg,RARITY_CHANGE
83952f86-d2f1-48d7-b2f9-895ec8531fd0,XYシリーズ,XY1-Bx,ポケモンカードゲームXY 拡張パック「コレクションX」,xy1x_ja,003,バルビート,,C,C,https://www.pokemon-card.com/assets/images/card_images/large/XY1-Bx/030048_P_BARUBITO.jpg,RARITY_CHANGE
ec4ca5b1-90a9-4afe-aab6-54324e96399b,XYシリーズ,XY1-Bx,ポケモンカードゲームXY 拡張パック「コレクションX」,xy1x_ja,004,ヤナップ,,C,C,https://www.pokemon-card.com/assets/images/card_images/large/XY1-Bx/030049_P_YANAPPU.jpg,RARITY_CHANGE
b7fffba7-3750-4374-b334-8514e6e94bbe,XYシリーズ,XY1-Bx,ポケモンカードゲームXY 拡張パック「コレクションX」,xy1x_ja,005,ヤナッキー,,C,C,https://www.pokemon-card.com/assets/images/card_images/large/XY1-Bx/030050_P_YANAKKI.jpg,RARITY_CHANGE
21b13a9c-ad72-4650-ac02-f39fc292ba5c,XYシリーズ,XY1-Bx,ポケモンカードゲームXY 拡張パック「コレクションX」,xy1x_ja,006,コフキムシ,,C,C,https://www.pokemon-card.com/assets/images/card_images/large/XY1-Bx/030051_P_KOFUKIMUSHI.jpg,RARITY_CHANGE
8ea53bc2-932c-4e8a-b2a5-d8834f1b1527,XYシリーズ,XY1-Bx,ポケモンカードゲームXY 拡張パック「コレクションX」,xy1x_ja,007,コフーライ,,C,C,https://www.pokemon-card.com/assets/images/card_images/large/XY1-Bx/030052_P_KOFURAI.jpg,RARITY_CHANGE
4a085ca9-3e9c-44fa-8fa1-a1bc74f8205b,XYシリーズ,XY1-Bx,ポケモンカードゲームXY 拡張パック「コレクションX」,xy1x_ja,008,ビビヨン,,R,R,https://www.pokemon-card.com/assets/images/card_images/large/XY1-Bx/030053_P_BIBIYON.jpg,RARITY_CHANGE
5c75e645-ee77-4449-938d-e9515bb5e399,XYシリーズ,XY1-Bx,ポケモンカードゲームXY 拡張パック「コレクションX」,xy1x_ja,009,メェークル,,C,C,https://www.pokemon-card.com/assets/images/card_images/large/XY1-Bx/030054_P_MEEKURU.jpg,RARITY_CHANGE
671e15aa-c750-412f-bca1-c9d574a703b2,XYシリーズ,XY1-Bx,ポケモンカードゲームXY 拡張パック「コレクションX」,xy1x_ja,010,ゴーゴート,,R,R,https://www.pokemon-card.com/assets/images/card_images/large/XY1-Bx/030055_P_GOGOTO.jpg,RARITY_CHANGE
998d7cdd-56d2-4761-85a7-dca702ad941d,XYシリーズ,XY1-Bx,ポケモンカードゲームXY 拡張パック「コレクションX」,xy1x_ja,011,マグマッグ,,C,C,https://www.pokemon-card.com/assets/images/card_images/large/XY1-Bx/030056_P_MAGUMAGGU.jpg,RARITY_CHANGE
3876c933-2920-4eeb-b78a-37e95c05e41a,XYシリーズ,XY1-Bx,ポケモンカードゲームXY 拡張パック「コレクションX」,xy1x_ja,012,マグカルゴ,,C,C,https://www.pokemon-card.com/assets/images/card_images/large/XY1-Bx/030057_P_MAGUKARUGO.jpg,RARITY_CHANGE
b51384e0-186e-4e17-874e-49fb9898752a,XYシリーズ,XY1-Bx,ポケモンカードゲームXY 拡張パック「コレクションX」,xy1x_ja,013,フォッコ,,C,C,https://www.pokemon-card.com/assets/images/card_images/large/XY1-Bx/030058_P_FOKKO.jpg,RARITY_CHANGE
293c2b5b-214e-4572-8398-840034e91c79,XYシリーズ,XY1-Bx,ポケモンカードゲームXY 拡張パック「コレクションX」,xy1x_ja,014,テールナー,,U,U,https://www.pokemon-card.com/assets/images/card_images/large/XY1-Bx/030059_P_TERUNA.jpg,RARITY_CHANGE
ec1e52a5-8f56-48c8-ab70-aff04c66aced,XYシリーズ,XY1-Bx,ポケモンカードゲームXY 拡張パック「コレクションX」,xy1x_ja,015,マフォクシー,,R,R,https://www.pokemon-card.com/assets/images/card_images/large/XY1-Bx/030060_P_MAFOKUSHI.jpg,RARITY_CHANGE
cf355e93-016e-4a46-805a-cc716d9cc79a,XYシリーズ,XY1-Bx,ポケモンカードゲームXY 拡張パック「コレクションX」,xy1x_ja,016,ヒトデマン,,C,C,https://www.pokemon-card.com/assets/images/card_images/large/XY1-Bx/030061_P_HITODEMAN.jpg,RARITY_CHANGE
80060cde-8063-442e-8b4e-ed8da1cd7b77,XYシリーズ,XY1-Bx,ポケモンカードゲームXY 拡張パック「コレクションX」,xy1x_ja,017,スターミー,,U,U,https://www.pokemon-card.com/assets/images/card_images/large/XY1-Bx/030062_P_SUTAMI.jpg,RARITY_CHANGE
2065ad22-b206-446e-a48b-d83919be7796,XYシリーズ,XY1-Bx,ポケモンカードゲームXY 拡張パック「コレクションX」,xy1x_ja,018,サニーゴ,,C,C,https://www.pokemon-card.com/assets/images/card_images/large/XY1-Bx/030063_P_SANIGO.jpg,RARITY_CHANGE
d11a4387-4003-4a6f-93bb-080c21e3794c,XYシリーズ,XY1-Bx,ポケモンカードゲームXY 拡張パック「コレクションX」,xy1x_ja,019,ケロマツ,,C,C,https://www.pokemon-card.com/assets/images/card_images/large/XY1-Bx/030064_P_KEROMATSU.jpg,RARITY_CHANGE
4eb1778b-810e-405f-a2de-d1e76eb788e1,XYシリーズ,XY1-Bx,ポケモンカードゲームXY 拡張パック「コレクションX」,xy1x_ja,020,ゲコガシラ,,U,U,https://www.pokemon-card.com/assets/images/card_images/large/XY1-Bx/030065_P_GEKOGASHIRA.jpg,RARITY_CHANGE
607cc2cd-d204-4246-95e0-6feb3072308d,XYシリーズ,XY1-Bx,ポケモンカードゲームXY 拡張パック「コレクションX」,xy1x_ja,021,ゲッコウガ,,R,R,https://www.pokemon-card.com/assets/images/card_images/large/XY1-Bx/030066_P_GEKKOUGA.jpg,RARITY_CHANGE
a075563d-dd49-4191-b320-41f3faf037b3,XYシリーズ,XY1-Bx,ポケモンカードゲームXY 拡張パック「コレクションX」,xy1x_ja,022,ピカチュウ,,C,C,https://www.pokemon-card.com/assets/images/card_images/large/XY1-Bx/030067_P_PIKACHUU.jpg,RARITY_CHANGE
0358322c-21ae-49a3-9ea5-49aded2d3217,XYシリーズ,XY1-Bx,ポケモンカードゲームXY 拡張パック「コレクションX」,xy1x_ja,023,ライチュウ,,R,R,https://www.pokemon-card.com/assets/images/card_images/large/XY1-Bx/030068_P_RAICHUU.jpg,RARITY_CHANGE
12a9a451-1217-40a0-9bd6-db38c2253a81,XYシリーズ,XY1-Bx,ポケモンカードゲームXY 拡張パック「コレクションX」,xy1x_ja,024,アーボ,,C,C,https://www.pokemon-card.com/assets/images/card_images/large/XY1-Bx/030069_P_ABO.jpg,RARITY_CHANGE
f4007613-2f05-4e90-9fa8-478c89418aad,XYシリーズ,XY1-Bx,ポケモンカードゲームXY 拡張パック「コレクションX」,xy1x_ja,025,アーボック,,U,U,https://www.pokemon-card.com/assets/images/card_images/large/XY1-Bx/030070_P_ABOKKU.jpg,RARITY_CHANGE
7255bf75-5712-4383-a03d-3cb437d827e9,XYシリーズ,XY1-Bx,ポケモンカードゲームXY 拡張パック「コレクションX」,xy1x_ja,026,バネブー,,C,C,https://www.pokemon-card.com/assets/images/card_images/large/XY1-Bx/030071_P_BANEBU.jpg,RARITY_CHANGE
c8efadcb-decb-4109-8f3b-8f6b0ad829ed,XYシリーズ,XY1-Bx,ポケモンカードゲームXY 拡張パック「コレクションX」,xy1x_ja,027,ブーピッグ,,C,C,https://www.pokemon-card.com/assets/images/card_images/large/XY1-Bx/030072_P_BUPIGGU.jpg,RARITY_CHANGE
7d575457-270e-47f4-b4a7-3b1e6f8339c2,XYシリーズ,XY1-Bx,ポケモンカードゲームXY 拡張パック「コレクションX」,xy1x_ja,028,ボクレー,,C,C,https://www.pokemon-card.com/assets/images/card_images/large/XY1-Bx/030073_P_BOKURE.jpg,RARITY_CHANGE
b4122170-d298-43eb-9f3d-f0d07f457957,XYシリーズ,XY1-Bx,ポケモンカードゲームXY 拡張パック「コレクションX」,xy1x_ja,029,オーロット,,R,R,https://www.pokemon-card.com/assets/images/card_images/large/XY1-Bx/030074_P_OROTTO.jpg,RARITY_CHANGE
dd4f6d10-a317-4954-a1d5-acecd64cd461,XYシリーズ,XY1-Bx,ポケモンカードゲームXY 拡張パック「コレクションX」,xy1x_ja,030,ルナトーン,,C,C,https://www.pokemon-card.com/assets/images/card_images/large/XY1-Bx/030075_P_RUNATON.jpg,RARITY_CHANGE
09112083-bb3c-4e16-86d8-c8bd20dac1c7,XYシリーズ,XY1-Bx,ポケモンカードゲームXY 拡張パック「コレクションX」,xy1x_ja,031,ドッコラー,,C,C,https://www.pokemon-card.com/assets/images/card_images/large/XY1-Bx/030076_P_DOKKORA.jpg,RARITY_CHANGE
99ca9ede-0c7e-45e9-b21e-47256f8a2abe,XYシリーズ,XY1-Bx,ポケモンカードゲームXY 拡張パック「コレクションX」,xy1x_ja,032,ドテッコツ,,C,C,https://www.pokemon-card.com/assets/images/card_images/large/XY1-Bx/030077_P_DOTEKKOTSU.jpg,RARITY_CHANGE
7cf083f3-6e40-47db-9a82-b7b1d641ce40,XYシリーズ,XY1-Bx,ポケモンカードゲームXY 拡張パック「コレクションX」,xy1x_ja,033,ローブシン,,U,U,https://www.pokemon-card.com/assets/images/card_images/large/XY1-Bx/030078_P_ROBUSHIN.jpg,RARITY_CHANGE
3498eead-bb83-4c12-affd-cce97769a2a4,XYシリーズ,XY1-Bx,ポケモンカードゲームXY 拡張パック「コレクションX」,xy1x_ja,034,メグロコ,,C,C,https://www.pokemon-card.com/assets/images/card_images/large/XY1-Bx/030079_P_MEGUROKO.jpg,RARITY_CHANGE
f6de1fd2-3293-4fa6-92c5-66c28492dabb,XYシリーズ,XY1-Bx,ポケモンカードゲームXY 拡張パック「コレクションX」,xy1x_ja,035,ワルビル,,C,C,https://www.pokemon-card.com/assets/images/card_images/large/XY1-Bx/030080_P_WARUBIRU.jpg,RARITY_CHANGE
fe91bb51-c3cb-4739-9ff6-9165d5b183ca,XYシリーズ,XY1-Bx,ポケモンカードゲームXY 拡張パック「コレクションX」,xy1x_ja,036,ワルビアル,,U,U,https://www.pokemon-card.com/assets/images/card_images/large/XY1-Bx/030081_P_WARUBIARU.jpg,RARITY_CHANGE
ccb8ed01-e844-4b8c-9673-e219292a2f7a,XYシリーズ,XY1-Bx,ポケモンカードゲームXY 拡張パック「コレクションX」,xy1x_ja,037,ゾロア,,C,C,https://www.pokemon-card.com/assets/images/card_images/large/XY1-Bx/030082_P_ZOROA.jpg,RARITY_CHANGE
223751a4-9270-4339-8d8b-758c9268e24b,XYシリーズ,XY1-Bx,ポケモンカードゲームXY 拡張パック「コレクションX」,xy1x_ja,038,ゾロアーク,,R,R,https://www.pokemon-card.com/assets/images/card_images/large/XY1-Bx/030083_P_ZOROAKU.jpg,RARITY_CHANGE
d039d2f1-5c28-4557-bb3a-fe606f48a049,XYシリーズ,XY1-Bx,ポケモンカードゲームXY 拡張パック「コレクションX」,xy1x_ja,039,エアームドEX,,RR,RR,https://www.pokemon-card.com/assets/images/card_images/large/XY1-Bx/030084_P_EAMUDOEX.jpg,RARITY_CHANGE
7ace565c-d71c-4c63-9848-56e35eac377a,XYシリーズ,XY1-Bx,ポケモンカードゲームXY 拡張パック「コレクションX」,xy1x_ja,040,コマタナ,,C,C,https://www.pokemon-card.com/assets/images/card_images/large/XY1-Bx/030085_P_KOMATANA.jpg,RARITY_CHANGE
3c14a7d5-43b3-4337-bf73-f1e8487bba47,XYシリーズ,XY1-Bx,ポケモンカードゲームXY 拡張パック「コレクションX」,xy1x_ja,041,キリキザン,,U,U,https://www.pokemon-card.com/assets/images/card_images/large/XY1-Bx/030086_P_KIRIKIZAN.jpg,RARITY_CHANGE
3393816d-ecfc-4aff-bf78-8c5db0d43cf5,XYシリーズ,XY1-Bx,ポケモンカードゲームXY 拡張パック「コレクションX」,xy1x_ja,042,ペロッパフ,,C,C,https://www.pokemon-card.com/assets/images/card_images/large/XY1-Bx/030087_P_PEROPPAFU.jpg,RARITY_CHANGE
f3556e42-3062-4792-8cc0-df52bae35e45,XYシリーズ,XY1-Bx,ポケモンカードゲームXY 拡張パック「コレクションX」,xy1x_ja,043,ペロリーム,,R,R,https://www.pokemon-card.com/assets/images/card_images/large/XY1-Bx/030088_P_PERORIMU.jpg,RARITY_CHANGE
8f5f3c0f-6553-4b5d-a1ab-404ad6e1c3e9,XYシリーズ,XY1-Bx,ポケモンカードゲームXY 拡張パック「コレクションX」,xy1x_ja,044,ゼルネアスEX,,RR,RR,https://www.pokemon-card.com/assets/images/card_images/large/XY1-Bx/030089_P_ZERUNEASUEX.jpg,RARITY_CHANGE
57839d43-1209-4edf-8419-ec5c63e10643,XYシリーズ,XY1-Bx,ポケモンカードゲームXY 拡張パック「コレクションX」,xy1x_ja,045,ケンタロス,,U,U,https://www.pokemon-card.com/assets/images/card_images/large/XY1-Bx/030090_P_KENTAROSU.jpg,RARITY_CHANGE
5f0c24e0-b7af-4420-acb0-238a7a98b1ce,XYシリーズ,XY1-Bx,ポケモンカードゲームXY 拡張パック「コレクションX」,xy1x_ja,046,ノコッチ,,C,C,https://www.pokemon-card.com/assets/images/card_images/large/XY1-Bx/030091_P_NOKOCCHI.jpg,RARITY_CHANGE
499ebbf4-3d69-4cb2-afc7-c543149b8128,XYシリーズ,XY1-Bx,ポケモンカードゲームXY 拡張パック「コレクションX」,xy1x_ja,047,スバメ,,C,C,https://www.pokemon-card.com/assets/images/card_images/large/XY1-Bx/030092_P_SUBAME.jpg,RARITY_CHANGE
3b00307d-79b7-4d22-9b61-6580f6e8fa99,XYシリーズ,XY1-Bx,ポケモンカードゲームXY 拡張パック「コレクションX」,xy1x_ja,048,オオスバメ,,U,U,https://www.pokemon-card.com/assets/images/card_images/large/XY1-Bx/030093_P_OOSUBAME.jpg,RARITY_CHANGE
c12e9024-7a6f-40f7-a36a-d8c2ae321a84,XYシリーズ,XY1-Bx,ポケモンカードゲームXY 拡張パック「コレクションX」,xy1x_ja,049,ヨーテリー,,C,C,https://www.pokemon-card.com/assets/images/card_images/large/XY1-Bx/030094_P_YOTERI.jpg,RARITY_CHANGE
c61823a0-0be0-4e58-9aa3-d026b5c8bb89,XYシリーズ,XY1-Bx,ポケモンカードゲームXY 拡張パック「コレクションX」,xy1x_ja,050,ハーデリア,,C,C,https://www.pokemon-card.com/assets/images/card_images/large/XY1-Bx/030095_P_HADERIA.jpg,RARITY_CHANGE
df11663f-9572-4716-8287-38f470a32686,XYシリーズ,XY1-Bx,ポケモンカードゲームXY 拡張パック「コレクションX」,xy1x_ja,051,ムーランド,,U,U,https://www.pokemon-card.com/assets/images/card_images/large/XY1-Bx/030096_P_MURANDO.jpg,RARITY_CHANGE
42eaf209-6690-47f4-999e-c25f1adc5cce,XYシリーズ,XY1-Bx,ポケモンカードゲームXY 拡張パック「コレクションX」,xy1x_ja,052,ホルビー,,C,C,https://www.pokemon-card.com/assets/images/card_images/large/XY1-Bx/030097_P_HORUBI.jpg,RARITY_CHANGE
337dccb1-85b9-4c3c-87ce-8bb88c65aab1,XYシリーズ,XY1-Bx,ポケモンカードゲームXY 拡張パック「コレクションX」,xy1x_ja,053,ホルード,,U,U,https://www.pokemon-card.com/assets/images/card_images/large/XY1-Bx/030098_P_HORUDO.jpg,RARITY_CHANGE
09f7b6f5-8c33-414c-91da-9d702d924a55,XYシリーズ,XY1-Bx,ポケモンカードゲームXY 拡張パック「コレクションX」,xy1x_ja,054,げんきのかたまり,,U,U,https://www.pokemon-card.com/assets/images/card_images/large/XY1-Bx/030099_T_GENKINOKATAMARI.jpg,RARITY_CHANGE
b128596b-8d69-4428-8917-fe0192372a2b,XYシリーズ,XY1-Bx,ポケモンカードゲームXY 拡張パック「コレクションX」,xy1x_ja,055,シンカソーダ,,U,U,https://www.pokemon-card.com/assets/images/card_images/large/XY1-Bx/030100_T_SHINKASODA.jpg,RARITY_CHANGE
b2bc6dbb-dc2a-468a-85eb-968bee362357,XYシリーズ,XY1-Bx,ポケモンカードゲームXY 拡張パック「コレクションX」,xy1x_ja,056,ローラースケート,,U,U,https://www.pokemon-card.com/assets/images/card_images/large/XY1-Bx/030101_T_RORASUKETO.jpg,RARITY_CHANGE
49017f68-957a-41f4-b6f6-170dd0e165df,XYシリーズ,XY1-Bx,ポケモンカードゲームXY 拡張パック「コレクションX」,xy1x_ja,057,ちからのハチマキ,,U,U,https://www.pokemon-card.com/assets/images/card_images/large/XY1-Bx/030102_T_CHIKARANOHACHIMAKI.jpg,RARITY_CHANGE
c61cab56-3e26-44f3-be57-8783cea8796a,XYシリーズ,XY1-Bx,ポケモンカードゲームXY 拡張パック「コレクションX」,xy1x_ja,058,プラターヌ博士,,U,U,https://www.pokemon-card.com/assets/images/card_images/large/XY1-Bx/030103_T_PURATANUHAKASE.jpg,RARITY_CHANGE
95321b03-8a92-4183-bbac-ca8557d8491a,XYシリーズ,XY1-Bx,ポケモンカードゲームXY 拡張パック「コレクションX」,xy1x_ja,059,フレア団のしたっぱ,,U,U,https://www.pokemon-card.com/assets/images/card_images/large/XY1-Bx/030104_T_FUREADANNOSHITAPPA.jpg,RARITY_CHANGE
17dc9434-7f2f-4134-9dff-47d2d9103c82,XYシリーズ,XY1-Bx,ポケモンカードゲームXY 拡張パック「コレクションX」,xy1x_ja,060,レインボーエネルギー,,U,U,https://www.pokemon-card.com/assets/images/card_images/large/XY1-Bx/030105_E_REINBOENERUGI.jpg,RARITY_CHANGE
04a59150-cba4-4e18-8fa4-59e7e48b6847,XYシリーズ,XY1-Bx,ポケモンカードゲームXY 拡張パック「コレクションX」,xy1x_ja,061,フシギバナEX,,SR,SR,https://www.pokemon-card.com/assets/images/card_images/large/XY1-Bx/035758_P_FUSHIGIBANAEX.jpg,RARITY_CHANGE
b7c6a72d-26f5-4695-84f3-a28c84263920,XYシリーズ,XY1-Bx,ポケモンカードゲームXY 拡張パック「コレクションX」,xy1x_ja,062,エアームドEX,,SR,SR,https://www.pokemon-card.com/assets/images/card_images/large/XY1-Bx/035759_P_EAMUDOEX.jpg,RARITY_CHANGE
027ca213-3a20-4557-9fdc-76de0f2aae85,XYシリーズ,XY1-Bx,ポケモンカードゲームXY 拡張パック「コレクションX」,xy1x_ja,063,ゼルネアスEX,,SR,SR,https://www.pokemon-card.com/assets/images/card_images/large/XY1-Bx/035760_P_ZERUNEASUEX.jpg,RARITY_CHANGE
1a64b7df-c94c-4413-9829-62dc188c2ac3,XYシリーズ,XY1-By,ポケモンカードゲームXY 拡張パック「コレクションY」,xy1y_ja,001,ビードル,,C,C,https://www.pokemon-card.com/assets/images/card_images/large/XY1-By/030106_P_BIDORU.jpg,RARITY_CHANGE
67b20a87-53c4-4140-b562-ab526a4d4db9,XYシリーズ,XY1-By,ポケモンカードゲームXY 拡張パック「コレクションY」,xy1y_ja,002,コクーン,,C,C,https://www.pokemon-card.com/assets/images/card_images/large/XY1-By/030107_P_KOKUN.jpg,RARITY_CHANGE
56e96fb7-5be6-477d-99bd-5ea87a960865,XYシリーズ,XY1-By,ポケモンカードゲームXY 拡張パック「コレクションY」,xy1y_ja,003,スピアー,,U,U,https://www.pokemon-card.com/assets/images/card_images/large/XY1-By/030108_P_SUPIA.jpg,RARITY_CHANGE
0e36293a-ff55-4f66-8fbf-e08adff59c99,XYシリーズ,XY1-By,ポケモンカードゲームXY 拡張パック「コレクションY」,xy1y_ja,004,レディバ,,C,C,https://www.pokemon-card.com/assets/images/card_images/large/XY1-By/030109_P_REDEIBA.jpg,RARITY_CHANGE
8a208e38-5469-48c0-b1c4-093ead914777,XYシリーズ,XY1-By,ポケモンカードゲームXY 拡張パック「コレクションY」,xy1y_ja,005,レディアン,,U,U,https://www.pokemon-card.com/assets/images/card_images/large/XY1-By/030110_P_REDEIAN.jpg,RARITY_CHANGE
a4f9f9f5-9030-44a6-819a-c9c28b74e8c7,XYシリーズ,XY1-By,ポケモンカードゲームXY 拡張パック「コレクションY」,xy1y_ja,006,イルミーゼ,,C,C,https://www.pokemon-card.com/assets/images/card_images/large/XY1-By/030111_P_IRUMIZE.jpg,RARITY_CHANGE
7943b649-f8cd-42ce-bec3-520e466d198f,XYシリーズ,XY1-By,ポケモンカードゲームXY 拡張パック「コレクションY」,xy1y_ja,007,ハリマロン,,C,C,https://www.pokemon-card.com/assets/images/card_images/large/XY1-By/030112_P_HARIMARON.jpg,RARITY_CHANGE
1d10b87a-afef-445e-a382-78259da1f531,XYシリーズ,XY1-By,ポケモンカードゲームXY 拡張パック「コレクションY」,xy1y_ja,008,ハリボーグ,,U,U,https://www.pokemon-card.com/assets/images/card_images/large/XY1-By/030113_P_HARIBOGU.jpg,RARITY_CHANGE
09f8829c-1737-458e-b9e1-56c9b88ca564,XYシリーズ,XY1-By,ポケモンカードゲームXY 拡張パック「コレクションY」,xy1y_ja,009,ブリガロン,,R,R,https://www.pokemon-card.com/assets/images/card_images/large/XY1-By/030114_P_BURIGARON.jpg,RARITY_CHANGE
b21e9964-31af-4b73-93a1-15983169ee85,XYシリーズ,XY1-By,ポケモンカードゲームXY 拡張パック「コレクションY」,xy1y_ja,010,バオップ,,C,C,https://www.pokemon-card.com/assets/images/card_images/large/XY1-By/030115_P_BAOPPU.jpg,RARITY_CHANGE
92704656-d8bb-4ff1-b3e0-d6d191f8a135,XYシリーズ,XY1-By,ポケモンカードゲームXY 拡張パック「コレクションY」,xy1y_ja,011,バオッキー,,C,C,https://www.pokemon-card.com/assets/images/card_images/large/XY1-By/030116_P_BAOKKI.jpg,RARITY_CHANGE
98e085a1-f4b6-4368-914e-23b4b362d7bc,XYシリーズ,XY1-By,ポケモンカードゲームXY 拡張パック「コレクションY」,xy1y_ja,012,ヒノヤコマ,,C,C,https://www.pokemon-card.com/assets/images/card_images/large/XY1-By/030117_P_HINOYAKOMA.jpg,RARITY_CHANGE
e02a4a7f-a022-45af-ab32-8f7e0e326d80,XYシリーズ,XY1-By,ポケモンカードゲームXY 拡張パック「コレクションY」,xy1y_ja,013,ファイアロー,,R,R,https://www.pokemon-card.com/assets/images/card_images/large/XY1-By/030118_P_FAIARO.jpg,RARITY_CHANGE
5744a07b-aab8-47a9-b6fb-bde5ec83f324,XYシリーズ,XY1-By,ポケモンカードゲームXY 拡張パック「コレクションY」,xy1y_ja,014,カメックスEX,,RR,RR,https://www.pokemon-card.com/assets/images/card_images/large/XY1-By/030119_P_KAMEKKUSUEX.jpg,RARITY_CHANGE
0987d953-b7ee-4019-a315-dfd106929ffe,XYシリーズ,XY1-By,ポケモンカードゲームXY 拡張パック「コレクションY」,xy1y_ja,015,megaカメックスEX,,RR,RR,https://www.pokemon-card.com/assets/images/card_images/large/XY1-By/030120_P_MKAMEKKUSUEX.jpg,RARITY_CHANGE
88e44183-259d-44f5-90e7-de6b50ed19e6,XYシリーズ,XY1-By,ポケモンカードゲームXY 拡張パック「コレクションY」,xy1y_ja,016,シェルダー,,C,C,https://www.pokemon-card.com/assets/images/card_images/large/XY1-By/030121_P_SHIERUDA.jpg,RARITY_CHANGE
77c9ce11-4606-4acc-a201-caf1e9df3337,XYシリーズ,XY1-By,ポケモンカードゲームXY 拡張パック「コレクションY」,xy1y_ja,017,パルシェン,,U,U,https://www.pokemon-card.com/assets/images/card_images/large/XY1-By/030122_P_PARUSHIEN.jpg,RARITY_CHANGE
25f25ee6-c8ed-4ff0-96c3-36ca1c12bf8e,XYシリーズ,XY1-By,ポケモンカードゲームXY 拡張パック「コレクションY」,xy1y_ja,018,ラプラス,,R,R,https://www.pokemon-card.com/assets/images/card_images/large/XY1-By/030123_P_RAPURASU.jpg,RARITY_CHANGE
a7aec0ae-d375-4c98-b7e6-241eabb22906,XYシリーズ,XY1-By,ポケモンカードゲームXY 拡張パック「コレクションY」,xy1y_ja,019,ヒヤップ,,C,C,https://www.pokemon-card.com/assets/images/card_images/large/XY1-By/030124_P_HIYAPPU.jpg,RARITY_CHANGE
56cc9da5-6257-429f-95cb-3204cd72bca0,XYシリーズ,XY1-By,ポケモンカードゲームXY 拡張パック「コレクションY」,xy1y_ja,020,ヒヤッキー,,C,C,https://www.pokemon-card.com/assets/images/card_images/large/XY1-By/030125_P_HIYAKKI.jpg,RARITY_CHANGE
96e84404-d878-4695-a476-31b75974be52,XYシリーズ,XY1-By,ポケモンカードゲームXY 拡張パック「コレクションY」,xy1y_ja,021,ビリリダマ,,C,C,https://www.pokemon-card.com/assets/images/card_images/large/XY1-By/030126_P_BIRIRIDAMA.jpg,RARITY_CHANGE
5ceddf0f-9973-4ffd-ab3e-0a71d2d47c48,XYシリーズ,XY1-By,ポケモンカードゲームXY 拡張パック「コレクションY」,xy1y_ja,022,マルマイン,,C,C,https://www.pokemon-card.com/assets/images/card_images/large/XY1-By/030127_P_MARUMAIN.jpg,RARITY_CHANGE
f3c7232c-f9b7-42c5-8a14-978621fb27db,XYシリーズ,XY1-By,ポケモンカードゲームXY 拡張パック「コレクションY」,xy1y_ja,023,エモンガEX,,RR,RR,https://www.pokemon-card.com/assets/images/card_images/large/XY1-By/030128_P_EMONGAEX.jpg,RARITY_CHANGE
c03a10ba-9101-4c14-9259-05951aef2f06,XYシリーズ,XY1-By,ポケモンカードゲームXY 拡張パック「コレクションY」,xy1y_ja,024,フシデ,,C,C,https://www.pokemon-card.com/assets/images/card_images/large/XY1-By/030129_P_FUSHIDE.jpg,RARITY_CHANGE
0467f008-23ff-4570-94f1-20478d46c82c,XYシリーズ,XY1-By,ポケモンカードゲームXY 拡張パック「コレクションY」,xy1y_ja,025,ホイーガ,,C,C,https://www.pokemon-card.com/assets/images/card_images/large/XY1-By/030130_P_HOIGA.jpg,RARITY_CHANGE
08177024-e5b1-48b5-92fe-c36d7f272448,XYシリーズ,XY1-By,ポケモンカードゲームXY 拡張パック「コレクションY」,xy1y_ja,026,ペンドラー,,U,U,https://www.pokemon-card.com/assets/images/card_images/large/XY1-By/030131_P_PENDORA.jpg,RARITY_CHANGE
25630fc3-8695-4300-9d37-f699dbff4d08,XYシリーズ,XY1-By,ポケモンカードゲームXY 拡張パック「コレクションY」,xy1y_ja,027,バケッチャ,,C,C,https://www.pokemon-card.com/assets/images/card_images/large/XY1-By/030132_P_BAKECCHA.jpg,RARITY_CHANGE
f50d724f-0a6b-4f2b-b094-c00ebf4b1ba3,XYシリーズ,XY1-By,ポケモンカードゲームXY 拡張パック「コレクションY」,xy1y_ja,028,パンプジン,,R,R,https://www.pokemon-card.com/assets/images/card_images/large/XY1-By/030133_P_PANPUJIN.jpg,RARITY_CHANGE
c9666459-a5e9-4d45-a7e4-7107832ff176,XYシリーズ,XY1-By,ポケモンカードゲームXY 拡張パック「コレクションY」,xy1y_ja,029,ディグダ,,C,C,https://www.pokemon-card.com/assets/images/card_images/large/XY1-By/030134_P_DEIGUDA.jpg,RARITY_CHANGE
fe25da61-d98d-4e0a-a050-9181d39a3789,XYシリーズ,XY1-By,ポケモンカードゲームXY 拡張パック「コレクションY」,xy1y_ja,030,ダグトリオ,,U,U,https://www.pokemon-card.com/assets/images/card_images/large/XY1-By/030135_P_DAGUTORIO.jpg,RARITY_CHANGE
311178f1-2e5f-4716-a958-558a776723b5,XYシリーズ,XY1-By,ポケモンカードゲームXY 拡張パック「コレクションY」,xy1y_ja,031,サイホーン,,C,C,https://www.pokemon-card.com/assets/images/card_images/large/XY1-By/030136_P_SAIHON.jpg,RARITY_CHANGE
25242f85-64ca-4049-8b77-752cdc4f7414,XYシリーズ,XY1-By,ポケモンカードゲームXY 拡張パック「コレクションY」,xy1y_ja,032,サイドン,,U,U,https://www.pokemon-card.com/assets/images/card_images/large/XY1-By/030137_P_SAIDON.jpg,RARITY_CHANGE
13939ae3-6455-4558-b0b0-6ba12b7601c3,XYシリーズ,XY1-By,ポケモンカードゲームXY 拡張パック「コレクションY」,xy1y_ja,033,ドサイドン,,R,R,https://www.pokemon-card.com/assets/images/card_images/large/XY1-By/030138_P_DOSAIDON.jpg,RARITY_CHANGE
ec41090f-9dad-4689-bf55-b4ba1f4ee318,XYシリーズ,XY1-By,ポケモンカードゲームXY 拡張パック「コレクションY」,xy1y_ja,034,ソルロック,,C,C,https://www.pokemon-card.com/assets/images/card_images/large/XY1-By/030139_P_SORUROKKU.jpg,RARITY_CHANGE
9311e026-49e0-40e1-8549-0cd55c28c46a,XYシリーズ,XY1-By,ポケモンカードゲームXY 拡張パック「コレクションY」,xy1y_ja,035,マーイーカ,,C,C,https://www.pokemon-card.com/assets/images/card_images/large/XY1-By/030140_P_MAIKA.jpg,RARITY_CHANGE
12fabecf-1893-4bde-a79c-b1edb0b1b26d,XYシリーズ,XY1-By,ポケモンカードゲームXY 拡張パック「コレクションY」,xy1y_ja,036,カラマネロ,,U,U,https://www.pokemon-card.com/assets/images/card_images/large/XY1-By/030141_P_KARAMANERO.jpg,RARITY_CHANGE
039e4847-0564-490e-bacf-2a1178efedc9,XYシリーズ,XY1-By,ポケモンカードゲームXY 拡張パック「コレクションY」,xy1y_ja,037,イベルタルEX,,RR,RR,https://www.pokemon-card.com/assets/images/card_images/large/XY1-By/030142_P_IBERUTARUEX.jpg,RARITY_CHANGE
4f134fc2-a350-4fc1-9d63-4b1f65eba528,XYシリーズ,XY1-By,ポケモンカードゲームXY 拡張パック「コレクションY」,xy1y_ja,038,ヒトツキ,,C,C,https://www.pokemon-card.com/assets/images/card_images/large/XY1-By/030143_P_HITOTSUKI.jpg,RARITY_CHANGE
9ae50ad7-6e6e-42eb-a756-5c6fe04d9e0f,XYシリーズ,XY1-By,ポケモンカードゲームXY 拡張パック「コレクションY」,xy1y_ja,039,ニダンギル,,C,C,https://www.pokemon-card.com/assets/images/card_images/large/XY1-By/030144_P_NIDANGIRU.jpg,RARITY_CHANGE
7a4dd66c-1123-465c-8037-58d8b4dde24d,XYシリーズ,XY10-B,ポケモンカードゲームXY BREAK 拡張パック「めざめる超王」,xy10_ja,077,ロケット団の工作,,U,U,https://www.pokemon-card.com/assets/images/card_images/large/XY10-B/031811_T_ROKETTODANNOKOUSAKU.jpg,RARITY_CHANGE
bba21dec-9403-48c9-b257-2bff9f505d12,XYシリーズ,XY10-B,ポケモンカードゲームXY BREAK 拡張パック「めざめる超王」,xy10_ja,078,カオスタワー,,U,U,https://www.pokemon-card.com/assets/images/card_images/large/XY10-B/031812_T_KAOSUTAWA.jpg,RARITY_CHANGE
b5858ce7-57c8-49c5-a5f9-48f8d4b1e57e,XYシリーズ,XY1-By,ポケモンカードゲームXY 拡張パック「コレクションY」,xy1y_ja,046,ドードー,,C,C,https://www.pokemon-card.com/assets/images/card_images/large/XY1-By/030151_P_DODO.jpg,RARITY_CHANGE
31f792d8-b21c-4633-826f-ebdbb08ef28c,XYシリーズ,XY1-By,ポケモンカードゲームXY 拡張パック「コレクションY」,xy1y_ja,047,ドードリオ,,C,C,https://www.pokemon-card.com/assets/images/card_images/large/XY1-By/030152_P_DODORIO.jpg,RARITY_CHANGE
bf314a2d-c1c2-4d22-a754-7aa9c727849a,XYシリーズ,XY1-By,ポケモンカードゲームXY 拡張パック「コレクションY」,xy1y_ja,048,エネコ,,C,C,https://www.pokemon-card.com/assets/images/card_images/large/XY1-By/030153_P_ENEKO.jpg,RARITY_CHANGE
e7bbbe2d-966b-462e-a6a7-c4a7d74337e4,XYシリーズ,XY1-By,ポケモンカードゲームXY 拡張パック「コレクションY」,xy1y_ja,049,エネコロロ,,U,U,https://www.pokemon-card.com/assets/images/card_images/large/XY1-By/030154_P_ENEKORORO.jpg,RARITY_CHANGE
b7d8ffe6-f928-41ec-83da-a16ed19e4ae2,XYシリーズ,XY1-By,ポケモンカードゲームXY 拡張パック「コレクションY」,xy1y_ja,050,ビッパ,,C,C,https://www.pokemon-card.com/assets/images/card_images/large/XY1-By/030155_P_BIPPA.jpg,RARITY_CHANGE
4ad8e993-7677-4a04-936e-90d5a1ee7a64,XYシリーズ,XY1-By,ポケモンカードゲームXY 拡張パック「コレクションY」,xy1y_ja,051,ビーダル,,C,C,https://www.pokemon-card.com/assets/images/card_images/large/XY1-By/030156_P_BIDARU.jpg,RARITY_CHANGE
c590c614-f3d7-480e-abab-be96a62c9b6b,XYシリーズ,XY1-By,ポケモンカードゲームXY 拡張パック「コレクションY」,xy1y_ja,052,ヤヤコマ,,C,C,https://www.pokemon-card.com/assets/images/card_images/large/XY1-By/030157_P_YAYAKOMA.jpg,RARITY_CHANGE
3d57642a-ac65-4a69-ad1c-3db3b1df4e1f,XYシリーズ,XY1-By,ポケモンカードゲームXY 拡張パック「コレクションY」,xy1y_ja,053,トリミアン,,R,R,https://www.pokemon-card.com/assets/images/card_images/large/XY1-By/030158_P_TORIMIAN.jpg,RARITY_CHANGE
910cd1bc-b951-49a2-a977-ffae67783291,XYシリーズ,XY1-By,ポケモンカードゲームXY 拡張パック「コレクションY」,xy1y_ja,054,いいきずぐすり,,U,U,https://www.pokemon-card.com/assets/images/card_images/large/XY1-By/030159_T_IIKIZUGUSURI.jpg,RARITY_CHANGE
0bf3d2d8-855b-4ad4-8033-a11aebbc64b0,XYシリーズ,XY1-By,ポケモンカードゲームXY 拡張パック「コレクションY」,xy1y_ja,055,はかせのてがみ,,U,U,https://www.pokemon-card.com/assets/images/card_images/large/XY1-By/030160_T_HAKASENOTEGAMI.jpg,RARITY_CHANGE
ee4ddd34-3892-4ff7-82df-070b2b78e4aa,XYシリーズ,XY1-By,ポケモンカードゲームXY 拡張パック「コレクションY」,xy1y_ja,056,レッドカード,,U,U,https://www.pokemon-card.com/assets/images/card_images/large/XY1-By/030161_T_REDDOKADO.jpg,RARITY_CHANGE
f66ba103-c679-4df5-85a9-3b32f63d1428,XYシリーズ,XY1-By,ポケモンカードゲームXY 拡張パック「コレクションY」,xy1y_ja,057,かたいおまもり,,U,U,https://www.pokemon-card.com/assets/images/card_images/large/XY1-By/030162_T_KATAIOMAMORI.jpg,RARITY_CHANGE
ff5c7e1d-a935-404e-93bc-74b8553afd42,XYシリーズ,XY1-By,ポケモンカードゲームXY 拡張パック「コレクションY」,xy1y_ja,058,クロケア,,U,U,https://www.pokemon-card.com/assets/images/card_images/large/XY1-By/030163_T_KUROKEA.jpg,RARITY_CHANGE
7331694d-e44b-4fee-ba8d-6d993dbbd46b,XYシリーズ,XY1-By,ポケモンカードゲームXY 拡張パック「コレクションY」,xy1y_ja,059,ティエルノ,,U,U,https://www.pokemon-card.com/assets/images/card_images/large/XY1-By/030164_T_TEIERUNO.jpg,RARITY_CHANGE
d0a6f01f-a4cc-4488-a57e-0f98adaeaae7,XYシリーズ,XY1-By,ポケモンカードゲームXY 拡張パック「コレクションY」,xy1y_ja,060,ダブル無色エネルギー,,U,U,https://www.pokemon-card.com/assets/images/card_images/large/XY1-By/030165_E_DABURUMUSHOKUENERUGI.jpg,RARITY_CHANGE
9fef99ad-907b-4e0e-98ec-5824de7acfa7,XYシリーズ,XY1-By,ポケモンカードゲームXY 拡張パック「コレクションY」,xy1y_ja,061,カメックスEX,,SR,SR,https://www.pokemon-card.com/assets/images/card_images/large/XY1-By/035761_P_KAMEKKUSUEX.jpg,RARITY_CHANGE
8e2ea6db-7113-4559-af88-3afa19f1585c,XYシリーズ,XY1-By,ポケモンカードゲームXY 拡張パック「コレクションY」,xy1y_ja,062,エモンガEX,,SR,SR,https://www.pokemon-card.com/assets/images/card_images/large/XY1-By/035762_P_EMONGAEX.jpg,RARITY_CHANGE
6cd08fca-e835-491f-9be6-46a58c2c06ba,XYシリーズ,XY1-By,ポケモンカードゲームXY 拡張パック「コレクションY」,xy1y_ja,063,イベルタルEX,,SR,SR,https://www.pokemon-card.com/assets/images/card_images/large/XY1-By/035763_P_IBERUTARUEX.jpg,RARITY_CHANGE
0b871df2-b2f0-4ddc-b884-41c7d134a311,XYシリーズ,XY10-B,ポケモンカードゲームXY BREAK 拡張パック「めざめる超王」,xy10_ja,001,ツボツボ,,C,C,https://www.pokemon-card.com/assets/images/card_images/large/XY10-B/031735_P_TSUBOTSUBO.jpg,RARITY_CHANGE
e4cba116-34b0-404d-9969-e7557420abb6,XYシリーズ,XY10-B,ポケモンカードゲームXY BREAK 拡張パック「めざめる超王」,xy10_ja,002,ミノムッチ,,C,C,https://www.pokemon-card.com/assets/images/card_images/large/XY10-B/031736_P_MINOMUCCHI.jpg,RARITY_CHANGE
61872b0c-28d8-4186-b3d4-33c8cd581328,XYシリーズ,XY10-B,ポケモンカードゲームXY BREAK 拡張パック「めざめる超王」,xy10_ja,003,ミノマダム,,C,C,https://www.pokemon-card.com/assets/images/card_images/large/XY10-B/031737_P_MINOMADAMU.jpg,RARITY_CHANGE
8b423e42-17f1-441e-9abd-d27eda898ac7,XYシリーズ,XY10-B,ポケモンカードゲームXY BREAK 拡張パック「めざめる超王」,xy10_ja,004,ガーメイル,,U,U,https://www.pokemon-card.com/assets/images/card_images/large/XY10-B/031738_P_GAMEIRU.jpg,RARITY_CHANGE
47a60f6f-cda9-4069-aa7a-d8fb91ae0be4,XYシリーズ,XY10-B,ポケモンカードゲームXY BREAK 拡張パック「めざめる超王」,xy10_ja,005,ツタージャ,,C,C,https://www.pokemon-card.com/assets/images/card_images/large/XY10-B/031739_P_TSUTAJA.jpg,RARITY_CHANGE
961e9a3e-93ff-4e28-b247-03b7fff09bf4,XYシリーズ,XY10-B,ポケモンカードゲームXY BREAK 拡張パック「めざめる超王」,xy10_ja,006,ジャノビー,,C,C,https://www.pokemon-card.com/assets/images/card_images/large/XY10-B/031740_P_JANOBI.jpg,RARITY_CHANGE
0b956d98-1e7e-459d-80cc-a4fe7869d7ca,XYシリーズ,XY10-B,ポケモンカードゲームXY BREAK 拡張パック「めざめる超王」,xy10_ja,007,ジャローダ,,U,U,https://www.pokemon-card.com/assets/images/card_images/large/XY10-B/031741_P_JARODA.jpg,RARITY_CHANGE
b798b9fc-f94a-49ff-b55d-c706222dc268,XYシリーズ,XY10-B,ポケモンカードゲームXY BREAK 拡張パック「めざめる超王」,xy10_ja,008,ファイヤー,,U,U,https://www.pokemon-card.com/assets/images/card_images/large/XY10-B/031742_P_FAIYA.jpg,RARITY_CHANGE
f9b8cb54-d9c6-4d47-8cb7-63295c32fbf3,XYシリーズ,XY10-B,ポケモンカードゲームXY BREAK 拡張パック「めざめる超王」,xy10_ja,009,フォッコ,,C,C,https://www.pokemon-card.com/assets/images/card_images/large/XY10-B/031743_P_FOKKO.jpg,RARITY_CHANGE
fd8e4d1c-bcb3-4c6d-8db8-a7eb5d325587,XYシリーズ,XY10-B,ポケモンカードゲームXY BREAK 拡張パック「めざめる超王」,xy10_ja,010,テールナー,,C,C,https://www.pokemon-card.com/assets/images/card_images/large/XY10-B/031744_P_TERUNA.jpg,RARITY_CHANGE
7d34cb2c-f1fd-4a15-a683-2df28c2e0992,XYシリーズ,XY10-B,ポケモンカードゲームXY BREAK 拡張パック「めざめる超王」,xy10_ja,011,マフォクシー,,R,R,https://www.pokemon-card.com/assets/images/card_images/large/XY10-B/031745_P_MAFOKUSHI.jpg,RARITY_CHANGE
a51e3dc9-5c5c-49b3-a88a-f911fb68ee91,XYシリーズ,XY10-B,ポケモンカードゲームXY BREAK 拡張パック「めざめる超王」,xy10_ja,012,マフォクシーBREAK,,RR,RR,https://www.pokemon-card.com/assets/images/card_images/legend/XY10-B/031746_P_MAFOKUSHIBREAK.jpg,RARITY_CHANGE
289408f1-eff3-435c-b27c-2f43ff552686,XYシリーズ,XY10-B,ポケモンカードゲームXY BREAK 拡張パック「めざめる超王」,xy10_ja,013,パウワウ,,C,C,https://www.pokemon-card.com/assets/images/card_images/large/XY10-B/031747_P_PAUWAU.jpg,RARITY_CHANGE
98f7ee24-bff0-47c6-83df-3330db4dda4b,XYシリーズ,XY10-B,ポケモンカードゲームXY BREAK 拡張パック「めざめる超王」,xy10_ja,014,ジュゴン,,U,U,https://www.pokemon-card.com/assets/images/card_images/large/XY10-B/031748_P_JUGON.jpg,RARITY_CHANGE
1db9b122-d696-4620-81bf-6c707c33abf2,XYシリーズ,XY10-B,ポケモンカードゲームXY BREAK 拡張パック「めざめる超王」,xy10_ja,015,オムナイト,,C,C,https://www.pokemon-card.com/assets/images/card_images/large/XY10-B/031749_P_OMUNAITO.jpg,RARITY_CHANGE
67ca338f-9d5e-4fc1-9b3b-80c235ca83a5,XYシリーズ,XY10-B,ポケモンカードゲームXY BREAK 拡張パック「めざめる超王」,xy10_ja,016,オムスター,,U,U,https://www.pokemon-card.com/assets/images/card_images/large/XY10-B/031750_P_OMUSUTA.jpg,RARITY_CHANGE
c556295c-d275-4909-8f3c-50e8ca04b852,XYシリーズ,XY10-B,ポケモンカードゲームXY BREAK 拡張パック「めざめる超王」,xy10_ja,017,オムスターBREAK,,RR,RR,https://www.pokemon-card.com/assets/images/card_images/legend/XY10-B/031751_P_OMUSUTABREAK.jpg,RARITY_CHANGE
7d024995-d6dc-45b6-9a1c-209e82d3e2f3,XYシリーズ,XY10-B,ポケモンカードゲームXY BREAK 拡張パック「めざめる超王」,xy10_ja,018,グレイシアEX,,RR,RR,https://www.pokemon-card.com/assets/images/card_images/large/XY10-B/031752_P_GUREISHIAEX.jpg,RARITY_CHANGE
888d3172-8476-47d3-af53-18a250ca05ec,XYシリーズ,XY10-B,ポケモンカードゲームXY BREAK 拡張パック「めざめる超王」,xy10_ja,019,ホワイトキュレム,,R,R,https://www.pokemon-card.com/assets/images/card_images/large/XY10-B/031753_P_HOWAITOKYUREMU.jpg,RARITY_CHANGE
4216d0c8-421c-48e5-80ad-eeb4471533b6,XYシリーズ,XY10-B,ポケモンカードゲームXY BREAK 拡張パック「めざめる超王」,xy10_ja,020,カメテテ,,C,C,https://www.pokemon-card.com/assets/images/card_images/large/XY10-B/031754_P_KAMETETE.jpg,RARITY_CHANGE
ac697541-0c0d-45f4-82fd-5adaf28ca969,XYシリーズ,XY10-B,ポケモンカードゲームXY BREAK 拡張パック「めざめる超王」,xy10_ja,021,ガメノデス,,C,C,https://www.pokemon-card.com/assets/images/card_images/large/XY10-B/031755_P_GAMENODESU.jpg,RARITY_CHANGE
6a572c28-9492-46c2-a308-92928df896ab,XYシリーズ,XY10-B,ポケモンカードゲームXY BREAK 拡張パック「めざめる超王」,xy10_ja,022,ロトム,,U,U,https://www.pokemon-card.com/assets/images/card_images/large/XY10-B/031756_P_ROTOMU.jpg,RARITY_CHANGE
c80f691a-7cd4-4d4e-9700-602aaabf4955,XYシリーズ,XY10-B,ポケモンカードゲームXY BREAK 拡張パック「めざめる超王」,xy10_ja,023,フーディンEX,,RR,RR,https://www.pokemon-card.com/assets/images/card_images/large/XY10-B/031757_P_FUDEINEX.jpg,RARITY_CHANGE
812b59ca-3087-4ed2-a558-995a5af0934a,XYシリーズ,XY10-B,ポケモンカードゲームXY BREAK 拡張パック「めざめる超王」,xy10_ja,024,megaフーディンEX,,RR,RR,https://www.pokemon-card.com/assets/images/card_images/large/XY10-B/031758_P_MFUDEINEX.jpg,RARITY_CHANGE
200bcf10-164f-4679-94cd-043f21018cbd,XYシリーズ,XY10-B,ポケモンカードゲームXY BREAK 拡張パック「めざめる超王」,xy10_ja,025,ドガース,,C,C,https://www.pokemon-card.com/assets/images/card_images/large/XY10-B/031759_P_DOGASU.jpg,RARITY_CHANGE
e6c24654-58a1-489e-b39b-a5f692a19ad2,XYシリーズ,XY10-B,ポケモンカードゲームXY BREAK 拡張パック「めざめる超王」,xy10_ja,026,マタドガス,,C,C,https://www.pokemon-card.com/assets/images/card_images/large/XY10-B/031760_P_MATADOGASU.jpg,RARITY_CHANGE
1b0f6fef-5170-4abb-975f-eb5b8f4e4249,XYシリーズ,XY10-B,ポケモンカードゲームXY BREAK 拡張パック「めざめる超王」,xy10_ja,027,ミュウ,,R,R,https://www.pokemon-card.com/assets/images/card_images/large/XY10-B/031761_P_MYUU.jpg,RARITY_CHANGE
e470a578-e85f-4a61-afa6-0746fdd1f68e,XYシリーズ,XY10-B,ポケモンカードゲームXY BREAK 拡張パック「めざめる超王」,xy10_ja,028,バネブー,,C,C,https://www.pokemon-card.com/assets/images/card_images/large/XY10-B/031762_P_BANEBU.jpg,RARITY_CHANGE
785127d4-4d21-4733-80a4-eab1a070c9ed,XYシリーズ,XY10-B,ポケモンカードゲームXY BREAK 拡張パック「めざめる超王」,xy10_ja,029,ブーピッグ,,C,C,https://www.pokemon-card.com/assets/images/card_images/large/XY10-B/031763_P_BUPIGGU.jpg,RARITY_CHANGE
1315dc1d-d31a-4cf8-a8d3-858796cdb8a4,XYシリーズ,XY10-B,ポケモンカードゲームXY BREAK 拡張パック「めざめる超王」,xy10_ja,030,ユニラン,,C,C,https://www.pokemon-card.com/assets/images/card_images/large/XY10-B/031764_P_YUNIRAN.jpg,RARITY_CHANGE
e684807d-b4b9-41c8-8d1f-f1b9f836d0cd,XYシリーズ,XY10-B,ポケモンカードゲームXY BREAK 拡張パック「めざめる超王」,xy10_ja,031,ダブラン,,C,C,https://www.pokemon-card.com/assets/images/card_images/large/XY10-B/031765_P_DABURAN.jpg,RARITY_CHANGE
7fc5d1c7-b19a-49af-89dd-8ea295e46a1d,XYシリーズ,XY10-B,ポケモンカードゲームXY BREAK 拡張パック「めざめる超王」,xy10_ja,032,ランクルス,,U,U,https://www.pokemon-card.com/assets/images/card_images/large/XY10-B/031766_P_RANKURUSU.jpg,RARITY_CHANGE
7a75e259-12a3-4c2b-9064-0eca8f3d84d9,XYシリーズ,XY10-B,ポケモンカードゲームXY BREAK 拡張パック「めざめる超王」,xy10_ja,033,カブト,,C,C,https://www.pokemon-card.com/assets/images/card_images/large/XY10-B/031767_P_KABUTO.jpg,RARITY_CHANGE
eb5ac303-2261-4b9b-84e4-d15ce74630df,XYシリーズ,XY10-B,ポケモンカードゲームXY BREAK 拡張パック「めざめる超王」,xy10_ja,034,カブトプス,,U,U,https://www.pokemon-card.com/assets/images/card_images/large/XY10-B/031768_P_KABUTOPUSU.jpg,RARITY_CHANGE
55fa7727-e7cd-477c-8e87-d9f8c5341bc3,XYシリーズ,XY10-B,ポケモンカードゲームXY BREAK 拡張パック「めざめる超王」,xy10_ja,035,ヨーギラス,,C,C,https://www.pokemon-card.com/assets/images/card_images/large/XY10-B/031769_P_YOGIRASU.jpg,RARITY_CHANGE
72421d27-0e00-4c56-86e8-df51e2bb549a,XYシリーズ,XY10-B,ポケモンカードゲームXY BREAK 拡張パック「めざめる超王」,xy10_ja,036,サナギラス,,C,C,https://www.pokemon-card.com/assets/images/card_images/large/XY10-B/031770_P_SANAGIRASU.jpg,RARITY_CHANGE
08d1be8a-61b3-4f43-9f8d-974591f1b68f,XYシリーズ,XY10-B,ポケモンカードゲームXY BREAK 拡張パック「めざめる超王」,xy10_ja,037,ミノマダム,,C,C,https://www.pokemon-card.com/assets/images/card_images/large/XY10-B/031771_P_MINOMADAMU.jpg,RARITY_CHANGE
e6a7d870-f6e4-4993-ac35-3fdc19816cb1,XYシリーズ,XY10-B,ポケモンカードゲームXY BREAK 拡張パック「めざめる超王」,xy10_ja,038,リオル,,C,C,https://www.pokemon-card.com/assets/images/card_images/large/XY10-B/031772_P_RIORU.jpg,RARITY_CHANGE
e9f08380-9fd3-46f4-b4e5-ce37d3c1df82,XYシリーズ,XY10-B,ポケモンカードゲームXY BREAK 拡張パック「めざめる超王」,xy10_ja,039,メレシー,,C,C,https://www.pokemon-card.com/assets/images/card_images/large/XY10-B/031773_P_MERESHI.jpg,RARITY_CHANGE
54dfaaa9-3cd8-4482-8723-34e9a889a26a,XYシリーズ,XY10-B,ポケモンカードゲームXY BREAK 拡張パック「めざめる超王」,xy10_ja,040,ジガルデ,,U,U,https://www.pokemon-card.com/assets/images/card_images/large/XY10-B/031774_P_JIGARUDE.jpg,RARITY_CHANGE
78707d1e-1f1a-4ce6-931d-0a30ca9245f4,XYシリーズ,XY10-B,ポケモンカードゲームXY BREAK 拡張パック「めざめる超王」,xy10_ja,041,ジガルデ,,R,R,https://www.pokemon-card.com/assets/images/card_images/large/XY10-B/031775_P_JIGARUDE.jpg,RARITY_CHANGE
bd128519-8e3b-4248-9dd2-12f8a3f1b43c,XYシリーズ,XY10-B,ポケモンカードゲームXY BREAK 拡張パック「めざめる超王」,xy10_ja,042,ブラッキーEX,,RR,RR,https://www.pokemon-card.com/assets/images/card_images/large/XY10-B/031776_P_BURAKKIEX.jpg,RARITY_CHANGE
6354f4e9-4d1f-4b5b-b102-9090acdf10be,XYシリーズ,XY10-B,ポケモンカードゲームXY BREAK 拡張パック「めざめる超王」,xy10_ja,043,バンギラス,,R,R,https://www.pokemon-card.com/assets/images/card_images/large/XY10-B/031777_P_BANGIRASU.jpg,RARITY_CHANGE
713a4e83-30d6-4f17-aec9-102705bbc290,XYシリーズ,XY10-B,ポケモンカードゲームXY BREAK 拡張パック「めざめる超王」,xy10_ja,044,バルチャイ,,C,C,https://www.pokemon-card.com/assets/images/card_images/large/XY10-B/031778_P_BARUCHAI.jpg,RARITY_CHANGE
78c77bcf-8294-4d65-95ec-df406084b426,XYシリーズ,XY10-B,ポケモンカードゲームXY BREAK 拡張パック「めざめる超王」,xy10_ja,045,バルジーナ,,C,C,https://www.pokemon-card.com/assets/images/card_images/large/XY10-B/031779_P_BARUJINA.jpg,RARITY_CHANGE
5e728b77-ba28-44d2-b658-fadf8293a53c,XYシリーズ,XY10-B,ポケモンカードゲームXY BREAK 拡張パック「めざめる超王」,xy10_ja,046,ミノマダム,,C,C,https://www.pokemon-card.com/assets/images/card_images/large/XY10-B/031780_P_MINOMADAMU.jpg,RARITY_CHANGE
9df96ded-dfc0-4268-86e5-6a37a0bb7a8c,XYシリーズ,XY10-B,ポケモンカードゲームXY BREAK 拡張パック「めざめる超王」,xy10_ja,047,ドーミラー,,C,C,https://www.pokemon-card.com/assets/images/card_images/large/XY10-B/031781_P_DOMIRA.jpg,RARITY_CHANGE
a2459542-8796-45e5-b747-0003dd2af878,XYシリーズ,XY10-B,ポケモンカードゲームXY BREAK 拡張パック「めざめる超王」,xy10_ja,048,ドータクン,,U,U,https://www.pokemon-card.com/assets/images/card_images/large/XY10-B/031782_P_DOTAKUN.jpg,RARITY_CHANGE
deba7765-97bd-4c3e-bef4-dadbc9f1c1ad,XYシリーズ,XY10-B,ポケモンカードゲームXY BREAK 拡張パック「めざめる超王」,xy10_ja,049,ドータクンBREAK,,RR,RR,https://www.pokemon-card.com/assets/images/card_images/legend/XY10-B/031783_P_DOTAKUNBREAK.jpg,RARITY_CHANGE
58f58cb2-27d2-4c6e-9455-2a5a6cdb284a,XYシリーズ,XY10-B,ポケモンカードゲームXY BREAK 拡張パック「めざめる超王」,xy10_ja,050,ルカリオ,,R,R,https://www.pokemon-card.com/assets/images/card_images/large/XY10-B/031784_P_RUKARIO.jpg,RARITY_CHANGE
58f9c663-3570-4a2a-b0e9-7148f1eb4f78,XYシリーズ,XY10-B,ポケモンカードゲームXY BREAK 拡張パック「めざめる超王」,xy10_ja,051,ゲノセクトEX,,RR,RR,https://www.pokemon-card.com/assets/images/card_images/large/XY10-B/031785_P_GENOSEKUTOEX.jpg,RARITY_CHANGE
6f298e89-196a-49ab-8039-494b7e23f263,XYシリーズ,XY10-B,ポケモンカードゲームXY BREAK 拡張パック「めざめる超王」,xy10_ja,052,プリン,,C,C,https://www.pokemon-card.com/assets/images/card_images/large/XY10-B/031786_P_PURIN.jpg,RARITY_CHANGE
452bd588-8a4c-4af8-bcca-5f430e4ca0f2,XYシリーズ,XY10-B,ポケモンカードゲームXY BREAK 拡張パック「めざめる超王」,xy10_ja,053,プクリン,,U,U,https://www.pokemon-card.com/assets/images/card_images/large/XY10-B/031787_P_PUKURIN.jpg,RARITY_CHANGE
c69a8d7b-6e64-46e4-9f89-b2e1894ac8a9,XYシリーズ,XY10-B,ポケモンカードゲームXY BREAK 拡張パック「めざめる超王」,xy10_ja,054,megaチルタリスEX,,RR,RR,https://www.pokemon-card.com/assets/images/card_images/large/XY10-B/031788_P_MCHIRUTARISUEX.jpg,RARITY_CHANGE
e37976d0-f27e-4bf4-ba6d-08035b30d74b,XYシリーズ,XY10-B,ポケモンカードゲームXY BREAK 拡張パック「めざめる超王」,xy10_ja,055,キングドラEX,,RR,RR,https://www.pokemon-card.com/assets/images/card_images/large/XY10-B/031789_P_KINGUDORAEX.jpg,RARITY_CHANGE
80d6ca2b-e032-4f73-9aca-b9fbe01c6023,XYシリーズ,XY10-B,ポケモンカードゲームXY BREAK 拡張パック「めざめる超王」,xy10_ja,056,プテラ,,U,U,https://www.pokemon-card.com/assets/images/card_images/large/XY10-B/031790_P_PUTERA.jpg,RARITY_CHANGE
be33cf37-c34e-4c0d-a378-17931d39cd61,XYシリーズ,XY10-B,ポケモンカードゲームXY BREAK 拡張パック「めざめる超王」,xy10_ja,057,カビゴン,,C,C,https://www.pokemon-card.com/assets/images/card_images/large/XY10-B/031791_P_KABIGON.jpg,RARITY_CHANGE
c0013373-225c-4d6a-8549-1cfbda9180c8,XYシリーズ,XY10-B,ポケモンカードゲームXY BREAK 拡張パック「めざめる超王」,xy10_ja,058,ルギア,,R,R,https://www.pokemon-card.com/assets/images/card_images/large/XY10-B/031792_P_RUGIA.jpg,RARITY_CHANGE
d675a052-612f-4789-9437-98c0dbec919c,XYシリーズ,XY10-B,ポケモンカードゲームXY BREAK 拡張パック「めざめる超王」,xy10_ja,059,ルギアBREAK,,RR,RR,https://www.pokemon-card.com/assets/images/card_images/legend/XY10-B/031793_P_RUGIABREAK.jpg,RARITY_CHANGE
6eee531e-1b60-4973-ae2b-5b4a23e0accc,XYシリーズ,XY10-B,ポケモンカードゲームXY BREAK 拡張パック「めざめる超王」,xy10_ja,060,ゴニョニョ,,C,C,https://www.pokemon-card.com/assets/images/card_images/large/XY10-B/031794_P_GONYONYO.jpg,RARITY_CHANGE
6a7b7c59-7ed7-4c34-9402-29e979898c99,XYシリーズ,XY10-B,ポケモンカードゲームXY BREAK 拡張パック「めざめる超王」,xy10_ja,061,ドゴーム,,C,C,https://www.pokemon-card.com/assets/images/card_images/large/XY10-B/031795_P_DOGOMU.jpg,RARITY_CHANGE
c4437a86-00fe-473b-9ab3-01d3730ab596,XYシリーズ,XY10-B,ポケモンカードゲームXY BREAK 拡張パック「めざめる超王」,xy10_ja,062,バクオング,,U,U,https://www.pokemon-card.com/assets/images/card_images/large/XY10-B/031796_P_BAKUONGU.jpg,RARITY_CHANGE
1e41a743-1d12-49f4-b7b5-5639a7a90cb4,XYシリーズ,XY10-B,ポケモンカードゲームXY BREAK 拡張パック「めざめる超王」,xy10_ja,063,チルタリスEX,,RR,RR,https://www.pokemon-card.com/assets/images/card_images/large/XY10-B/031797_P_CHIRUTARISUEX.jpg,RARITY_CHANGE
78a11457-fe76-4e2b-8079-2f0fe010a350,XYシリーズ,XY10-B,ポケモンカードゲームXY BREAK 拡張パック「めざめる超王」,xy10_ja,064,チラーミィ,,C,C,https://www.pokemon-card.com/assets/images/card_images/large/XY10-B/031798_P_CHIRAMII.jpg,RARITY_CHANGE
7e057b4b-51ee-48ae-8f06-1b599045612c,XYシリーズ,XY10-B,ポケモンカードゲームXY BREAK 拡張パック「めざめる超王」,xy10_ja,065,チラチーノ,,C,C,https://www.pokemon-card.com/assets/images/card_images/large/XY10-B/031799_P_CHIRACHINO.jpg,RARITY_CHANGE
7f6b3791-5031-499b-95d7-6f132abc9f98,XYシリーズ,XY10-B,ポケモンカードゲームXY BREAK 拡張パック「めざめる超王」,xy10_ja,066,化石採掘キット,,U,U,https://www.pokemon-card.com/assets/images/card_images/large/XY10-B/031800_T_KASEKISAIKUTSUKITTO.jpg,RARITY_CHANGE
cdcbdcb7-023a-4d34-a4c1-35b26652c3c0,XYシリーズ,XY10-B,ポケモンカードゲームXY BREAK 拡張パック「めざめる超王」,xy10_ja,067,退化スプレー,,U,U,https://www.pokemon-card.com/assets/images/card_images/large/XY10-B/031801_T_TAIKASUPURE.jpg,RARITY_CHANGE
c7d40dc2-5c66-4fe0-845a-2c9dd0f6d17b,XYシリーズ,XY10-B,ポケモンカードゲームXY BREAK 拡張パック「めざめる超王」,xy10_ja,068,メガキャッチャー,,U,U,https://www.pokemon-card.com/assets/images/card_images/large/XY10-B/031802_T_MEGAKYACCHA.jpg,RARITY_CHANGE
e5567fde-c86f-4df0-bcea-02ed602b7463,XYシリーズ,XY10-B,ポケモンカードゲームXY BREAK 拡張パック「めざめる超王」,xy10_ja,069,かいの化石 オムナイト,,C,C,https://www.pokemon-card.com/assets/images/card_images/large/XY10-B/031803_T_KAINOKASEKIOMUNAITO.jpg,RARITY_CHANGE
13896149-f49e-4e2d-b488-06ee16ed8d6b,XYシリーズ,XY10-B,ポケモンカードゲームXY BREAK 拡張パック「めざめる超王」,xy10_ja,070,こうらの化石 カブト,,C,C,https://www.pokemon-card.com/assets/images/card_images/large/XY10-B/031804_T_KOURANOKASEKIKABUTO.jpg,RARITY_CHANGE
0dc39938-e795-4680-b417-7479dc97aa4d,XYシリーズ,XY10-B,ポケモンカードゲームXY BREAK 拡張パック「めざめる超王」,xy10_ja,071,ひみつのコハク プテラ,,C,C,https://www.pokemon-card.com/assets/images/card_images/large/XY10-B/031805_T_HIMITSUNOKOHAKUPUTERA.jpg,RARITY_CHANGE
76727f8b-e0e9-40a7-b0cb-cd1d150d1bd6,XYシリーズ,XY10-B,ポケモンカードゲームXY BREAK 拡張パック「めざめる超王」,xy10_ja,072,エネルギーポーチ,,U,U,https://www.pokemon-card.com/assets/images/card_images/large/XY10-B/031806_T_ENERUGIPOCHI.jpg,RARITY_CHANGE
54648326-0a03-45de-a3ae-b5e0efa0759d,XYシリーズ,XY10-B,ポケモンカードゲームXY BREAK 拡張パック「めざめる超王」,xy10_ja,073,ねじれたスプーン,,U,U,https://www.pokemon-card.com/assets/images/card_images/large/XY10-B/031807_T_NEJIRETASUPUN.jpg,RARITY_CHANGE
fd1cbcb6-7c5e-42b9-b104-5eaa284d6afa,XYシリーズ,XY10-B,ポケモンカードゲームXY BREAK 拡張パック「めざめる超王」,xy10_ja,074,チルタリスソウルリンク,,U,U,https://www.pokemon-card.com/assets/images/card_images/large/XY10-B/031808_T_CHIRUTARISUSOURURINKU.jpg,RARITY_CHANGE
b28bf74f-05c0-45c3-a081-f5978d79d8ad,XYシリーズ,XY10-B,ポケモンカードゲームXY BREAK 拡張パック「めざめる超王」,xy10_ja,075,フーディンソウルリンク,,U,U,https://www.pokemon-card.com/assets/images/card_images/large/XY10-B/031809_T_FUDEINSOURURINKU.jpg,RARITY_CHANGE
86e571ee-4671-4711-bcab-7825ed7bd52c,XYシリーズ,XY10-B,ポケモンカードゲームXY BREAK 拡張パック「めざめる超王」,xy10_ja,076,N,,U,U,https://www.pokemon-card.com/assets/images/card_images/large/XY10-B/031810_T_N.jpg,RARITY_CHANGE
f965d882-a5f4-418b-ae93-a504816c4634,XYシリーズ,XY10-B,ポケモンカードゲームXY BREAK 拡張パック「めざめる超王」,xy10_ja,079,グレイシアEX,,SR,SR,https://www.pokemon-card.com/assets/images/card_images/large/XY10-B/035841_P_GUREISHIAEX.jpg,RARITY_CHANGE
a0d1e8bb-750c-4cfd-b6df-2aeb8e05023a,XYシリーズ,XY10-B,ポケモンカードゲームXY BREAK 拡張パック「めざめる超王」,xy10_ja,080,フーディンEX,,SR,SR,https://www.pokemon-card.com/assets/images/card_images/large/XY10-B/035842_P_FUDEINEX.jpg,RARITY_CHANGE
8efdd2f6-6ccb-4696-b9f5-0ef2ae7c646b,XYシリーズ,XY10-B,ポケモンカードゲームXY BREAK 拡張パック「めざめる超王」,xy10_ja,081,megaフーディンEX,,SR,SR,https://www.pokemon-card.com/assets/images/card_images/large/XY10-B/035843_P_MFUDEINEX.jpg,RARITY_CHANGE
6996c004-fec1-4ff0-a412-ba49b5bc413d,XYシリーズ,XY10-B,ポケモンカードゲームXY BREAK 拡張パック「めざめる超王」,xy10_ja,082,ブラッキーEX,,SR,SR,https://www.pokemon-card.com/assets/images/card_images/large/XY10-B/035844_P_BURAKKIEX.jpg,RARITY_CHANGE
1df66fff-3ed5-4e41-8354-d285df2e16e1,XYシリーズ,XY10-B,ポケモンカードゲームXY BREAK 拡張パック「めざめる超王」,xy10_ja,083,ゲノセクトEX,,SR,SR,https://www.pokemon-card.com/assets/images/card_images/large/XY10-B/035845_P_GENOSEKUTOEX.jpg,RARITY_CHANGE
683b2d32-0639-4029-a77a-544d5e7565d4,XYシリーズ,XY10-B,ポケモンカードゲームXY BREAK 拡張パック「めざめる超王」,xy10_ja,084,megaチルタリスEX,,SR,SR,https://www.pokemon-card.com/assets/images/card_images/large/XY10-B/035846_P_MCHIRUTARISUEX.jpg,RARITY_CHANGE
c219bf13-f7e2-43ae-bc33-9c5f0f16995f,XYシリーズ,XY10-B,ポケモンカードゲームXY BREAK 拡張パック「めざめる超王」,xy10_ja,085,キングドラEX,,SR,SR,https://www.pokemon-card.com/assets/images/card_images/large/XY10-B/035847_P_KINGUDORAEX.jpg,RARITY_CHANGE
7da3feff-51d1-4396-b889-fc0d999d95a4,XYシリーズ,XY10-B,ポケモンカードゲームXY BREAK 拡張パック「めざめる超王」,xy10_ja,086,チルタリスEX,,SR,SR,https://www.pokemon-card.com/assets/images/card_images/large/XY10-B/035848_P_CHIRUTARISUEX.jpg,RARITY_CHANGE
6e0958d8-fe01-4f10-8bc3-c0f24a0a5e73,XYシリーズ,XY10-B,ポケモンカードゲームXY BREAK 拡張パック「めざめる超王」,xy10_ja,087,ロケット団の工作,,SR,SR,https://www.pokemon-card.com/assets/images/card_images/large/XY10-B/035849_T_ROKETTODANNOKOUSAKU.jpg,RARITY_CHANGE
dce065e3-ea17-437c-a9bc-1005e595fe4c,XYシリーズ,XY2,ポケモンカードゲームXY 拡張パック「ワイルドブレイズ」,xy2_ja,074,びっくりメガホン,,U,U,https://www.pokemon-card.com/assets/images/card_images/large/XY2/030305_T_BIKKURIMEGAHON.jpg,RARITY_CHANGE
10c45331-af2e-4474-9399-a65bf21ed60b,XYシリーズ,XY2,ポケモンカードゲームXY 拡張パック「ワイルドブレイズ」,xy2_ja,075,炎のトーチ,,U,U,https://www.pokemon-card.com/assets/images/card_images/large/XY2/030306_T_HONOONOTOCHI.jpg,RARITY_CHANGE
8bca893b-b283-41a1-9490-c7a1b2f25bca,XYシリーズ,XY2,ポケモンカードゲームXY 拡張パック「ワイルドブレイズ」,xy2_ja,076,プロテクトキューブ,,U,U,https://www.pokemon-card.com/assets/images/card_images/large/XY2/030307_T_PUROTEKUTOKYUBU.jpg,RARITY_CHANGE
fa3c4c79-24ad-4d04-9bd8-eeb69bf2157a,XYシリーズ,XY2,ポケモンカードゲームXY 拡張パック「ワイルドブレイズ」,xy2_ja,077,フラダリ,,U,U,https://www.pokemon-card.com/assets/images/card_images/large/XY2/030308_T_FURADARI.jpg,RARITY_CHANGE
5bffec00-0317-479b-8f37-43b819a658eb,XYシリーズ,XY2,ポケモンカードゲームXY 拡張パック「ワイルドブレイズ」,xy2_ja,078,ポケモンセンターのお姉さん,,U,U,https://www.pokemon-card.com/assets/images/card_images/large/XY2/030309_T_POKEMONSENTANOONEESAN.jpg,RARITY_CHANGE
d0a4bb56-c168-454a-92de-c7c30fa7a455,XYシリーズ,XY2,ポケモンカードゲームXY 拡張パック「ワイルドブレイズ」,xy2_ja,079,ポケモンだいすきクラブ,,U,U,https://www.pokemon-card.com/assets/images/card_images/large/XY2/030310_T_POKEMONDAISUKIKURABU.jpg,RARITY_CHANGE
c6825e95-0bb9-43ab-94ba-d1bc4314d088,XYシリーズ,XY2,ポケモンカードゲームXY 拡張パック「ワイルドブレイズ」,xy2_ja,080,磁気嵐,,U,U,https://www.pokemon-card.com/assets/images/card_images/large/XY2/030311_T_JIKIARASHI.jpg,RARITY_CHANGE
1f6052c4-d492-4a72-af82-b3d69999b0f9,XYシリーズ,XY2,ポケモンカードゲームXY 拡張パック「ワイルドブレイズ」,xy2_ja,081,リザードンEX,,SR,SR,https://www.pokemon-card.com/assets/images/card_images/large/XY2/035764_P_RIZADONEX.jpg,RARITY_CHANGE
c2cbbd33-2fbe-4298-aeed-512ac7e48544,XYシリーズ,XY2,ポケモンカードゲームXY 拡張パック「ワイルドブレイズ」,xy2_ja,082,ジバコイルEX,,SR,SR,https://www.pokemon-card.com/assets/images/card_images/large/XY2/035765_P_JIBAKOIRUEX.jpg,RARITY_CHANGE
e9c568fe-fa7d-405e-92dc-f72242628ecf,XYシリーズ,XY2,ポケモンカードゲームXY 拡張パック「ワイルドブレイズ」,xy2_ja,001,キャタピー,,C,C,https://www.pokemon-card.com/assets/images/card_images/large/XY2/030232_P_KYATAPI.jpg,RARITY_CHANGE
b89adcdd-41c4-414d-a502-e653831f270c,XYシリーズ,XY2,ポケモンカードゲームXY 拡張パック「ワイルドブレイズ」,xy2_ja,002,トランセル,,C,C,https://www.pokemon-card.com/assets/images/card_images/large/XY2/030233_P_TORANSERU.jpg,RARITY_CHANGE
d4cc4bb5-fbed-487e-b103-698bc7d7222b,XYシリーズ,XY2,ポケモンカードゲームXY 拡張パック「ワイルドブレイズ」,xy2_ja,003,バタフリー,,U,U,https://www.pokemon-card.com/assets/images/card_images/large/XY2/030234_P_BATAFURI.jpg,RARITY_CHANGE
1e25945c-360b-4e65-89b7-96f1e637e8ce,XYシリーズ,XY2,ポケモンカードゲームXY 拡張パック「ワイルドブレイズ」,xy2_ja,004,クヌギダマ,,C,C,https://www.pokemon-card.com/assets/images/card_images/large/XY2/030235_P_KUNUGIDAMA.jpg,RARITY_CHANGE
bc5d3e04-e09e-4202-aca9-b0def8847886,XYシリーズ,XY2,ポケモンカードゲームXY 拡張パック「ワイルドブレイズ」,xy2_ja,005,タネボー,,C,C,https://www.pokemon-card.com/assets/images/card_images/large/XY2/030236_P_TANEBO.jpg,RARITY_CHANGE
27439d2f-cff6-4bcd-bec7-72d1b28e41be,XYシリーズ,XY2,ポケモンカードゲームXY 拡張パック「ワイルドブレイズ」,xy2_ja,006,コノハナ,,C,C,https://www.pokemon-card.com/assets/images/card_images/large/XY2/030237_P_KONOHANA.jpg,RARITY_CHANGE
739de215-b863-49fd-9033-e73cef194b5c,XYシリーズ,XY2,ポケモンカードゲームXY 拡張パック「ワイルドブレイズ」,xy2_ja,007,ダーテング,,R,R,https://www.pokemon-card.com/assets/images/card_images/large/XY2/030238_P_DATENGU.jpg,RARITY_CHANGE
251a4aec-48e1-44a0-8360-138bfb1438a3,XYシリーズ,XY2,ポケモンカードゲームXY 拡張パック「ワイルドブレイズ」,xy2_ja,008,ロゼリア,,C,C,https://www.pokemon-card.com/assets/images/card_images/large/XY2/030239_P_ROZERIA.jpg,RARITY_CHANGE
ca733451-e08d-40c6-a124-49802c617aef,XYシリーズ,XY2,ポケモンカードゲームXY 拡張パック「ワイルドブレイズ」,xy2_ja,009,ロズレイド,,U,U,https://www.pokemon-card.com/assets/images/card_images/large/XY2/030240_P_ROZUREIDO.jpg,RARITY_CHANGE
83f3d0be-d357-4789-bf3f-b5936fbc49c7,XYシリーズ,XY2,ポケモンカードゲームXY 拡張パック「ワイルドブレイズ」,xy2_ja,010,マラカッチ,,C,C,https://www.pokemon-card.com/assets/images/card_images/large/XY2/030241_P_MARAKACCHI.jpg,RARITY_CHANGE
4e18ef1a-fbf4-4d24-9755-3a8bc769dd87,XYシリーズ,XY2,ポケモンカードゲームXY 拡張パック「ワイルドブレイズ」,xy2_ja,011,リザードンEX,,RR,RR,https://www.pokemon-card.com/assets/images/card_images/large/XY2/030242_P_RIZADONEX.jpg,RARITY_CHANGE
7500741b-b67d-405c-9464-03f130273778,XYシリーズ,XY2,ポケモンカードゲームXY 拡張パック「ワイルドブレイズ」,xy2_ja,012,ポニータ,,C,C,https://www.pokemon-card.com/assets/images/card_images/large/XY2/030243_P_PONITA.jpg,RARITY_CHANGE
d7071172-434e-4a72-b8b9-13674ce79b8a,XYシリーズ,XY2,ポケモンカードゲームXY 拡張パック「ワイルドブレイズ」,xy2_ja,013,ギャロップ,,U,U,https://www.pokemon-card.com/assets/images/card_images/large/XY2/030244_P_GYAROPPU.jpg,RARITY_CHANGE
0d4f525d-32c7-4947-b10d-9449ee934a16,XYシリーズ,XY2,ポケモンカードゲームXY 拡張パック「ワイルドブレイズ」,xy2_ja,014,シシコ,,C,C,https://www.pokemon-card.com/assets/images/card_images/large/XY2/030245_P_SHISHIKO.jpg,RARITY_CHANGE
00315754-5611-418e-b310-fad0253c1969,XYシリーズ,XY2,ポケモンカードゲームXY 拡張パック「ワイルドブレイズ」,xy2_ja,015,カエンジシ,,R,R,https://www.pokemon-card.com/assets/images/card_images/large/XY2/030246_P_KAENJISHI.jpg,RARITY_CHANGE
33b60edc-6d30-450d-ba47-7223387b5042,XYシリーズ,XY2,ポケモンカードゲームXY 拡張パック「ワイルドブレイズ」,xy2_ja,016,ハリーセン,,C,C,https://www.pokemon-card.com/assets/images/card_images/large/XY2/030247_P_HARISEN.jpg,RARITY_CHANGE
af2bb433-251d-44ee-abdb-ffe63023f24e,XYシリーズ,XY2,ポケモンカードゲームXY 拡張パック「ワイルドブレイズ」,xy2_ja,017,ヒンバス,,C,C,https://www.pokemon-card.com/assets/images/card_images/large/XY2/030248_P_HINBASU.jpg,RARITY_CHANGE
2a0a59cd-ecc9-4107-ab88-c0d8367f3289,XYシリーズ,XY2,ポケモンカードゲームXY 拡張パック「ワイルドブレイズ」,xy2_ja,018,ミロカロス,,R,R,https://www.pokemon-card.com/assets/images/card_images/large/XY2/030249_P_MIROKAROSU.jpg,RARITY_CHANGE
27c6db13-4aa3-4403-92ed-2493a0aec4f5,XYシリーズ,XY2,ポケモンカードゲームXY 拡張パック「ワイルドブレイズ」,xy2_ja,019,タマザラシ,,C,C,https://www.pokemon-card.com/assets/images/card_images/large/XY2/030250_P_TAMAZARASHI.jpg,RARITY_CHANGE
8c112308-ec52-494e-bba1-63d134323178,XYシリーズ,XY2,ポケモンカードゲームXY 拡張パック「ワイルドブレイズ」,xy2_ja,020,トドグラー,,C,C,https://www.pokemon-card.com/assets/images/card_images/large/XY2/030251_P_TODOGURA.jpg,RARITY_CHANGE
3ea1b837-eb91-4207-8591-4e297f35acd2,XYシリーズ,XY2,ポケモンカードゲームXY 拡張パック「ワイルドブレイズ」,xy2_ja,021,トドゼルガ,,U,U,https://www.pokemon-card.com/assets/images/card_images/large/XY2/030252_P_TODOZERUGA.jpg,RARITY_CHANGE
9224c89a-9d7c-4eed-92c3-9140ab2f4437,XYシリーズ,XY2,ポケモンカードゲームXY 拡張パック「ワイルドブレイズ」,xy2_ja,022,ラブカス,,C,C,https://www.pokemon-card.com/assets/images/card_images/large/XY2/030253_P_RABUKASU.jpg,RARITY_CHANGE
87ed9c55-d36a-49b7-9044-46b7e724a0ea,XYシリーズ,XY2,ポケモンカードゲームXY 拡張パック「ワイルドブレイズ」,xy2_ja,023,ブイゼル,,C,C,https://www.pokemon-card.com/assets/images/card_images/large/XY2/030254_P_BUIZERU.jpg,RARITY_CHANGE
53d8a50e-8343-40c8-b966-e64a143d0228,XYシリーズ,XY2,ポケモンカードゲームXY 拡張パック「ワイルドブレイズ」,xy2_ja,024,フローゼル,,U,U,https://www.pokemon-card.com/assets/images/card_images/large/XY2/030255_P_FUROZERU.jpg,RARITY_CHANGE
4299aad2-f8c7-4460-a9f6-5de0c47c3bba,XYシリーズ,XY2,ポケモンカードゲームXY 拡張パック「ワイルドブレイズ」,xy2_ja,025,カチコール,,C,C,https://www.pokemon-card.com/assets/images/card_images/large/XY2/030256_P_KACHIKORU.jpg,RARITY_CHANGE
786f3add-8025-401c-b9cd-6dc4d1a71378,XYシリーズ,XY2,ポケモンカードゲームXY 拡張パック「ワイルドブレイズ」,xy2_ja,026,クレベース,,U,U,https://www.pokemon-card.com/assets/images/card_images/large/XY2/030257_P_KUREBESU.jpg,RARITY_CHANGE
6e58ea65-0593-464d-b79a-e6ed5f38d268,XYシリーズ,XY2,ポケモンカードゲームXY 拡張パック「ワイルドブレイズ」,xy2_ja,027,コリンク,,C,C,https://www.pokemon-card.com/assets/images/card_images/large/XY2/030258_P_KORINKU.jpg,RARITY_CHANGE
22213c4a-4fbc-4b82-ac69-843b869ad5a1,XYシリーズ,XY2,ポケモンカードゲームXY 拡張パック「ワイルドブレイズ」,xy2_ja,028,ルクシオ,,C,C,https://www.pokemon-card.com/assets/images/card_images/large/XY2/030259_P_RUKUSHIO.jpg,RARITY_CHANGE
ac5f7bd9-89a6-48ea-8abc-455b541f0989,XYシリーズ,XY2,ポケモンカードゲームXY 拡張パック「ワイルドブレイズ」,xy2_ja,029,レントラー,,U,U,https://www.pokemon-card.com/assets/images/card_images/large/XY2/030260_P_RENTORA.jpg,RARITY_CHANGE
b9677357-1a34-44c6-a6f1-fb154df2f7f9,XYシリーズ,XY2,ポケモンカードゲームXY 拡張パック「ワイルドブレイズ」,xy2_ja,030,ジバコイルEX,,RR,RR,https://www.pokemon-card.com/assets/images/card_images/large/XY2/030261_P_JIBAKOIRUEX.jpg,RARITY_CHANGE
749d110a-0b62-4546-852b-051f5a21d180,XYシリーズ,XY2,ポケモンカードゲームXY 拡張パック「ワイルドブレイズ」,xy2_ja,031,エリキテル,,C,C,https://www.pokemon-card.com/assets/images/card_images/large/XY2/030262_P_ERIKITERU.jpg,RARITY_CHANGE
804eda31-d89b-4ec9-958d-cad860440bc0,XYシリーズ,XY2,ポケモンカードゲームXY 拡張パック「ワイルドブレイズ」,xy2_ja,032,エレザード,,R,R,https://www.pokemon-card.com/assets/images/card_images/large/XY2/030263_P_EREZADO.jpg,RARITY_CHANGE
d2f05846-3c3f-4bea-91c0-c4db9d9fe929,XYシリーズ,XY2,ポケモンカードゲームXY 拡張パック「ワイルドブレイズ」,xy2_ja,033,ヨマワル,,C,C,https://www.pokemon-card.com/assets/images/card_images/large/XY2/030264_P_YOMAWARU.jpg,RARITY_CHANGE
9092461c-ce79-46e1-b938-b3084bf4a895,XYシリーズ,XY2,ポケモンカードゲームXY 拡張パック「ワイルドブレイズ」,xy2_ja,034,サマヨール,,C,C,https://www.pokemon-card.com/assets/images/card_images/large/XY2/030265_P_SAMAYORU.jpg,RARITY_CHANGE
b535aa74-9302-4722-875a-c02fa44c0d41,XYシリーズ,XY2,ポケモンカードゲームXY 拡張パック「ワイルドブレイズ」,xy2_ja,035,ヨノワール,,R,R,https://www.pokemon-card.com/assets/images/card_images/large/XY2/030266_P_YONOWARU.jpg,RARITY_CHANGE
23aec46d-a96a-4399-98c4-c4c92821a725,XYシリーズ,XY2,ポケモンカードゲームXY 拡張パック「ワイルドブレイズ」,xy2_ja,036,ドクロッグEX,,RR,RR,https://www.pokemon-card.com/assets/images/card_images/large/XY2/030267_P_DOKUROGGUEX.jpg,RARITY_CHANGE
d7671d77-0c8d-42b9-b110-68a9dcb47404,XYシリーズ,XY2,ポケモンカードゲームXY 拡張パック「ワイルドブレイズ」,xy2_ja,037,ニャスパー,,C,C,https://www.pokemon-card.com/assets/images/card_images/large/XY2/030268_P_NYASUPA.jpg,RARITY_CHANGE
e9ddc48c-eef3-4323-be86-e52b2e8fe997,XYシリーズ,XY2,ポケモンカードゲームXY 拡張パック「ワイルドブレイズ」,xy2_ja,038,ニャオニクス,,R,R,https://www.pokemon-card.com/assets/images/card_images/large/XY2/030269_P_NYAONIKUSU.jpg,RARITY_CHANGE
df7d37c4-6fe3-4cd2-a5e9-952c453d2480,XYシリーズ,XY2,ポケモンカードゲームXY 拡張パック「ワイルドブレイズ」,xy2_ja,039,クズモー,,C,C,https://www.pokemon-card.com/assets/images/card_images/large/XY2/030270_P_KUZUMO.jpg,RARITY_CHANGE
f89d3076-67f4-427a-b120-41447facdb98,XYシリーズ,XY2,ポケモンカードゲームXY 拡張パック「ワイルドブレイズ」,xy2_ja,040,イシツブテ,,C,C,https://www.pokemon-card.com/assets/images/card_images/large/XY2/030271_P_ISHITSUBUTE.jpg,RARITY_CHANGE
c681e493-f20e-4da3-a78f-857f443d5452,XYシリーズ,XY2,ポケモンカードゲームXY 拡張パック「ワイルドブレイズ」,xy2_ja,041,ゴローン,,C,C,https://www.pokemon-card.com/assets/images/card_images/large/XY2/030272_P_GORON.jpg,RARITY_CHANGE
b247d776-1fcf-4ca6-81eb-29ef9165be73,XYシリーズ,XY2,ポケモンカードゲームXY 拡張パック「ワイルドブレイズ」,xy2_ja,042,ゴローニャ,,U,U,https://www.pokemon-card.com/assets/images/card_images/large/XY2/030273_P_GORONYA.jpg,RARITY_CHANGE
c2e3edea-e400-4752-a949-757285da9e7e,XYシリーズ,XY2,ポケモンカードゲームXY 拡張パック「ワイルドブレイズ」,xy2_ja,043,カメテテ,,C,C,https://www.pokemon-card.com/assets/images/card_images/large/XY2/030274_P_KAMETETE.jpg,RARITY_CHANGE
01a594a9-3ce4-401b-8d31-2725a67ba641,XYシリーズ,XY2,ポケモンカードゲームXY 拡張パック「ワイルドブレイズ」,xy2_ja,044,ガメノデス,,U,U,https://www.pokemon-card.com/assets/images/card_images/large/XY2/030275_P_GAMENODESU.jpg,RARITY_CHANGE
c40c52c3-7cbf-4152-a587-35c50127b8e7,XYシリーズ,XY2,ポケモンカードゲームXY 拡張パック「ワイルドブレイズ」,xy2_ja,045,ニューラ,,C,C,https://www.pokemon-card.com/assets/images/card_images/large/XY2/030276_P_NYURA.jpg,RARITY_CHANGE
bb0ec4cc-5231-49d4-adad-f0953b17549b,XYシリーズ,XY2,ポケモンカードゲームXY 拡張パック「ワイルドブレイズ」,xy2_ja,046,マニューラ,,U,U,https://www.pokemon-card.com/assets/images/card_images/large/XY2/030277_P_MANYURA.jpg,RARITY_CHANGE
157e988f-b9e4-4315-94a7-f6edccf406fb,XYシリーズ,XY2,ポケモンカードゲームXY 拡張パック「ワイルドブレイズ」,xy2_ja,047,スカンプー,,C,C,https://www.pokemon-card.com/assets/images/card_images/large/XY2/030278_P_SUKANPU.jpg,RARITY_CHANGE
3a09137b-01a2-47b3-9d34-4a65798aed95,XYシリーズ,XY2,ポケモンカードゲームXY 拡張パック「ワイルドブレイズ」,xy2_ja,048,スカタンク,,U,U,https://www.pokemon-card.com/assets/images/card_images/large/XY2/030279_P_SUKATANKU.jpg,RARITY_CHANGE
1cbe4e93-cf8f-4767-84a2-9ac450a294fe,XYシリーズ,XY2,ポケモンカードゲームXY 拡張パック「ワイルドブレイズ」,xy2_ja,049,フォレトス,,U,U,https://www.pokemon-card.com/assets/images/card_images/large/XY2/030280_P_FORETOSU.jpg,RARITY_CHANGE
9a614544-0b38-4fd1-98db-16debe8baa3e,XYシリーズ,XY2,ポケモンカードゲームXY 拡張パック「ワイルドブレイズ」,xy2_ja,050,アイアント,,C,C,https://www.pokemon-card.com/assets/images/card_images/large/XY2/030281_P_AIANTO.jpg,RARITY_CHANGE
fd66fa9d-a510-4125-82d6-669e22bf2a18,XYシリーズ,XY2,ポケモンカードゲームXY 拡張パック「ワイルドブレイズ」,xy2_ja,051,フラベベ,,C,C,https://www.pokemon-card.com/assets/images/card_images/large/XY2/030282_P_FURABEBE.jpg,RARITY_CHANGE
99b89e70-0892-4cf9-9cf6-1ba93b85a24f,XYシリーズ,XY2,ポケモンカードゲームXY 拡張パック「ワイルドブレイズ」,xy2_ja,052,フラエッテ,,C,C,https://www.pokemon-card.com/assets/images/card_images/large/XY2/030283_P_FURAETTE.jpg,RARITY_CHANGE
52b0a167-9ef6-4f56-8397-3419c469e598,XYシリーズ,XY2,ポケモンカードゲームXY 拡張パック「ワイルドブレイズ」,xy2_ja,053,フラージェス,,R,R,https://www.pokemon-card.com/assets/images/card_images/large/XY2/030284_P_FURAJIESU.jpg,RARITY_CHANGE
a36b4a01-497f-4435-8143-79e1bdb1e093,XYシリーズ,XY2,ポケモンカードゲームXY 拡張パック「ワイルドブレイズ」,xy2_ja,054,メレシー,,R,R,https://www.pokemon-card.com/assets/images/card_images/large/XY2/030285_P_MERESHI.jpg,RARITY_CHANGE
c61b9cf6-bdf0-43d4-ae62-3ddeaff85f45,XYシリーズ,XY2,ポケモンカードゲームXY 拡張パック「ワイルドブレイズ」,xy2_ja,055,megaリザードンEX,,RR,RR,https://www.pokemon-card.com/assets/images/card_images/large/XY2/030286_P_MRIZADONEX.jpg,RARITY_CHANGE
f72e1c5d-f581-4a9a-be08-a430d2a583b8,XYシリーズ,XY2,ポケモンカードゲームXY 拡張パック「ワイルドブレイズ」,xy2_ja,056,クリムガン,,R,R,https://www.pokemon-card.com/assets/images/card_images/large/XY2/030287_P_KURIMUGAN.jpg,RARITY_CHANGE
c0eff83b-0e2a-4957-9acc-b90b0089645a,XYシリーズ,XY2,ポケモンカードゲームXY 拡張パック「ワイルドブレイズ」,xy2_ja,057,ドラミドロ,,U,U,https://www.pokemon-card.com/assets/images/card_images/large/XY2/030288_P_DORAMIDORO.jpg,RARITY_CHANGE
80e8bfb7-5ffb-473a-a909-b358fc08d0f3,XYシリーズ,XY2,ポケモンカードゲームXY 拡張パック「ワイルドブレイズ」,xy2_ja,058,ヌメラ,,C,C,https://www.pokemon-card.com/assets/images/card_images/large/XY2/030289_P_NUMERA.jpg,RARITY_CHANGE
1f4c75d4-0b92-4c2b-a125-924d18f765f4,XYシリーズ,XY2,ポケモンカードゲームXY 拡張パック「ワイルドブレイズ」,xy2_ja,059,ヌメイル,,C,C,https://www.pokemon-card.com/assets/images/card_images/large/XY2/030290_P_NUMEIRU.jpg,RARITY_CHANGE
ca902cd0-75e8-4f4b-a72e-3acaa7f49c73,XYシリーズ,XY2,ポケモンカードゲームXY 拡張パック「ワイルドブレイズ」,xy2_ja,060,ヌメルゴン,,R,R,https://www.pokemon-card.com/assets/images/card_images/large/XY2/030291_P_NUMERUGON.jpg,RARITY_CHANGE
5e40b96a-7c8e-4fec-ba2b-31835487e2c0,XYシリーズ,XY2,ポケモンカードゲームXY 拡張パック「ワイルドブレイズ」,xy2_ja,061,ポッポ,,C,C,https://www.pokemon-card.com/assets/images/card_images/large/XY2/030292_P_POPPO.jpg,RARITY_CHANGE
36afacac-98a9-4f26-837d-5b2d9226e368,XYシリーズ,XY2,ポケモンカードゲームXY 拡張パック「ワイルドブレイズ」,xy2_ja,062,ピジョン,,C,C,https://www.pokemon-card.com/assets/images/card_images/large/XY2/030293_P_PIJON.jpg,RARITY_CHANGE
94bbc228-a10d-4ea4-91fb-dbf9d1537948,XYシリーズ,XY2,ポケモンカードゲームXY 拡張パック「ワイルドブレイズ」,xy2_ja,063,ピジョット,,U,U,https://www.pokemon-card.com/assets/images/card_images/large/XY2/030294_P_PIJOTTO.jpg,RARITY_CHANGE
d056a036-a9d5-403a-9e91-45f745d0863e,XYシリーズ,XY2,ポケモンカードゲームXY 拡張パック「ワイルドブレイズ」,xy2_ja,064,ガルーラEX,,RR,RR,https://www.pokemon-card.com/assets/images/card_images/large/XY2/030295_P_GARURAEX.jpg,RARITY_CHANGE
489aebf8-acb4-44a2-a6a5-a4efb024a6c3,XYシリーズ,XY2,ポケモンカードゲームXY 拡張パック「ワイルドブレイズ」,xy2_ja,065,megaガルーラEX,,RR,RR,https://www.pokemon-card.com/assets/images/card_images/large/XY2/030296_P_MGARURAEX.jpg,RARITY_CHANGE
cc25e756-d26f-45a4-be93-6aafdc8687c7,XYシリーズ,XY2,ポケモンカードゲームXY 拡張パック「ワイルドブレイズ」,xy2_ja,066,カビゴン,,U,U,https://www.pokemon-card.com/assets/images/card_images/large/XY2/030297_P_KABIGON.jpg,RARITY_CHANGE
cc342ae8-e480-42b3-ac11-ecf55548e0fe,XYシリーズ,XY2,ポケモンカードゲームXY 拡張パック「ワイルドブレイズ」,xy2_ja,067,オタチ,,C,C,https://www.pokemon-card.com/assets/images/card_images/large/XY2/030298_P_OTACHI.jpg,RARITY_CHANGE
9aa42662-e9a9-451b-9568-cc917afc0011,XYシリーズ,XY2,ポケモンカードゲームXY 拡張パック「ワイルドブレイズ」,xy2_ja,068,オオタチ,,C,C,https://www.pokemon-card.com/assets/images/card_images/large/XY2/030299_P_OOTACHI.jpg,RARITY_CHANGE
806bfd50-d26f-4dec-9d44-7bc9918adc05,XYシリーズ,XY2,ポケモンカードゲームXY 拡張パック「ワイルドブレイズ」,xy2_ja,069,ミルタンク,,U,U,https://www.pokemon-card.com/assets/images/card_images/large/XY2/030300_P_MIRUTANKU.jpg,RARITY_CHANGE
ee2886e4-fdad-412a-90b6-0ca50825d0a5,XYシリーズ,XY2,ポケモンカードゲームXY 拡張パック「ワイルドブレイズ」,xy2_ja,070,ミミロル,,C,C,https://www.pokemon-card.com/assets/images/card_images/large/XY2/030301_P_MIMIRORU.jpg,RARITY_CHANGE
5e0313e9-1489-44eb-aea0-2ab88c3c71c4,XYシリーズ,XY2,ポケモンカードゲームXY 拡張パック「ワイルドブレイズ」,xy2_ja,071,ミミロップ,,U,U,https://www.pokemon-card.com/assets/images/card_images/large/XY2/030302_P_MIMIROPPU.jpg,RARITY_CHANGE
0bfbb9e0-ed07-4eb7-b86a-d9611890b269,XYシリーズ,XY2,ポケモンカードゲームXY 拡張パック「ワイルドブレイズ」,xy2_ja,072,いたずらスコップ,,U,U,https://www.pokemon-card.com/assets/images/card_images/large/XY2/030303_T_ITAZURASUKOPPU.jpg,RARITY_CHANGE
352e56e2-15d7-4791-b2ed-95ffb23a0a7a,XYシリーズ,XY2,ポケモンカードゲームXY 拡張パック「ワイルドブレイズ」,xy2_ja,073,せいなるはい,,U,U,https://www.pokemon-card.com/assets/images/card_images/large/XY2/030304_T_SEINARUHAI.jpg,RARITY_CHANGE
0580598f-dac2-4e53-b8c6-f4bc87389568,XYシリーズ,XY3,ポケモンカードゲームXY 拡張パック「ライジングフィスト」,xy3_ja,087,輝くガウン,,U,U,https://www.pokemon-card.com/assets/images/card_images/large/XY3/030462_T_KAGAYAKUGAUN.jpg,RARITY_CHANGE
93781464-3193-4bd0-9aef-37743fea369a,XYシリーズ,XY3,ポケモンカードゲームXY 拡張パック「ライジングフィスト」,xy3_ja,088,きあいのタスキ,,U,U,https://www.pokemon-card.com/assets/images/card_images/large/XY3/030463_T_KIAINOTASUKI.jpg,RARITY_CHANGE
4f8876d0-2fa8-46cf-99cb-c23707322139,XYシリーズ,XY3,ポケモンカードゲームXY 拡張パック「ライジングフィスト」,xy3_ja,089,化石研究員,,U,U,https://www.pokemon-card.com/assets/images/card_images/large/XY3/030464_T_KASEKIKENKYUUIN.jpg,RARITY_CHANGE
b0095eee-a041-4122-a173-ae1048703f61,XYシリーズ,XY3,ポケモンカードゲームXY 拡張パック「ライジングフィスト」,xy3_ja,090,コルニ,,U,U,https://www.pokemon-card.com/assets/images/card_images/large/XY3/030465_T_KORUNI.jpg,RARITY_CHANGE
2a6557a0-7b88-472f-a201-b6641e9c791f,XYシリーズ,XY3,ポケモンカードゲームXY 拡張パック「ライジングフィスト」,xy3_ja,091,バトルレポーター,,U,U,https://www.pokemon-card.com/assets/images/card_images/large/XY3/030466_T_BATORUREPOTA.jpg,RARITY_CHANGE
3a581216-dd2a-445a-a075-0a870205d896,XYシリーズ,XY2,ポケモンカードゲームXY 拡張パック「ワイルドブレイズ」,xy2_ja,083,ドクロッグEX,,SR,SR,https://www.pokemon-card.com/assets/images/card_images/large/XY2/035766_P_DOKUROGGUEX.jpg,RARITY_CHANGE
a5088816-8531-491a-8c1a-8c59ee9e455e,XYシリーズ,XY2,ポケモンカードゲームXY 拡張パック「ワイルドブレイズ」,xy2_ja,084,ガルーラEX,,SR,SR,https://www.pokemon-card.com/assets/images/card_images/large/XY2/035767_P_GARURAEX.jpg,RARITY_CHANGE
03bc452e-5ca0-4f89-9b0c-1227ae0a4161,XYシリーズ,XY2,ポケモンカードゲームXY 拡張パック「ワイルドブレイズ」,xy2_ja,085,フラダリ,,SR,SR,https://www.pokemon-card.com/assets/images/card_images/large/XY2/035768_T_FURADARI.jpg,RARITY_CHANGE
3665499a-ca03-4ab5-b43f-e2993dcf4463,XYシリーズ,XY2,ポケモンカードゲームXY 拡張パック「ワイルドブレイズ」,xy2_ja,086,ポケモンセンターのお姉さん,,SR,SR,https://www.pokemon-card.com/assets/images/card_images/large/XY2/035769_T_POKEMONSENTANOONEESAN.jpg,RARITY_CHANGE
f7110d01-f16b-49c4-95b5-81200c59cd3a,XYシリーズ,XY2,ポケモンカードゲームXY 拡張パック「ワイルドブレイズ」,xy2_ja,087,ポケモンだいすきクラブ,,SR,SR,https://www.pokemon-card.com/assets/images/card_images/large/XY2/035770_T_POKEMONDAISUKIKURABU.jpg,RARITY_CHANGE
d6556452-75bd-4faf-9542-0fc3323af123,XYシリーズ,XY3,ポケモンカードゲームXY 拡張パック「ライジングフィスト」,xy3_ja,001,マダツボミ,,C,C,https://www.pokemon-card.com/assets/images/card_images/large/XY3/030376_P_MADATSUBOMI.jpg,RARITY_CHANGE
c380d03c-38a2-400e-a918-4d9afa4fa3ae,XYシリーズ,XY3,ポケモンカードゲームXY 拡張パック「ライジングフィスト」,xy3_ja,002,ウツドン,,C,C,https://www.pokemon-card.com/assets/images/card_images/large/XY3/030377_P_UTSUDON.jpg,RARITY_CHANGE
04c14a65-0220-4f5e-b2e7-57405bbfdd3f,XYシリーズ,XY3,ポケモンカードゲームXY 拡張パック「ライジングフィスト」,xy3_ja,003,ウツボット,,R,R,https://www.pokemon-card.com/assets/images/card_images/large/XY3/030378_P_UTSUBOTTO.jpg,RARITY_CHANGE
c582cd06-2546-4795-9083-0c8e27943f2a,XYシリーズ,XY3,ポケモンカードゲームXY 拡張パック「ライジングフィスト」,xy3_ja,004,ヘラクロスEX,,RR,RR,https://www.pokemon-card.com/assets/images/card_images/large/XY3/030379_P_HERAKUROSUEX.jpg,RARITY_CHANGE
0a463550-8c84-4fb6-aee4-6a5b1540ab5d,XYシリーズ,XY3,ポケモンカードゲームXY 拡張パック「ライジングフィスト」,xy3_ja,005,megaヘラクロスEX,,RR,RR,https://www.pokemon-card.com/assets/images/card_images/large/XY3/030380_P_MHERAKUROSUEX.jpg,RARITY_CHANGE
f185a581-9597-44ff-8ae6-8c515e48da99,XYシリーズ,XY3,ポケモンカードゲームXY 拡張パック「ライジングフィスト」,xy3_ja,006,キノココ,,C,C,https://www.pokemon-card.com/assets/images/card_images/large/XY3/030381_P_KINOKOKO.jpg,RARITY_CHANGE
33e7704e-9878-425a-a6c6-849a1bab7b40,XYシリーズ,XY3,ポケモンカードゲームXY 拡張パック「ライジングフィスト」,xy3_ja,007,リーフィア,,U,U,https://www.pokemon-card.com/assets/images/card_images/large/XY3/030382_P_RIFIA.jpg,RARITY_CHANGE
f59c381b-d357-46c0-abec-06e04d5ca611,XYシリーズ,XY3,ポケモンカードゲームXY 拡張パック「ライジングフィスト」,xy3_ja,008,チョボマキ,,C,C,https://www.pokemon-card.com/assets/images/card_images/large/XY3/030383_P_CHOBOMAKI.jpg,RARITY_CHANGE
7aa49791-4a2e-4e44-92e3-66bc186fb596,XYシリーズ,XY3,ポケモンカードゲームXY 拡張パック「ライジングフィスト」,xy3_ja,009,アギルダー,,C,C,https://www.pokemon-card.com/assets/images/card_images/large/XY3/030384_P_AGIRUDA.jpg,RARITY_CHANGE
1afbabe7-bc06-41f2-b33a-c9afc97eec3e,XYシリーズ,XY3,ポケモンカードゲームXY 拡張パック「ライジングフィスト」,xy3_ja,010,ブーバー,,C,C,https://www.pokemon-card.com/assets/images/card_images/large/XY3/030385_P_BUBA.jpg,RARITY_CHANGE
8a8f9c30-2790-41f4-9413-4ae5bcd5e27d,XYシリーズ,XY3,ポケモンカードゲームXY 拡張パック「ライジングフィスト」,xy3_ja,011,ブーバーン,,U,U,https://www.pokemon-card.com/assets/images/card_images/large/XY3/030386_P_BUBAN.jpg,RARITY_CHANGE
6e2a5841-aab9-4e54-a976-735c6131145e,XYシリーズ,XY3,ポケモンカードゲームXY 拡張パック「ライジングフィスト」,xy3_ja,012,アチャモ,,C,C,https://www.pokemon-card.com/assets/images/card_images/large/XY3/030387_P_ACHAMO.jpg,RARITY_CHANGE
657aaee7-f200-4c78-80e8-d765e0c0e5c2,XYシリーズ,XY3,ポケモンカードゲームXY 拡張パック「ライジングフィスト」,xy3_ja,013,ワカシャモ,,C,C,https://www.pokemon-card.com/assets/images/card_images/large/XY3/030388_P_WAKASHAMO.jpg,RARITY_CHANGE
ed31e206-f797-45ba-86de-524477095535,XYシリーズ,XY3,ポケモンカードゲームXY 拡張パック「ライジングフィスト」,xy3_ja,014,バシャーモ,,R,R,https://www.pokemon-card.com/assets/images/card_images/large/XY3/030389_P_BASHAMO.jpg,RARITY_CHANGE
8e78eb29-ccae-4f98-b467-a36b51e314dd,XYシリーズ,XY3,ポケモンカードゲームXY 拡張パック「ライジングフィスト」,xy3_ja,015,ニョロモ,,C,C,https://www.pokemon-card.com/assets/images/card_images/large/XY3/030390_P_NYOROMO.jpg,RARITY_CHANGE
ce57e1dd-810e-4130-8ec7-1bd21abf519b,XYシリーズ,XY3,ポケモンカードゲームXY 拡張パック「ライジングフィスト」,xy3_ja,016,ニョロゾ,,C,C,https://www.pokemon-card.com/assets/images/card_images/large/XY3/030391_P_NYOROZO.jpg,RARITY_CHANGE
38b36e30-352f-4a06-b75b-d6f7e6ad43fe,XYシリーズ,XY3,ポケモンカードゲームXY 拡張パック「ライジングフィスト」,xy3_ja,017,ニョロボン,,R,R,https://www.pokemon-card.com/assets/images/card_images/large/XY3/030392_P_NYOROBON.jpg,RARITY_CHANGE
0de29f22-59eb-4133-bfec-b7f5fb649ec8,XYシリーズ,XY3,ポケモンカードゲームXY 拡張パック「ライジングフィスト」,xy3_ja,018,ニョロトノ,,U,U,https://www.pokemon-card.com/assets/images/card_images/large/XY3/030393_P_NYOROTONO.jpg,RARITY_CHANGE
f776070a-c59a-4464-9ca5-edf343235316,XYシリーズ,XY3,ポケモンカードゲームXY 拡張パック「ライジングフィスト」,xy3_ja,019,グレイシア,,U,U,https://www.pokemon-card.com/assets/images/card_images/large/XY3/030394_P_GUREISHIA.jpg,RARITY_CHANGE
fcfc4ffa-9157-4bff-bdf3-00946387534e,XYシリーズ,XY3,ポケモンカードゲームXY 拡張パック「ライジングフィスト」,xy3_ja,020,ガマゲロゲEX,,RR,RR,https://www.pokemon-card.com/assets/images/card_images/large/XY3/030395_P_GAMAGEROGEEX.jpg,RARITY_CHANGE
665a579d-0a0d-40ac-b606-81378fc6241d,XYシリーズ,XY3,ポケモンカードゲームXY 拡張パック「ライジングフィスト」,xy3_ja,021,クマシュン,,C,C,https://www.pokemon-card.com/assets/images/card_images/large/XY3/030396_P_KUMASHUN.jpg,RARITY_CHANGE
35b53211-2801-405b-b661-72a92a73575d,XYシリーズ,XY3,ポケモンカードゲームXY 拡張パック「ライジングフィスト」,xy3_ja,022,ツンベアー,,U,U,https://www.pokemon-card.com/assets/images/card_images/large/XY3/030397_P_TSUNBEA.jpg,RARITY_CHANGE
9984ed2e-7d03-4328-8f87-1fa3808d4baf,XYシリーズ,XY3,ポケモンカードゲームXY 拡張パック「ライジングフィスト」,xy3_ja,023,ウデッポウ,,C,C,https://www.pokemon-card.com/assets/images/card_images/large/XY3/030398_P_UDEPPOU.jpg,RARITY_CHANGE
d43965f2-7601-4ac1-85f3-a9999f55f665,XYシリーズ,XY3,ポケモンカードゲームXY 拡張パック「ライジングフィスト」,xy3_ja,024,ブロスター,,R,R,https://www.pokemon-card.com/assets/images/card_images/large/XY3/030399_P_BUROSUTA.jpg,RARITY_CHANGE
33635dde-cbde-4009-bc08-fe0bd24f3b56,XYシリーズ,XY3,ポケモンカードゲームXY 拡張パック「ライジングフィスト」,xy3_ja,025,アマルス,,C,C,https://www.pokemon-card.com/assets/images/card_images/large/XY3/030400_P_AMARUSU.jpg,RARITY_CHANGE
7ab426a7-566e-4de6-9e22-bb381a17cb3e,XYシリーズ,XY3,ポケモンカードゲームXY 拡張パック「ライジングフィスト」,xy3_ja,026,アマルルガ,,U,U,https://www.pokemon-card.com/assets/images/card_images/large/XY3/030401_P_AMARURUGA.jpg,RARITY_CHANGE
6c5e36aa-9443-4f17-b546-3996e18a0c35,XYシリーズ,XY3,ポケモンカードゲームXY 拡張パック「ライジングフィスト」,xy3_ja,027,エレブー,,C,C,https://www.pokemon-card.com/assets/images/card_images/large/XY3/030402_P_EREBU.jpg,RARITY_CHANGE
b7ced617-e6f5-405a-91cd-da258c20a474,XYシリーズ,XY3,ポケモンカードゲームXY 拡張パック「ライジングフィスト」,xy3_ja,028,エレキブル,,U,U,https://www.pokemon-card.com/assets/images/card_images/large/XY3/030403_P_EREKIBURU.jpg,RARITY_CHANGE
91c08dab-6279-4fe0-934d-43f1b0d80059,XYシリーズ,XY3,ポケモンカードゲームXY 拡張パック「ライジングフィスト」,xy3_ja,029,プラスル,,C,C,https://www.pokemon-card.com/assets/images/card_images/large/XY3/030404_P_PURASURU.jpg,RARITY_CHANGE
64db3735-20ed-4aa3-85e4-0b8db500833c,XYシリーズ,XY3,ポケモンカードゲームXY 拡張パック「ライジングフィスト」,xy3_ja,030,マイナン,,C,C,https://www.pokemon-card.com/assets/images/card_images/large/XY3/030405_P_MAINAN.jpg,RARITY_CHANGE
0e14b143-9431-4e87-8de8-842625c8114d,XYシリーズ,XY3,ポケモンカードゲームXY 拡張パック「ライジングフィスト」,xy3_ja,031,ボルトロス,,U,U,https://www.pokemon-card.com/assets/images/card_images/large/XY3/030406_P_BORUTOROSU.jpg,RARITY_CHANGE
208176b9-2641-46d9-aa66-f1d38ef5e192,XYシリーズ,XY3,ポケモンカードゲームXY 拡張パック「ライジングフィスト」,xy3_ja,032,デデンネ,,U,U,https://www.pokemon-card.com/assets/images/card_images/large/XY3/030407_P_DEDENNE.jpg,RARITY_CHANGE
0040af1c-fe68-4408-83df-d0fca61089ce,XYシリーズ,XY3,ポケモンカードゲームXY 拡張パック「ライジングフィスト」,xy3_ja,033,スリープ,,C,C,https://www.pokemon-card.com/assets/images/card_images/large/XY3/030408_P_SURIPU.jpg,RARITY_CHANGE
4200a2cb-eb6d-4d33-b766-10fd84f38502,XYシリーズ,XY3,ポケモンカードゲームXY 拡張パック「ライジングフィスト」,xy3_ja,034,スリーパー,,U,U,https://www.pokemon-card.com/assets/images/card_images/large/XY3/030409_P_SURIPA.jpg,RARITY_CHANGE
c5d1621a-c99e-477e-9d6a-4cc3957d594f,XYシリーズ,XY3,ポケモンカードゲームXY 拡張パック「ライジングフィスト」,xy3_ja,035,ルージュラ,,U,U,https://www.pokemon-card.com/assets/images/card_images/large/XY3/030410_P_RUJURA.jpg,RARITY_CHANGE
9c13d13b-1b93-4e9b-b2ed-662834e21c76,XYシリーズ,XY3,ポケモンカードゲームXY 拡張パック「ライジングフィスト」,xy3_ja,036,スコルピ,,C,C,https://www.pokemon-card.com/assets/images/card_images/large/XY3/030411_P_SUKORUPI.jpg,RARITY_CHANGE
961a2270-50de-471b-b58d-462099cc9d39,XYシリーズ,XY3,ポケモンカードゲームXY 拡張パック「ライジングフィスト」,xy3_ja,037,ゴチム,,C,C,https://www.pokemon-card.com/assets/images/card_images/large/XY3/030412_P_GOCHIMU.jpg,RARITY_CHANGE
4490f2e5-60db-4b51-b8d7-98ce76c418e9,XYシリーズ,XY3,ポケモンカードゲームXY 拡張パック「ライジングフィスト」,xy3_ja,038,ゴチミル,,C,C,https://www.pokemon-card.com/assets/images/card_images/large/XY3/030413_P_GOCHIMIRU.jpg,RARITY_CHANGE
dac7d8ad-0ca7-4c57-a764-996e5ddbb510,XYシリーズ,XY3,ポケモンカードゲームXY 拡張パック「ライジングフィスト」,xy3_ja,039,ゴチルゼル,,U,U,https://www.pokemon-card.com/assets/images/card_images/large/XY3/030414_P_GOCHIRUZERU.jpg,RARITY_CHANGE
4e504fa0-9dd7-4402-b0d9-b3d20f1b6fd3,XYシリーズ,XY3,ポケモンカードゲームXY 拡張パック「ライジングフィスト」,xy3_ja,040,ゴビット,,C,C,https://www.pokemon-card.com/assets/images/card_images/large/XY3/030415_P_GOBITTO.jpg,RARITY_CHANGE
dde71f4d-f0f0-4925-b626-707472e53c52,XYシリーズ,XY3,ポケモンカードゲームXY 拡張パック「ライジングフィスト」,xy3_ja,041,ゴルーグ,,U,U,https://www.pokemon-card.com/assets/images/card_images/large/XY3/030416_P_GORUGU.jpg,RARITY_CHANGE
3669543f-4e50-4e1a-963e-7a4ce6e9baf7,XYシリーズ,XY3,ポケモンカードゲームXY 拡張パック「ライジングフィスト」,xy3_ja,042,ワンリキー,,C,C,https://www.pokemon-card.com/assets/images/card_images/large/XY3/030417_P_WANRIKI.jpg,RARITY_CHANGE
aedca285-47ce-4f2d-be90-aea180c83166,XYシリーズ,XY3,ポケモンカードゲームXY 拡張パック「ライジングフィスト」,xy3_ja,043,ゴーリキー,,C,C,https://www.pokemon-card.com/assets/images/card_images/large/XY3/030418_P_GORIKI.jpg,RARITY_CHANGE
aa4d2109-a1eb-491f-bfd4-f9311c64c4a8,XYシリーズ,XY3,ポケモンカードゲームXY 拡張パック「ライジングフィスト」,xy3_ja,044,カイリキー,,R,R,https://www.pokemon-card.com/assets/images/card_images/large/XY3/030419_P_KAIRIKI.jpg,RARITY_CHANGE
1090e1af-50f7-46c1-8e13-371e0876c542,XYシリーズ,XY3,ポケモンカードゲームXY 拡張パック「ライジングフィスト」,xy3_ja,045,サワムラー,,C,C,https://www.pokemon-card.com/assets/images/card_images/large/XY3/030420_P_SAWAMURA.jpg,RARITY_CHANGE
17dcad61-608d-41e0-a34f-dd486df8e98e,XYシリーズ,XY3,ポケモンカードゲームXY 拡張パック「ライジングフィスト」,xy3_ja,046,エビワラー,,C,C,https://www.pokemon-card.com/assets/images/card_images/large/XY3/030421_P_EBIWARA.jpg,RARITY_CHANGE
e047e0ca-3ea6-40ef-8ffe-28042e0d64df,XYシリーズ,XY3,ポケモンカードゲームXY 拡張パック「ライジングフィスト」,xy3_ja,047,カポエラー,,C,C,https://www.pokemon-card.com/assets/images/card_images/large/XY3/030422_P_KAPOERA.jpg,RARITY_CHANGE
ff7f023a-35c9-419e-a4c7-8fa24ee5aace,XYシリーズ,XY3,ポケモンカードゲームXY 拡張パック「ライジングフィスト」,xy3_ja,048,キノガッサ,,U,U,https://www.pokemon-card.com/assets/images/card_images/large/XY3/030423_P_KINOGASSA.jpg,RARITY_CHANGE
cd9b180e-08c7-47fa-b2b5-aa2967ce3e68,XYシリーズ,XY3,ポケモンカードゲームXY 拡張パック「ライジングフィスト」,xy3_ja,049,マクノシタ,,C,C,https://www.pokemon-card.com/assets/images/card_images/large/XY3/030424_P_MAKUNOSHITA.jpg,RARITY_CHANGE
76bf21c4-4e18-49cb-83f6-c3b31c773acc,XYシリーズ,XY3,ポケモンカードゲームXY 拡張パック「ライジングフィスト」,xy3_ja,050,ハリテヤマ,,U,U,https://www.pokemon-card.com/assets/images/card_images/large/XY3/030425_P_HARITEYAMA.jpg,RARITY_CHANGE
8039bac3-f9b5-4f55-a148-58ce763be6dc,XYシリーズ,XY3,ポケモンカードゲームXY 拡張パック「ライジングフィスト」,xy3_ja,051,ナックラー,,C,C,https://www.pokemon-card.com/assets/images/card_images/large/XY3/030426_P_NAKKURA.jpg,RARITY_CHANGE
64d1a03f-d366-4528-97f2-480ea68e9a99,XYシリーズ,XY3,ポケモンカードゲームXY 拡張パック「ライジングフィスト」,xy3_ja,052,ルカリオEX,,RR,RR,https://www.pokemon-card.com/assets/images/card_images/large/XY3/030427_P_RUKARIOEX.jpg,RARITY_CHANGE
ee8e9451-42e1-4beb-841a-bda48d54e153,XYシリーズ,XY3,ポケモンカードゲームXY 拡張パック「ライジングフィスト」,xy3_ja,053,megaルカリオEX,,RR,RR,https://www.pokemon-card.com/assets/images/card_images/large/XY3/030428_P_MRUKARIOEX.jpg,RARITY_CHANGE
9b844c4c-839d-4016-b26c-c993e49297d5,XYシリーズ,XY3,ポケモンカードゲームXY 拡張パック「ライジングフィスト」,xy3_ja,054,コジョフー,,C,C,https://www.pokemon-card.com/assets/images/card_images/large/XY3/030429_P_KOJOFU.jpg,RARITY_CHANGE
b8fd2db2-ba62-4175-b000-2ff829173958,XYシリーズ,XY3,ポケモンカードゲームXY 拡張パック「ライジングフィスト」,xy3_ja,055,コジョンド,,C,C,https://www.pokemon-card.com/assets/images/card_images/large/XY3/030430_P_KOJONDO.jpg,RARITY_CHANGE
2dc85b77-0530-48d1-bb8c-3fea6075c679,XYシリーズ,XY3,ポケモンカードゲームXY 拡張パック「ライジングフィスト」,xy3_ja,056,ランドロス,,R,R,https://www.pokemon-card.com/assets/images/card_images/large/XY3/030431_P_RANDOROSU.jpg,RARITY_CHANGE
7683c158-3ca6-460a-8110-3965345e6613,XYシリーズ,XY3,ポケモンカードゲームXY 拡張パック「ライジングフィスト」,xy3_ja,057,ヤンチャム,,C,C,https://www.pokemon-card.com/assets/images/card_images/large/XY3/030432_P_YANCHAMU.jpg,RARITY_CHANGE
6358dc2f-814c-4d73-8f80-cca91f201ae7,XYシリーズ,XY3,ポケモンカードゲームXY 拡張パック「ライジングフィスト」,xy3_ja,058,チゴラス,,C,C,https://www.pokemon-card.com/assets/images/card_images/large/XY3/030433_P_CHIGORASU.jpg,RARITY_CHANGE
c762ced0-91a4-4f1d-affb-b78ae58c308a,XYシリーズ,XY3,ポケモンカードゲームXY 拡張パック「ライジングフィスト」,xy3_ja,059,ガチゴラス,,U,U,https://www.pokemon-card.com/assets/images/card_images/large/XY3/030434_P_GACHIGORASU.jpg,RARITY_CHANGE
6b174746-3204-4079-9613-be75abd5249a,XYシリーズ,XY3,ポケモンカードゲームXY 拡張パック「ライジングフィスト」,xy3_ja,060,ルチャブル,,R,R,https://www.pokemon-card.com/assets/images/card_images/large/XY3/030435_P_RUCHABURU.jpg,RARITY_CHANGE
fc1b79cf-916e-4ada-a939-f4cad096432d,XYシリーズ,XY3,ポケモンカードゲームXY 拡張パック「ライジングフィスト」,xy3_ja,061,ドラピオン,,U,U,https://www.pokemon-card.com/assets/images/card_images/large/XY3/030436_P_DORAPION.jpg,RARITY_CHANGE
93d05be8-580f-4149-84f2-a872752e6866,XYシリーズ,XY3,ポケモンカードゲームXY 拡張パック「ライジングフィスト」,xy3_ja,062,ズルッグ,,C,C,https://www.pokemon-card.com/assets/images/card_images/large/XY3/030437_P_ZURUGGU.jpg,RARITY_CHANGE
9bf376a5-0c33-4f07-a636-e91c9fa55c65,XYシリーズ,XY3,ポケモンカードゲームXY 拡張パック「ライジングフィスト」,xy3_ja,063,ズルズキン,,C,C,https://www.pokemon-card.com/assets/images/card_images/large/XY3/030438_P_ZURUZUKIN.jpg,RARITY_CHANGE
66e26339-5059-47b7-af37-1ab4a75f919d,XYシリーズ,XY3,ポケモンカードゲームXY 拡張パック「ライジングフィスト」,xy3_ja,064,ゴロンダ,,R,R,https://www.pokemon-card.com/assets/images/card_images/large/XY3/030439_P_GORONDA.jpg,RARITY_CHANGE
5c8f78e3-a139-42f7-ae78-12b63dcf0565,XYシリーズ,XY3,ポケモンカードゲームXY 拡張パック「ライジングフィスト」,xy3_ja,065,ピッピ,,C,C,https://www.pokemon-card.com/assets/images/card_images/large/XY3/030440_P_PIPPI.jpg,RARITY_CHANGE
08367e99-cbeb-49d3-abba-57c931a3bd5f,XYシリーズ,XY3,ポケモンカードゲームXY 拡張パック「ライジングフィスト」,xy3_ja,066,ピクシー,,C,C,https://www.pokemon-card.com/assets/images/card_images/large/XY3/030441_P_PIKUSHI.jpg,RARITY_CHANGE
a5d49a74-9e9b-4723-9698-0c4cb28fc49c,XYシリーズ,XY3,ポケモンカードゲームXY 拡張パック「ライジングフィスト」,xy3_ja,067,ニンフィア,,R,R,https://www.pokemon-card.com/assets/images/card_images/large/XY3/030442_P_NINFIA.jpg,RARITY_CHANGE
760ce56f-fa57-4622-9a2d-710b68c9f387,XYシリーズ,XY3,ポケモンカードゲームXY 拡張パック「ライジングフィスト」,xy3_ja,068,クレッフィ,,C,C,https://www.pokemon-card.com/assets/images/card_images/large/XY3/030443_P_KUREFFI.jpg,RARITY_CHANGE
56a569e1-f4ab-4599-9069-d87563c4128f,XYシリーズ,XY3,ポケモンカードゲームXY 拡張パック「ライジングフィスト」,xy3_ja,069,カイリューEX,,RR,RR,https://www.pokemon-card.com/assets/images/card_images/large/XY3/030444_P_KAIRYUEX.jpg,RARITY_CHANGE
f5f097c0-427e-44c5-85a8-81b5435649df,XYシリーズ,XY3,ポケモンカードゲームXY 拡張パック「ライジングフィスト」,xy3_ja,070,ビブラーバ,,C,C,https://www.pokemon-card.com/assets/images/card_images/large/XY3/030445_P_BIBURABA.jpg,RARITY_CHANGE
fc6050eb-e6e6-448a-bfe6-f46337e3a554,XYシリーズ,XY3,ポケモンカードゲームXY 拡張パック「ライジングフィスト」,xy3_ja,071,フライゴン,,U,U,https://www.pokemon-card.com/assets/images/card_images/large/XY3/030446_P_FURAIGON.jpg,RARITY_CHANGE
7eba3fd4-9320-47c8-bda2-019be4f34fbd,XYシリーズ,XY3,ポケモンカードゲームXY 拡張パック「ライジングフィスト」,xy3_ja,072,オンバーン,,R,R,https://www.pokemon-card.com/assets/images/card_images/large/XY3/030447_P_ONBAN.jpg,RARITY_CHANGE
1674d8a5-c733-42f6-9ae8-a191b35d11e9,XYシリーズ,XY3,ポケモンカードゲームXY 拡張パック「ライジングフィスト」,xy3_ja,073,ベロリンガ,,C,C,https://www.pokemon-card.com/assets/images/card_images/large/XY3/030448_P_BERORINGA.jpg,RARITY_CHANGE
d4754248-4a65-40e0-ae11-7b570734a104,XYシリーズ,XY3,ポケモンカードゲームXY 拡張パック「ライジングフィスト」,xy3_ja,074,ベロベルト,,C,C,https://www.pokemon-card.com/assets/images/card_images/large/XY3/030449_P_BEROBERUTO.jpg,RARITY_CHANGE
e4b26599-87f6-4044-8f88-418d0abd2277,XYシリーズ,XY3,ポケモンカードゲームXY 拡張パック「ライジングフィスト」,xy3_ja,075,イーブイ,,C,C,https://www.pokemon-card.com/assets/images/card_images/large/XY3/030450_P_IBUI.jpg,RARITY_CHANGE
4c6656be-9fc2-4d2c-ad90-ea79a5e2a490,XYシリーズ,XY3,ポケモンカードゲームXY 拡張パック「ライジングフィスト」,xy3_ja,076,ナマケロ,,C,C,https://www.pokemon-card.com/assets/images/card_images/large/XY3/030451_P_NAMAKERO.jpg,RARITY_CHANGE
b7cc3cda-747f-468d-a98f-b4e055ee82dc,XYシリーズ,XY3,ポケモンカードゲームXY 拡張パック「ライジングフィスト」,xy3_ja,077,ヤルキモノ,,C,C,https://www.pokemon-card.com/assets/images/card_images/large/XY3/030452_P_YARUKIMONO.jpg,RARITY_CHANGE
12e7f7d4-32fd-4df0-af4b-369f2c6c3faf,XYシリーズ,XY3,ポケモンカードゲームXY 拡張パック「ライジングフィスト」,xy3_ja,078,ケッキング,,R,R,https://www.pokemon-card.com/assets/images/card_images/large/XY3/030453_P_KEKKINGU.jpg,RARITY_CHANGE
819b43d2-1084-4d17-b9e8-b06120203536,XYシリーズ,XY3,ポケモンカードゲームXY 拡張パック「ライジングフィスト」,xy3_ja,079,ミネズミ,,C,C,https://www.pokemon-card.com/assets/images/card_images/large/XY3/030454_P_MINEZUMI.jpg,RARITY_CHANGE
1388d1bc-8160-458c-8375-e3fc20139b05,XYシリーズ,XY3,ポケモンカードゲームXY 拡張パック「ライジングフィスト」,xy3_ja,080,ミルホッグ,,C,C,https://www.pokemon-card.com/assets/images/card_images/large/XY3/030455_P_MIRUHOGGU.jpg,RARITY_CHANGE
93254f25-0d7c-4b94-969a-c6c20ceaab88,XYシリーズ,XY3,ポケモンカードゲームXY 拡張パック「ライジングフィスト」,xy3_ja,081,トルネロス,,U,U,https://www.pokemon-card.com/assets/images/card_images/large/XY3/030456_P_TORUNEROSU.jpg,RARITY_CHANGE
65e51062-8bec-46e7-b5ff-76e5b987bec2,XYシリーズ,XY3,ポケモンカードゲームXY 拡張パック「ライジングフィスト」,xy3_ja,082,オンバット,,C,C,https://www.pokemon-card.com/assets/images/card_images/large/XY3/030457_P_ONBATTO.jpg,RARITY_CHANGE
722e6f28-a923-4f80-bcab-7e24a2dcd7f0,XYシリーズ,XY3,ポケモンカードゲームXY 拡張パック「ライジングフィスト」,xy3_ja,083,ツールストリップ,,U,U,https://www.pokemon-card.com/assets/images/card_images/large/XY3/030458_T_TSURUSUTORIPPU.jpg,RARITY_CHANGE
1b8cb24f-8d95-46a7-a055-ec511c84849a,XYシリーズ,XY3,ポケモンカードゲームXY 拡張パック「ライジングフィスト」,xy3_ja,084,メンテナンス,,U,U,https://www.pokemon-card.com/assets/images/card_images/large/XY3/030459_T_MENTENANSU.jpg,RARITY_CHANGE
7bb2e3ce-128a-4530-bbd7-79bc2f6e5fb3,XYシリーズ,XY3,ポケモンカードゲームXY 拡張パック「ライジングフィスト」,xy3_ja,085,アゴの化石,,C,C,https://www.pokemon-card.com/assets/images/card_images/large/XY3/030460_T_AGONOKASEKI.jpg,RARITY_CHANGE
7a5e403e-ac08-43fc-b104-5a1dd76b9669,XYシリーズ,XY3,ポケモンカードゲームXY 拡張パック「ライジングフィスト」,xy3_ja,086,ヒレの化石,,C,C,https://www.pokemon-card.com/assets/images/card_images/large/XY3/030461_T_HIRENOKASEKI.jpg,RARITY_CHANGE
7508946d-b810-4d9a-9107-51773ddf8e47,XYシリーズ,XY3,ポケモンカードゲームXY 拡張パック「ライジングフィスト」,xy3_ja,092,トレーニングセンター,,U,U,https://www.pokemon-card.com/assets/images/card_images/large/XY3/030467_T_TORENINGUSENTA.jpg,RARITY_CHANGE
b0ec8854-508e-4a31-85d2-b28c28f6d130,XYシリーズ,XY3,ポケモンカードゲームXY 拡張パック「ライジングフィスト」,xy3_ja,093,ファイティングスタジアム,,U,U,https://www.pokemon-card.com/assets/images/card_images/large/XY3/030468_T_FAITEINGUSUTAJIAMU.jpg,RARITY_CHANGE
04cc091b-6488-435f-99f2-a994484ff003,XYシリーズ,XY3,ポケモンカードゲームXY 拡張パック「ライジングフィスト」,xy3_ja,094,マウンテンリング,,U,U,https://www.pokemon-card.com/assets/images/card_images/large/XY3/030469_T_MAUNTENRINGU.jpg,RARITY_CHANGE
de11685c-9cec-4fe4-b5ee-bed72fb46847,XYシリーズ,XY3,ポケモンカードゲームXY 拡張パック「ライジングフィスト」,xy3_ja,095,ハーブエネルギー,,U,U,https://www.pokemon-card.com/assets/images/card_images/large/XY3/030470_E_HABUENERUGI.jpg,RARITY_CHANGE
818c0e5f-2861-4810-835c-b1438eccebbc,XYシリーズ,XY3,ポケモンカードゲームXY 拡張パック「ライジングフィスト」,xy3_ja,096,ストロングエネルギー,,U,U,https://www.pokemon-card.com/assets/images/card_images/large/XY3/030471_E_SUTORONGUENERUGI.jpg,RARITY_CHANGE
88f1d5da-8595-45b3-9e2c-5c8f6edc7d24,XYシリーズ,XY3,ポケモンカードゲームXY 拡張パック「ライジングフィスト」,xy3_ja,097,ヘラクロスEX,,SR,SR,https://www.pokemon-card.com/assets/images/card_images/large/XY3/035771_P_HERAKUROSUEX.jpg,RARITY_CHANGE
07ee9a15-d613-429e-b40b-c8b3f1bbf5b9,XYシリーズ,XY3,ポケモンカードゲームXY 拡張パック「ライジングフィスト」,xy3_ja,098,ガマゲロゲEX,,SR,SR,https://www.pokemon-card.com/assets/images/card_images/large/XY3/035772_P_GAMAGEROGEEX.jpg,RARITY_CHANGE
46a1cd4e-b148-4055-a4dd-bf5bd7c7d592,XYシリーズ,XY3,ポケモンカードゲームXY 拡張パック「ライジングフィスト」,xy3_ja,099,ルカリオEX,,SR,SR,https://www.pokemon-card.com/assets/images/card_images/large/XY3/035773_P_RUKARIOEX.jpg,RARITY_CHANGE
c404621e-8731-4e20-880c-2897fa367354,XYシリーズ,XY3,ポケモンカードゲームXY 拡張パック「ライジングフィスト」,xy3_ja,100,カイリューEX,,SR,SR,https://www.pokemon-card.com/assets/images/card_images/large/XY3/035774_P_KAIRYUEX.jpg,RARITY_CHANGE
c35a8f44-a465-414c-ac9f-372566fe8dfa,XYシリーズ,XY3,ポケモンカードゲームXY 拡張パック「ライジングフィスト」,xy3_ja,101,化石研究員,,SR,SR,https://www.pokemon-card.com/assets/images/card_images/large/XY3/035775_T_KASEKIKENKYUUIN.jpg,RARITY_CHANGE
d185ba38-2985-44ec-b0a4-900982919030,XYシリーズ,XY3,ポケモンカードゲームXY 拡張パック「ライジングフィスト」,xy3_ja,102,コルニ,,SR,SR,https://www.pokemon-card.com/assets/images/card_images/large/XY3/035776_T_KORUNI.jpg,RARITY_CHANGE
d031dd1b-48d1-41e7-9d83-6b625d188a89,XYシリーズ,XY3,ポケモンカードゲームXY 拡張パック「ライジングフィスト」,xy3_ja,103,バトルレポーター,,SR,SR,https://www.pokemon-card.com/assets/images/card_images/large/XY3/035777_T_BATORUREPOTA.jpg,RARITY_CHANGE
935d5d19-d7d8-4b4c-a49f-bbd35535005e,XYシリーズ,XY4,ポケモンカードゲームXY 拡張パック「ファントムゲート」,xy4_ja,009,ヒノヤコマ,,C,C,https://www.pokemon-card.com/assets/images/card_images/large/XY4/030480_P_HINOYAKOMA.jpg,RARITY_CHANGE
e84385c6-e169-4446-b9f0-b5f9c62d80cf,XYシリーズ,XY4,ポケモンカードゲームXY 拡張パック「ファントムゲート」,xy4_ja,010,ファイアロー,,U,U,https://www.pokemon-card.com/assets/images/card_images/large/XY4/030481_P_FAIARO.jpg,RARITY_CHANGE
ffecb4a2-dbe4-4512-ab81-5eda1df0719f,XYシリーズ,XY4,ポケモンカードゲームXY 拡張パック「ファントムゲート」,xy4_ja,011,シシコ,,C,C,https://www.pokemon-card.com/assets/images/card_images/large/XY4/030482_P_SHISHIKO.jpg,RARITY_CHANGE
e02dcac1-bcf1-40be-8fd0-21832614e025,XYシリーズ,XY4,ポケモンカードゲームXY 拡張パック「ファントムゲート」,xy4_ja,012,カエンジシ,,R,R,https://www.pokemon-card.com/assets/images/card_images/large/XY4/030483_P_KAENJISHI.jpg,RARITY_CHANGE
51dadaa8-983a-490c-af15-3913eafa7094,XYシリーズ,XY4,ポケモンカードゲームXY 拡張パック「ファントムゲート」,xy4_ja,013,クラブ,,C,C,https://www.pokemon-card.com/assets/images/card_images/large/XY4/030484_P_KURABU.jpg,RARITY_CHANGE
0903092b-1cc7-4718-ad75-1ad6a69dc0a1,XYシリーズ,XY4,ポケモンカードゲームXY 拡張パック「ファントムゲート」,xy4_ja,014,キングラー,,C,C,https://www.pokemon-card.com/assets/images/card_images/large/XY4/030485_P_KINGURA.jpg,RARITY_CHANGE
dc3b14d3-4b58-4b10-937c-e2572de2b5c8,XYシリーズ,XY4,ポケモンカードゲームXY 拡張パック「ファントムゲート」,xy4_ja,015,ワニノコ,,C,C,https://www.pokemon-card.com/assets/images/card_images/large/XY4/030486_P_WANINOKO.jpg,RARITY_CHANGE
0f16539e-28dc-4dc3-b8a0-5dda316301a4,XYシリーズ,XY4,ポケモンカードゲームXY 拡張パック「ファントムゲート」,xy4_ja,016,アリゲイツ,,C,C,https://www.pokemon-card.com/assets/images/card_images/large/XY4/030487_P_ARIGEITSU.jpg,RARITY_CHANGE
56c4cabc-c56c-47ea-bddf-f4012f2898b4,XYシリーズ,XY4,ポケモンカードゲームXY 拡張パック「ファントムゲート」,xy4_ja,017,オーダイル,,R,R,https://www.pokemon-card.com/assets/images/card_images/large/XY4/030488_P_ODAIRU.jpg,RARITY_CHANGE
62fc257e-d9bc-487c-896a-fbfba9526ffb,XYシリーズ,XY4,ポケモンカードゲームXY 拡張パック「ファントムゲート」,xy4_ja,018,ケイコウオ,,C,C,https://www.pokemon-card.com/assets/images/card_images/large/XY4/030489_P_KEIKOUO.jpg,RARITY_CHANGE
04eb0781-ec06-42eb-be0a-b312c2749cde,XYシリーズ,XY4,ポケモンカードゲームXY 拡張パック「ファントムゲート」,xy4_ja,019,ネオラント,,U,U,https://www.pokemon-card.com/assets/images/card_images/large/XY4/030490_P_NEORANTO.jpg,RARITY_CHANGE
f4b4533a-ad2d-4ee4-9239-92ad3f940ec0,XYシリーズ,XY4,ポケモンカードゲームXY 拡張パック「ファントムゲート」,xy4_ja,020,プルリル,,C,C,https://www.pokemon-card.com/assets/images/card_images/large/XY4/030491_P_PURURIRU.jpg,RARITY_CHANGE
d9a792c8-2745-4be8-b2f1-89333e841269,XYシリーズ,XY4,ポケモンカードゲームXY 拡張パック「ファントムゲート」,xy4_ja,021,ブルンゲル,,U,U,https://www.pokemon-card.com/assets/images/card_images/large/XY4/030492_P_BURUNGERU.jpg,RARITY_CHANGE
6aae2760-8dc5-4568-bfaf-02b91a91caca,XYシリーズ,XY4,ポケモンカードゲームXY 拡張パック「ファントムゲート」,xy4_ja,022,ママンボウ,,C,C,https://www.pokemon-card.com/assets/images/card_images/large/XY4/030493_P_MAMANBOU.jpg,RARITY_CHANGE
af9ed7af-dc4b-430f-b036-c15765f0eb03,XYシリーズ,XY4,ポケモンカードゲームXY 拡張パック「ファントムゲート」,xy4_ja,023,ライボルトEX,,RR,RR,https://www.pokemon-card.com/assets/images/card_images/large/XY4/030494_P_RAIBORUTOEX.jpg,RARITY_CHANGE
93510c47-1e63-440a-a92f-6fe7d1499208,XYシリーズ,XY4,ポケモンカードゲームXY 拡張パック「ファントムゲート」,xy4_ja,024,megaライボルトEX,,RR,RR,https://www.pokemon-card.com/assets/images/card_images/large/XY4/030495_P_MRAIBORUTOEX.jpg,RARITY_CHANGE
5a41c2bb-8f62-476e-807d-65a49ba25bd2,XYシリーズ,XY4,ポケモンカードゲームXY 拡張パック「ファントムゲート」,xy4_ja,025,パチリス,,U,U,https://www.pokemon-card.com/assets/images/card_images/large/XY4/030496_P_PACHIRISU.jpg,RARITY_CHANGE
9d2b5303-5c89-4033-bb1d-ee433dbe601b,XYシリーズ,XY4,ポケモンカードゲームXY 拡張パック「ファントムゲート」,xy4_ja,026,バチュル,,C,C,https://www.pokemon-card.com/assets/images/card_images/large/XY4/030497_P_BACHURU.jpg,RARITY_CHANGE
ff4913de-405b-4a0b-ad06-00a936fbb4f8,XYシリーズ,XY4,ポケモンカードゲームXY 拡張パック「ファントムゲート」,xy4_ja,027,デンチュラ,,U,U,https://www.pokemon-card.com/assets/images/card_images/large/XY4/030498_P_DENCHURA.jpg,RARITY_CHANGE
359e1834-1e6c-40ca-8320-f7d056acfe44,XYシリーズ,XY4,ポケモンカードゲームXY 拡張パック「ファントムゲート」,xy4_ja,028,エリキテル,,C,C,https://www.pokemon-card.com/assets/images/card_images/large/XY4/030499_P_ERIKITERU.jpg,RARITY_CHANGE
9d374f55-29a6-4dfd-a5f1-b8dbdf24a510,XYシリーズ,XY4,ポケモンカードゲームXY 拡張パック「ファントムゲート」,xy4_ja,029,エレザード,,R,R,https://www.pokemon-card.com/assets/images/card_images/large/XY4/030500_P_EREZADO.jpg,RARITY_CHANGE
f719e0d6-a0ab-433a-bfe0-c620b91724b2,XYシリーズ,XY4,ポケモンカードゲームXY 拡張パック「ファントムゲート」,xy4_ja,030,ズバット,,C,C,https://www.pokemon-card.com/assets/images/card_images/large/XY4/030501_P_ZUBATTO.jpg,RARITY_CHANGE
a618a9d1-476a-4b9b-a6a7-6639a0771ece,XYシリーズ,XY4,ポケモンカードゲームXY 拡張パック「ファントムゲート」,xy4_ja,031,ゴルバット,,C,C,https://www.pokemon-card.com/assets/images/card_images/large/XY4/030502_P_GORUBATTO.jpg,RARITY_CHANGE
cb8bd317-3c1c-44a7-ae9d-7573c624c4a2,XYシリーズ,XY4,ポケモンカードゲームXY 拡張パック「ファントムゲート」,xy4_ja,032,クロバット,,U,U,https://www.pokemon-card.com/assets/images/card_images/large/XY4/030503_P_KUROBATTO.jpg,RARITY_CHANGE
395b11f8-7f54-4346-afad-f57db0d41fff,XYシリーズ,XY4,ポケモンカードゲームXY 拡張パック「ファントムゲート」,xy4_ja,033,ゲンガーEX,,RR,RR,https://www.pokemon-card.com/assets/images/card_images/large/XY4/030504_P_GENGAEX.jpg,RARITY_CHANGE
52cce726-e4b9-4f88-8977-5ec6b3f53324,XYシリーズ,XY4,ポケモンカードゲームXY 拡張パック「ファントムゲート」,xy4_ja,034,megaゲンガーEX,,RR,RR,https://www.pokemon-card.com/assets/images/card_images/large/XY4/030505_P_MGENGAEX.jpg,RARITY_CHANGE
82868dcc-d0d1-4537-815e-217e5613e783,XYシリーズ,XY4,ポケモンカードゲームXY 拡張パック「ファントムゲート」,xy4_ja,035,ソーナンス,,C,C,https://www.pokemon-card.com/assets/images/card_images/large/XY4/030506_P_SONANSU.jpg,RARITY_CHANGE
76faf4ca-816c-481e-ab80-5331fcdf9832,XYシリーズ,XY4,ポケモンカードゲームXY 拡張パック「ファントムゲート」,xy4_ja,036,ゴクリン,,C,C,https://www.pokemon-card.com/assets/images/card_images/large/XY4/030507_P_GOKURIN.jpg,RARITY_CHANGE
e8bf1488-59ff-4a07-8bb6-416ab314cd04,XYシリーズ,XY4,ポケモンカードゲームXY 拡張パック「ファントムゲート」,xy4_ja,037,マルノーム,,U,U,https://www.pokemon-card.com/assets/images/card_images/large/XY4/030508_P_MARUNOMU.jpg,RARITY_CHANGE
32ff75c2-06e8-4822-b9cc-12476f493264,XYシリーズ,XY4,ポケモンカードゲームXY 拡張パック「ファントムゲート」,xy4_ja,038,ムンナ,,C,C,https://www.pokemon-card.com/assets/images/card_images/large/XY4/030509_P_MUNNA.jpg,RARITY_CHANGE
0ee60f45-2684-42f3-96f3-54c4a79bf853,XYシリーズ,XY4,ポケモンカードゲームXY 拡張パック「ファントムゲート」,xy4_ja,039,ムシャーナ,,U,U,https://www.pokemon-card.com/assets/images/card_images/large/XY4/030510_P_MUSHANA.jpg,RARITY_CHANGE
d271e5a3-2e97-456f-a237-07ef3f73043e,XYシリーズ,XY4,ポケモンカードゲームXY 拡張パック「ファントムゲート」,xy4_ja,040,ヒトモシ,,C,C,https://www.pokemon-card.com/assets/images/card_images/large/XY4/030511_P_HITOMOSHI.jpg,RARITY_CHANGE
fbbf902b-c890-4b6d-afb8-b9c3851c9940,XYシリーズ,XY4,ポケモンカードゲームXY 拡張パック「ファントムゲート」,xy4_ja,041,ランプラー,,C,C,https://www.pokemon-card.com/assets/images/card_images/large/XY4/030512_P_RANPURA.jpg,RARITY_CHANGE
e9a4a19b-b2ea-4d96-bbe8-ff38a8640586,XYシリーズ,XY4,ポケモンカードゲームXY 拡張パック「ファントムゲート」,xy4_ja,042,シャンデラ,,R,R,https://www.pokemon-card.com/assets/images/card_images/large/XY4/030513_P_SHANDERA.jpg,RARITY_CHANGE
55e8178d-e38c-46aa-afd6-a1228bc3534b,XYシリーズ,XY4,ポケモンカードゲームXY 拡張パック「ファントムゲート」,xy4_ja,043,バケッチャ,,C,C,https://www.pokemon-card.com/assets/images/card_images/large/XY4/030514_P_BAKECCHA.jpg,RARITY_CHANGE
7c86c2b9-1216-4e80-a25c-723e95681029,XYシリーズ,XY4,ポケモンカードゲームXY 拡張パック「ファントムゲート」,xy4_ja,044,パンプジン,,R,R,https://www.pokemon-card.com/assets/images/card_images/large/XY4/030515_P_PANPUJIN.jpg,RARITY_CHANGE
ca66cfc7-6f51-4702-8ceb-2f6cabd59906,XYシリーズ,XY4,ポケモンカードゲームXY 拡張パック「ファントムゲート」,xy4_ja,045,グライガー,,C,C,https://www.pokemon-card.com/assets/images/card_images/large/XY4/030516_P_GURAIGA.jpg,RARITY_CHANGE
3937dadb-67b1-4977-9f4f-30db5b6b45aa,XYシリーズ,XY4,ポケモンカードゲームXY 拡張パック「ファントムゲート」,xy4_ja,046,グライオン,,U,U,https://www.pokemon-card.com/assets/images/card_images/large/XY4/030517_P_GURAION.jpg,RARITY_CHANGE
85dc7317-b965-4d14-8e2a-67f6ae7b306e,XYシリーズ,XY4,ポケモンカードゲームXY 拡張パック「ファントムゲート」,xy4_ja,047,ダンゴロ,,C,C,https://www.pokemon-card.com/assets/images/card_images/large/XY4/030518_P_DANGORO.jpg,RARITY_CHANGE
d993d5a8-706e-4258-b131-1cd6f9ec85ad,XYシリーズ,XY4,ポケモンカードゲームXY 拡張パック「ファントムゲート」,xy4_ja,048,ガントル,,C,C,https://www.pokemon-card.com/assets/images/card_images/large/XY4/030519_P_GANTORU.jpg,RARITY_CHANGE
78b6c1d8-4991-4fba-bba6-95f253627034,XYシリーズ,XY4,ポケモンカードゲームXY 拡張パック「ファントムゲート」,xy4_ja,049,ギガイアス,,R,R,https://www.pokemon-card.com/assets/images/card_images/large/XY4/030520_P_GIGAIASU.jpg,RARITY_CHANGE
9ccf2be5-9ef8-49cb-9a3b-c3096c24fa20,XYシリーズ,XY4,ポケモンカードゲームXY 拡張パック「ファントムゲート」,xy4_ja,050,ヤミカラス,,C,C,https://www.pokemon-card.com/assets/images/card_images/large/XY4/030521_P_YAMIKARASU.jpg,RARITY_CHANGE
8f7aa195-92a4-4bab-bdef-d23b1a543230,XYシリーズ,XY4,ポケモンカードゲームXY 拡張パック「ファントムゲート」,xy4_ja,051,ドンカラス,,U,U,https://www.pokemon-card.com/assets/images/card_images/large/XY4/030522_P_DONKARASU.jpg,RARITY_CHANGE
c63efc11-29a4-4543-931b-43c16bf54eb7,XYシリーズ,XY4,ポケモンカードゲームXY 拡張パック「ファントムゲート」,xy4_ja,052,ポチエナ,,C,C,https://www.pokemon-card.com/assets/images/card_images/large/XY4/030523_P_POCHIENA.jpg,RARITY_CHANGE
ad56357d-67a6-402f-a0e9-d98d51004752,XYシリーズ,XY4,ポケモンカードゲームXY 拡張パック「ファントムゲート」,xy4_ja,053,グラエナ,,U,U,https://www.pokemon-card.com/assets/images/card_images/large/XY4/030524_P_GURAENA.jpg,RARITY_CHANGE
899dbee8-a371-4861-915e-b03a36a075a0,XYシリーズ,XY4,ポケモンカードゲームXY 拡張パック「ファントムゲート」,xy4_ja,054,ミカルゲ,,U,U,https://www.pokemon-card.com/assets/images/card_images/large/XY4/030525_P_MIKARUGE.jpg,RARITY_CHANGE
74fc0fda-ac86-4b36-b389-80df4c9abed2,XYシリーズ,XY4,ポケモンカードゲームXY 拡張パック「ファントムゲート」,xy4_ja,055,チョロネコ,,C,C,https://www.pokemon-card.com/assets/images/card_images/large/XY4/030526_P_CHORONEKO.jpg,RARITY_CHANGE
063bef74-6b84-4747-acb1-66f6f0d5e5d8,XYシリーズ,XY4,ポケモンカードゲームXY 拡張パック「ファントムゲート」,xy4_ja,056,レパルダス,,U,U,https://www.pokemon-card.com/assets/images/card_images/large/XY4/030527_P_REPARUDASU.jpg,RARITY_CHANGE
7492583d-2bae-49ec-80a5-acc6cb293208,XYシリーズ,XY4,ポケモンカードゲームXY 拡張パック「ファントムゲート」,xy4_ja,057,カラマネロEX,,RR,RR,https://www.pokemon-card.com/assets/images/card_images/large/XY4/030528_P_KARAMANEROEX.jpg,RARITY_CHANGE
e4743147-5562-466f-b8e2-c5a6ca580e2b,XYシリーズ,XY4,ポケモンカードゲームXY 拡張パック「ファントムゲート」,xy4_ja,058,ヒードラン,,R,R,https://www.pokemon-card.com/assets/images/card_images/large/XY4/030529_P_HIDORAN.jpg,RARITY_CHANGE
d436e1f8-5f66-4511-b0c9-0c6b99e09ba5,XYシリーズ,XY4,ポケモンカードゲームXY 拡張パック「ファントムゲート」,xy4_ja,059,シュバルゴ,,U,U,https://www.pokemon-card.com/assets/images/card_images/large/XY4/030530_P_SHUBARUGO.jpg,RARITY_CHANGE
37e0edb7-75fe-4f01-8286-4155cdb23e84,XYシリーズ,XY4,ポケモンカードゲームXY 拡張パック「ファントムゲート」,xy4_ja,060,フラージェスEX,,RR,RR,https://www.pokemon-card.com/assets/images/card_images/large/XY4/030531_P_FURAJIESUEX.jpg,RARITY_CHANGE
32b7071a-4197-40f4-9303-05b69119ae4c,XYシリーズ,XY4,ポケモンカードゲームXY 拡張パック「ファントムゲート」,xy4_ja,061,ペロッパフ,,C,C,https://www.pokemon-card.com/assets/images/card_images/large/XY4/030532_P_PEROPPAFU.jpg,RARITY_CHANGE
9ea655a9-8171-4ebf-9fd6-216e7d8a1b29,XYシリーズ,XY4,ポケモンカードゲームXY 拡張パック「ファントムゲート」,xy4_ja,062,ペロリーム,,R,R,https://www.pokemon-card.com/assets/images/card_images/large/XY4/030533_P_PERORIMU.jpg,RARITY_CHANGE
4dc804ea-9ae1-4a13-8297-11c73d108da6,XYシリーズ,XY4,ポケモンカードゲームXY 拡張パック「ファントムゲート」,xy4_ja,063,モノズ,,C,C,https://www.pokemon-card.com/assets/images/card_images/large/XY4/030534_P_MONOZU.jpg,RARITY_CHANGE
7a717359-59ce-4ac5-b82e-4fafca4ca0d8,XYシリーズ,XY4,ポケモンカードゲームXY 拡張パック「ファントムゲート」,xy4_ja,064,ジヘッド,,C,C,https://www.pokemon-card.com/assets/images/card_images/large/XY4/030535_P_JIHEDDO.jpg,RARITY_CHANGE
b03ff246-f753-432a-82c4-d74d6062b506,XYシリーズ,XY4,ポケモンカードゲームXY 拡張パック「ファントムゲート」,xy4_ja,065,サザンドラ,,R,R,https://www.pokemon-card.com/assets/images/card_images/large/XY4/030536_P_SAZANDORA.jpg,RARITY_CHANGE
39f3bf6d-e033-49a9-a750-c406f61c7000,XYシリーズ,XY4,ポケモンカードゲームXY 拡張パック「ファントムゲート」,xy4_ja,066,オニスズメ,,C,C,https://www.pokemon-card.com/assets/images/card_images/large/XY4/030537_P_ONISUZUME.jpg,RARITY_CHANGE
5935a751-97b4-41bb-a6d5-3042ba5e37d6,XYシリーズ,XY4,ポケモンカードゲームXY 拡張パック「ファントムゲート」,xy4_ja,067,オニドリル,,U,U,https://www.pokemon-card.com/assets/images/card_images/large/XY4/030538_P_ONIDORIRU.jpg,RARITY_CHANGE
987b5f41-0f2e-4963-a6da-5e2837bfd199,XYシリーズ,XY4,ポケモンカードゲームXY 拡張パック「ファントムゲート」,xy4_ja,068,ラッキー,,C,C,https://www.pokemon-card.com/assets/images/card_images/large/XY4/030539_P_RAKKI.jpg,RARITY_CHANGE
8b8b8a23-175a-4b0d-9338-953e24bf7d6f,XYシリーズ,XY4,ポケモンカードゲームXY 拡張パック「ファントムゲート」,xy4_ja,069,ハピナス,,U,U,https://www.pokemon-card.com/assets/images/card_images/large/XY4/030540_P_HAPINASU.jpg,RARITY_CHANGE
7b897b29-38c8-47fe-9ae9-3a9922f17e5b,XYシリーズ,XY4,ポケモンカードゲームXY 拡張パック「ファントムゲート」,xy4_ja,070,キリンリキ,,C,C,https://www.pokemon-card.com/assets/images/card_images/large/XY4/030541_P_KIRINRIKI.jpg,RARITY_CHANGE
a5b214b5-c9fe-4a60-86a4-fed18fbfc13a,XYシリーズ,XY4,ポケモンカードゲームXY 拡張パック「ファントムゲート」,xy4_ja,071,ゴニョニョ,,C,C,https://www.pokemon-card.com/assets/images/card_images/large/XY4/030542_P_GONYONYO.jpg,RARITY_CHANGE
57f9a64c-8bd9-43d5-8d80-d30fedf4f99d,XYシリーズ,XY4,ポケモンカードゲームXY 拡張パック「ファントムゲート」,xy4_ja,072,ドゴーム,,C,C,https://www.pokemon-card.com/assets/images/card_images/large/XY4/030543_P_DOGOMU.jpg,RARITY_CHANGE
f6519210-cdea-412b-9c61-172d91e13194,XYシリーズ,XY4,ポケモンカードゲームXY 拡張パック「ファントムゲート」,xy4_ja,073,バクオング,,U,U,https://www.pokemon-card.com/assets/images/card_images/large/XY4/030544_P_BAKUONGU.jpg,RARITY_CHANGE
f5c34638-d2d6-4819-9e86-539527592acc,XYシリーズ,XY4,ポケモンカードゲームXY 拡張パック「ファントムゲート」,xy4_ja,074,レジギガス,,R,R,https://www.pokemon-card.com/assets/images/card_images/large/XY4/030545_P_REJIGIGASU.jpg,RARITY_CHANGE
56d02b41-4b6a-424e-8b32-69b3ac23f113,XYシリーズ,XY4,ポケモンカードゲームXY 拡張パック「ファントムゲート」,xy4_ja,075,ホルビー,,C,C,https://www.pokemon-card.com/assets/images/card_images/large/XY4/030546_P_HORUBI.jpg,RARITY_CHANGE
cf7e9d9a-ce6f-4d74-a01f-f4c34883c68a,XYシリーズ,XY4,ポケモンカードゲームXY 拡張パック「ファントムゲート」,xy4_ja,076,ホルード,,U,U,https://www.pokemon-card.com/assets/images/card_images/large/XY4/030547_P_HORUDO.jpg,RARITY_CHANGE
3dd855ca-7cb8-4c67-9d55-89950a0cffe7,XYシリーズ,XY4,ポケモンカードゲームXY 拡張パック「ファントムゲート」,xy4_ja,077,ヤヤコマ,,C,C,https://www.pokemon-card.com/assets/images/card_images/large/XY4/030548_P_YAYAKOMA.jpg,RARITY_CHANGE
676fe579-d855-40c5-8b6c-dbb00caf1544,XYシリーズ,XY4,ポケモンカードゲームXY 拡張パック「ファントムゲート」,xy4_ja,078,ターゲットホイッスル（フレア団ギア）,,U,U,https://www.pokemon-card.com/assets/images/card_images/large/XY4/030549_T_TAGETTOHOISSURUFUREADANGIA.jpg,RARITY_CHANGE
bf5b0d4a-86a8-45ff-85e0-e964c19a117c,XYシリーズ,XY4,ポケモンカードゲームXY 拡張パック「ファントムゲート」,xy4_ja,079,バトルコンプレッサー（フレア団ギア）,,U,U,https://www.pokemon-card.com/assets/images/card_images/large/XY4/030550_T_BATORUKONPURESSAFUREADANGIA.jpg,RARITY_CHANGE
917823b4-96df-4af1-bf50-e3f477572832,XYシリーズ,XY4,ポケモンカードゲームXY 拡張パック「ファントムゲート」,xy4_ja,080,みがわりロボ（フレア団ギア）,,U,U,https://www.pokemon-card.com/assets/images/card_images/large/XY4/030551_T_MIGAWARIROBOFUREADANGIA.jpg,RARITY_CHANGE
f3742ac2-b20e-496b-ad66-62e33dfc120b,XYシリーズ,XY4,ポケモンカードゲームXY 拡張パック「ファントムゲート」,xy4_ja,081,ライボルトソウルリンク,,U,U,https://www.pokemon-card.com/assets/images/card_images/large/XY4/030552_T_RAIBORUTOSOURURINKU.jpg,RARITY_CHANGE
0744f605-d44e-4946-9c9a-e52cb5001d66,XYシリーズ,XY4,ポケモンカードゲームXY 拡張パック「ファントムゲート」,xy4_ja,082,ジャミングネット（フレア団ハイパーギア）,,R,R,https://www.pokemon-card.com/assets/images/card_images/large/XY4/030553_T_JAMINGUNETTOFUREADANHAIPAGIA.jpg,RARITY_CHANGE
de5b9379-9612-45ef-8d98-3534aa8f0b21,XYシリーズ,XY4,ポケモンカードゲームXY 拡張パック「ファントムゲート」,xy4_ja,083,ヘッドノイザー（フレア団ハイパーギア）,,R,R,https://www.pokemon-card.com/assets/images/card_images/large/XY4/030554_T_HEDDONOIZAFUREADANHAIPAGIA.jpg,RARITY_CHANGE
5a8a82cc-1cee-46de-ab5a-307749f6d79d,XYシリーズ,XY4,ポケモンカードゲームXY 拡張パック「ファントムゲート」,xy4_ja,084,AZ,,U,U,https://www.pokemon-card.com/assets/images/card_images/large/XY4/030555_T_AZ.jpg,RARITY_CHANGE
98dd376e-2072-41f2-a646-b3a633252392,XYシリーズ,XY4,ポケモンカードゲームXY 拡張パック「ファントムゲート」,xy4_ja,085,クセロシキ,,U,U,https://www.pokemon-card.com/assets/images/card_images/large/XY4/030556_T_KUSEROSHIKI.jpg,RARITY_CHANGE
e520e785-ee22-4431-a8af-e7d494504a42,XYシリーズ,XY4,ポケモンカードゲームXY 拡張パック「ファントムゲート」,xy4_ja,086,フラダリの奥の手,,U,U,https://www.pokemon-card.com/assets/images/card_images/large/XY4/030557_T_FURADARINOOKUNOTE.jpg,RARITY_CHANGE
1e8b0908-e6a6-4f72-9b62-b365332fe42b,XYシリーズ,XY4,ポケモンカードゲームXY 拡張パック「ファントムゲート」,xy4_ja,087,次元の谷,,U,U,https://www.pokemon-card.com/assets/images/card_images/large/XY4/030558_T_JIGENNOTANI.jpg,RARITY_CHANGE
d5ada63f-ae23-47fa-a5d0-e30b6668fe14,XYシリーズ,XY4,ポケモンカードゲームXY 拡張パック「ファントムゲート」,xy4_ja,088,ミステリーエネルギー,,U,U,https://www.pokemon-card.com/assets/images/card_images/large/XY4/030559_E_MISUTERIENERUGI.jpg,RARITY_CHANGE
8452a9cd-7dec-4f98-8830-fa6e8558d609,XYシリーズ,XY4,ポケモンカードゲームXY 拡張パック「ファントムゲート」,xy4_ja,001,コンパン,,C,C,https://www.pokemon-card.com/assets/images/card_images/large/XY4/030608_P_KONPAN.jpg,RARITY_CHANGE
010804c1-0d00-4d13-b9fe-b63cf43bd281,XYシリーズ,XY4,ポケモンカードゲームXY 拡張パック「ファントムゲート」,xy4_ja,002,モルフォン,,U,U,https://www.pokemon-card.com/assets/images/card_images/large/XY4/030609_P_MORUFON.jpg,RARITY_CHANGE
31e9a2f2-6308-4e87-85b3-c22e36697b3e,XYシリーズ,XY4,ポケモンカードゲームXY 拡張パック「ファントムゲート」,xy4_ja,003,ヤンヤンマ,,C,C,https://www.pokemon-card.com/assets/images/card_images/large/XY4/030610_P_YANYANMA.jpg,RARITY_CHANGE
0dc848da-5446-4e18-b7e3-30a3a48bfbca,XYシリーズ,XY4,ポケモンカードゲームXY 拡張パック「ファントムゲート」,xy4_ja,004,メガヤンマ,,U,U,https://www.pokemon-card.com/assets/images/card_images/large/XY4/030611_P_MEGAYANMA.jpg,RARITY_CHANGE
8d3bf894-32e8-4837-b9cb-784f772c9db0,XYシリーズ,XY4,ポケモンカードゲームXY 拡張パック「ファントムゲート」,xy4_ja,005,クルミル,,C,C,https://www.pokemon-card.com/assets/images/card_images/large/XY4/030612_P_KURUMIRU.jpg,RARITY_CHANGE
c2b42d2c-0604-40ef-8c52-b794a0e4e81a,XYシリーズ,XY4,ポケモンカードゲームXY 拡張パック「ファントムゲート」,xy4_ja,006,クルマユ,,C,C,https://www.pokemon-card.com/assets/images/card_images/large/XY4/030613_P_KURUMAYU.jpg,RARITY_CHANGE
3592eaf4-c52e-4270-a6ba-431bd76efe29,XYシリーズ,XY4,ポケモンカードゲームXY 拡張パック「ファントムゲート」,xy4_ja,007,ハハコモリ,,U,U,https://www.pokemon-card.com/assets/images/card_images/large/XY4/030614_P_HAHAKOMORI.jpg,RARITY_CHANGE
baed99c3-861b-4332-a9e9-338fff3e0cf9,XYシリーズ,XY4,ポケモンカードゲームXY 拡張パック「ファントムゲート」,xy4_ja,008,カブルモ,,C,C,https://www.pokemon-card.com/assets/images/card_images/large/XY4/030615_P_KABURUMO.jpg,RARITY_CHANGE
5de409e9-03d4-420e-a7ec-c657453a4e58,XYシリーズ,XY4,ポケモンカードゲームXY 拡張パック「ファントムゲート」,xy4_ja,089,ライボルトEX,,SR,SR,https://www.pokemon-card.com/assets/images/card_images/large/XY4/035778_P_RAIBORUTOEX.jpg,RARITY_CHANGE
dbdbc06c-46ba-4f9e-93b6-1babd085d934,XYシリーズ,XY4,ポケモンカードゲームXY 拡張パック「ファントムゲート」,xy4_ja,090,ゲンガーEX,,SR,SR,https://www.pokemon-card.com/assets/images/card_images/large/XY4/035779_P_GENGAEX.jpg,RARITY_CHANGE
98f60163-1f2a-47d8-abf1-6cba7120a044,XYシリーズ,XY4,ポケモンカードゲームXY 拡張パック「ファントムゲート」,xy4_ja,091,カラマネロEX,,SR,SR,https://www.pokemon-card.com/assets/images/card_images/large/XY4/035780_P_KARAMANEROEX.jpg,RARITY_CHANGE
7cb1957d-8bc8-4120-9f17-76c10f2b4729,XYシリーズ,XY4,ポケモンカードゲームXY 拡張パック「ファントムゲート」,xy4_ja,092,フラージェスEX,,SR,SR,https://www.pokemon-card.com/assets/images/card_images/large/XY4/035781_P_FURAJIESUEX.jpg,RARITY_CHANGE
be4f81e5-1ea5-4595-9eed-ad8482af2127,XYシリーズ,XY4,ポケモンカードゲームXY 拡張パック「ファントムゲート」,xy4_ja,093,AZ,,SR,SR,https://www.pokemon-card.com/assets/images/card_images/large/XY4/035782_T_AZ.jpg,RARITY_CHANGE
826855eb-d5f9-4441-927b-74cd6ba8f07f,XYシリーズ,XY4,ポケモンカードゲームXY 拡張パック「ファントムゲート」,xy4_ja,094,クセロシキ,,SR,SR,https://www.pokemon-card.com/assets/images/card_images/large/XY4/035783_T_KUSEROSHIKI.jpg,RARITY_CHANGE
8b8947bf-6e53-4df2-9d6a-ee33a7864aeb,XYシリーズ,XY4,ポケモンカードゲームXY 拡張パック「ファントムゲート」,xy4_ja,095,フラダリの奥の手,,SR,SR,https://www.pokemon-card.com/assets/images/card_images/large/XY4/035784_T_FURADARINOOKUNOTE.jpg,RARITY_CHANGE
e97ca2db-cf2d-4ce7-ba56-84a11e1aa337,XYシリーズ,XY5-Bg,ポケモンカードゲームXY 拡張パック「ガイアボルケーノ」,xy5g_ja,001,モンジャラ,,C,C,https://www.pokemon-card.com/assets/images/card_images/large/XY5-Bg/030663_P_MONJARA.jpg,RARITY_CHANGE
92728527-1bc9-4ca0-abac-cb3a8e551a83,XYシリーズ,XY5-Bg,ポケモンカードゲームXY 拡張パック「ガイアボルケーノ」,xy5g_ja,002,モジャンボ,,U,U,https://www.pokemon-card.com/assets/images/card_images/large/XY5-Bg/030664_P_MOJANBO.jpg,RARITY_CHANGE
d486b73e-7d9b-44a4-8084-66fecef54b8d,XYシリーズ,XY5-Bg,ポケモンカードゲームXY 拡張パック「ガイアボルケーノ」,xy5g_ja,003,キモリ,,C,C,https://www.pokemon-card.com/assets/images/card_images/large/XY5-Bg/030665_P_KIMORI.jpg,RARITY_CHANGE
d2f838ad-dc1c-4380-82a9-6d01cfa06be6,XYシリーズ,XY5-Bg,ポケモンカードゲームXY 拡張パック「ガイアボルケーノ」,xy5g_ja,004,ジュプトル,,C,C,https://www.pokemon-card.com/assets/images/card_images/large/XY5-Bg/030666_P_JUPUTORU.jpg,RARITY_CHANGE
293bd8ec-1fc4-4198-9af5-336614ba6575,XYシリーズ,XY5-Bg,ポケモンカードゲームXY 拡張パック「ガイアボルケーノ」,xy5g_ja,005,ジュカイン,,U,U,https://www.pokemon-card.com/assets/images/card_images/large/XY5-Bg/030667_P_JUKAIN.jpg,RARITY_CHANGE
8bb5227c-ba36-4f25-ac56-05c5c6231190,XYシリーズ,XY5-Bg,ポケモンカードゲームXY 拡張パック「ガイアボルケーノ」,xy5g_ja,006,ジュカイン,,R,R,https://www.pokemon-card.com/assets/images/card_images/large/XY5-Bg/030668_P_JUKAIN.jpg,RARITY_CHANGE
c88536bf-64a4-4f51-99b6-0401130c3e63,XYシリーズ,XY5-Bg,ポケモンカードゲームXY 拡張パック「ガイアボルケーノ」,xy5g_ja,007,キノココ,,C,C,https://www.pokemon-card.com/assets/images/card_images/large/XY5-Bg/030669_P_KINOKOKO.jpg,RARITY_CHANGE
105f0404-ad05-4c6e-adf1-54f18d0a5bce,XYシリーズ,XY5-Bg,ポケモンカードゲームXY 拡張パック「ガイアボルケーノ」,xy5g_ja,008,キノガッサ,,U,U,https://www.pokemon-card.com/assets/images/card_images/large/XY5-Bg/030670_P_KINOGASSA.jpg,RARITY_CHANGE
96151e56-4a40-499a-8674-e53b948cf60e,XYシリーズ,XY5-Bg,ポケモンカードゲームXY 拡張パック「ガイアボルケーノ」,xy5g_ja,009,バルビート,,C,C,https://www.pokemon-card.com/assets/images/card_images/large/XY5-Bg/030671_P_BARUBITO.jpg,RARITY_CHANGE
3ea239dd-d087-49b9-a385-3261683cd147,XYシリーズ,XY5-Bg,ポケモンカードゲームXY 拡張パック「ガイアボルケーノ」,xy5g_ja,010,イルミーゼ,,C,C,https://www.pokemon-card.com/assets/images/card_images/large/XY5-Bg/030672_P_IRUMIZE.jpg,RARITY_CHANGE
29b5aead-1d3f-4f33-b1b9-d29d9f90699c,XYシリーズ,XY5-Bg,ポケモンカードゲームXY 拡張パック「ガイアボルケーノ」,xy5g_ja,011,オーロットEX,,RR,RR,https://www.pokemon-card.com/assets/images/card_images/large/XY5-Bg/030673_P_OROTTOEX.jpg,RARITY_CHANGE
6e810739-d564-4b22-a43f-25f9766f08d6,XYシリーズ,XY5-Bg,ポケモンカードゲームXY 拡張パック「ガイアボルケーノ」,xy5g_ja,012,ロコン,,C,C,https://www.pokemon-card.com/assets/images/card_images/large/XY5-Bg/030674_P_ROKON.jpg,RARITY_CHANGE
7dc6c728-fb81-4d2b-a963-b475bf9b0019,XYシリーズ,XY5-Bg,ポケモンカードゲームXY 拡張パック「ガイアボルケーノ」,xy5g_ja,013,キュウコン,,U,U,https://www.pokemon-card.com/assets/images/card_images/large/XY5-Bg/030675_P_KYUUKON.jpg,RARITY_CHANGE
4b3be284-f26c-405f-9502-4d03dd03c4e1,XYシリーズ,XY5-Bg,ポケモンカードゲームXY 拡張パック「ガイアボルケーノ」,xy5g_ja,014,マグマッグ,,C,C,https://www.pokemon-card.com/assets/images/card_images/large/XY5-Bg/030676_P_MAGUMAGGU.jpg,RARITY_CHANGE
1d294868-8072-4e71-b6af-0dd6f012035e,XYシリーズ,XY5-Bg,ポケモンカードゲームXY 拡張パック「ガイアボルケーノ」,xy5g_ja,015,マグカルゴ,,U,U,https://www.pokemon-card.com/assets/images/card_images/large/XY5-Bg/030677_P_MAGUKARUGO.jpg,RARITY_CHANGE
7b0bca23-b82b-4aae-b0bb-8a371003c4d4,XYシリーズ,XY5-Bg,ポケモンカードゲームXY 拡張パック「ガイアボルケーノ」,xy5g_ja,016,マグカルゴ,,U,U,https://www.pokemon-card.com/assets/images/card_images/large/XY5-Bg/030678_P_MAGUKARUGO.jpg,RARITY_CHANGE
1dfc0deb-d5a1-4d14-afe4-7fcc1df514f9,XYシリーズ,XY5-Bg,ポケモンカードゲームXY 拡張パック「ガイアボルケーノ」,xy5g_ja,017,アチャモ,,C,C,https://www.pokemon-card.com/assets/images/card_images/large/XY5-Bg/030679_P_ACHAMO.jpg,RARITY_CHANGE
0f7d97b1-2a16-4764-bfa7-8d880d0b6875,XYシリーズ,XY5-Bg,ポケモンカードゲームXY 拡張パック「ガイアボルケーノ」,xy5g_ja,018,アチャモ,,C,C,https://www.pokemon-card.com/assets/images/card_images/large/XY5-Bg/030680_P_ACHAMO.jpg,RARITY_CHANGE
bd03fa26-d274-4103-aaf8-d2cf43db367a,XYシリーズ,XY5-Bg,ポケモンカードゲームXY 拡張パック「ガイアボルケーノ」,xy5g_ja,019,ワカシャモ,,C,C,https://www.pokemon-card.com/assets/images/card_images/large/XY5-Bg/030681_P_WAKASHAMO.jpg,RARITY_CHANGE
af2f0ddf-4c64-4afc-b44d-3b96f35ef3cd,XYシリーズ,XY5-Bg,ポケモンカードゲームXY 拡張パック「ガイアボルケーノ」,xy5g_ja,020,バシャーモ,,R,R,https://www.pokemon-card.com/assets/images/card_images/large/XY5-Bg/030682_P_BASHAMO.jpg,RARITY_CHANGE
6fa337cf-6c7d-4e26-bb70-1b6d7dc7df26,XYシリーズ,XY5-Bg,ポケモンカードゲームXY 拡張パック「ガイアボルケーノ」,xy5g_ja,021,バクーダEX,,RR,RR,https://www.pokemon-card.com/assets/images/card_images/large/XY5-Bg/030683_P_BAKUDAEX.jpg,RARITY_CHANGE
9dbc3600-3c76-46e0-b726-1bf2c0b1b29c,XYシリーズ,XY5-Bg,ポケモンカードゲームXY 拡張パック「ガイアボルケーノ」,xy5g_ja,022,ラクライ,,C,C,https://www.pokemon-card.com/assets/images/card_images/large/XY5-Bg/030684_P_RAKURAI.jpg,RARITY_CHANGE
981e1f7a-4476-4b6f-8718-a8f1a7f4a341,XYシリーズ,XY5-Bg,ポケモンカードゲームXY 拡張パック「ガイアボルケーノ」,xy5g_ja,023,ラクライ,,C,C,https://www.pokemon-card.com/assets/images/card_images/large/XY5-Bg/030685_P_RAKURAI.jpg,RARITY_CHANGE
08531647-f6ef-4166-be56-9676e97db56f,XYシリーズ,XY5-Bg,ポケモンカードゲームXY 拡張パック「ガイアボルケーノ」,xy5g_ja,024,ライボルト,,R,R,https://www.pokemon-card.com/assets/images/card_images/large/XY5-Bg/030686_P_RAIBORUTO.jpg,RARITY_CHANGE
5253f787-6a34-46c7-ac58-2b348ae983c6,XYシリーズ,XY5-Bg,ポケモンカードゲームXY 拡張パック「ガイアボルケーノ」,xy5g_ja,025,ニドラン♀,,C,C,https://www.pokemon-card.com/assets/images/card_images/large/XY5-Bg/030687_P_NIDORAN.jpg,RARITY_CHANGE
1d211571-1022-4a5d-aaeb-aba61fa6f492,XYシリーズ,XY5-Bg,ポケモンカードゲームXY 拡張パック「ガイアボルケーノ」,xy5g_ja,026,ニドリーナ,,C,C,https://www.pokemon-card.com/assets/images/card_images/large/XY5-Bg/030688_P_NIDORINA.jpg,RARITY_CHANGE
0905c12b-89d9-444f-a22a-be225d4c9705,XYシリーズ,XY5-Bg,ポケモンカードゲームXY 拡張パック「ガイアボルケーノ」,xy5g_ja,027,ニドクイン,,U,U,https://www.pokemon-card.com/assets/images/card_images/large/XY5-Bg/030689_P_NIDOKUIN.jpg,RARITY_CHANGE
a46a4f05-baad-47ce-86a1-4e5747838cf9,XYシリーズ,XY5-Bg,ポケモンカードゲームXY 拡張パック「ガイアボルケーノ」,xy5g_ja,028,ニドクイン,,U,U,https://www.pokemon-card.com/assets/images/card_images/large/XY5-Bg/030690_P_NIDOKUIN.jpg,RARITY_CHANGE
b5b3e2d8-4017-4d8c-a5b1-63a5cc15e39e,XYシリーズ,XY5-Bg,ポケモンカードゲームXY 拡張パック「ガイアボルケーノ」,xy5g_ja,029,サイホーン,,C,C,https://www.pokemon-card.com/assets/images/card_images/large/XY5-Bg/030691_P_SAIHON.jpg,RARITY_CHANGE
a84b7ba9-e189-4fd8-b58f-7cf4050842eb,XYシリーズ,XY5-Bg,ポケモンカードゲームXY 拡張パック「ガイアボルケーノ」,xy5g_ja,030,サイドン,,C,C,https://www.pokemon-card.com/assets/images/card_images/large/XY5-Bg/030692_P_SAIDON.jpg,RARITY_CHANGE
af0bc6d5-ef57-4999-b549-43022d30cc10,XYシリーズ,XY5-Bg,ポケモンカードゲームXY 拡張パック「ガイアボルケーノ」,xy5g_ja,031,ドサイドン,,U,U,https://www.pokemon-card.com/assets/images/card_images/large/XY5-Bg/030693_P_DOSAIDON.jpg,RARITY_CHANGE
7ca927e0-e2a6-491c-993f-49576cac2319,XYシリーズ,XY5-Bg,ポケモンカードゲームXY 拡張パック「ガイアボルケーノ」,xy5g_ja,032,ドサイドン,,R,R,https://www.pokemon-card.com/assets/images/card_images/large/XY5-Bg/030694_P_DOSAIDON.jpg,RARITY_CHANGE
f8149bd3-ebd3-4dca-ab78-aa3a54683f57,XYシリーズ,XY5-Bg,ポケモンカードゲームXY 拡張パック「ガイアボルケーノ」,xy5g_ja,033,ノズパス,,C,C,https://www.pokemon-card.com/assets/images/card_images/large/XY5-Bg/030695_P_NOZUPASU.jpg,RARITY_CHANGE
d4042d0e-a60c-48c6-b6f5-aeb691bdcbee,XYシリーズ,XY5-Bg,ポケモンカードゲームXY 拡張パック「ガイアボルケーノ」,xy5g_ja,034,アサナン,,C,C,https://www.pokemon-card.com/assets/images/card_images/large/XY5-Bg/030696_P_ASANAN.jpg,RARITY_CHANGE
5f47a7f0-ccb2-4014-a214-49b612cb9c2d,XYシリーズ,XY5-Bg,ポケモンカードゲームXY 拡張パック「ガイアボルケーノ」,xy5g_ja,035,チャーレム,,R,R,https://www.pokemon-card.com/assets/images/card_images/large/XY5-Bg/030697_P_CHAREMU.jpg,RARITY_CHANGE
5b6ab200-ef58-4b11-a3b7-86a099d4461e,XYシリーズ,XY5-Bg,ポケモンカードゲームXY 拡張パック「ガイアボルケーノ」,xy5g_ja,036,チャーレム,,U,U,https://www.pokemon-card.com/assets/images/card_images/large/XY5-Bg/030698_P_CHAREMU.jpg,RARITY_CHANGE
53324220-570c-4dd7-b2ef-f5de26c41ddb,XYシリーズ,XY5-Bg,ポケモンカードゲームXY 拡張パック「ガイアボルケーノ」,xy5g_ja,037,ナックラー,,C,C,https://www.pokemon-card.com/assets/images/card_images/large/XY5-Bg/030699_P_NAKKURA.jpg,RARITY_CHANGE
5be267a0-b900-4589-9a31-88d218c5630b,XYシリーズ,XY5-Bg,ポケモンカードゲームXY 拡張パック「ガイアボルケーノ」,xy5g_ja,038,ソルロック,,C,C,https://www.pokemon-card.com/assets/images/card_images/large/XY5-Bg/030700_P_SORUROKKU.jpg,RARITY_CHANGE
4dd814ac-e50d-41cd-aa16-6fbe0a49bad7,XYシリーズ,XY5-Bg,ポケモンカードゲームXY 拡張パック「ガイアボルケーノ」,xy5g_ja,039,グラードンEX,,RR,RR,https://www.pokemon-card.com/assets/images/card_images/large/XY5-Bg/030701_P_GURADONEX.jpg,RARITY_CHANGE
b2a55246-3e1b-4cc1-9df7-d58ceb374bc2,XYシリーズ,XY5-Bg,ポケモンカードゲームXY 拡張パック「ガイアボルケーノ」,xy5g_ja,040,ゲンシグラードンEX,,RR,RR,https://www.pokemon-card.com/assets/images/card_images/large/XY5-Bg/030702_P_GENSHIGURADONEX.jpg,RARITY_CHANGE
ce2bd529-3094-4e9a-9779-adb9a1bc6952,XYシリーズ,XY5-Bg,ポケモンカードゲームXY 拡張パック「ガイアボルケーノ」,xy5g_ja,041,ヒポポタス,,C,C,https://www.pokemon-card.com/assets/images/card_images/large/XY5-Bg/030703_P_HIPOPOTASU.jpg,RARITY_CHANGE
0babb1d8-a0cf-4957-bf81-08c2fb8c0798,XYシリーズ,XY5-Bg,ポケモンカードゲームXY 拡張パック「ガイアボルケーノ」,xy5g_ja,042,カバルドン,,R,R,https://www.pokemon-card.com/assets/images/card_images/large/XY5-Bg/030704_P_KABARUDON.jpg,RARITY_CHANGE
36f20aa4-2a39-48af-8fad-7ef05a3b926f,XYシリーズ,XY5-Bg,ポケモンカードゲームXY 拡張パック「ガイアボルケーノ」,xy5g_ja,043,モグリュー,,C,C,https://www.pokemon-card.com/assets/images/card_images/large/XY5-Bg/030705_P_MOGURYU.jpg,RARITY_CHANGE
4f832fc7-27c5-4185-9e50-167cbe157e20,XYシリーズ,XY5-Bg,ポケモンカードゲームXY 拡張パック「ガイアボルケーノ」,xy5g_ja,044,ホルード,,C,C,https://www.pokemon-card.com/assets/images/card_images/large/XY5-Bg/030706_P_HORUDO.jpg,RARITY_CHANGE
49fb4469-f90e-4ffa-ad4f-7a37eb227488,XYシリーズ,XY5-Bg,ポケモンカードゲームXY 拡張パック「ガイアボルケーノ」,xy5g_ja,045,ボスゴドラEX,,RR,RR,https://www.pokemon-card.com/assets/images/card_images/large/XY5-Bg/030707_P_BOSUGODORAEX.jpg,RARITY_CHANGE
0f6c1b04-ec1c-4f71-bc15-3f1d43732154,XYシリーズ,XY5-Bg,ポケモンカードゲームXY 拡張パック「ガイアボルケーノ」,xy5g_ja,046,megaボスゴドラEX,,RR,RR,https://www.pokemon-card.com/assets/images/card_images/large/XY5-Bg/030708_P_MBOSUGODORAEX.jpg,RARITY_CHANGE
e181d482-dd1a-4e7c-8d3e-7c9874cc6dd0,XYシリーズ,XY5-Bg,ポケモンカードゲームXY 拡張パック「ガイアボルケーノ」,xy5g_ja,047,ダイノーズ,,U,U,https://www.pokemon-card.com/assets/images/card_images/large/XY5-Bg/030709_P_DAINOZU.jpg,RARITY_CHANGE
147e904f-9680-44cb-9e0c-30fc93c4f2f4,XYシリーズ,XY5-Bg,ポケモンカードゲームXY 拡張パック「ガイアボルケーノ」,xy5g_ja,048,ドリュウズ,,U,U,https://www.pokemon-card.com/assets/images/card_images/large/XY5-Bg/030710_P_DORYUUZU.jpg,RARITY_CHANGE
4be48d0d-863e-48a6-94e1-4f9531c2ddf6,XYシリーズ,XY5-Bg,ポケモンカードゲームXY 拡張パック「ガイアボルケーノ」,xy5g_ja,049,ドリュウズ,,R,R,https://www.pokemon-card.com/assets/images/card_images/large/XY5-Bg/030711_P_DORYUUZU.jpg,RARITY_CHANGE
637319f1-ff43-4584-85ff-15cfe8a89568,XYシリーズ,XY5-Bg,ポケモンカードゲームXY 拡張パック「ガイアボルケーノ」,xy5g_ja,050,ヒトツキ,,C,C,https://www.pokemon-card.com/assets/images/card_images/large/XY5-Bg/030712_P_HITOTSUKI.jpg,RARITY_CHANGE
0809f1ad-3fcf-44a9-b838-829db8fee27e,XYシリーズ,XY5-Bg,ポケモンカードゲームXY 拡張パック「ガイアボルケーノ」,xy5g_ja,051,ニダンギル,,C,C,https://www.pokemon-card.com/assets/images/card_images/large/XY5-Bg/030713_P_NIDANGIRU.jpg,RARITY_CHANGE
96040fb5-eec3-4e78-9a02-10b2571744ba,XYシリーズ,XY5-Bg,ポケモンカードゲームXY 拡張パック「ガイアボルケーノ」,xy5g_ja,052,ギルガルド,,R,R,https://www.pokemon-card.com/assets/images/card_images/large/XY5-Bg/030714_P_GIRUGARUDO.jpg,RARITY_CHANGE
99a144cd-188f-4dba-b7bb-87765afeea15,XYシリーズ,XY5-Bg,ポケモンカードゲームXY 拡張パック「ガイアボルケーノ」,xy5g_ja,053,ビブラーバ,,C,C,https://www.pokemon-card.com/assets/images/card_images/large/XY5-Bg/030715_P_BIBURABA.jpg,RARITY_CHANGE
3a3abd4e-6faa-4dba-bd8b-49eb281fe6b4,XYシリーズ,XY5-Bg,ポケモンカードゲームXY 拡張パック「ガイアボルケーノ」,xy5g_ja,054,フライゴン,,R,R,https://www.pokemon-card.com/assets/images/card_images/large/XY5-Bg/030716_P_FURAIGON.jpg,RARITY_CHANGE
ff6c0e8f-546a-4f2a-a8ee-7ac0e7a11bda,XYシリーズ,XY5-Bg,ポケモンカードゲームXY 拡張パック「ガイアボルケーノ」,xy5g_ja,055,ジグザグマ,,C,C,https://www.pokemon-card.com/assets/images/card_images/large/XY5-Bg/030717_P_JIGUZAGUMA.jpg,RARITY_CHANGE
0f42ef24-a7e2-4078-9ff6-0def1b299a8b,XYシリーズ,XY5-Bg,ポケモンカードゲームXY 拡張パック「ガイアボルケーノ」,xy5g_ja,056,マッスグマ,,C,C,https://www.pokemon-card.com/assets/images/card_images/large/XY5-Bg/030718_P_MASSUGUMA.jpg,RARITY_CHANGE
d4f911fd-7c01-415a-b4a9-f6e6cae8ebfe,XYシリーズ,XY5-Bg,ポケモンカードゲームXY 拡張パック「ガイアボルケーノ」,xy5g_ja,057,バッフロン,,C,C,https://www.pokemon-card.com/assets/images/card_images/large/XY5-Bg/030719_P_BAFFURON.jpg,RARITY_CHANGE
ce64952f-812b-42d5-8150-0175656fbb51,XYシリーズ,XY5-Bg,ポケモンカードゲームXY 拡張パック「ガイアボルケーノ」,xy5g_ja,058,ホルビー,,C,C,https://www.pokemon-card.com/assets/images/card_images/large/XY5-Bg/030720_P_HORUBI.jpg,RARITY_CHANGE
32bbf371-567d-4792-ada5-da89ea642ff8,XYシリーズ,XY5-Bg,ポケモンカードゲームXY 拡張パック「ガイアボルケーノ」,xy5g_ja,059,ホルビー,,C,C,https://www.pokemon-card.com/assets/images/card_images/large/XY5-Bg/030721_P_HORUBI.jpg,RARITY_CHANGE
53bc1eb7-8d53-4fec-8615-b0be1497bcbf,XYシリーズ,XY5-Bg,ポケモンカードゲームXY 拡張パック「ガイアボルケーノ」,xy5g_ja,060,ダートじてんしゃ,,U,U,https://www.pokemon-card.com/assets/images/card_images/large/XY5-Bg/030722_T_DATOJITENSHA.jpg,RARITY_CHANGE
45256c80-468f-4440-af53-294fd0521942,XYシリーズ,XY5-Bg,ポケモンカードゲームXY 拡張パック「ガイアボルケーノ」,xy5g_ja,061,ふしぎなアメ,,U,U,https://www.pokemon-card.com/assets/images/card_images/large/XY5-Bg/030723_T_FUSHIGINAAME.jpg,RARITY_CHANGE
e342ec7a-6be5-45ea-ac32-a8f7ad8e1150,XYシリーズ,XY5-Bg,ポケモンカードゲームXY 拡張パック「ガイアボルケーノ」,xy5g_ja,062,リピートボール,,U,U,https://www.pokemon-card.com/assets/images/card_images/large/XY5-Bg/030724_T_RIPITOBORU.jpg,RARITY_CHANGE
1fdefa11-fef3-4d90-bfdb-ba2863d4e621,XYシリーズ,XY5-Bg,ポケモンカードゲームXY 拡張パック「ガイアボルケーノ」,xy5g_ja,063,じゃくてんほけん,,U,U,https://www.pokemon-card.com/assets/images/card_images/large/XY5-Bg/030725_T_JAKUTENHOKEN.jpg,RARITY_CHANGE
ab5fe985-c8da-4fd8-aea9-576967bd54a0,XYシリーズ,XY5-Bg,ポケモンカードゲームXY 拡張パック「ガイアボルケーノ」,xy5g_ja,064,グラードンソウルリンク,,U,U,https://www.pokemon-card.com/assets/images/card_images/large/XY5-Bg/030726_T_GURADONSOURURINKU.jpg,RARITY_CHANGE
3e31ca09-5e44-4c92-820a-e35f068a1f0f,XYシリーズ,XY5-Bg,ポケモンカードゲームXY 拡張パック「ガイアボルケーノ」,xy5g_ja,065,ボスゴドラソウルリンク,,U,U,https://www.pokemon-card.com/assets/images/card_images/large/XY5-Bg/030727_T_BOSUGODORASOURURINKU.jpg,RARITY_CHANGE
02dd1ac4-6c42-421c-9d86-c74f0f7e7755,XYシリーズ,XY5-Bg,ポケモンカードゲームXY 拡張パック「ガイアボルケーノ」,xy5g_ja,066,センパイとコウハイ,,U,U,https://www.pokemon-card.com/assets/images/card_images/large/XY5-Bg/030728_T_SENPAITOKOUHAI.jpg,RARITY_CHANGE
22e1501b-77a5-4fdb-b197-a5b4a7850482,XYシリーズ,XY5-Bg,ポケモンカードゲームXY 拡張パック「ガイアボルケーノ」,xy5g_ja,067,マツブサの隠し玉,,U,U,https://www.pokemon-card.com/assets/images/card_images/large/XY5-Bg/030729_T_MATSUBUSANOKAKUSHIDAMA.jpg,RARITY_CHANGE
2524a8d9-556e-44c9-b73c-b846b8ec36ec,XYシリーズ,XY5-Bg,ポケモンカードゲームXY 拡張パック「ガイアボルケーノ」,xy5g_ja,068,記憶のほこら,,U,U,https://www.pokemon-card.com/assets/images/card_images/large/XY5-Bg/030730_T_KIOKUNOHOKORA.jpg,RARITY_CHANGE
6fcbfc98-6fa0-4101-ae2f-8748b3ade9cf,XYシリーズ,XY5-Bg,ポケモンカードゲームXY 拡張パック「ガイアボルケーノ」,xy5g_ja,069,灼熱の大地,,U,U,https://www.pokemon-card.com/assets/images/card_images/large/XY5-Bg/030731_T_SHAKUNETSUNODAICHI.jpg,RARITY_CHANGE
8f86db86-e35e-4352-b035-103edb9b4e7a,XYシリーズ,XY5-Bg,ポケモンカードゲームXY 拡張パック「ガイアボルケーノ」,xy5g_ja,070,シールドエネルギー,,U,U,https://www.pokemon-card.com/assets/images/card_images/large/XY5-Bg/030732_E_SHIRUDOENERUGI.jpg,RARITY_CHANGE
8ce47a52-8fa7-4490-b57c-fcca6e08067a,XYシリーズ,XY5-Bg,ポケモンカードゲームXY 拡張パック「ガイアボルケーノ」,xy5g_ja,071,オーロットEX,,SR,SR,https://www.pokemon-card.com/assets/images/card_images/large/XY5-Bg/035785_P_OROTTOEX.jpg,RARITY_CHANGE
a35525e6-318a-4643-81ad-93a70c568de4,XYシリーズ,XY5-Bg,ポケモンカードゲームXY 拡張パック「ガイアボルケーノ」,xy5g_ja,072,バクーダEX,,SR,SR,https://www.pokemon-card.com/assets/images/card_images/large/XY5-Bg/035786_P_BAKUDAEX.jpg,RARITY_CHANGE
0deff4dd-2ff9-41c8-a8cf-4ee8190efa70,XYシリーズ,XY5-Bg,ポケモンカードゲームXY 拡張パック「ガイアボルケーノ」,xy5g_ja,073,グラードンEX,,SR,SR,https://www.pokemon-card.com/assets/images/card_images/large/XY5-Bg/035787_P_GURADONEX.jpg,RARITY_CHANGE
382b9810-f531-48bb-875d-f43d8a033883,XYシリーズ,XY5-Bg,ポケモンカードゲームXY 拡張パック「ガイアボルケーノ」,xy5g_ja,074,ゲンシグラードンEX,,SR,SR,https://www.pokemon-card.com/assets/images/card_images/large/XY5-Bg/035788_P_GENSHIGURADONEX.jpg,RARITY_CHANGE
3e27190d-2bfc-4ec9-9cef-f67b301e794e,XYシリーズ,XY5-Bg,ポケモンカードゲームXY 拡張パック「ガイアボルケーノ」,xy5g_ja,075,ボスゴドラEX,,SR,SR,https://www.pokemon-card.com/assets/images/card_images/large/XY5-Bg/035789_P_BOSUGODORAEX.jpg,RARITY_CHANGE
0158d7f5-0d9c-4875-b8de-a392ee5a9028,XYシリーズ,XY5-Bg,ポケモンカードゲームXY 拡張パック「ガイアボルケーノ」,xy5g_ja,076,megaボスゴドラEX,,SR,SR,https://www.pokemon-card.com/assets/images/card_images/large/XY5-Bg/035790_P_MBOSUGODORAEX.jpg,RARITY_CHANGE
6b9bac32-e86d-4019-809f-8edc9b50daf8,XYシリーズ,XY5-Bg,ポケモンカードゲームXY 拡張パック「ガイアボルケーノ」,xy5g_ja,077,センパイとコウハイ,,SR,SR,https://www.pokemon-card.com/assets/images/card_images/large/XY5-Bg/035791_T_SENPAITOKOUHAI.jpg,RARITY_CHANGE
94d21d71-1f59-4ff9-9093-0deb34ae2f8b,XYシリーズ,XY5-Bg,ポケモンカードゲームXY 拡張パック「ガイアボルケーノ」,xy5g_ja,078,マツブサの隠し玉,,SR,SR,https://www.pokemon-card.com/assets/images/card_images/large/XY5-Bg/035792_T_MATSUBUSANOKAKUSHIDAMA.jpg,RARITY_CHANGE
d88a0b86-c05e-4663-93ee-e3da1a88a59d,XYシリーズ,XY5-Bt,ポケモンカードゲームXY 拡張パック「タイダルストーム」,xy5t_ja,001,ビードル,,C,C,https://www.pokemon-card.com/assets/images/card_images/large/XY5-Bt/030733_P_BIDORU.jpg,RARITY_CHANGE
0e3222f9-1730-4322-a9eb-1121bf2f0a6c,XYシリーズ,XY5-Bt,ポケモンカードゲームXY 拡張パック「タイダルストーム」,xy5t_ja,002,コクーン,,C,C,https://www.pokemon-card.com/assets/images/card_images/large/XY5-Bt/030734_P_KOKUN.jpg,RARITY_CHANGE
13186198-1136-41b0-9e52-1f28f9e080d4,XYシリーズ,XY5-Bt,ポケモンカードゲームXY 拡張パック「タイダルストーム」,xy5t_ja,003,スピアー,,C,C,https://www.pokemon-card.com/assets/images/card_images/large/XY5-Bt/030735_P_SUPIA.jpg,RARITY_CHANGE
ef1de283-e6d5-464a-9c06-50a27c794aeb,XYシリーズ,XY5-Bt,ポケモンカードゲームXY 拡張パック「タイダルストーム」,xy5t_ja,004,ハスボー,,C,C,https://www.pokemon-card.com/assets/images/card_images/large/XY5-Bt/030736_P_HASUBO.jpg,RARITY_CHANGE
ac160548-b63e-4681-80c7-60da23b7ce65,XYシリーズ,XY5-Bt,ポケモンカードゲームXY 拡張パック「タイダルストーム」,xy5t_ja,005,ハスブレロ,,C,C,https://www.pokemon-card.com/assets/images/card_images/large/XY5-Bt/030737_P_HASUBURERO.jpg,RARITY_CHANGE
feab4ba8-f0b8-4e62-8b4d-1257bf1f6044,XYシリーズ,XY5-Bt,ポケモンカードゲームXY 拡張パック「タイダルストーム」,xy5t_ja,006,ルンパッパ,,R,R,https://www.pokemon-card.com/assets/images/card_images/large/XY5-Bt/030738_P_RUNPAPPA.jpg,RARITY_CHANGE
cc3f13b6-cf42-46a9-9d93-e3005ddeb20b,XYシリーズ,XY5-Bt,ポケモンカードゲームXY 拡張パック「タイダルストーム」,xy5t_ja,007,アメタマ,,C,C,https://www.pokemon-card.com/assets/images/card_images/large/XY5-Bt/030739_P_AMETAMA.jpg,RARITY_CHANGE
d458f93a-6a60-4aba-9caf-3e80b1180ea6,XYシリーズ,XY5-Bt,ポケモンカードゲームXY 拡張パック「タイダルストーム」,xy5t_ja,008,アメモース,,C,C,https://www.pokemon-card.com/assets/images/card_images/large/XY5-Bt/030740_P_AMEMOSU.jpg,RARITY_CHANGE
10ce8f0b-17d6-4165-bed7-26136bc39521,XYシリーズ,XY5-Bt,ポケモンカードゲームXY 拡張パック「タイダルストーム」,xy5t_ja,009,タッツー,,C,C,https://www.pokemon-card.com/assets/images/card_images/large/XY5-Bt/030741_P_TATTSU.jpg,RARITY_CHANGE
cd167229-9efa-42f3-93a4-242035e24432,XYシリーズ,XY5-Bt,ポケモンカードゲームXY 拡張パック「タイダルストーム」,xy5t_ja,010,シードラ,,C,C,https://www.pokemon-card.com/assets/images/card_images/large/XY5-Bt/030742_P_SHIDORA.jpg,RARITY_CHANGE
e95f5a50-d7ab-44ff-a9c0-2136102091bf,XYシリーズ,XY5-Bt,ポケモンカードゲームXY 拡張パック「タイダルストーム」,xy5t_ja,011,ヒトデマン,,C,C,https://www.pokemon-card.com/assets/images/card_images/large/XY5-Bt/030743_P_HITODEMAN.jpg,RARITY_CHANGE
df1cfd8e-3f90-40b8-9408-dba55cf35469,XYシリーズ,XY5-Bt,ポケモンカードゲームXY 拡張パック「タイダルストーム」,xy5t_ja,012,ミズゴロウ,,C,C,https://www.pokemon-card.com/assets/images/card_images/large/XY5-Bt/030744_P_MIZUGOROU.jpg,RARITY_CHANGE
28faaadb-bd52-4894-82d9-bd0be542aa5c,XYシリーズ,XY5-Bt,ポケモンカードゲームXY 拡張パック「タイダルストーム」,xy5t_ja,013,ヌマクロー,,C,C,https://www.pokemon-card.com/assets/images/card_images/large/XY5-Bt/030745_P_NUMAKURO.jpg,RARITY_CHANGE
37da48e2-2673-4dc6-8921-38843562800c,XYシリーズ,XY5-Bt,ポケモンカードゲームXY 拡張パック「タイダルストーム」,xy5t_ja,014,ラグラージ,,U,U,https://www.pokemon-card.com/assets/images/card_images/large/XY5-Bt/030746_P_RAGURAJI.jpg,RARITY_CHANGE
b7ad9313-7587-453c-b375-4246e7544250,XYシリーズ,XY5-Bt,ポケモンカードゲームXY 拡張パック「タイダルストーム」,xy5t_ja,015,ラグラージ,,R,R,https://www.pokemon-card.com/assets/images/card_images/large/XY5-Bt/030747_P_RAGURAJI.jpg,RARITY_CHANGE
e3f15e65-5314-4388-ab63-815d2aadde34,XYシリーズ,XY5-Bt,ポケモンカードゲームXY 拡張パック「タイダルストーム」,xy5t_ja,016,ルンパッパ,,U,U,https://www.pokemon-card.com/assets/images/card_images/large/XY5-Bt/030748_P_RUNPAPPA.jpg,RARITY_CHANGE
0aebea9c-6518-4f29-8aa9-ebd80e595a40,XYシリーズ,XY5-Bt,ポケモンカードゲームXY 拡張パック「タイダルストーム」,xy5t_ja,017,ホエルオーEX,,RR,RR,https://www.pokemon-card.com/assets/images/card_images/large/XY5-Bt/030749_P_HOERUOEX.jpg,RARITY_CHANGE
3a1e212f-6061-47fa-9173-5506aadca5ab,XYシリーズ,XY5-Bt,ポケモンカードゲームXY 拡張パック「タイダルストーム」,xy5t_ja,018,ドジョッチ,,C,C,https://www.pokemon-card.com/assets/images/card_images/large/XY5-Bt/030750_P_DOJOCCHI.jpg,RARITY_CHANGE
aac8973d-d509-4419-94e9-cd831a6abea2,XYシリーズ,XY5-Bt,ポケモンカードゲームXY 拡張パック「タイダルストーム」,xy5t_ja,019,ナマズン,,U,U,https://www.pokemon-card.com/assets/images/card_images/large/XY5-Bt/030751_P_NAMAZUN.jpg,RARITY_CHANGE
02dc1f81-c4bb-44b9-bad0-2601c7823e62,XYシリーズ,XY5-Bt,ポケモンカードゲームXY 拡張パック「タイダルストーム」,xy5t_ja,020,ナマズン,,U,U,https://www.pokemon-card.com/assets/images/card_images/large/XY5-Bt/030752_P_NAMAZUN.jpg,RARITY_CHANGE
0b198749-b8ad-4553-bf4b-67d0798e7d11,XYシリーズ,XY5-Bt,ポケモンカードゲームXY 拡張パック「タイダルストーム」,xy5t_ja,021,ヘイガニ,,C,C,https://www.pokemon-card.com/assets/images/card_images/large/XY5-Bt/030753_P_HEIGANI.jpg,RARITY_CHANGE
da206936-433c-4d8a-9c1e-54f46e459d53,XYシリーズ,XY5-Bt,ポケモンカードゲームXY 拡張パック「タイダルストーム」,xy5t_ja,022,ヒンバス,,C,C,https://www.pokemon-card.com/assets/images/card_images/large/XY5-Bt/030754_P_HINBASU.jpg,RARITY_CHANGE
afb20d6b-29c8-441c-aec6-9c68b6d3c52c,XYシリーズ,XY5-Bt,ポケモンカードゲームXY 拡張パック「タイダルストーム」,xy5t_ja,023,ミロカロス,,R,R,https://www.pokemon-card.com/assets/images/card_images/large/XY5-Bt/030755_P_MIROKAROSU.jpg,RARITY_CHANGE
3ba4b47e-08f9-4e64-a8f8-cf3e16ca5b27,XYシリーズ,XY5-Bt,ポケモンカードゲームXY 拡張パック「タイダルストーム」,xy5t_ja,024,タマザラシ,,C,C,https://www.pokemon-card.com/assets/images/card_images/large/XY5-Bt/030756_P_TAMAZARASHI.jpg,RARITY_CHANGE
eb507e83-8872-4b69-b8b2-512ce56d9a54,XYシリーズ,XY5-Bt,ポケモンカードゲームXY 拡張パック「タイダルストーム」,xy5t_ja,025,トドグラー,,C,C,https://www.pokemon-card.com/assets/images/card_images/large/XY5-Bt/030757_P_TODOGURA.jpg,RARITY_CHANGE
aaa63ee7-0c21-48c8-926e-cba4481a333f,XYシリーズ,XY5-Bt,ポケモンカードゲームXY 拡張パック「タイダルストーム」,xy5t_ja,026,トドゼルガ,,U,U,https://www.pokemon-card.com/assets/images/card_images/large/XY5-Bt/030758_P_TODOZERUGA.jpg,RARITY_CHANGE
d71217c5-f71e-41c7-a740-e50fe02b815a,XYシリーズ,XY5-Bt,ポケモンカードゲームXY 拡張パック「タイダルストーム」,xy5t_ja,027,パールル,,C,C,https://www.pokemon-card.com/assets/images/card_images/large/XY5-Bt/030759_P_PARURU.jpg,RARITY_CHANGE
73294849-83c6-46d3-8610-fa8d6fea47d3,XYシリーズ,XY5-Bt,ポケモンカードゲームXY 拡張パック「タイダルストーム」,xy5t_ja,028,ハンテール,,R,R,https://www.pokemon-card.com/assets/images/card_images/large/XY5-Bt/030760_P_HANTERU.jpg,RARITY_CHANGE
655f79ba-4ee6-4f43-931e-15a484c5ddb9,XYシリーズ,XY5-Bt,ポケモンカードゲームXY 拡張パック「タイダルストーム」,xy5t_ja,029,サクラビス,,U,U,https://www.pokemon-card.com/assets/images/card_images/large/XY5-Bt/030761_P_SAKURABISU.jpg,RARITY_CHANGE
9022e562-160c-4e44-9dc3-d756e3f94430,XYシリーズ,XY5-Bt,ポケモンカードゲームXY 拡張パック「タイダルストーム」,xy5t_ja,030,サクラビス,,U,U,https://www.pokemon-card.com/assets/images/card_images/large/XY5-Bt/030762_P_SAKURABISU.jpg,RARITY_CHANGE
95df95b2-a1bc-4f29-bbe4-f6000574069f,XYシリーズ,XY5-Bt,ポケモンカードゲームXY 拡張パック「タイダルストーム」,xy5t_ja,031,カイオーガEX,,RR,RR,https://www.pokemon-card.com/assets/images/card_images/large/XY5-Bt/030763_P_KAIOGAEX.jpg,RARITY_CHANGE
05353d46-74b1-4a8a-ab7b-4c959cf1dbb9,XYシリーズ,XY5-Bt,ポケモンカードゲームXY 拡張パック「タイダルストーム」,xy5t_ja,032,ゲンシカイオーガEX,,RR,RR,https://www.pokemon-card.com/assets/images/card_images/large/XY5-Bt/030764_P_GENSHIKAIOGAEX.jpg,RARITY_CHANGE
cd212f74-c99e-4801-9a68-28987bec8b3b,XYシリーズ,XY5-Bt,ポケモンカードゲームXY 拡張パック「タイダルストーム」,xy5t_ja,033,マナフィ,,R,R,https://www.pokemon-card.com/assets/images/card_images/large/XY5-Bt/030765_P_MANAFI.jpg,RARITY_CHANGE
881e358f-4167-4b30-925d-5841da2185e8,XYシリーズ,XY5-Bt,ポケモンカードゲームXY 拡張パック「タイダルストーム」,xy5t_ja,034,チョンチー,,C,C,https://www.pokemon-card.com/assets/images/card_images/large/XY5-Bt/030766_P_CHONCHI.jpg,RARITY_CHANGE
1b69424c-fb07-4888-b3fa-17edeb72354c,XYシリーズ,XY5-Bt,ポケモンカードゲームXY 拡張パック「タイダルストーム」,xy5t_ja,035,ランターン,,U,U,https://www.pokemon-card.com/assets/images/card_images/large/XY5-Bt/030767_P_RANTAN.jpg,RARITY_CHANGE
773ea068-8bea-4c58-8b39-9c7002a37202,XYシリーズ,XY5-Bt,ポケモンカードゲームXY 拡張パック「タイダルストーム」,xy5t_ja,036,シビシラス,,C,C,https://www.pokemon-card.com/assets/images/card_images/large/XY5-Bt/030768_P_SHIBISHIRASU.jpg,RARITY_CHANGE
90fdccb0-d773-40bb-a133-575d872b9423,XYシリーズ,XY5-Bt,ポケモンカードゲームXY 拡張パック「タイダルストーム」,xy5t_ja,037,シビビール,,C,C,https://www.pokemon-card.com/assets/images/card_images/large/XY5-Bt/030769_P_SHIBIBIRU.jpg,RARITY_CHANGE
e035a32f-486a-4d31-94c7-e4561cb0e94c,XYシリーズ,XY5-Bt,ポケモンカードゲームXY 拡張パック「タイダルストーム」,xy5t_ja,038,シビビール,,C,C,https://www.pokemon-card.com/assets/images/card_images/large/XY5-Bt/030770_P_SHIBIBIRU.jpg,RARITY_CHANGE
ffacb2c0-cb25-4d7a-b430-ead8f02cb76a,XYシリーズ,XY5-Bt,ポケモンカードゲームXY 拡張パック「タイダルストーム」,xy5t_ja,039,シビルドン,,R,R,https://www.pokemon-card.com/assets/images/card_images/large/XY5-Bt/030771_P_SHIBIRUDON.jpg,RARITY_CHANGE
a369ab05-029d-4798-bed6-f7da4d1e0e2a,XYシリーズ,XY5-Bt,ポケモンカードゲームXY 拡張パック「タイダルストーム」,xy5t_ja,040,メノクラゲ,,C,C,https://www.pokemon-card.com/assets/images/card_images/large/XY5-Bt/030772_P_MENOKURAGE.jpg,RARITY_CHANGE
f633a7dd-28a1-4eb0-b966-6a3e7d8125ce,XYシリーズ,XY5-Bt,ポケモンカードゲームXY 拡張パック「タイダルストーム」,xy5t_ja,041,メノクラゲ,,C,C,https://www.pokemon-card.com/assets/images/card_images/large/XY5-Bt/030773_P_MENOKURAGE.jpg,RARITY_CHANGE
35de92f1-52a9-412a-a8a0-4b9bdb952dfb,XYシリーズ,XY5-Bt,ポケモンカードゲームXY 拡張パック「タイダルストーム」,xy5t_ja,042,ドククラゲ,,C,C,https://www.pokemon-card.com/assets/images/card_images/large/XY5-Bt/030774_P_DOKUKURAGE.jpg,RARITY_CHANGE
027ba1fc-e9b6-4af3-a5eb-21d3047e4f31,XYシリーズ,XY5-Bt,ポケモンカードゲームXY 拡張パック「タイダルストーム」,xy5t_ja,043,スターミー,,U,U,https://www.pokemon-card.com/assets/images/card_images/large/XY5-Bt/030775_P_SUTAMI.jpg,RARITY_CHANGE
286e8436-2475-4d5a-bd22-4cdc359fb0d2,XYシリーズ,XY5-Bt,ポケモンカードゲームXY 拡張パック「タイダルストーム」,xy5t_ja,044,サメハダーEX,,RR,RR,https://www.pokemon-card.com/assets/images/card_images/large/XY5-Bt/030776_P_SAMEHADAEX.jpg,RARITY_CHANGE
9b796261-578a-48f3-941f-08306bddc6ff,XYシリーズ,XY5-Bt,ポケモンカードゲームXY 拡張パック「タイダルストーム」,xy5t_ja,045,シザリガー,,R,R,https://www.pokemon-card.com/assets/images/card_images/large/XY5-Bt/030777_P_SHIZARIGA.jpg,RARITY_CHANGE
f6cf5e4a-457f-4bea-813d-6b104dd38ae4,XYシリーズ,XY5-Bt,ポケモンカードゲームXY 拡張パック「タイダルストーム」,xy5t_ja,046,バリヤード,,C,C,https://www.pokemon-card.com/assets/images/card_images/large/XY5-Bt/030778_P_BARIYADO.jpg,RARITY_CHANGE
c9507873-d33e-42c2-a0e5-d5ce65ecaf58,XYシリーズ,XY5-Bt,ポケモンカードゲームXY 拡張パック「タイダルストーム」,xy5t_ja,047,マリル,,C,C,https://www.pokemon-card.com/assets/images/card_images/large/XY5-Bt/030779_P_MARIRU.jpg,RARITY_CHANGE
eb40e50f-be6c-42c2-8a4b-7c7703761274,XYシリーズ,XY5-Bt,ポケモンカードゲームXY 拡張パック「タイダルストーム」,xy5t_ja,048,マリルリ,,U,U,https://www.pokemon-card.com/assets/images/card_images/large/XY5-Bt/030780_P_MARIRURI.jpg,RARITY_CHANGE
0ad6a361-2251-4860-9212-c19bc1f4b41b,XYシリーズ,XY5-Bt,ポケモンカードゲームXY 拡張パック「タイダルストーム」,xy5t_ja,049,マリルリ,,R,R,https://www.pokemon-card.com/assets/images/card_images/large/XY5-Bt/030781_P_MARIRURI.jpg,RARITY_CHANGE
569575b5-70f0-44f6-9c93-8837b92362f8,XYシリーズ,XY5-Bt,ポケモンカードゲームXY 拡張パック「タイダルストーム」,xy5t_ja,050,サーナイトEX,,RR,RR,https://www.pokemon-card.com/assets/images/card_images/large/XY5-Bt/030782_P_SANAITOEX.jpg,RARITY_CHANGE
6429c577-06b7-4b52-9fdb-194d108a4b49,XYシリーズ,XY5-Bt,ポケモンカードゲームXY 拡張パック「タイダルストーム」,xy5t_ja,051,megaサーナイトEX,,RR,RR,https://www.pokemon-card.com/assets/images/card_images/large/XY5-Bt/030783_P_MSANAITOEX.jpg,RARITY_CHANGE
cf7bb843-6c5e-4e02-95fd-305f1cffaec6,XYシリーズ,XY5-Bt,ポケモンカードゲームXY 拡張パック「タイダルストーム」,xy5t_ja,052,キングドラ,,U,U,https://www.pokemon-card.com/assets/images/card_images/large/XY5-Bt/030784_P_KINGUDORA.jpg,RARITY_CHANGE
e7b65c2a-b35a-4477-a44b-5394b23144be,XYシリーズ,XY5-Bt,ポケモンカードゲームXY 拡張パック「タイダルストーム」,xy5t_ja,053,キングドラ,,R,R,https://www.pokemon-card.com/assets/images/card_images/large/XY5-Bt/030785_P_KINGUDORA.jpg,RARITY_CHANGE
b4e28998-8b91-4dad-98fc-9fb7db33089f,XYシリーズ,XY5-Bt,ポケモンカードゲームXY 拡張パック「タイダルストーム」,xy5t_ja,054,エネコ,,C,C,https://www.pokemon-card.com/assets/images/card_images/large/XY5-Bt/030786_P_ENEKO.jpg,RARITY_CHANGE
8b413fb4-de9f-497f-a55e-8f30c0cea660,XYシリーズ,XY5-Bt,ポケモンカードゲームXY 拡張パック「タイダルストーム」,xy5t_ja,055,エネコロロ,,U,U,https://www.pokemon-card.com/assets/images/card_images/large/XY5-Bt/030787_P_ENEKORORO.jpg,RARITY_CHANGE
2f33dddf-2d0f-4a6a-9326-2e5b323bb2c4,XYシリーズ,XY5-Bt,ポケモンカードゲームXY 拡張パック「タイダルストーム」,xy5t_ja,056,パッチール,,C,C,https://www.pokemon-card.com/assets/images/card_images/large/XY5-Bt/030788_P_PACCHIRU.jpg,RARITY_CHANGE
7cc0d601-267e-4ffe-99fd-42993e9ea0f2,XYシリーズ,XY5-Bt,ポケモンカードゲームXY 拡張パック「タイダルストーム」,xy5t_ja,057,ビッパ,,C,C,https://www.pokemon-card.com/assets/images/card_images/large/XY5-Bt/030789_P_BIPPA.jpg,RARITY_CHANGE
1a188381-4c22-41cc-8155-24e2a65dc1d9,XYシリーズ,XY5-Bt,ポケモンカードゲームXY 拡張パック「タイダルストーム」,xy5t_ja,058,ビッパ,,C,C,https://www.pokemon-card.com/assets/images/card_images/large/XY5-Bt/030790_P_BIPPA.jpg,RARITY_CHANGE
2adb288a-5c23-492d-b184-cf85021a1913,XYシリーズ,XY5-Bt,ポケモンカードゲームXY 拡張パック「タイダルストーム」,xy5t_ja,059,ビーダル,,C,C,https://www.pokemon-card.com/assets/images/card_images/large/XY5-Bt/030791_P_BIDARU.jpg,RARITY_CHANGE
b719db2f-599b-4f5e-ab0b-6bb1358f6f0e,XYシリーズ,XY5-Bt,ポケモンカードゲームXY 拡張パック「タイダルストーム」,xy5t_ja,060,あなぬけのヒモ,,U,U,https://www.pokemon-card.com/assets/images/card_images/large/XY5-Bt/030792_T_ANANUKENOHIMO.jpg,RARITY_CHANGE
94b82afd-e373-4a82-a861-157a28287267,XYシリーズ,XY5-Bt,ポケモンカードゲームXY 拡張パック「タイダルストーム」,xy5t_ja,061,おいしいみずセット,,U,U,https://www.pokemon-card.com/assets/images/card_images/large/XY5-Bt/030793_T_OISHIIMIZUSETTO.jpg,RARITY_CHANGE
b2473c1f-9b1f-4ac9-9237-51f2dd75ef22,XYシリーズ,XY5-Bt,ポケモンカードゲームXY 拡張パック「タイダルストーム」,xy5t_ja,062,ダイブボール,,U,U,https://www.pokemon-card.com/assets/images/card_images/large/XY5-Bt/030794_T_DAIBUBORU.jpg,RARITY_CHANGE
c2e0c778-592b-40e9-ac40-1bc9fedd2810,XYシリーズ,XY5-Bt,ポケモンカードゲームXY 拡張パック「タイダルストーム」,xy5t_ja,063,学習装置,,U,U,https://www.pokemon-card.com/assets/images/card_images/large/XY5-Bt/030795_T_GAKUSHUUSOUCHI.jpg,RARITY_CHANGE
fc1df42e-509e-4caa-981e-bc2c683c6fee,XYシリーズ,XY5-Bt,ポケモンカードゲームXY 拡張パック「タイダルストーム」,xy5t_ja,064,カイオーガソウルリンク,,U,U,https://www.pokemon-card.com/assets/images/card_images/large/XY5-Bt/030796_T_KAIOGASOURURINKU.jpg,RARITY_CHANGE
8e664c82-ce12-4997-9322-4c84aae313ca,XYシリーズ,XY5-Bt,ポケモンカードゲームXY 拡張パック「タイダルストーム」,xy5t_ja,065,サーナイトソウルリンク,,U,U,https://www.pokemon-card.com/assets/images/card_images/large/XY5-Bt/030797_T_SANAITOSOURURINKU.jpg,RARITY_CHANGE
5a480291-32b0-480c-87eb-c07ef3f4fa10,XYシリーズ,XY5-Bt,ポケモンカードゲームXY 拡張パック「タイダルストーム」,xy5t_ja,066,アオギリの切り札,,U,U,https://www.pokemon-card.com/assets/images/card_images/large/XY5-Bt/030798_T_AOGIRINOKIRIFUDA.jpg,RARITY_CHANGE
5cbd8fd6-d768-4a52-b984-317f9104984e,XYシリーズ,XY5-Bt,ポケモンカードゲームXY 拡張パック「タイダルストーム」,xy5t_ja,067,オダマキ博士の観察,,U,U,https://www.pokemon-card.com/assets/images/card_images/large/XY5-Bt/030799_T_ODAMAKIHAKASENOKANSATSU.jpg,RARITY_CHANGE
20d25d2a-e598-44e4-926b-6b912c580be8,XYシリーズ,XY5-Bt,ポケモンカードゲームXY 拡張パック「タイダルストーム」,xy5t_ja,068,うねりの大海,,U,U,https://www.pokemon-card.com/assets/images/card_images/large/XY5-Bt/030800_T_UNERINOTAIKAI.jpg,RARITY_CHANGE
b79d5fba-d276-4785-bdea-ea84ad407d17,XYシリーズ,XY5-Bt,ポケモンカードゲームXY 拡張パック「タイダルストーム」,xy5t_ja,069,サイレントラボ,,U,U,https://www.pokemon-card.com/assets/images/card_images/large/XY5-Bt/030801_T_SAIRENTORABO.jpg,RARITY_CHANGE
677dd7fb-4065-46a0-acc4-738104b3f1bf,XYシリーズ,XY5-Bt,ポケモンカードゲームXY 拡張パック「タイダルストーム」,xy5t_ja,070,ワンダーエネルギー,,U,U,https://www.pokemon-card.com/assets/images/card_images/large/XY5-Bt/030802_E_WANDAENERUGI.jpg,RARITY_CHANGE
f2e11be3-4f1d-4375-8308-f442aa281997,XYシリーズ,XY5-Bt,ポケモンカードゲームXY 拡張パック「タイダルストーム」,xy5t_ja,071,ホエルオーEX,,SR,SR,https://www.pokemon-card.com/assets/images/card_images/large/XY5-Bt/035793_P_HOERUOEX.jpg,RARITY_CHANGE
64401465-6ba4-4c37-a069-57f2aaec5763,XYシリーズ,XY5-Bt,ポケモンカードゲームXY 拡張パック「タイダルストーム」,xy5t_ja,072,カイオーガEX,,SR,SR,https://www.pokemon-card.com/assets/images/card_images/large/XY5-Bt/035794_P_KAIOGAEX.jpg,RARITY_CHANGE
8abe816a-4315-40e8-a917-2e2879d49846,XYシリーズ,XY5-Bt,ポケモンカードゲームXY 拡張パック「タイダルストーム」,xy5t_ja,073,ゲンシカイオーガEX,,SR,SR,https://www.pokemon-card.com/assets/images/card_images/large/XY5-Bt/035795_P_GENSHIKAIOGAEX.jpg,RARITY_CHANGE
e568142f-bea6-49ae-859a-180286f2af90,XYシリーズ,XY5-Bt,ポケモンカードゲームXY 拡張パック「タイダルストーム」,xy5t_ja,074,サメハダーEX,,SR,SR,https://www.pokemon-card.com/assets/images/card_images/large/XY5-Bt/035796_P_SAMEHADAEX.jpg,RARITY_CHANGE
559666e0-c000-4fe7-9f6a-f27e6bca3fe5,XYシリーズ,XY5-Bt,ポケモンカードゲームXY 拡張パック「タイダルストーム」,xy5t_ja,075,サーナイトEX,,SR,SR,https://www.pokemon-card.com/assets/images/card_images/large/XY5-Bt/035797_P_SANAITOEX.jpg,RARITY_CHANGE
82281b72-8064-4e22-9978-f29956ddf7dc,XYシリーズ,XY5-Bt,ポケモンカードゲームXY 拡張パック「タイダルストーム」,xy5t_ja,076,megaサーナイトEX,,SR,SR,https://www.pokemon-card.com/assets/images/card_images/large/XY5-Bt/035798_P_MSANAITOEX.jpg,RARITY_CHANGE
4d142241-e589-4697-8070-0a0c70d8a8fe,XYシリーズ,XY5-Bt,ポケモンカードゲームXY 拡張パック「タイダルストーム」,xy5t_ja,077,アオギリの切り札,,SR,SR,https://www.pokemon-card.com/assets/images/card_images/large/XY5-Bt/035799_T_AOGIRINOKIRIFUDA.jpg,RARITY_CHANGE
13801b8a-b030-48fb-9931-d9cf222bebb3,XYシリーズ,XY5-Bt,ポケモンカードゲームXY 拡張パック「タイダルストーム」,xy5t_ja,078,オダマキ博士の観察,,SR,SR,https://www.pokemon-card.com/assets/images/card_images/large/XY5-Bt/035800_T_ODAMAKIHAKASENOKANSATSU.jpg,RARITY_CHANGE
b6d74276-f8c5-47d5-9397-af4077bb24ac,XYシリーズ,XY6,ポケモンカードゲームXY 拡張パック「エメラルドブレイク」,xy6_ja,079,ボルトロスEX,,SR,SR,https://www.pokemon-card.com/assets/images/card_images/large/XY6/035801_P_BORUTOROSUEX.jpg,RARITY_CHANGE
243072f8-10f4-416d-9578-221727a20ef4,XYシリーズ,XY6,ポケモンカードゲームXY 拡張パック「エメラルドブレイク」,xy6_ja,080,エルレイドEX,,SR,SR,https://www.pokemon-card.com/assets/images/card_images/large/XY6/035802_P_ERUREIDOEX.jpg,RARITY_CHANGE
031a82f2-0979-4404-848f-8e7a7609c5d4,XYシリーズ,XY6,ポケモンカードゲームXY 拡張パック「エメラルドブレイク」,xy6_ja,082,ラティオスEX,,SR,SR,https://www.pokemon-card.com/assets/images/card_images/large/XY6/035803_P_RATEIOSUEX.jpg,RARITY_CHANGE
f89e5331-f14e-453d-a27b-6c1563678968,XYシリーズ,XY6,ポケモンカードゲームXY 拡張パック「エメラルドブレイク」,xy6_ja,084,サザンドラEX,,SR,SR,https://www.pokemon-card.com/assets/images/card_images/large/XY6/035804_P_SAZANDORAEX.jpg,RARITY_CHANGE
79f5b498-105d-40b7-a1db-800dae950c44,XYシリーズ,XY6,ポケモンカードゲームXY 拡張パック「エメラルドブレイク」,xy6_ja,085,レックウザEX,,SR,SR,https://www.pokemon-card.com/assets/images/card_images/large/XY6/035805_P_REKKUUZAEX.jpg,RARITY_CHANGE
fff2dfb2-34f7-46ac-a1df-c24bfc87c623,XYシリーズ,XY6,ポケモンカードゲームXY 拡張パック「エメラルドブレイク」,xy6_ja,087,シェイミEX,,SR,SR,https://www.pokemon-card.com/assets/images/card_images/large/XY6/035806_P_SHIEIMIEX.jpg,RARITY_CHANGE
862b31d7-6c18-4bf9-b4e2-ce25a37db894,XYシリーズ,XY6,ポケモンカードゲームXY 拡張パック「エメラルドブレイク」,xy6_ja,081,megaエルレイドEX,,SR,SR,https://www.pokemon-card.com/assets/images/card_images/large/XY6/035807_P_MERUREIDOEX.jpg,RARITY_CHANGE
d15e4b7f-c1b1-4bf0-90af-dd2baecd2b09,XYシリーズ,XY6,ポケモンカードゲームXY 拡張パック「エメラルドブレイク」,xy6_ja,083,megaラティオスEX,,SR,SR,https://www.pokemon-card.com/assets/images/card_images/large/XY6/035808_P_MRATEIOSUEX.jpg,RARITY_CHANGE
afa24245-e6a5-4f63-a2c3-53e95e6279e3,XYシリーズ,XY6,ポケモンカードゲームXY 拡張パック「エメラルドブレイク」,xy6_ja,086,megaレックウザEX,,SR,SR,https://www.pokemon-card.com/assets/images/card_images/large/XY6/035809_P_MREKKUUZAEX.jpg,RARITY_CHANGE
618688c7-eb71-4ede-acd2-df6878424405,XYシリーズ,XY6,ポケモンカードゲームXY 拡張パック「エメラルドブレイク」,xy6_ja,088,ナギ,,SR,SR,https://www.pokemon-card.com/assets/images/card_images/large/XY6/035810_T_NAGI.jpg,RARITY_CHANGE
a54c56dd-0738-4d71-8457-29d335201e8f,XYシリーズ,XY6,ポケモンカードゲームXY 拡張パック「エメラルドブレイク」,xy6_ja,089,ミツル,,SR,SR,https://www.pokemon-card.com/assets/images/card_images/large/XY6/035811_T_MITSURU.jpg,RARITY_CHANGE
907da6d7-3d87-4a4e-b50d-277397a192ec,XYシリーズ,XY7,ポケモンカードゲームXY 拡張パック「バンデットリング」,xy7_ja,082,ジュカインEX,,SR,SR,https://www.pokemon-card.com/assets/images/card_images/large/XY7/035812_P_JUKAINEX.jpg,RARITY_CHANGE
1cf2410b-982d-4b0a-96af-a5e95b29c5e7,XYシリーズ,XY7,ポケモンカードゲームXY 拡張パック「バンデットリング」,xy7_ja,083,megaジュカインEX,,SR,SR,https://www.pokemon-card.com/assets/images/card_images/large/XY7/035813_P_MJUKAINEX.jpg,RARITY_CHANGE
4d2e7fe1-ca87-4ee7-9de5-1b8ed2ffc8ba,XYシリーズ,XY7,ポケモンカードゲームXY 拡張パック「バンデットリング」,xy7_ja,084,キュレムEX,,SR,SR,https://www.pokemon-card.com/assets/images/card_images/large/XY7/035814_P_KYUREMUEX.jpg,RARITY_CHANGE
6648c893-3ba9-411a-b4b4-689d36abd568,XYシリーズ,XY7,ポケモンカードゲームXY 拡張パック「バンデットリング」,xy7_ja,085,デンリュウEX,,SR,SR,https://www.pokemon-card.com/assets/images/card_images/large/XY7/035815_P_DENRYUUEX.jpg,RARITY_CHANGE
c3016a86-849a-4959-9c28-d84c76acdd22,XYシリーズ,XY7,ポケモンカードゲームXY 拡張パック「バンデットリング」,xy7_ja,086,megaデンリュウEX,,SR,SR,https://www.pokemon-card.com/assets/images/card_images/large/XY7/035816_P_MDENRYUUEX.jpg,RARITY_CHANGE
f8215f09-6a30-4203-85a8-63b798bce856,XYシリーズ,XY7,ポケモンカードゲームXY 拡張パック「バンデットリング」,xy7_ja,087,フーパEX,,SR,SR,https://www.pokemon-card.com/assets/images/card_images/large/XY7/035817_P_FUPAEX.jpg,RARITY_CHANGE
d05642a5-ebc3-446d-8367-73f6103c422a,XYシリーズ,XY7,ポケモンカードゲームXY 拡張パック「バンデットリング」,xy7_ja,088,カイリキーEX,,SR,SR,https://www.pokemon-card.com/assets/images/card_images/large/XY7/035818_P_KAIRIKIEX.jpg,RARITY_CHANGE
19d33223-5bd5-4ede-918e-61082daaa3f6,XYシリーズ,XY7,ポケモンカードゲームXY 拡張パック「バンデットリング」,xy7_ja,089,バンギラスEX,,SR,SR,https://www.pokemon-card.com/assets/images/card_images/large/XY7/035819_P_BANGIRASUEX.jpg,RARITY_CHANGE
d07966f7-e36e-4152-8d91-442406968768,XYシリーズ,XY7,ポケモンカードゲームXY 拡張パック「バンデットリング」,xy7_ja,090,megaバンギラスEX,,SR,SR,https://www.pokemon-card.com/assets/images/card_images/large/XY7/035820_P_MBANGIRASUEX.jpg,RARITY_CHANGE
ab33804a-60fd-4c63-b710-78333e0d18f8,XYシリーズ,XY7,ポケモンカードゲームXY 拡張パック「バンデットリング」,xy7_ja,091,ギラティナEX,,SR,SR,https://www.pokemon-card.com/assets/images/card_images/large/XY7/035821_P_GIRATEINAEX.jpg,RARITY_CHANGE
59b5f376-276f-4842-ae3f-ca20621bcae7,XYシリーズ,XY7,ポケモンカードゲームXY 拡張パック「バンデットリング」,xy7_ja,092,ルギアEX,,SR,SR,https://www.pokemon-card.com/assets/images/card_images/large/XY7/035822_P_RUGIAEX.jpg,RARITY_CHANGE
3376f79e-03a2-4b6d-8767-284ef6da85ae,XYシリーズ,XY8-Bb,ポケモンカードゲームXY BREAK　拡張パック「青い衝撃」,xy8b_ja,049,ホーホー,,C,C,https://www.pokemon-card.com/assets/images/card_images/large/XY8-Bb/031358_P_HOHO.jpg,RARITY_CHANGE
08518905-7b88-4263-a36e-0ff63ea1cd1b,XYシリーズ,XY8-Bb,ポケモンカードゲームXY BREAK　拡張パック「青い衝撃」,xy8b_ja,050,ヨルノズク,,U,U,https://www.pokemon-card.com/assets/images/card_images/large/XY8-Bb/031359_P_YORUNOZUKU.jpg,RARITY_CHANGE
637b1d68-082f-4886-b98d-952f2fdd8c54,XYシリーズ,XY8-Bb,ポケモンカードゲームXY BREAK　拡張パック「青い衝撃」,xy8b_ja,051,ヒメグマ,,C,C,https://www.pokemon-card.com/assets/images/card_images/large/XY8-Bb/031360_P_HIMEGUMA.jpg,RARITY_CHANGE
c1931466-7d80-4ad3-a86a-371714128625,XYシリーズ,XY8-Bb,ポケモンカードゲームXY BREAK　拡張パック「青い衝撃」,xy8b_ja,052,リングマ,,U,U,https://www.pokemon-card.com/assets/images/card_images/large/XY8-Bb/031361_P_RINGUMA.jpg,RARITY_CHANGE
7c27bc2f-60fb-401d-ad1d-92adfd30e0ed,XYシリーズ,XY8-Bb,ポケモンカードゲームXY BREAK　拡張パック「青い衝撃」,xy8b_ja,053,ドーブル,,U,U,https://www.pokemon-card.com/assets/images/card_images/large/XY8-Bb/031362_P_DOBURU.jpg,RARITY_CHANGE
4de6ccbd-3e08-40c3-ad25-22c91b5c1b32,XYシリーズ,XY8-Bb,ポケモンカードゲームXY BREAK　拡張パック「青い衝撃」,xy8b_ja,054,かるいし,,U,U,https://www.pokemon-card.com/assets/images/card_images/large/XY8-Bb/031363_T_KARUISHI.jpg,RARITY_CHANGE
bc9d343c-ce4e-4904-b058-6e3a0b15e57e,XYシリーズ,XY8-Bb,ポケモンカードゲームXY BREAK　拡張パック「青い衝撃」,xy8b_ja,055,オニゴーリソウルリンク,,U,U,https://www.pokemon-card.com/assets/images/card_images/large/XY8-Bb/031364_T_ONIGORISOURURINKU.jpg,RARITY_CHANGE
ae812621-243e-406f-a260-887491a8f6df,XYシリーズ,XY8-Bb,ポケモンカードゲームXY BREAK　拡張パック「青い衝撃」,xy8b_ja,001,カイロス,,U,U,https://www.pokemon-card.com/assets/images/card_images/large/XY8-Bb/031310_P_KAIROSU.jpg,RARITY_CHANGE
7e578524-6528-4242-a5fa-9cdc4ba57153,XYシリーズ,XY8-Bb,ポケモンカードゲームXY BREAK　拡張パック「青い衝撃」,xy8b_ja,002,サボネア,,C,C,https://www.pokemon-card.com/assets/images/card_images/large/XY8-Bb/031311_P_SABONEA.jpg,RARITY_CHANGE
af1d71fa-dab6-4602-9287-21d54a0e8035,XYシリーズ,XY8-Bb,ポケモンカードゲームXY BREAK　拡張パック「青い衝撃」,xy8b_ja,003,ヤナップ,,C,C,https://www.pokemon-card.com/assets/images/card_images/large/XY8-Bb/031312_P_YANAPPU.jpg,RARITY_CHANGE
981ef2d5-f16c-4000-9c28-c48eb3c15760,XYシリーズ,XY8-Bb,ポケモンカードゲームXY BREAK　拡張パック「青い衝撃」,xy8b_ja,004,ヤナッキー,,C,C,https://www.pokemon-card.com/assets/images/card_images/large/XY8-Bb/031313_P_YANAKKI.jpg,RARITY_CHANGE
237506e2-4b89-4370-98cd-cf6cb889656a,XYシリーズ,XY8-Bb,ポケモンカードゲームXY BREAK　拡張パック「青い衝撃」,xy8b_ja,005,ハリマロン,,C,C,https://www.pokemon-card.com/assets/images/card_images/large/XY8-Bb/031314_P_HARIMARON.jpg,RARITY_CHANGE
387c9271-27b3-4c19-84e6-4be95aa6599c,XYシリーズ,XY8-Bb,ポケモンカードゲームXY BREAK　拡張パック「青い衝撃」,xy8b_ja,006,コフキムシ,,C,C,https://www.pokemon-card.com/assets/images/card_images/large/XY8-Bb/031315_P_KOFUKIMUSHI.jpg,RARITY_CHANGE
4f0d14f6-8178-4ecb-add9-43c98045525a,XYシリーズ,XY8-Bb,ポケモンカードゲームXY BREAK　拡張パック「青い衝撃」,xy8b_ja,007,コフーライ,,C,C,https://www.pokemon-card.com/assets/images/card_images/large/XY8-Bb/031316_P_KOFURAI.jpg,RARITY_CHANGE
8482d5e8-ec9e-4aaa-a18f-6cb592876a8a,XYシリーズ,XY8-Bb,ポケモンカードゲームXY BREAK　拡張パック「青い衝撃」,xy8b_ja,008,ビビヨン,,R,R,https://www.pokemon-card.com/assets/images/card_images/large/XY8-Bb/031317_P_BIBIYON.jpg,RARITY_CHANGE
3e9b5544-5cfe-4616-807a-4e9b0b7c203b,XYシリーズ,XY8-Bb,ポケモンカードゲームXY BREAK　拡張パック「青い衝撃」,xy8b_ja,009,ヒノアラシ,,C,C,https://www.pokemon-card.com/assets/images/card_images/large/XY8-Bb/031318_P_HINOARASHI.jpg,RARITY_CHANGE
8ff66553-7895-44c1-ae0c-6a7eb55a506f,XYシリーズ,XY8-Bb,ポケモンカードゲームXY BREAK　拡張パック「青い衝撃」,xy8b_ja,010,マグマラシ,,C,C,https://www.pokemon-card.com/assets/images/card_images/large/XY8-Bb/031319_P_MAGUMARASHI.jpg,RARITY_CHANGE
46460437-d67c-460a-8063-21d7e1e52c6e,XYシリーズ,XY8-Bb,ポケモンカードゲームXY BREAK　拡張パック「青い衝撃」,xy8b_ja,011,バクフーン,,R,R,https://www.pokemon-card.com/assets/images/card_images/large/XY8-Bb/031320_P_BAKUFUN.jpg,RARITY_CHANGE
b8ba3fe5-3e81-44bf-be6c-6907946ef15f,XYシリーズ,XY8-Bb,ポケモンカードゲームXY BREAK　拡張パック「青い衝撃」,xy8b_ja,012,テッポウオ,,C,C,https://www.pokemon-card.com/assets/images/card_images/large/XY8-Bb/031321_P_TEPPOUO.jpg,RARITY_CHANGE
286aac60-6496-4d59-978d-ef44c6b20a09,XYシリーズ,XY8-Bb,ポケモンカードゲームXY BREAK　拡張パック「青い衝撃」,xy8b_ja,013,オクタン,,R,R,https://www.pokemon-card.com/assets/images/card_images/large/XY8-Bb/031322_P_OKUTAN.jpg,RARITY_CHANGE
5d2715b6-6278-4372-a9ca-d5ce0ea86332,XYシリーズ,XY8-Bb,ポケモンカードゲームXY BREAK　拡張パック「青い衝撃」,xy8b_ja,014,オニゴーリEX,,RR,RR,https://www.pokemon-card.com/assets/images/card_images/large/XY8-Bb/031323_P_ONIGORIEX.jpg,RARITY_CHANGE
d14b1250-cde1-439e-af74-3cbb406f6835,XYシリーズ,XY8-Bb,ポケモンカードゲームXY BREAK　拡張パック「青い衝撃」,xy8b_ja,015,megaオニゴーリEX,,RR,RR,https://www.pokemon-card.com/assets/images/card_images/large/XY8-Bb/031324_P_MONIGORIEX.jpg,RARITY_CHANGE
cfa08e56-c9f3-4adb-ab7d-d4d02014d105,XYシリーズ,XY8-Bb,ポケモンカードゲームXY BREAK　拡張パック「青い衝撃」,xy8b_ja,016,ヒヤップ,,C,C,https://www.pokemon-card.com/assets/images/card_images/large/XY8-Bb/031325_P_HIYAPPU.jpg,RARITY_CHANGE
98d3e855-6271-49b4-a5c4-85333c4e3e94,XYシリーズ,XY8-Bb,ポケモンカードゲームXY BREAK　拡張パック「青い衝撃」,xy8b_ja,017,ヒヤッキー,,C,C,https://www.pokemon-card.com/assets/images/card_images/large/XY8-Bb/031326_P_HIYAKKI.jpg,RARITY_CHANGE
9ecbd3c1-d864-41ce-b2f4-5975ba814786,XYシリーズ,XY8-Bb,ポケモンカードゲームXY BREAK　拡張パック「青い衝撃」,xy8b_ja,018,バニプッチ,,C,C,https://www.pokemon-card.com/assets/images/card_images/large/XY8-Bb/031327_P_BANIPUCCHI.jpg,RARITY_CHANGE
8ad3befe-8b06-4aae-be20-0484ee5f77c4,XYシリーズ,XY8-Bb,ポケモンカードゲームXY BREAK　拡張パック「青い衝撃」,xy8b_ja,019,バニリッチ,,C,C,https://www.pokemon-card.com/assets/images/card_images/large/XY8-Bb/031328_P_BANIRICCHI.jpg,RARITY_CHANGE
0ecdd731-d102-4825-8eb8-7e498704242b,XYシリーズ,XY8-Bb,ポケモンカードゲームXY BREAK　拡張パック「青い衝撃」,xy8b_ja,020,バイバニラ,,U,U,https://www.pokemon-card.com/assets/images/card_images/large/XY8-Bb/031329_P_BAIBANIRA.jpg,RARITY_CHANGE
6185d017-983f-45ad-adfa-563852b4b082,XYシリーズ,XY8-Bb,ポケモンカードゲームXY BREAK　拡張パック「青い衝撃」,xy8b_ja,021,コイル,,C,C,https://www.pokemon-card.com/assets/images/card_images/large/XY8-Bb/031330_P_KOIRU.jpg,RARITY_CHANGE
d4251365-dd1e-4d3b-8073-52cc2e723939,XYシリーズ,XY8-Bb,ポケモンカードゲームXY BREAK　拡張パック「青い衝撃」,xy8b_ja,022,ゴース,,C,C,https://www.pokemon-card.com/assets/images/card_images/large/XY8-Bb/031331_P_GOSU.jpg,RARITY_CHANGE
1db341f1-e2bc-4215-b897-1fdfa5ab4401,XYシリーズ,XY8-Bb,ポケモンカードゲームXY BREAK　拡張パック「青い衝撃」,xy8b_ja,023,ゴースト,,U,U,https://www.pokemon-card.com/assets/images/card_images/large/XY8-Bb/031332_P_GOSUTO.jpg,RARITY_CHANGE
5e1a17dc-a9b3-4ad1-84b3-921a5f281aa2,XYシリーズ,XY8-Bb,ポケモンカードゲームXY BREAK　拡張パック「青い衝撃」,xy8b_ja,024,ゲンガー,,R,R,https://www.pokemon-card.com/assets/images/card_images/large/XY8-Bb/031333_P_GENGA.jpg,RARITY_CHANGE
29dec515-01fd-4fbd-89cb-b58ecc7d71e1,XYシリーズ,XY8-Bb,ポケモンカードゲームXY BREAK　拡張パック「青い衝撃」,xy8b_ja,025,ミュウツーEX,,RR,RR,https://www.pokemon-card.com/assets/images/card_images/large/XY8-Bb/031334_P_MYUUTSUEX.jpg,RARITY_CHANGE
6cf44048-a3bd-4225-8b0f-9d244e0d1141,XYシリーズ,XY8-Bb,ポケモンカードゲームXY BREAK　拡張パック「青い衝撃」,xy8b_ja,026,megaミュウツーEX,,RR,RR,https://www.pokemon-card.com/assets/images/card_images/large/XY8-Bb/031335_P_MMYUUTSUEX.jpg,RARITY_CHANGE
c1d70c29-091c-4397-94f4-78a401726360,XYシリーズ,XY8-Bb,ポケモンカードゲームXY BREAK　拡張パック「青い衝撃」,xy8b_ja,027,コロモリ,,C,C,https://www.pokemon-card.com/assets/images/card_images/large/XY8-Bb/031336_P_KOROMORI.jpg,RARITY_CHANGE
fad0fabd-f7b1-41b6-8902-75f0c36ed505,XYシリーズ,XY8-Bb,ポケモンカードゲームXY BREAK　拡張パック「青い衝撃」,xy8b_ja,028,ココロモリ,,C,C,https://www.pokemon-card.com/assets/images/card_images/large/XY8-Bb/031337_P_KOKOROMORI.jpg,RARITY_CHANGE
d695f29c-92d6-4810-9fa9-5b9d10b8e185,XYシリーズ,XY8-Bb,ポケモンカードゲームXY BREAK　拡張パック「青い衝撃」,xy8b_ja,029,リグレー,,C,C,https://www.pokemon-card.com/assets/images/card_images/large/XY8-Bb/031338_P_RIGURE.jpg,RARITY_CHANGE
c93d6116-8798-4088-9395-cb46b4b10976,XYシリーズ,XY8-Bb,ポケモンカードゲームXY BREAK　拡張パック「青い衝撃」,xy8b_ja,030,オーベム,,U,U,https://www.pokemon-card.com/assets/images/card_images/large/XY8-Bb/031339_P_OBEMU.jpg,RARITY_CHANGE
cec42bfd-2a95-4c81-b964-9150e1391d06,XYシリーズ,XY8-Bb,ポケモンカードゲームXY BREAK　拡張パック「青い衝撃」,xy8b_ja,031,サンド,,C,C,https://www.pokemon-card.com/assets/images/card_images/large/XY8-Bb/031340_P_SANDO.jpg,RARITY_CHANGE
028c5662-9917-4669-b1c8-a5cecdc32a26,XYシリーズ,XY8-Bb,ポケモンカードゲームXY BREAK　拡張パック「青い衝撃」,xy8b_ja,032,サンドパン,,U,U,https://www.pokemon-card.com/assets/images/card_images/large/XY8-Bb/031341_P_SANDOPAN.jpg,RARITY_CHANGE
275d6737-2ae0-4608-9c6a-b0ae3a068686,XYシリーズ,XY8-Bb,ポケモンカードゲームXY BREAK　拡張パック「青い衝撃」,xy8b_ja,033,メロエッタ,,R,R,https://www.pokemon-card.com/assets/images/card_images/large/XY8-Bb/031342_P_MEROETTA.jpg,RARITY_CHANGE
97e070f7-07d3-4890-bbaa-8a4e934bc6ff,XYシリーズ,XY8-Bb,ポケモンカードゲームXY BREAK　拡張パック「青い衝撃」,xy8b_ja,034,ノクタス,,U,U,https://www.pokemon-card.com/assets/images/card_images/large/XY8-Bb/031343_P_NOKUTASU.jpg,RARITY_CHANGE
cdecfdf6-d4a2-4b2e-85cf-fb129a0993c9,XYシリーズ,XY8-Bb,ポケモンカードゲームXY BREAK　拡張パック「青い衝撃」,xy8b_ja,035,ゾロア,,C,C,https://www.pokemon-card.com/assets/images/card_images/large/XY8-Bb/031344_P_ZOROA.jpg,RARITY_CHANGE
18a372bc-cbc2-471e-aab3-43deb142e9fe,XYシリーズ,XY8-Bb,ポケモンカードゲームXY BREAK　拡張パック「青い衝撃」,xy8b_ja,036,ゾロアーク,,R,R,https://www.pokemon-card.com/assets/images/card_images/large/XY8-Bb/031345_P_ZOROAKU.jpg,RARITY_CHANGE
6b077de8-9f9b-45eb-be02-95b6df6f9278,XYシリーズ,XY8-Bb,ポケモンカードゲームXY BREAK　拡張パック「青い衝撃」,xy8b_ja,037,ゾロアークBREAK,,RR,RR,https://www.pokemon-card.com/assets/images/card_images/legend/XY8-Bb/031346_P_ZOROAKUBREAK.jpg,RARITY_CHANGE
647470a5-07a0-4ee0-812e-a26558caa1f8,XYシリーズ,XY8-Bb,ポケモンカードゲームXY BREAK　拡張パック「青い衝撃」,xy8b_ja,038,ブルー,,C,C,https://www.pokemon-card.com/assets/images/card_images/large/XY8-Bb/031347_P_BURU.jpg,RARITY_CHANGE
7e018c15-1bf0-4b61-b940-05f9f64751ee,XYシリーズ,XY8-Bb,ポケモンカードゲームXY BREAK　拡張パック「青い衝撃」,xy8b_ja,039,グランブル,,U,U,https://www.pokemon-card.com/assets/images/card_images/large/XY8-Bb/031348_P_GURANBURU.jpg,RARITY_CHANGE
e8753eb9-3bd3-41b3-9ad9-2241b0e56999,XYシリーズ,XY8-Bb,ポケモンカードゲームXY BREAK　拡張パック「青い衝撃」,xy8b_ja,040,フラベベ,,C,C,https://www.pokemon-card.com/assets/images/card_images/large/XY8-Bb/031349_P_FURABEBE.jpg,RARITY_CHANGE
fb4c38db-6642-4a04-9b4e-920aeadf312f,XYシリーズ,XY8-Bb,ポケモンカードゲームXY BREAK　拡張パック「青い衝撃」,xy8b_ja,041,フラエッテ,,C,C,https://www.pokemon-card.com/assets/images/card_images/large/XY8-Bb/031350_P_FURAETTE.jpg,RARITY_CHANGE
58a53790-fd27-4d81-aa4a-050779635300,XYシリーズ,XY8-Bb,ポケモンカードゲームXY BREAK　拡張パック「青い衝撃」,xy8b_ja,042,フラージェス,,U,U,https://www.pokemon-card.com/assets/images/card_images/large/XY8-Bb/031351_P_FURAJIESU.jpg,RARITY_CHANGE
29b7ba77-59eb-47e0-ac51-94a0cb114550,XYシリーズ,XY8-Bb,ポケモンカードゲームXY BREAK　拡張パック「青い衝撃」,xy8b_ja,043,フラージェスBREAK,,RR,RR,https://www.pokemon-card.com/assets/images/card_images/legend/XY8-Bb/031352_P_FURAJIESUBREAK.jpg,RARITY_CHANGE
58fe4a82-b736-4ad6-88f0-5bd697c9fe5d,XYシリーズ,XY8-Bb,ポケモンカードゲームXY BREAK　拡張パック「青い衝撃」,xy8b_ja,044,ゼルネアス,,R,R,https://www.pokemon-card.com/assets/images/card_images/large/XY8-Bb/031353_P_ZERUNEASU.jpg,RARITY_CHANGE
2e7b282f-2666-4d1c-8f09-39f15d607159,XYシリーズ,XY8-Bb,ポケモンカードゲームXY BREAK　拡張パック「青い衝撃」,xy8b_ja,045,キバゴ,,C,C,https://www.pokemon-card.com/assets/images/card_images/large/XY8-Bb/031354_P_KIBAGO.jpg,RARITY_CHANGE
43b0563c-4a65-4129-82c3-94edc9396999,XYシリーズ,XY8-Bb,ポケモンカードゲームXY BREAK　拡張パック「青い衝撃」,xy8b_ja,046,オノンド,,U,U,https://www.pokemon-card.com/assets/images/card_images/large/XY8-Bb/031355_P_ONONDO.jpg,RARITY_CHANGE
f6c6e82c-ff81-453d-8e3a-cbdf0fa94006,XYシリーズ,XY8-Bb,ポケモンカードゲームXY BREAK　拡張パック「青い衝撃」,xy8b_ja,047,オノノクス,,R,R,https://www.pokemon-card.com/assets/images/card_images/large/XY8-Bb/031356_P_ONONOKUSU.jpg,RARITY_CHANGE
7effbb76-55ca-4003-bb42-631617b0c8bf,XYシリーズ,XY8-Bb,ポケモンカードゲームXY BREAK　拡張パック「青い衝撃」,xy8b_ja,048,ドードー,,C,C,https://www.pokemon-card.com/assets/images/card_images/large/XY8-Bb/031357_P_DODO.jpg,RARITY_CHANGE
eab7bf75-9781-4d4e-ae2e-12df195f9544,XYシリーズ,XY9-B,ポケモンカードゲームXY BREAK　拡張パック「破天の怒り」,xy9_ja,021,マナフィEX,,RR,RR,https://www.pokemon-card.com/assets/images/card_images/large/XY9-B/031493_P_MANAFIEX.jpg,RARITY_CHANGE
7b708ffa-433a-492f-bbd6-8670bbf8458d,XYシリーズ,XY9-B,ポケモンカードゲームXY BREAK　拡張パック「破天の怒り」,xy9_ja,022,オタマロ,,C,C,https://www.pokemon-card.com/assets/images/card_images/large/XY9-B/031494_P_OTAMARO.jpg,RARITY_CHANGE
93ad1dbe-b225-41c4-a738-096f8dcfaf93,XYシリーズ,XY8-Bb,ポケモンカードゲームXY BREAK　拡張パック「青い衝撃」,xy8b_ja,056,ミュウツーソウルリンク,,U,U,https://www.pokemon-card.com/assets/images/card_images/large/XY8-Bb/031365_T_MYUUTSUSOURURINKU.jpg,RARITY_CHANGE
0af43c8d-4ca5-4e4c-b347-9c1dbddfbd85,XYシリーズ,XY8-Bb,ポケモンカードゲームXY BREAK　拡張パック「青い衝撃」,xy8b_ja,057,アズサ,,U,U,https://www.pokemon-card.com/assets/images/card_images/large/XY8-Bb/031366_T_AZUSA.jpg,RARITY_CHANGE
1d7d4295-de24-4094-b99d-b5a864c1de07,XYシリーズ,XY8-Bb,ポケモンカードゲームXY BREAK　拡張パック「青い衝撃」,xy8b_ja,058,パラレルシティ,,U,U,https://www.pokemon-card.com/assets/images/card_images/large/XY8-Bb/031367_T_PARARERUSHITEI.jpg,RARITY_CHANGE
c248eb93-3bcb-4258-bcdf-2bfda2c4b1ef,XYシリーズ,XY8-Bb,ポケモンカードゲームXY BREAK　拡張パック「青い衝撃」,xy8b_ja,059,レインボーエネルギー,,U,U,https://www.pokemon-card.com/assets/images/card_images/large/XY8-Bb/031368_E_REINBOENERUGI.jpg,RARITY_CHANGE
995516ce-62e6-4f21-b981-ff98105be2cf,XYシリーズ,XY8-Bb,ポケモンカードゲームXY BREAK　拡張パック「青い衝撃」,xy8b_ja,060,オニゴーリEX,,SR,SR,https://www.pokemon-card.com/assets/images/card_images/large/XY8-Bb/035823_P_ONIGORIEX.jpg,RARITY_CHANGE
b58c5aed-7b73-47ab-ad2e-dce18cb1abee,XYシリーズ,XY8-Bb,ポケモンカードゲームXY BREAK　拡張パック「青い衝撃」,xy8b_ja,061,megaオニゴーリEX,,SR,SR,https://www.pokemon-card.com/assets/images/card_images/large/XY8-Bb/035824_P_MONIGORIEX.jpg,RARITY_CHANGE
4389c8c7-8c1a-4aed-b674-e31b0babaf57,XYシリーズ,XY8-Bb,ポケモンカードゲームXY BREAK　拡張パック「青い衝撃」,xy8b_ja,062,ミュウツーEX,,SR,SR,https://www.pokemon-card.com/assets/images/card_images/large/XY8-Bb/035825_P_MYUUTSUEX.jpg,RARITY_CHANGE
b1ddd84a-9344-4717-86d5-b3efb7e1e7ad,XYシリーズ,XY8-Bb,ポケモンカードゲームXY BREAK　拡張パック「青い衝撃」,xy8b_ja,063,megaミュウツーEX,,SR,SR,https://www.pokemon-card.com/assets/images/card_images/large/XY8-Bb/035826_P_MMYUUTSUEX.jpg,RARITY_CHANGE
1653ab73-77b8-4f25-9181-f9c1641cc0cb,XYシリーズ,XY8-Bb,ポケモンカードゲームXY BREAK　拡張パック「青い衝撃」,xy8b_ja,064,アズサ,,SR,SR,https://www.pokemon-card.com/assets/images/card_images/large/XY8-Bb/035827_T_AZUSA.jpg,RARITY_CHANGE
6f14c1ce-793d-499e-89c3-384966f477d1,XYシリーズ,XY8-Br,ポケモンカードゲームXY BREAK　拡張パック「赤い閃光」,xy8r_ja,001,パラス,,C,C,https://www.pokemon-card.com/assets/images/card_images/large/XY8-Br/031369_P_PARASU.jpg,RARITY_CHANGE
4a34a791-780a-436f-b0f3-3adfec3c1d72,XYシリーズ,XY8-Br,ポケモンカードゲームXY BREAK　拡張パック「赤い閃光」,xy8r_ja,002,パラセクト,,U,U,https://www.pokemon-card.com/assets/images/card_images/large/XY8-Br/031370_P_PARASEKUTO.jpg,RARITY_CHANGE
7e5eba38-9b32-4205-b500-a007882bff13,XYシリーズ,XY8-Br,ポケモンカードゲームXY BREAK　拡張パック「赤い閃光」,xy8r_ja,003,ハリマロン,,C,C,https://www.pokemon-card.com/assets/images/card_images/large/XY8-Br/031371_P_HARIMARON.jpg,RARITY_CHANGE
2bb74df6-3c38-4e51-ad21-4a200f3e4620,XYシリーズ,XY8-Br,ポケモンカードゲームXY BREAK　拡張パック「赤い閃光」,xy8r_ja,004,ハリボーグ,,C,C,https://www.pokemon-card.com/assets/images/card_images/large/XY8-Br/031372_P_HARIBOGU.jpg,RARITY_CHANGE
2d022432-89c2-401d-b4ad-d6f4d9259f1d,XYシリーズ,XY8-Br,ポケモンカードゲームXY BREAK　拡張パック「赤い閃光」,xy8r_ja,005,ブリガロン,,R,R,https://www.pokemon-card.com/assets/images/card_images/large/XY8-Br/031373_P_BURIGARON.jpg,RARITY_CHANGE
f364d5a2-9b30-46b7-bce2-c623f204c1e9,XYシリーズ,XY8-Br,ポケモンカードゲームXY BREAK　拡張パック「赤い閃光」,xy8r_ja,006,ブリガロンBREAK,,RR,RR,https://www.pokemon-card.com/assets/images/card_images/legend/XY8-Br/031374_P_BURIGARONBREAK.jpg,RARITY_CHANGE
4b0a2a55-4939-455d-80e5-637fc900d109,XYシリーズ,XY8-Br,ポケモンカードゲームXY BREAK　拡張パック「赤い閃光」,xy8r_ja,007,メェークル,,C,C,https://www.pokemon-card.com/assets/images/card_images/large/XY8-Br/031375_P_MEEKURU.jpg,RARITY_CHANGE
4266670d-5f3b-46cf-9a2a-bac8f2dcc439,XYシリーズ,XY8-Br,ポケモンカードゲームXY BREAK　拡張パック「赤い閃光」,xy8r_ja,008,ゴーゴート,,U,U,https://www.pokemon-card.com/assets/images/card_images/large/XY8-Br/031376_P_GOGOTO.jpg,RARITY_CHANGE
6003653e-a142-4738-bbf2-d753236a28a0,XYシリーズ,XY8-Br,ポケモンカードゲームXY BREAK　拡張パック「赤い閃光」,xy8r_ja,009,ヘルガーEX,,RR,RR,https://www.pokemon-card.com/assets/images/card_images/large/XY8-Br/031377_P_HERUGAEX.jpg,RARITY_CHANGE
db9771d9-dfe2-46b1-8d93-9788e1017d4c,XYシリーズ,XY8-Br,ポケモンカードゲームXY BREAK　拡張パック「赤い閃光」,xy8r_ja,010,megaヘルガーEX,,RR,RR,https://www.pokemon-card.com/assets/images/card_images/large/XY8-Br/031378_P_MHERUGAEX.jpg,RARITY_CHANGE
f2fa1abf-3aa6-4ebb-a311-574b225e290c,XYシリーズ,XY8-Br,ポケモンカードゲームXY BREAK　拡張パック「赤い閃光」,xy8r_ja,011,バオップ,,C,C,https://www.pokemon-card.com/assets/images/card_images/large/XY8-Br/031379_P_BAOPPU.jpg,RARITY_CHANGE
5fbb2378-871f-4d33-bdbd-90a4c5efb814,XYシリーズ,XY8-Br,ポケモンカードゲームXY BREAK　拡張パック「赤い閃光」,xy8r_ja,012,バオッキー,,C,C,https://www.pokemon-card.com/assets/images/card_images/large/XY8-Br/031380_P_BAOKKI.jpg,RARITY_CHANGE
862f0279-233c-43c4-a3e8-cc6e9597faa5,XYシリーズ,XY8-Br,ポケモンカードゲームXY BREAK　拡張パック「赤い閃光」,xy8r_ja,013,トサキント,,C,C,https://www.pokemon-card.com/assets/images/card_images/large/XY8-Br/031381_P_TOSAKINTO.jpg,RARITY_CHANGE
5ab7c05e-9754-4cc4-8e52-8fc535ad0bd5,XYシリーズ,XY8-Br,ポケモンカードゲームXY BREAK　拡張パック「赤い閃光」,xy8r_ja,014,アズマオウ,,C,C,https://www.pokemon-card.com/assets/images/card_images/large/XY8-Br/031382_P_AZUMAOU.jpg,RARITY_CHANGE
3ae62196-54d9-4c0c-99a3-2f987be553f1,XYシリーズ,XY8-Br,ポケモンカードゲームXY BREAK　拡張パック「赤い閃光」,xy8r_ja,015,ヒトデマン,,C,C,https://www.pokemon-card.com/assets/images/card_images/large/XY8-Br/031383_P_HITODEMAN.jpg,RARITY_CHANGE
6bbd3d05-dc76-4d92-b65c-bb7cc5a53a40,XYシリーズ,XY8-Br,ポケモンカードゲームXY BREAK　拡張パック「赤い閃光」,xy8r_ja,016,スターミー,,C,C,https://www.pokemon-card.com/assets/images/card_images/large/XY8-Br/031384_P_SUTAMI.jpg,RARITY_CHANGE
215e7faf-4fa4-46a3-8a4e-7786b90e6727,XYシリーズ,XY8-Br,ポケモンカードゲームXY BREAK　拡張パック「赤い閃光」,xy8r_ja,017,テッポウオ,,C,C,https://www.pokemon-card.com/assets/images/card_images/large/XY8-Br/031385_P_TEPPOUO.jpg,RARITY_CHANGE
3baccd4e-62aa-4794-a675-e3acc0174f1f,XYシリーズ,XY8-Br,ポケモンカードゲームXY BREAK　拡張パック「赤い閃光」,xy8r_ja,018,ポッチャマ,,C,C,https://www.pokemon-card.com/assets/images/card_images/large/XY8-Br/031386_P_POCCHAMA.jpg,RARITY_CHANGE
3d0c34c7-352d-4028-97de-4c74fe46de3b,XYシリーズ,XY8-Br,ポケモンカードゲームXY BREAK　拡張パック「赤い閃光」,xy8r_ja,019,ポッタイシ,,U,U,https://www.pokemon-card.com/assets/images/card_images/large/XY8-Br/031387_P_POTTAISHI.jpg,RARITY_CHANGE
540280cf-f49b-48a9-b5d9-c7b6cc5fed55,XYシリーズ,XY8-Br,ポケモンカードゲームXY BREAK　拡張パック「赤い閃光」,xy8r_ja,020,エンペルト,,R,R,https://www.pokemon-card.com/assets/images/card_images/large/XY8-Br/031388_P_ENPERUTO.jpg,RARITY_CHANGE
984111ca-cc53-4b69-ae21-750330766099,XYシリーズ,XY8-Br,ポケモンカードゲームXY BREAK　拡張パック「赤い閃光」,xy8r_ja,021,ユキカブリ,,C,C,https://www.pokemon-card.com/assets/images/card_images/large/XY8-Br/031389_P_YUKIKABURI.jpg,RARITY_CHANGE
6505fd49-78bb-46eb-8e31-030592264ee1,XYシリーズ,XY8-Br,ポケモンカードゲームXY BREAK　拡張パック「赤い閃光」,xy8r_ja,022,ユキノオー,,U,U,https://www.pokemon-card.com/assets/images/card_images/large/XY8-Br/031390_P_YUKINOO.jpg,RARITY_CHANGE
c1ce3cfa-e8e8-46db-a462-417df7690913,XYシリーズ,XY8-Br,ポケモンカードゲームXY BREAK　拡張パック「赤い閃光」,xy8r_ja,023,コイル,,C,C,https://www.pokemon-card.com/assets/images/card_images/large/XY8-Br/031391_P_KOIRU.jpg,RARITY_CHANGE
221d9c57-0635-4640-a642-3f8f52d1cf2a,XYシリーズ,XY8-Br,ポケモンカードゲームXY BREAK　拡張パック「赤い閃光」,xy8r_ja,024,レアコイル,,C,C,https://www.pokemon-card.com/assets/images/card_images/large/XY8-Br/031392_P_REAKOIRU.jpg,RARITY_CHANGE
efd523f8-5d10-45ab-afb2-4dbf2a46f53a,XYシリーズ,XY8-Br,ポケモンカードゲームXY BREAK　拡張パック「赤い閃光」,xy8r_ja,025,ジバコイル,,R,R,https://www.pokemon-card.com/assets/images/card_images/large/XY8-Br/031393_P_JIBAKOIRU.jpg,RARITY_CHANGE
ff60bd50-eaf6-4dbb-84be-769797f9b43c,XYシリーズ,XY8-Br,ポケモンカードゲームXY BREAK　拡張パック「赤い閃光」,xy8r_ja,026,ライコウ,,R,R,https://www.pokemon-card.com/assets/images/card_images/large/XY8-Br/031394_P_RAIKOU.jpg,RARITY_CHANGE
74cc9b41-9298-46ec-9700-dc22a0bb2d1f,XYシリーズ,XY8-Br,ポケモンカードゲームXY BREAK　拡張パック「赤い閃光」,xy8r_ja,027,ミュウツーEX,,RR,RR,https://www.pokemon-card.com/assets/images/card_images/large/XY8-Br/031395_P_MYUUTSUEX.jpg,RARITY_CHANGE
c0f7e301-6ca3-4cd8-af37-d258b1ce9300,XYシリーズ,XY8-Br,ポケモンカードゲームXY BREAK　拡張パック「赤い閃光」,xy8r_ja,028,megaミュウツーEX,,RR,RR,https://www.pokemon-card.com/assets/images/card_images/large/XY8-Br/031396_P_MMYUUTSUEX.jpg,RARITY_CHANGE
b695753d-101b-4eaf-8c2d-07e0b60608ff,XYシリーズ,XY8-Br,ポケモンカードゲームXY BREAK　拡張パック「赤い閃光」,xy8r_ja,029,ムウマ,,C,C,https://www.pokemon-card.com/assets/images/card_images/large/XY8-Br/031397_P_MUUMA.jpg,RARITY_CHANGE
6a43e3cb-2b11-4a01-92f7-384db90865ef,XYシリーズ,XY8-Br,ポケモンカードゲームXY BREAK　拡張パック「赤い閃光」,xy8r_ja,030,ムウマージ,,R,R,https://www.pokemon-card.com/assets/images/card_images/large/XY8-Br/031398_P_MUUMAJI.jpg,RARITY_CHANGE
849a2923-2e86-48d4-a44d-4a1f06c6b0ba,XYシリーズ,XY8-Br,ポケモンカードゲームXY BREAK　拡張パック「赤い閃光」,xy8r_ja,031,ラルトス,,C,C,https://www.pokemon-card.com/assets/images/card_images/large/XY8-Br/031399_P_RARUTOSU.jpg,RARITY_CHANGE
f7b9ea75-444e-4f2c-a683-66864192c528,XYシリーズ,XY8-Br,ポケモンカードゲームXY BREAK　拡張パック「赤い閃光」,xy8r_ja,032,キルリア,,U,U,https://www.pokemon-card.com/assets/images/card_images/large/XY8-Br/031400_P_KIRURIA.jpg,RARITY_CHANGE
24c1aa69-980b-4ef4-b204-e4d6ba76dbe0,XYシリーズ,XY8-Br,ポケモンカードゲームXY BREAK　拡張パック「赤い閃光」,xy8r_ja,033,クレセリア,,C,C,https://www.pokemon-card.com/assets/images/card_images/large/XY8-Br/031401_P_KURESERIA.jpg,RARITY_CHANGE
f044d146-0b25-4385-a2e5-9fd1a2a5a7a8,XYシリーズ,XY8-Br,ポケモンカードゲームXY BREAK　拡張パック「赤い閃光」,xy8r_ja,034,カラカラ,,C,C,https://www.pokemon-card.com/assets/images/card_images/large/XY8-Br/031402_P_KARAKARA.jpg,RARITY_CHANGE
30d87386-8802-4f16-935f-77773402a981,XYシリーズ,XY8-Br,ポケモンカードゲームXY BREAK　拡張パック「赤い閃光」,xy8r_ja,035,ガラガラ,,U,U,https://www.pokemon-card.com/assets/images/card_images/large/XY8-Br/031403_P_GARAGARA.jpg,RARITY_CHANGE
e23b7751-2618-4e69-bc04-d176c9d4db8c,XYシリーズ,XY8-Br,ポケモンカードゲームXY BREAK　拡張パック「赤い閃光」,xy8r_ja,036,ガラガラBREAK,,RR,RR,https://www.pokemon-card.com/assets/images/card_images/legend/XY8-Br/031404_P_GARAGARABREAK.jpg,RARITY_CHANGE
8d235b9d-21ff-411b-a282-c483442d14df,XYシリーズ,XY8-Br,ポケモンカードゲームXY BREAK　拡張パック「赤い閃光」,xy8r_ja,037,ウリムー,,C,C,https://www.pokemon-card.com/assets/images/card_images/large/XY8-Br/031405_P_URIMU.jpg,RARITY_CHANGE
3dbda081-323c-4763-b9e8-dfa8569e97e8,XYシリーズ,XY8-Br,ポケモンカードゲームXY BREAK　拡張パック「赤い閃光」,xy8r_ja,038,イノムー,,U,U,https://www.pokemon-card.com/assets/images/card_images/large/XY8-Br/031406_P_INOMU.jpg,RARITY_CHANGE
61956171-6bed-4783-9bd0-0e5d0aa62255,XYシリーズ,XY8-Br,ポケモンカードゲームXY BREAK　拡張パック「赤い閃光」,xy8r_ja,039,マンムー,,R,R,https://www.pokemon-card.com/assets/images/card_images/large/XY8-Br/031407_P_MANMU.jpg,RARITY_CHANGE
14d84f68-2ebb-4936-973e-4bb0830197c0,XYシリーズ,XY8-Br,ポケモンカードゲームXY BREAK　拡張パック「赤い閃光」,xy8r_ja,040,エルレイド,,R,R,https://www.pokemon-card.com/assets/images/card_images/large/XY8-Br/031408_P_ERUREIDO.jpg,RARITY_CHANGE
f5deed68-125b-405b-9541-8153921a9f59,XYシリーズ,XY8-Br,ポケモンカードゲームXY BREAK　拡張パック「赤い閃光」,xy8r_ja,041,ゾロア,,C,C,https://www.pokemon-card.com/assets/images/card_images/large/XY8-Br/031409_P_ZOROA.jpg,RARITY_CHANGE
ac3ce22b-4be8-4040-9331-df72abaa4f5b,XYシリーズ,XY8-Br,ポケモンカードゲームXY BREAK　拡張パック「赤い閃光」,xy8r_ja,042,イベルタル,,R,R,https://www.pokemon-card.com/assets/images/card_images/large/XY8-Br/031410_P_IBERUTARU.jpg,RARITY_CHANGE
b236a029-6833-4e51-bf90-3e175d5a10a5,XYシリーズ,XY8-Br,ポケモンカードゲームXY BREAK　拡張パック「赤い閃光」,xy8r_ja,043,ドーミラー,,C,C,https://www.pokemon-card.com/assets/images/card_images/large/XY8-Br/031411_P_DOMIRA.jpg,RARITY_CHANGE
a9bd8ffa-8955-471f-ab28-206abc4ad738,XYシリーズ,XY8-Br,ポケモンカードゲームXY BREAK　拡張パック「赤い閃光」,xy8r_ja,044,ドータクン,,U,U,https://www.pokemon-card.com/assets/images/card_images/large/XY8-Br/031412_P_DOTAKUN.jpg,RARITY_CHANGE
8e3a6109-7e1d-4833-ba96-cae84f88c802,XYシリーズ,XY8-Br,ポケモンカードゲームXY BREAK　拡張パック「赤い閃光」,xy8r_ja,045,バリヤード,,C,C,https://www.pokemon-card.com/assets/images/card_images/large/XY8-Br/031413_P_BARIYADO.jpg,RARITY_CHANGE
9e8f8a05-0470-487a-9907-c58993838193,XYシリーズ,XY8-Br,ポケモンカードゲームXY BREAK　拡張パック「赤い閃光」,xy8r_ja,046,シュシュプ,,C,C,https://www.pokemon-card.com/assets/images/card_images/large/XY8-Br/031414_P_SHUSHUPU.jpg,RARITY_CHANGE
39f7d029-b154-4c7b-8ab8-1060eef9989c,XYシリーズ,XY8-Br,ポケモンカードゲームXY BREAK　拡張パック「赤い閃光」,xy8r_ja,047,フレフワン,,U,U,https://www.pokemon-card.com/assets/images/card_images/large/XY8-Br/031415_P_FUREFUWAN.jpg,RARITY_CHANGE
7088cb4e-fd1a-4073-a984-e4e05bc2902a,XYシリーズ,XY8-Br,ポケモンカードゲームXY BREAK　拡張パック「赤い閃光」,xy8r_ja,048,キバゴ,,C,C,https://www.pokemon-card.com/assets/images/card_images/large/XY8-Br/031416_P_KIBAGO.jpg,RARITY_CHANGE
b8247871-58d6-4602-94a5-dabd1ebd82c1,XYシリーズ,XY8-Br,ポケモンカードゲームXY BREAK　拡張パック「赤い閃光」,xy8r_ja,049,ドードー,,C,C,https://www.pokemon-card.com/assets/images/card_images/large/XY8-Br/031417_P_DODO.jpg,RARITY_CHANGE
81a83424-cec3-4cc8-8b58-bb19e1c3437d,XYシリーズ,XY8-Br,ポケモンカードゲームXY BREAK　拡張パック「赤い閃光」,xy8r_ja,050,ドードリオ,,U,U,https://www.pokemon-card.com/assets/images/card_images/large/XY8-Br/031418_P_DODORIO.jpg,RARITY_CHANGE
90e349b3-0846-4556-a527-d1a761cf0df2,XYシリーズ,XY8-Br,ポケモンカードゲームXY BREAK　拡張パック「赤い閃光」,xy8r_ja,051,ムックル,,C,C,https://www.pokemon-card.com/assets/images/card_images/large/XY8-Br/031419_P_MUKKURU.jpg,RARITY_CHANGE
50fd530c-7dd2-4e05-9ab0-dbfba3f1d426,XYシリーズ,XY8-Br,ポケモンカードゲームXY BREAK　拡張パック「赤い閃光」,xy8r_ja,052,ムクバード,,U,U,https://www.pokemon-card.com/assets/images/card_images/large/XY8-Br/031420_P_MUKUBADO.jpg,RARITY_CHANGE
ed23a802-0a34-4690-870f-fa65d1a3f90d,XYシリーズ,XY8-Br,ポケモンカードゲームXY BREAK　拡張パック「赤い閃光」,xy8r_ja,053,ムクホーク,,U,U,https://www.pokemon-card.com/assets/images/card_images/large/XY8-Br/031421_P_MUKUHOKU.jpg,RARITY_CHANGE
28c26e0d-2e14-47c6-bd7b-e5ec211fad9a,XYシリーズ,XY8-Br,ポケモンカードゲームXY BREAK　拡張パック「赤い閃光」,xy8r_ja,054,ヘビーボール,,U,U,https://www.pokemon-card.com/assets/images/card_images/large/XY8-Br/031422_T_HEBIBORU.jpg,RARITY_CHANGE
bd4120f8-ebfa-48d2-a931-557453a6cbc9,XYシリーズ,XY8-Br,ポケモンカードゲームXY BREAK　拡張パック「赤い閃光」,xy8r_ja,055,とつげきチョッキ,,U,U,https://www.pokemon-card.com/assets/images/card_images/large/XY8-Br/031423_T_TOTSUGEKICHOKKI.jpg,RARITY_CHANGE
01662cad-97cb-44a7-a43b-a4c63c69c631,XYシリーズ,XY8-Br,ポケモンカードゲームXY BREAK　拡張パック「赤い閃光」,xy8r_ja,056,ヘルガーソウルリンク,,U,U,https://www.pokemon-card.com/assets/images/card_images/large/XY8-Br/031424_T_HERUGASOURURINKU.jpg,RARITY_CHANGE
24dfdc0e-3c86-4db1-bb61-08650a4f2063,XYシリーズ,XY8-Br,ポケモンカードゲームXY BREAK　拡張パック「赤い閃光」,xy8r_ja,057,ミュウツーソウルリンク,,U,U,https://www.pokemon-card.com/assets/images/card_images/large/XY8-Br/031425_T_MYUUTSUSOURURINKU.jpg,RARITY_CHANGE
d0e2bc6f-a7e9-419d-b177-456316980bdd,XYシリーズ,XY8-Br,ポケモンカードゲームXY BREAK　拡張パック「赤い閃光」,xy8r_ja,058,サカキの計画,,U,U,https://www.pokemon-card.com/assets/images/card_images/large/XY8-Br/031426_T_SAKAKINOKEIKAKU.jpg,RARITY_CHANGE
da723b8c-92ac-46f2-8c03-f21a91ae7950,XYシリーズ,XY8-Br,ポケモンカードゲームXY BREAK　拡張パック「赤い閃光」,xy8r_ja,059,バーニングエネルギー,,U,U,https://www.pokemon-card.com/assets/images/card_images/large/XY8-Br/031427_E_BANINGUENERUGI.jpg,RARITY_CHANGE
06053b08-87e3-420a-9d26-c94fa907e664,XYシリーズ,XY8-Br,ポケモンカードゲームXY BREAK　拡張パック「赤い閃光」,xy8r_ja,060,ヘルガーEX,,SR,SR,https://www.pokemon-card.com/assets/images/card_images/large/XY8-Br/035828_P_HERUGAEX.jpg,RARITY_CHANGE
7efc4a20-3edc-49d8-8789-078be81950ce,XYシリーズ,XY8-Br,ポケモンカードゲームXY BREAK　拡張パック「赤い閃光」,xy8r_ja,061,megaヘルガーEX,,SR,SR,https://www.pokemon-card.com/assets/images/card_images/large/XY8-Br/035829_P_MHERUGAEX.jpg,RARITY_CHANGE
b7b1fc0f-9d66-4cd3-a642-b25c3f8e5c1e,XYシリーズ,XY8-Br,ポケモンカードゲームXY BREAK　拡張パック「赤い閃光」,xy8r_ja,062,ミュウツーEX,,SR,SR,https://www.pokemon-card.com/assets/images/card_images/large/XY8-Br/035830_P_MYUUTSUEX.jpg,RARITY_CHANGE
4446b5e9-dccd-42d6-b4dd-0bfc5a1fbdbe,XYシリーズ,XY8-Br,ポケモンカードゲームXY BREAK　拡張パック「赤い閃光」,xy8r_ja,063,megaミュウツーEX,,SR,SR,https://www.pokemon-card.com/assets/images/card_images/large/XY8-Br/035831_P_MMYUUTSUEX.jpg,RARITY_CHANGE
378f106f-cc5e-455e-9df7-6856f2998906,XYシリーズ,XY8-Br,ポケモンカードゲームXY BREAK　拡張パック「赤い閃光」,xy8r_ja,064,サカキの計画,,SR,SR,https://www.pokemon-card.com/assets/images/card_images/large/XY8-Br/035832_T_SAKAKINOKEIKAKU.jpg,RARITY_CHANGE
5dcbfe91-9d6c-47c5-9efe-0e865bb8233b,XYシリーズ,XY9-B,ポケモンカードゲームXY BREAK　拡張パック「破天の怒り」,xy9_ja,001,チコリータ,,C,C,https://www.pokemon-card.com/assets/images/card_images/large/XY9-B/031473_P_CHIKORITA.jpg,RARITY_CHANGE
9d4eafda-671f-447f-a1a9-d2b4a5076b99,XYシリーズ,XY9-B,ポケモンカードゲームXY BREAK　拡張パック「破天の怒り」,xy9_ja,002,ベイリーフ,,C,C,https://www.pokemon-card.com/assets/images/card_images/large/XY9-B/031474_P_BEIRIFU.jpg,RARITY_CHANGE
219dfaee-6f44-4951-bafd-4d9b6af8464e,XYシリーズ,XY9-B,ポケモンカードゲームXY BREAK　拡張パック「破天の怒り」,xy9_ja,003,メガニウム,,R,R,https://www.pokemon-card.com/assets/images/card_images/large/XY9-B/031475_P_MEGANIUMU.jpg,RARITY_CHANGE
74b6dc07-678d-4a52-8724-0c0521722f2e,XYシリーズ,XY9-B,ポケモンカードゲームXY BREAK　拡張パック「破天の怒り」,xy9_ja,004,タネボー,,C,C,https://www.pokemon-card.com/assets/images/card_images/large/XY9-B/031476_P_TANEBO.jpg,RARITY_CHANGE
de57002a-b850-4f84-a0f5-ac3a4ccd5eff,XYシリーズ,XY9-B,ポケモンカードゲームXY BREAK　拡張パック「破天の怒り」,xy9_ja,005,コロボーシ,,C,C,https://www.pokemon-card.com/assets/images/card_images/large/XY9-B/031477_P_KOROBOSHI.jpg,RARITY_CHANGE
cead60aa-9e09-4ad0-9a4b-01d9eb7d118a,XYシリーズ,XY9-B,ポケモンカードゲームXY BREAK　拡張パック「破天の怒り」,xy9_ja,006,コロトック,,C,C,https://www.pokemon-card.com/assets/images/card_images/large/XY9-B/031478_P_KOROTOKKU.jpg,RARITY_CHANGE
1c570dc5-b38b-473c-9f13-c06168e30cdb,XYシリーズ,XY9-B,ポケモンカードゲームXY BREAK　拡張パック「破天の怒り」,xy9_ja,007,チュリネ,,C,C,https://www.pokemon-card.com/assets/images/card_images/large/XY9-B/031479_P_CHURINE.jpg,RARITY_CHANGE
d85133d5-6409-4227-b2ef-57b5ecc1ab49,XYシリーズ,XY9-B,ポケモンカードゲームXY BREAK　拡張パック「破天の怒り」,xy9_ja,008,ドレディア,,U,U,https://www.pokemon-card.com/assets/images/card_images/large/XY9-B/031480_P_DOREDEIA.jpg,RARITY_CHANGE
6d4decd9-c8b3-4ef2-b490-3ab7dc89c719,XYシリーズ,XY9-B,ポケモンカードゲームXY BREAK　拡張パック「破天の怒り」,xy9_ja,009,アイアント,,C,C,https://www.pokemon-card.com/assets/images/card_images/large/XY9-B/031481_P_AIANTO.jpg,RARITY_CHANGE
101d504e-c7c5-4b6c-bb79-ae5452830a11,XYシリーズ,XY9-B,ポケモンカードゲームXY BREAK　拡張パック「破天の怒り」,xy9_ja,010,ドンメル,,C,C,https://www.pokemon-card.com/assets/images/card_images/large/XY9-B/031482_P_DONMERU.jpg,RARITY_CHANGE
e5a3ad87-8839-4985-9ce4-c26dd0601129,XYシリーズ,XY9-B,ポケモンカードゲームXY BREAK　拡張パック「破天の怒り」,xy9_ja,011,バクーダ,,U,U,https://www.pokemon-card.com/assets/images/card_images/large/XY9-B/031483_P_BAKUDA.jpg,RARITY_CHANGE
52c2ef57-34c9-4b48-9661-46b78bea6174,XYシリーズ,XY9-B,ポケモンカードゲームXY BREAK　拡張パック「破天の怒り」,xy9_ja,012,クイタラン,,C,C,https://www.pokemon-card.com/assets/images/card_images/large/XY9-B/031484_P_KUITARAN.jpg,RARITY_CHANGE
5a661235-5ed3-4973-bc9c-d6875cc73067,XYシリーズ,XY9-B,ポケモンカードゲームXY BREAK　拡張パック「破天の怒り」,xy9_ja,013,ヤドン,,C,C,https://www.pokemon-card.com/assets/images/card_images/large/XY9-B/031485_P_YADON.jpg,RARITY_CHANGE
a57d05c0-a84c-4879-bf05-d28b99f75231,XYシリーズ,XY9-B,ポケモンカードゲームXY BREAK　拡張パック「破天の怒り」,xy9_ja,014,ヤドラン,,C,C,https://www.pokemon-card.com/assets/images/card_images/large/XY9-B/031486_P_YADORAN.jpg,RARITY_CHANGE
4f5612ee-81c9-4791-a7d9-fa5aff02b715,XYシリーズ,XY9-B,ポケモンカードゲームXY BREAK　拡張パック「破天の怒り」,xy9_ja,015,ヤドキング,,R,R,https://www.pokemon-card.com/assets/images/card_images/large/XY9-B/031487_P_YADOKINGU.jpg,RARITY_CHANGE
6cf06154-642d-47a7-a520-37082c2dbdf5,XYシリーズ,XY9-B,ポケモンカードゲームXY BREAK　拡張パック「破天の怒り」,xy9_ja,016,シェルダー,,C,C,https://www.pokemon-card.com/assets/images/card_images/large/XY9-B/031488_P_SHIERUDA.jpg,RARITY_CHANGE
3323b1d5-8215-4057-80a6-827dd22bd007,XYシリーズ,XY9-B,ポケモンカードゲームXY BREAK　拡張パック「破天の怒り」,xy9_ja,017,パルシェン,,U,U,https://www.pokemon-card.com/assets/images/card_images/large/XY9-B/031489_P_PARUSHIEN.jpg,RARITY_CHANGE
a01d899b-da25-4250-8ffb-97d8ba0df662,XYシリーズ,XY9-B,ポケモンカードゲームXY BREAK　拡張パック「破天の怒り」,xy9_ja,018,ギャラドスEX,,RR,RR,https://www.pokemon-card.com/assets/images/card_images/large/XY9-B/031490_P_GYARADOSUEX.jpg,RARITY_CHANGE
07cc4767-c182-482d-9baa-b3bef409d1a6,XYシリーズ,XY9-B,ポケモンカードゲームXY BREAK　拡張パック「破天の怒り」,xy9_ja,019,megaギャラドスEX,,RR,RR,https://www.pokemon-card.com/assets/images/card_images/large/XY9-B/031491_P_MGYARADOSUEX.jpg,RARITY_CHANGE
5b21a101-098b-4abd-a15a-cba609cc3134,XYシリーズ,XY9-B,ポケモンカードゲームXY BREAK　拡張パック「破天の怒り」,xy9_ja,020,スイクン,,R,R,https://www.pokemon-card.com/assets/images/card_images/large/XY9-B/031492_P_SUIKUN.jpg,RARITY_CHANGE
c3244bd6-3865-448c-860a-57f0214e7c82,XYシリーズ,XY9-B,ポケモンカードゲームXY BREAK　拡張パック「破天の怒り」,xy9_ja,023,ガマガル,,C,C,https://www.pokemon-card.com/assets/images/card_images/large/XY9-B/031495_P_GAMAGARU.jpg,RARITY_CHANGE
cf3468aa-cd37-4573-bbd5-e0dba6bc430a,XYシリーズ,XY9-B,ポケモンカードゲームXY BREAK　拡張パック「破天の怒り」,xy9_ja,024,ガマゲロゲ,,U,U,https://www.pokemon-card.com/assets/images/card_images/large/XY9-B/031496_P_GAMAGEROGE.jpg,RARITY_CHANGE
273ba19f-2f95-416f-8652-aef4e04c9480,XYシリーズ,XY9-B,ポケモンカードゲームXY BREAK　拡張パック「破天の怒り」,xy9_ja,025,コアルヒー,,C,C,https://www.pokemon-card.com/assets/images/card_images/large/XY9-B/031497_P_KOARUHI.jpg,RARITY_CHANGE
e4354903-0704-453e-b8cf-4ee2ccdacaba,XYシリーズ,XY9-B,ポケモンカードゲームXY BREAK　拡張パック「破天の怒り」,xy9_ja,026,スワンナ,,C,C,https://www.pokemon-card.com/assets/images/card_images/large/XY9-B/031498_P_SUWANNA.jpg,RARITY_CHANGE
d15045a8-b957-4adb-9c98-ea46e8c1c112,XYシリーズ,XY9-B,ポケモンカードゲームXY BREAK　拡張パック「破天の怒り」,xy9_ja,027,ケロマツ,,C,C,https://www.pokemon-card.com/assets/images/card_images/large/XY9-B/031499_P_KEROMATSU.jpg,RARITY_CHANGE
da99edd7-e039-4d7c-af0b-3bbf0cd5955f,XYシリーズ,XY9-B,ポケモンカードゲームXY BREAK　拡張パック「破天の怒り」,xy9_ja,028,ゲコガシラ,,C,C,https://www.pokemon-card.com/assets/images/card_images/large/XY9-B/031500_P_GEKOGASHIRA.jpg,RARITY_CHANGE
71329f9a-c1d1-41aa-b7c8-1d8af962f92b,XYシリーズ,XY9-B,ポケモンカードゲームXY BREAK　拡張パック「破天の怒り」,xy9_ja,029,ゲッコウガ,,R,R,https://www.pokemon-card.com/assets/images/card_images/large/XY9-B/031501_P_GEKKOUGA.jpg,RARITY_CHANGE
620a670e-d90d-4878-9b22-15f17aebbb3f,XYシリーズ,XY9-B,ポケモンカードゲームXY BREAK　拡張パック「破天の怒り」,xy9_ja,030,ゲッコウガBREAK,,RR,RR,https://www.pokemon-card.com/assets/images/card_images/legend/XY9-B/031502_P_GEKKOUGABREAK.jpg,RARITY_CHANGE
d65e8e73-7103-419b-be24-9d430e65d0d8,XYシリーズ,XY9-B,ポケモンカードゲームXY BREAK　拡張パック「破天の怒り」,xy9_ja,031,シママ,,C,C,https://www.pokemon-card.com/assets/images/card_images/large/XY9-B/031503_P_SHIMAMA.jpg,RARITY_CHANGE
0743f10c-f262-4db2-b7a1-ef3d15a24c65,XYシリーズ,XY9-B,ポケモンカードゲームXY BREAK　拡張パック「破天の怒り」,xy9_ja,032,ゼブライカ,,U,U,https://www.pokemon-card.com/assets/images/card_images/large/XY9-B/031504_P_ZEBURAIKA.jpg,RARITY_CHANGE
8454d093-32f9-465d-824d-aee15d8318ba,XYシリーズ,XY9-B,ポケモンカードゲームXY BREAK　拡張パック「破天の怒り」,xy9_ja,033,スリープ,,C,C,https://www.pokemon-card.com/assets/images/card_images/large/XY9-B/031505_P_SURIPU.jpg,RARITY_CHANGE
7005ab44-5d13-4cba-9efc-b3046c747a54,XYシリーズ,XY9-B,ポケモンカードゲームXY BREAK　拡張パック「破天の怒り」,xy9_ja,034,スリーパー,,U,U,https://www.pokemon-card.com/assets/images/card_images/large/XY9-B/031506_P_SURIPA.jpg,RARITY_CHANGE
c1a52224-ca89-4c50-b896-e4510940685e,XYシリーズ,XY9-B,ポケモンカードゲームXY BREAK　拡張パック「破天の怒り」,xy9_ja,035,エーフィEX,,RR,RR,https://www.pokemon-card.com/assets/images/card_images/large/XY9-B/031507_P_EFIEX.jpg,RARITY_CHANGE
472dfb4a-b893-4071-95b1-b3ce681ad2e2,XYシリーズ,XY9-B,ポケモンカードゲームXY BREAK　拡張パック「破天の怒り」,xy9_ja,036,スコルピ,,C,C,https://www.pokemon-card.com/assets/images/card_images/large/XY9-B/031508_P_SUKORUPI.jpg,RARITY_CHANGE
afab8384-d0c0-40e1-9a37-f7897dfdecce,XYシリーズ,XY9-B,ポケモンカードゲームXY BREAK　拡張パック「破天の怒り」,xy9_ja,037,ドラピオン,,U,U,https://www.pokemon-card.com/assets/images/card_images/large/XY9-B/031509_P_DORAPION.jpg,RARITY_CHANGE
de5f8902-d357-4a91-9661-f7878fa51245,XYシリーズ,XY9-B,ポケモンカードゲームXY BREAK　拡張パック「破天の怒り」,xy9_ja,038,シンボラー,,U,U,https://www.pokemon-card.com/assets/images/card_images/large/XY9-B/031510_P_SHINBORA.jpg,RARITY_CHANGE
59d84179-e5e4-4fc1-8269-3e72089394a0,XYシリーズ,XY9-B,ポケモンカードゲームXY BREAK　拡張パック「破天の怒り」,xy9_ja,039,ヤブクロン,,C,C,https://www.pokemon-card.com/assets/images/card_images/large/XY9-B/031511_P_YABUKURON.jpg,RARITY_CHANGE
5f4b0ea7-6848-470b-8f4f-6157cf80f9d3,XYシリーズ,XY9-B,ポケモンカードゲームXY BREAK　拡張パック「破天の怒り」,xy9_ja,040,ダストダス,,R,R,https://www.pokemon-card.com/assets/images/card_images/large/XY9-B/031512_P_DASUTODASU.jpg,RARITY_CHANGE
3e9514b0-57e0-4678-a7ac-e0b50acbb32a,XYシリーズ,XY9-B,ポケモンカードゲームXY BREAK　拡張パック「破天の怒り」,xy9_ja,041,ヒトツキ,,C,C,https://www.pokemon-card.com/assets/images/card_images/large/XY9-B/031513_P_HITOTSUKI.jpg,RARITY_CHANGE
31d01506-bb96-4aee-b621-f51b116b8000,XYシリーズ,XY9-B,ポケモンカードゲームXY BREAK　拡張パック「破天の怒り」,xy9_ja,042,ニダンギル,,C,C,https://www.pokemon-card.com/assets/images/card_images/large/XY9-B/031514_P_NIDANGIRU.jpg,RARITY_CHANGE
71a92841-0ca6-404d-8c0c-6389db369e45,XYシリーズ,XY9-B,ポケモンカードゲームXY BREAK　拡張パック「破天の怒り」,xy9_ja,043,ギルガルド,,R,R,https://www.pokemon-card.com/assets/images/card_images/large/XY9-B/031515_P_GIRUGARUDO.jpg,RARITY_CHANGE
40974fe3-6220-45e8-a724-b11cea24c898,XYシリーズ,XY9-B,ポケモンカードゲームXY BREAK　拡張パック「破天の怒り」,xy9_ja,044,クズモー,,C,C,https://www.pokemon-card.com/assets/images/card_images/large/XY9-B/031516_P_KUZUMO.jpg,RARITY_CHANGE
65420e91-2e15-4099-8903-0edd4ef66919,XYシリーズ,XY9-B,ポケモンカードゲームXY BREAK　拡張パック「破天の怒り」,xy9_ja,045,ボクレー,,C,C,https://www.pokemon-card.com/assets/images/card_images/large/XY9-B/031517_P_BOKURE.jpg,RARITY_CHANGE
e4ace5b0-a522-4da2-a7f8-d48171483c33,XYシリーズ,XY9-B,ポケモンカードゲームXY BREAK　拡張パック「破天の怒り」,xy9_ja,046,オーロット,,U,U,https://www.pokemon-card.com/assets/images/card_images/large/XY9-B/031518_P_OROTTO.jpg,RARITY_CHANGE
0d135348-0835-4df0-b5f4-28aeeb919071,XYシリーズ,XY9-B,ポケモンカードゲームXY BREAK　拡張パック「破天の怒り」,xy9_ja,047,オーロットBREAK,,RR,RR,https://www.pokemon-card.com/assets/images/card_images/legend/XY9-B/031519_P_OROTTOBREAK.jpg,RARITY_CHANGE
404be454-aaaf-491f-9e68-9ff19f5da5b9,XYシリーズ,XY9-B,ポケモンカードゲームXY BREAK　拡張パック「破天の怒り」,xy9_ja,048,ウソッキー,,U,U,https://www.pokemon-card.com/assets/images/card_images/large/XY9-B/031520_P_USOKKI.jpg,RARITY_CHANGE
1b603123-aeee-431f-ae57-0d734ada333e,XYシリーズ,XY9-B,ポケモンカードゲームXY BREAK　拡張パック「破天の怒り」,xy9_ja,049,フカマル,,C,C,https://www.pokemon-card.com/assets/images/card_images/large/XY9-B/031521_P_FUKAMARU.jpg,RARITY_CHANGE
306640ed-3e0a-4782-9ac6-312d4793848f,XYシリーズ,XY9-B,ポケモンカードゲームXY BREAK　拡張パック「破天の怒り」,xy9_ja,050,ガバイト,,C,C,https://www.pokemon-card.com/assets/images/card_images/large/XY9-B/031522_P_GABAITO.jpg,RARITY_CHANGE
ef6322ca-5111-497c-a6df-0eead548a15f,XYシリーズ,XY9-B,ポケモンカードゲームXY BREAK　拡張パック「破天の怒り」,xy9_ja,051,ガブリアス,,R,R,https://www.pokemon-card.com/assets/images/card_images/large/XY9-B/031523_P_GABURIASU.jpg,RARITY_CHANGE
7ea2661e-0e8d-4ced-88fa-d1367993322d,XYシリーズ,XY9-B,ポケモンカードゲームXY BREAK　拡張パック「破天の怒り」,xy9_ja,052,ヤンチャム,,C,C,https://www.pokemon-card.com/assets/images/card_images/large/XY9-B/031524_P_YANCHAMU.jpg,RARITY_CHANGE
1fea0b5c-9477-49ae-8f76-4b136d2f37be,XYシリーズ,XY9-B,ポケモンカードゲームXY BREAK　拡張パック「破天の怒り」,xy9_ja,053,コノハナ,,C,C,https://www.pokemon-card.com/assets/images/card_images/large/XY9-B/031525_P_KONOHANA.jpg,RARITY_CHANGE
4091ed18-e0de-4ba6-86c7-427c06425278,XYシリーズ,XY9-B,ポケモンカードゲームXY BREAK　拡張パック「破天の怒り」,xy9_ja,054,ダーテング,,U,U,https://www.pokemon-card.com/assets/images/card_images/large/XY9-B/031526_P_DATENGU.jpg,RARITY_CHANGE
1281780f-3ef6-431b-a731-4c386a46afa4,XYシリーズ,XY9-B,ポケモンカードゲームXY BREAK　拡張パック「破天の怒り」,xy9_ja,055,ダークライEX,,RR,RR,https://www.pokemon-card.com/assets/images/card_images/large/XY9-B/031527_P_DAKURAIEX.jpg,RARITY_CHANGE
ca8ebd72-2dec-4707-b94a-55e6269c4ea1,XYシリーズ,XY9-B,ポケモンカードゲームXY BREAK　拡張パック「破天の怒り」,xy9_ja,056,ゴロンダ,,U,U,https://www.pokemon-card.com/assets/images/card_images/large/XY9-B/031528_P_GORONDA.jpg,RARITY_CHANGE
becf708f-a3a6-412c-b196-316650d36b97,XYシリーズ,XY9-B,ポケモンカードゲームXY BREAK　拡張パック「破天の怒り」,xy9_ja,057,ハッサムEX,,RR,RR,https://www.pokemon-card.com/assets/images/card_images/large/XY9-B/031529_P_HASSAMUEX.jpg,RARITY_CHANGE
3ea50e6c-cb32-4cc0-8dda-3d7b3781fa7f,XYシリーズ,XY9-B,ポケモンカードゲームXY BREAK　拡張パック「破天の怒り」,xy9_ja,058,megaハッサムEX,,RR,RR,https://www.pokemon-card.com/assets/images/card_images/large/XY9-B/031530_P_MHASSAMUEX.jpg,RARITY_CHANGE
0e71b167-f44f-4c03-92f3-fb5072cdff48,XYシリーズ,XY9-B,ポケモンカードゲームXY BREAK　拡張パック「破天の怒り」,xy9_ja,059,テッシード,,C,C,https://www.pokemon-card.com/assets/images/card_images/large/XY9-B/031531_P_TESSHIDO.jpg,RARITY_CHANGE
934d5d86-eb91-4c51-9bcc-7f0580e19fb7,XYシリーズ,XY9-B,ポケモンカードゲームXY BREAK　拡張パック「破天の怒り」,xy9_ja,060,ナットレイ,,U,U,https://www.pokemon-card.com/assets/images/card_images/large/XY9-B/031532_P_NATTOREI.jpg,RARITY_CHANGE
416ec332-8148-4c49-8854-e62903bad3dd,XYシリーズ,XY9-B,ポケモンカードゲームXY BREAK　拡張パック「破天の怒り」,xy9_ja,061,ピッピ,,C,C,https://www.pokemon-card.com/assets/images/card_images/large/XY9-B/031533_P_PIPPI.jpg,RARITY_CHANGE
783a99d1-ba58-4288-81ce-1e5dc1984787,XYシリーズ,XY9-B,ポケモンカードゲームXY BREAK　拡張パック「破天の怒り」,xy9_ja,062,ピクシー,,U,U,https://www.pokemon-card.com/assets/images/card_images/large/XY9-B/031534_P_PIKUSHI.jpg,RARITY_CHANGE
dc3bc529-d36f-4b0e-a81b-bd7b05b94211,XYシリーズ,XY9-B,ポケモンカードゲームXY BREAK　拡張パック「破天の怒り」,xy9_ja,063,ドラミドロ,,R,R,https://www.pokemon-card.com/assets/images/card_images/large/XY9-B/031535_P_DORAMIDORO.jpg,RARITY_CHANGE
c826e217-8872-49f1-a573-26cf7b173b31,XYシリーズ,XY9-B,ポケモンカードゲームXY BREAK　拡張パック「破天の怒り」,xy9_ja,064,コラッタ,,C,C,https://www.pokemon-card.com/assets/images/card_images/large/XY9-B/031536_P_KORATTA.jpg,RARITY_CHANGE
e8c173d1-646d-48c6-942e-9487dddecffe,XYシリーズ,XY9-B,ポケモンカードゲームXY BREAK　拡張パック「破天の怒り」,xy9_ja,065,ラッタ,,C,C,https://www.pokemon-card.com/assets/images/card_images/large/XY9-B/031537_P_RATTA.jpg,RARITY_CHANGE
ab13bc5b-1838-45d2-a2e1-301df3d5dc7c,XYシリーズ,XY9-B,ポケモンカードゲームXY BREAK　拡張パック「破天の怒り」,xy9_ja,066,ラッタBREAK,,RR,RR,https://www.pokemon-card.com/assets/images/card_images/legend/XY9-B/031538_P_RATTABREAK.jpg,RARITY_CHANGE
da5b9c01-fbc4-4610-8389-8cdc3a2ded3a,XYシリーズ,XY9-B,ポケモンカードゲームXY BREAK　拡張パック「破天の怒り」,xy9_ja,067,オドシシ,,C,C,https://www.pokemon-card.com/assets/images/card_images/large/XY9-B/031539_P_ODOSHISHI.jpg,RARITY_CHANGE
7ce4c490-69eb-49c8-91ef-236019e0536f,XYシリーズ,XY9-B,ポケモンカードゲームXY BREAK　拡張パック「破天の怒り」,xy9_ja,068,ホウオウEX,,RR,RR,https://www.pokemon-card.com/assets/images/card_images/large/XY9-B/031540_P_HOUOUEX.jpg,RARITY_CHANGE
d985c9d8-0a77-4344-a8ea-97735c7f4f4a,XYシリーズ,XY9-B,ポケモンカードゲームXY BREAK　拡張パック「破天の怒り」,xy9_ja,069,ニャルマー,,C,C,https://www.pokemon-card.com/assets/images/card_images/large/XY9-B/031541_P_NYARUMA.jpg,RARITY_CHANGE
027873b5-3a81-4b55-9750-4bf0621448ad,XYシリーズ,XY9-B,ポケモンカードゲームXY BREAK　拡張パック「破天の怒り」,xy9_ja,070,ブニャット,,C,C,https://www.pokemon-card.com/assets/images/card_images/large/XY9-B/031542_P_BUNYATTO.jpg,RARITY_CHANGE
2afcd5b9-536c-44fc-a541-0debcff15ee7,XYシリーズ,XY9-B,ポケモンカードゲームXY BREAK　拡張パック「破天の怒り」,xy9_ja,071,時のパズル,,U,U,https://www.pokemon-card.com/assets/images/card_images/large/XY9-B/031543_T_TOKINOPAZURU.jpg,RARITY_CHANGE
b458d6e6-1163-43c9-8884-9653108113b7,XYシリーズ,XY9-B,ポケモンカードゲームXY BREAK　拡張パック「破天の怒り」,xy9_ja,072,ピーピーマックス,,U,U,https://www.pokemon-card.com/assets/images/card_images/large/XY9-B/031544_T_PIPIMAKKUSU.jpg,RARITY_CHANGE
f7d83956-7ab1-4ba2-9cae-b53d8a0612b0,XYシリーズ,XY9-B,ポケモンカードゲームXY BREAK　拡張パック「破天の怒り」,xy9_ja,073,炸裂バルーン,,U,U,https://www.pokemon-card.com/assets/images/card_images/large/XY9-B/031545_T_SAKURETSUBARUN.jpg,RARITY_CHANGE
9f196c0b-f9d4-4f9c-83ae-b9c9177bf3d6,XYシリーズ,XY9-B,ポケモンカードゲームXY BREAK　拡張パック「破天の怒り」,xy9_ja,074,闘魂のまわし,,U,U,https://www.pokemon-card.com/assets/images/card_images/large/XY9-B/031546_T_TOUKONNOMAWASHI.jpg,RARITY_CHANGE
9e3f66f6-9016-4bd8-833f-7ff3687bc66c,XYシリーズ,XY9-B,ポケモンカードゲームXY BREAK　拡張パック「破天の怒り」,xy9_ja,075,ギャラドスソウルリンク,,U,U,https://www.pokemon-card.com/assets/images/card_images/large/XY9-B/031547_T_GYARADOSUSOURURINKU.jpg,RARITY_CHANGE
172aba59-a024-49c7-84a1-8dee2e03a281,XYシリーズ,XY9-B,ポケモンカードゲームXY BREAK　拡張パック「破天の怒り」,xy9_ja,076,ハッサムソウルリンク,,U,U,https://www.pokemon-card.com/assets/images/card_images/large/XY9-B/031548_T_HASSAMUSOURURINKU.jpg,RARITY_CHANGE
a2430ed5-f5ca-4f81-918f-e6446bb9dc4d,XYシリーズ,XY9-B,ポケモンカードゲームXY BREAK　拡張パック「破天の怒り」,xy9_ja,077,こわいおねえさん,,U,U,https://www.pokemon-card.com/assets/images/card_images/large/XY9-B/031549_T_KOWAIONEESAN.jpg,RARITY_CHANGE
d5bb8b22-5e83-4224-8e29-04b10cad979a,XYシリーズ,XY9-B,ポケモンカードゲームXY BREAK　拡張パック「破天の怒り」,xy9_ja,078,サイキッカーの心眼,,U,U,https://www.pokemon-card.com/assets/images/card_images/large/XY9-B/031550_T_SAIKIKKANOSHINGAN.jpg,RARITY_CHANGE
225bfe5b-ab60-49c0-96e5-d14d66f2f429,XYシリーズ,XY9-B,ポケモンカードゲームXY BREAK　拡張パック「破天の怒り」,xy9_ja,079,リバースバレー,,U,U,https://www.pokemon-card.com/assets/images/card_images/large/XY9-B/031551_T_RIBASUBARE.jpg,RARITY_CHANGE
91781048-3cf2-48ba-96d2-74c411fe7ac5,XYシリーズ,XY9-B,ポケモンカードゲームXY BREAK　拡張パック「破天の怒り」,xy9_ja,080,スプラッシュエネルギー,,U,U,https://www.pokemon-card.com/assets/images/card_images/large/XY9-B/031552_E_SUPURASSHUENERUGI.jpg,RARITY_CHANGE
955374e0-b045-4fee-82fb-baaf095827b0,XYシリーズ,XY9-B,ポケモンカードゲームXY BREAK　拡張パック「破天の怒り」,xy9_ja,081,ギャラドスEX,,SR,SR,https://www.pokemon-card.com/assets/images/card_images/large/XY9-B/035833_P_GYARADOSUEX.jpg,RARITY_CHANGE
6f6785c9-0f03-4b3d-bac1-d0471571ccf0,XYシリーズ,XY9-B,ポケモンカードゲームXY BREAK　拡張パック「破天の怒り」,xy9_ja,082,megaギャラドスEX,,SR,SR,https://www.pokemon-card.com/assets/images/card_images/large/XY9-B/035834_P_MGYARADOSUEX.jpg,RARITY_CHANGE
183a9a56-8898-46c3-a599-45028b8b72a5,XYシリーズ,XY9-B,ポケモンカードゲームXY BREAK　拡張パック「破天の怒り」,xy9_ja,083,マナフィEX,,SR,SR,https://www.pokemon-card.com/assets/images/card_images/large/XY9-B/035835_P_MANAFIEX.jpg,RARITY_CHANGE
07f9b71a-5879-48b2-9f82-2ddd050cb34b,XYシリーズ,XY9-B,ポケモンカードゲームXY BREAK　拡張パック「破天の怒り」,xy9_ja,084,エーフィEX,,SR,SR,https://www.pokemon-card.com/assets/images/card_images/large/XY9-B/035836_P_EFIEX.jpg,RARITY_CHANGE
6283c36d-bd0d-4bb3-92f7-17d55e966dff,XYシリーズ,XY9-B,ポケモンカードゲームXY BREAK　拡張パック「破天の怒り」,xy9_ja,085,ダークライEX,,SR,SR,https://www.pokemon-card.com/assets/images/card_images/large/XY9-B/035837_P_DAKURAIEX.jpg,RARITY_CHANGE
39460c7b-4461-4bc4-8e51-1d3c2bc6dd93,XYシリーズ,XY9-B,ポケモンカードゲームXY BREAK　拡張パック「破天の怒り」,xy9_ja,086,ハッサムEX,,SR,SR,https://www.pokemon-card.com/assets/images/card_images/large/XY9-B/035838_P_HASSAMUEX.jpg,RARITY_CHANGE
14c2b52a-b1a4-4e74-bf23-a95da5e1f840,XYシリーズ,XY9-B,ポケモンカードゲームXY BREAK　拡張パック「破天の怒り」,xy9_ja,087,megaハッサムEX,,SR,SR,https://www.pokemon-card.com/assets/images/card_images/large/XY9-B/035839_P_MHASSAMUEX.jpg,RARITY_CHANGE
960d988a-8ad4-494f-af9f-0663124f25a4,XYシリーズ,XY9-B,ポケモンカードゲームXY BREAK　拡張パック「破天の怒り」,xy9_ja,088,ホウオウEX,,SR,SR,https://www.pokemon-card.com/assets/images/card_images/large/XY9-B/035840_P_HOUOUEX.jpg,RARITY_CHANGE
f2684cb6-c3fe-47f7-905c-a4a163b538f3,SMシリーズ,SM8a,ダークオーダー,sm8a_ja,052,ブラックマーケット,旧裏R,PR,PR,,RARITY_CHANGE
e4184db9-1f8c-4812-9167-6d08d951541e,SVシリーズ,SV2D,クレイバースト,sv2d_ja,073,ヒノヤコマ,,AR,AR,https://assets.tcgdex.net/ja/SV/SV2D/073/high.webp,RARITY_CHANGE
94ac85ed-a077-4781-8609-0c4284838031,SVシリーズ,SV1S,スカーレットex,sv1s_ja,097,ジニア,,SR,SR,https://assets.tcgdex.net/ja/SV/SV1S/097/high.webp,RARITY_CHANGE
0c84167a-9bbf-4baa-a4c2-3c3ebbdcc6d1,SVシリーズ,SV1S,スカーレットex,sv1s_ja,098,スター団のしたっぱ,,SR,SR,https://assets.tcgdex.net/ja/SV/SV1S/098/high.webp,RARITY_CHANGE
cf4ee8b8-b0e0-47df-9df1-79a94d997539,SMシリーズ,SM8b,GXウルトラシャイニー,sm8b_ja,203,オンバット,SR,R,R,https://www.pokemon-card.com/assets/images/card_images/large/SM8b/036092_P_ONBATTO.jpg,RARITY_CHANGE
1b2f0216-8c48-4a35-af8b-01f015255196,SMシリーズ,SM8b,GXウルトラシャイニー,sm8b_ja,204,ヤレユータン,SR,R,R,https://www.pokemon-card.com/assets/images/card_images/large/SM8b/036093_P_YAREYUTAN.jpg,RARITY_CHANGE
6779446d-09f1-483f-a984-eb4b6c88b785,SMシリーズ,SM8b,GXウルトラシャイニー,sm8b_ja,161,ストライク,SR,R,R,https://www.pokemon-card.com/assets/images/card_images/large/SM8b/036050_P_SUTORAIKU.jpg,RARITY_CHANGE
f06fa1cc-b943-4f47-840a-8556671f4f31,SMシリーズ,SM8b,GXウルトラシャイニー,sm8b_ja,165,フェローチェ,SR,R,R,https://www.pokemon-card.com/assets/images/card_images/large/SM8b/036054_P_FEROCHIE.jpg,RARITY_CHANGE
ebeeb675-b668-4fb9-9a77-0d7639ecc05b,SMシリーズ,SM8b,GXウルトラシャイニー,sm8b_ja,168,アローラロコン,SR,R,R,https://www.pokemon-card.com/assets/images/card_images/large/SM8b/036057_P_ARORAROKON.jpg,RARITY_CHANGE
a881d346-a1b7-422a-ae57-19fcc39800cb,SMシリーズ,SM8b,GXウルトラシャイニー,sm8b_ja,170,ヌオー,SR,R,R,https://www.pokemon-card.com/assets/images/card_images/large/SM8b/036059_P_NUO.jpg,RARITY_CHANGE
e97c3da3-1bfb-4630-846c-8573fc4d0d29,SMシリーズ,SM8b,GXウルトラシャイニー,sm8b_ja,178,カラマネロ,SR,R,R,https://www.pokemon-card.com/assets/images/card_images/large/SM8b/036067_P_KARAMANERO.jpg,RARITY_CHANGE
7af33e6a-af08-4cd8-bfba-64714dfb126b,SMシリーズ,SM8b,GXウルトラシャイニー,sm8b_ja,180,ウソッキー,SR,R,R,https://www.pokemon-card.com/assets/images/card_images/large/SM8b/036069_P_USOKKI.jpg,RARITY_CHANGE
16a27a89-a402-4dd7-b5c1-27d473ec29fd,SMシリーズ,SM8b,GXウルトラシャイニー,sm8b_ja,182,ルカリオ,SR,R,R,https://www.pokemon-card.com/assets/images/card_images/large/SM8b/036071_P_RUKARIO.jpg,RARITY_CHANGE
49b44093-1242-43b7-8ffb-eaded25b772b,SMシリーズ,SM8b,GXウルトラシャイニー,sm8b_ja,188,レアコイル,SR,R,R,https://www.pokemon-card.com/assets/images/card_images/large/SM8b/036077_P_REAKOIRU.jpg,RARITY_CHANGE
24802ea6-8914-4699-86fb-fd7e293910fe,SMシリーズ,SM8b,GXウルトラシャイニー,sm8b_ja,191,メタング,SR,R,R,https://www.pokemon-card.com/assets/images/card_images/large/SM8b/036080_P_METANGU.jpg,RARITY_CHANGE
edff67d5-decc-49da-bf99-344fe892c70e,SMシリーズ,SM8b,GXウルトラシャイニー,sm8b_ja,199,ガバイト,SR,R,R,https://www.pokemon-card.com/assets/images/card_images/large/SM8b/036088_P_GABAITO.jpg,RARITY_CHANGE
6ec4df14-b9cd-42a0-82e6-b9304f0b1dc1,SMシリーズ,SM8b,GXウルトラシャイニー,sm8b_ja,205,タイプ：ヌル,SR,R,R,https://www.pokemon-card.com/assets/images/card_images/large/SM8b/036094_P_TAIPUNURU.jpg,RARITY_CHANGE
14085644-9cbb-43f4-97ea-5c596b2e4663,SMシリーズ,SM8b,GXウルトラシャイニー,sm8b_ja,206,リーフィアGX,SR,SSR,SSR,https://www.pokemon-card.com/assets/images/card_images/large/SM8b/036095_P_RIFIAGX.jpg,RARITY_CHANGE
3296071c-86f4-4ec8-b3a7-ea1e0a0515d5,SMシリーズ,SM8b,GXウルトラシャイニー,sm8b_ja,208,グソクムシャGX,SR,SSR,SSR,https://www.pokemon-card.com/assets/images/card_images/large/SM8b/036097_P_GUSOKUMUSHAGX.jpg,RARITY_CHANGE
374eed20-b73f-408c-903e-77bb003aa08a,SMシリーズ,SM8b,GXウルトラシャイニー,sm8b_ja,213,アローラキュウコンGX,SR,SSR,SSR,https://www.pokemon-card.com/assets/images/card_images/large/SM8b/036102_P_ARORAKYUUKONGX.jpg,RARITY_CHANGE
ef633563-4c6d-4892-9d0e-71a3664c40da,SMシリーズ,SM8b,GXウルトラシャイニー,sm8b_ja,217,マルマインGX,SR,SSR,SSR,https://www.pokemon-card.com/assets/images/card_images/large/SM8b/036106_P_MARUMAINGX.jpg,RARITY_CHANGE
f5bc534a-12ea-44dd-bb99-37de47c5e8d4,SMシリーズ,SM8b,GXウルトラシャイニー,sm8b_ja,219,ミュウツーGX,SR,SSR,SSR,https://www.pokemon-card.com/assets/images/card_images/large/SM8b/036108_P_MYUUTSUGX.jpg,RARITY_CHANGE
485ff760-3fca-4e47-88fb-40dbdc2f012f,SMシリーズ,SM8b,GXウルトラシャイニー,sm8b_ja,221,ジュペッタGX,SR,SSR,SSR,https://www.pokemon-card.com/assets/images/card_images/large/SM8b/036110_P_JUPETTAGX.jpg,RARITY_CHANGE
a464b523-b4f8-41f1-86ef-12c3c1cfe049,SMシリーズ,SM8b,GXウルトラシャイニー,sm8b_ja,224,ルカリオGX,SR,SSR,SSR,https://www.pokemon-card.com/assets/images/card_images/large/SM8b/036113_P_RUKARIOGX.jpg,RARITY_CHANGE
305fdc27-0165-4c08-bf20-db7aa8d107d5,SMシリーズ,SM8b,GXウルトラシャイニー,sm8b_ja,225,ジガルデGX,SR,SSR,SSR,https://www.pokemon-card.com/assets/images/card_images/large/SM8b/036114_P_JIGARUDEGX.jpg,RARITY_CHANGE
91a589b1-24f0-4816-90c0-31366437db43,SMシリーズ,SM8b,GXウルトラシャイニー,sm8b_ja,227,ルガルガンGX,SR,SSR,SSR,https://www.pokemon-card.com/assets/images/card_images/large/SM8b/036116_P_RUGARUGANGX.jpg,RARITY_CHANGE
a214b72d-46d2-4c79-92b3-5cab5918df5a,SMシリーズ,SM8b,GXウルトラシャイニー,sm8b_ja,232,アクジキングGX,SR,SSR,SSR,https://www.pokemon-card.com/assets/images/card_images/large/SM8b/036121_P_AKUJIKINGUGX.jpg,RARITY_CHANGE
fc72e66c-80d7-452b-b6e1-9d3589412da1,SMシリーズ,SM8b,GXウルトラシャイニー,sm8b_ja,233,ハッサムGX,SR,SSR,SSR,https://www.pokemon-card.com/assets/images/card_images/large/SM8b/036122_P_HASSAMUGX.jpg,RARITY_CHANGE
87d24fb2-e3b3-436a-acc9-6c9bf0568ae0,SMシリーズ,SM8b,GXウルトラシャイニー,sm8b_ja,235,カミツルギGX,SR,SSR,SSR,https://www.pokemon-card.com/assets/images/card_images/large/SM8b/036124_P_KAMITSURUGIGX.jpg,RARITY_CHANGE
f1672ff9-c8bb-43eb-8ab9-ae0e9c057371,SMシリーズ,SM8b,GXウルトラシャイニー,sm8b_ja,238,ニンフィアGX,SR,SSR,SSR,https://www.pokemon-card.com/assets/images/card_images/large/SM8b/036127_P_NINFIAGX.jpg,RARITY_CHANGE
7ae03867-99a0-4b9a-9448-81bca87ce3ee,SMシリーズ,SM8b,GXウルトラシャイニー,sm8b_ja,239,チルタリスGX,SR,SSR,SSR,https://www.pokemon-card.com/assets/images/card_images/large/SM8b/036128_P_CHIRUTARISUGX.jpg,RARITY_CHANGE
8977f20d-f74e-48fd-b9a7-5f713e79b52d,SMシリーズ,SM8b,GXウルトラシャイニー,sm8b_ja,240,レックウザGX,SR,SSR,SSR,https://www.pokemon-card.com/assets/images/card_images/large/SM8b/036129_P_REKKUUZAGX.jpg,RARITY_CHANGE
fa87d358-208d-46d4-9733-9f05de018f55,SMシリーズ,SM8b,GXウルトラシャイニー,sm8b_ja,242,シルヴァディGX,SR,SSR,SSR,https://www.pokemon-card.com/assets/images/card_images/large/SM8b/036131_P_SHIRUVADEIGX.jpg,RARITY_CHANGE
971dec3f-f194-4eaf-a132-5b69b1ff81fb,SVシリーズ,SV10,ロケット団の栄光,sv10_ja,130,ロケット団のミュウツーex,MUR,UR,UR,https://www.pokemon-card.com/assets/images/card_images/large/SV10/047534_P_ROKETTODANNOMIXYUUTSUEX.jpg,RARITY_CHANGE
50f2d545-0f20-4814-b67e-9f0374670c7c,SVシリーズ,SV11W,ホワイトフレア,sv11w_ja,075,バッフロンex,RR,C,C,https://www.pokemon-card.com/assets/images/card_images/large/SV11W/047697_P_BAFFURONEX.jpg,RARITY_CHANGE
8957e6ca-30fd-467f-8203-9e390b5942e8,SVシリーズ,SV2P,スノーハザード,sv2p_ja,090,グルーシャ,,SR,SR,https://assets.tcgdex.net/ja/SV/SV2P/090/high.webp,RARITY_CHANGE
f4791e82-16e9-4c31-b2f4-2155f6880df5,SMシリーズ,SM8b,GXウルトラシャイニー,sm8b_ja,201,イーブイ,SR,R,R,https://www.pokemon-card.com/assets/images/card_images/large/SM8b/036090_P_IBUI.jpg,RARITY_CHANGE
735d3e34-3d82-4397-bb62-bb2ff4832046,SVシリーズ,SV3,黒炎の支配者,sv3_ja,120,グルトン,,AR,AR,https://assets.tcgdex.net/ja/SV/SV3/120/high.webp,RARITY_CHANGE
acfc485f-40e3-46cd-bf1d-a742cb4b684b,SVシリーズ,SV3,黒炎の支配者,sv3_ja,131,ポピー,,SR,SR,https://assets.tcgdex.net/ja/SV/SV3/131/high.webp,RARITY_CHANGE
2d68c8fb-24cd-4073-ae3b-fe486e92cae6,SVシリーズ,SV3,黒炎の支配者,sv3_ja,140,ボウルタウン,,UR,UR,https://assets.tcgdex.net/ja/SV/SV3/140/high.webp,RARITY_CHANGE
70c3f98d-b8a4-478e-beec-0a4eb8b38bdc,SVシリーズ,SV3,黒炎の支配者,sv3_ja,141,基本炎エネルギー,,UR,UR,https://assets.tcgdex.net/ja/SV/SV3/141/high.webp,RARITY_CHANGE
e07f7126-30ad-47be-9508-22929f2d2409,SVシリーズ,SV3a,レイジングサーフ,sv3a_ja,081,アオキ,,SR,SR,https://assets.tcgdex.net/ja/SV/SV3a/081/high.webp,RARITY_CHANGE
ce310733-1933-41cd-8bf5-d91454e27cd0,SVシリーズ,SV3a,レイジングサーフ,sv3a_ja,082,シキミ,,SR,SR,https://assets.tcgdex.net/ja/SV/SV3a/082/high.webp,RARITY_CHANGE
0b5777a3-6e78-497b-a892-393166dc8da0,SVシリーズ,SV3a,レイジングサーフ,sv3a_ja,083,チリ,,SR,SR,https://assets.tcgdex.net/ja/SV/SV3a/083/high.webp,RARITY_CHANGE
b5e5e582-df96-4b08-a474-45b4fb69c8a2,SVシリーズ,SV7,ステラミラクル,sv7_ja,120,チャーレムex,ー,SR,SR,https://assets.tcgdex.net/ja/SV/SV7/120/high.webp,RARITY_CHANGE
b681e430-7a51-4f87-a666-a9f519e19afd,SVシリーズ,SV7,ステラミラクル,sv7_ja,131,タロ,ー,SAR,SAR,https://assets.tcgdex.net/ja/SV/SV7/131/high.webp,RARITY_CHANGE
5bc8641a-ed6e-4461-8d70-c426325ef425,SVシリーズ,SV1a,トリプレットビート,sv1a_ja,080,コイキング,,AR,AR,https://assets.tcgdex.net/ja/SV/SV1a/080/high.webp,RARITY_CHANGE
53e1fb6f-61a9-4232-8582-22d529d1b708,SMシリーズ,SM12a,TAG TEAM GX タッグオールスターズ,sm12a_ja,021,ビクティニ,旧裏R,PR,PR,,RARITY_CHANGE
183ca2ed-00ac-42c9-8817-d8072c2b761b,SMシリーズ,SM12a,TAG TEAM GX タッグオールスターズ,sm12a_ja,037,ボルケニオン,旧裏R,PR,PR,,RARITY_CHANGE
d5923bf6-4b0d-41c0-b5d5-2a6c47c2a712,SMシリーズ,SM12a,TAG TEAM GX タッグオールスターズ,sm12a_ja,049,カプ・コケコ,旧裏R,PR,PR,,RARITY_CHANGE
292033e4-b054-442b-a063-472ce246b323,SMシリーズ,SM12a,TAG TEAM GX タッグオールスターズ,sm12a_ja,058,ギラティナ,旧裏R,PR,PR,,RARITY_CHANGE
cdd914b2-b5f6-4996-9fe9-0cdee28a9f97,SMシリーズ,SM12a,TAG TEAM GX タッグオールスターズ,sm12a_ja,070,ディアンシー,旧裏R,PR,PR,,RARITY_CHANGE
020d164b-5775-4f88-85c3-721bebd3e968,SMシリーズ,SM12a,TAG TEAM GX タッグオールスターズ,sm12a_ja,091,ジラーチ,旧裏R,PR,PR,,RARITY_CHANGE
3c54a714-c9f9-43e5-b0ed-19f491de4e93,SMシリーズ,SM12a,TAG TEAM GX タッグオールスターズ,sm12a_ja,108,メタモン,旧裏R,PR,PR,,RARITY_CHANGE
2d774ba6-9a23-4cbf-8c82-c712c855c2e8,SMシリーズ,SM12a,TAG TEAM GX タッグオールスターズ,sm12a_ja,144,アカギ,旧裏R,PR,PR,,RARITY_CHANGE
582f8575-d94f-466a-bb51-f56a2ad888a5,SMシリーズ,SM7a,迅雷スパーク,sm7a_ja,058,サンダーマウンテン,旧裏R,PR,PR,,RARITY_CHANGE
506de645-0247-4563-a8ba-f2559bc7cec1,SVシリーズ,SV4K,古代の咆哮,sv4k_ja,095,基本悪エネルギー,,UR,UR,https://assets.tcgdex.net/ja/SV/SV4K/095/high.webp,RARITY_CHANGE
ef0e4361-02f5-40c7-8312-5f9745b4ec57,SVシリーズ,SV1a,トリプレットビート,sv1a_ja,081,クワッス,,AR,AR,https://assets.tcgdex.net/ja/SV/SV1a/081/high.webp,RARITY_CHANGE
a29a090c-3ed0-44a6-9745-8f1973576aa3,SVシリーズ,SV5a,クリムゾンヘイズ,sv5a_ja,092,サザレ,,SAR,SAR,https://assets.tcgdex.net/ja/SV/SV5a/092/high.webp,RARITY_CHANGE
15bfc838-b545-4f14-b47e-ffc7fedb8491,SVシリーズ,SV5a,クリムゾンヘイズ,sv5a_ja,093,スイレンのお世話,,SAR,SAR,https://assets.tcgdex.net/ja/SV/SV5a/093/high.webp,RARITY_CHANGE
d5d2c935-b0bf-49ec-b580-b8984079f76e,SVシリーズ,SV1a,トリプレットビート,sv1a_ja,082,ウェルカモ,,AR,AR,https://assets.tcgdex.net/ja/SV/SV1a/082/high.webp,RARITY_CHANGE
2c06fd7c-3874-4e84-bb76-8b7893357eff,SVシリーズ,SV5M,サイバージャッジ,sv5m_ja,098,テツノイサハex,MUR,UR,UR,https://www.pokemon-card.com/assets/images/card_images/large/SV5M/045570_P_TETSUNOISAHAEX.jpg,RARITY_CHANGE
63e48c69-7ca0-4768-9828-b5fa64c8b8b5,SVシリーズ,SV5M,サイバージャッジ,sv5m_ja,099,テツノカシラex,MUR,UR,UR,https://www.pokemon-card.com/assets/images/card_images/large/SV5M/045571_P_TETSUNOKASHIRAEX.jpg,RARITY_CHANGE
35bfcd7c-ee4b-4efd-8b8e-ac8adeb9c3aa,SVシリーズ,SV5M,サイバージャッジ,sv5m_ja,100,テツノイワオex,MUR,UR,UR,https://www.pokemon-card.com/assets/images/card_images/large/SV5M/045572_P_TETSUNOIWAOEX.jpg,RARITY_CHANGE
a36ace6d-d09d-4d72-ad45-ffc952d613f1,SMシリーズ,SM12a,TAG TEAM GX タッグオールスターズ,sm12a_ja,011,シェイミ,ー,PR,PR,,RARITY_CHANGE
34d8c105-d0d5-443e-8d10-8fb24a0a502b,SVシリーズ,SV8a,テラスタルフェスex,sv8a_ja,207,イルカマンex,ー,SAR,SAR,https://assets.tcgdex.net/ja/SV/SV8a/207/high.webp,RARITY_CHANGE
86e45395-09e6-4f49-90b6-4d9481a668ef,ソード・シールド,S11a,白熱のアルカナ,swsh11a_ja,094,Vガードエネルギー,MUR,UR,UR,https://assets.tcgdex.net/ja/S/S11a/094/high.webp,RARITY_CHANGE
2e78d7c0-0053-4181-932a-7bbcca292b86,SMシリーズ,SM8,超爆インパクト,sm8_ja,092,ルザミーネ,旧裏R,PR,PR,,RARITY_CHANGE
ac0a5025-b435-4fd7-96a1-cd33ebf1cf55,SVシリーズ,SV1a,トリプレットビート,sv1a_ja,074,トロピウス,,AR,AR,https://assets.tcgdex.net/ja/SV/SV1a/074/high.webp,RARITY_CHANGE
f467504d-3f7a-4d06-8abd-c6e2a1bc9e21,SVシリーズ,SV1a,トリプレットビート,sv1a_ja,075,ニャオハ,,AR,AR,https://assets.tcgdex.net/ja/SV/SV1a/075/high.webp,RARITY_CHANGE
4dfbe3ea-bb34-44ae-8dad-2f34884adee2,SVシリーズ,SV1a,トリプレットビート,sv1a_ja,077,カエンジシ,,AR,AR,https://assets.tcgdex.net/ja/SV/SV1a/077/high.webp,RARITY_CHANGE
b9f7ce90-c98b-4dfa-abde-39b046e72758,SVシリーズ,SV1a,トリプレットビート,sv1a_ja,078,ホゲータ,,AR,AR,https://assets.tcgdex.net/ja/SV/SV1a/078/high.webp,RARITY_CHANGE
42b181b3-14c7-447b-bc4c-322ce923a6bd,SVシリーズ,SV1a,トリプレットビート,sv1a_ja,079,アチゲータ,,AR,AR,https://assets.tcgdex.net/ja/SV/SV1a/079/high.webp,RARITY_CHANGE
77073c3f-015e-4537-aa89-7709fb055bbe,SVシリーズ,SV1a,トリプレットビート,sv1a_ja,083,ムウマージ,,AR,AR,https://assets.tcgdex.net/ja/SV/SV1a/083/high.webp,RARITY_CHANGE
7d4cf50d-db39-4994-9b5b-9c5e6446eb09,SVシリーズ,SV1a,トリプレットビート,sv1a_ja,084,パルデア ケンタロス,,AR,AR,https://assets.tcgdex.net/ja/SV/SV1a/084/high.webp,RARITY_CHANGE
ab65c5f8-b257-45bd-9d6c-699aa5ff0cd1,SVシリーズ,SV1a,トリプレットビート,sv1a_ja,085,パルデア ウパー,,AR,AR,https://assets.tcgdex.net/ja/SV/SV1a/085/high.webp,RARITY_CHANGE
36044161-f933-483b-8bfe-1f785bcd5e63,SVシリーズ,SV1a,トリプレットビート,sv1a_ja,086,マスカーニャex,,SR,SR,https://assets.tcgdex.net/ja/SV/SV1a/086/high.webp,RARITY_CHANGE
c8b90148-a514-4fcd-94de-60a00a18d893,SVシリーズ,SV1a,トリプレットビート,sv1a_ja,087,ラウドボーンex,,SR,SR,https://assets.tcgdex.net/ja/SV/SV1a/087/high.webp,RARITY_CHANGE
cdfac733-c2f1-4d54-b3dd-f5be9a67cad9,SVシリーズ,SV1a,トリプレットビート,sv1a_ja,089,デデンネex,,SR,SR,https://assets.tcgdex.net/ja/SV/SV1a/089/high.webp,RARITY_CHANGE
2f28e9ed-ecce-4b28-8a1d-b5d9963e6ef5,SVシリーズ,SV1a,トリプレットビート,sv1a_ja,091,パルデア ドオーex,,SR,SR,https://assets.tcgdex.net/ja/SV/SV1a/091/high.webp,RARITY_CHANGE
e8464dc6-42d5-48e1-961e-97c7363b2dd8,SVシリーズ,SV1a,トリプレットビート,sv1a_ja,093,クラベル,,SR,SR,https://assets.tcgdex.net/ja/SV/SV1a/093/high.webp,RARITY_CHANGE
4453a229-a4b1-4b4e-9668-3925ff0b6fa2,SVシリーズ,SV1a,トリプレットビート,sv1a_ja,095,ボスの指令（ゲーチス）,,SR,SR,https://assets.tcgdex.net/ja/SV/SV1a/095/high.webp,RARITY_CHANGE
6dca5f8c-1aaa-4fe2-ba39-4816883c1ab7,SVシリーズ,SV1a,トリプレットビート,sv1a_ja,096,マスカーニャex,,SAR,SAR,https://assets.tcgdex.net/ja/SV/SV1a/096/high.webp,RARITY_CHANGE
8f909665-d3df-48ed-aec5-df96214480ef,SVシリーズ,SV1a,トリプレットビート,sv1a_ja,099,キハダ,,SAR,SAR,https://assets.tcgdex.net/ja/SV/SV1a/099/high.webp,RARITY_CHANGE
373f6747-779d-421e-a650-678142e5c0d4,SVシリーズ,SV1a,トリプレットビート,sv1a_ja,100,ボスの指令（ゲーチス）,,SAR,SAR,https://assets.tcgdex.net/ja/SV/SV1a/100/high.webp,RARITY_CHANGE
c7a574e6-e76b-4b82-94a3-1b8938db5637,SVシリーズ,SV1a,トリプレットビート,sv1a_ja,102,ラウドボーンex,,UR,UR,https://assets.tcgdex.net/ja/SV/SV1a/102/high.webp,RARITY_CHANGE
913c18de-1a1f-43cd-b2ca-97d43da306cb,SVシリーズ,SV1a,トリプレットビート,sv1a_ja,103,ウェーニバルex,,UR,UR,https://assets.tcgdex.net/ja/SV/SV1a/103/high.webp,RARITY_CHANGE
48008013-9fe9-455c-9d98-a3d55093a66f,SMシリーズ,SM8b,GXウルトラシャイニー,sm8b_ja,145,ワンダーラビリンス,旧裏R,PR,PR,,RARITY_CHANGE
32d7c62b-f666-492b-912c-c6c6dcf7b1fc,SVシリーズ,SV1S,スカーレットex,sv1s_ja,079,オリーニョ,,AR,AR,https://assets.tcgdex.net/ja/SV/SV1S/079/high.webp,RARITY_CHANGE
84ec8465-bb7f-4057-92a7-947e9e631435,SVシリーズ,SV1S,スカーレットex,sv1s_ja,080,グレンアルマ,,AR,AR,https://assets.tcgdex.net/ja/SV/SV1S/080/high.webp,RARITY_CHANGE
b181cd10-558f-4e3d-aca0-4b2e92d1174c,SVシリーズ,SV1S,スカーレットex,sv1s_ja,081,ウミディグダ,,AR,AR,https://assets.tcgdex.net/ja/SV/SV1S/081/high.webp,RARITY_CHANGE
0fc3bde6-95e1-43ae-8fb3-4d92fce59ead,SVシリーズ,SV1S,スカーレットex,sv1s_ja,082,ヘイラッシャ,,AR,AR,https://assets.tcgdex.net/ja/SV/SV1S/082/high.webp,RARITY_CHANGE
92fcf119-de01-4096-a9df-09793974a841,SVシリーズ,SV1S,スカーレットex,sv1s_ja,083,ラルトス,,AR,AR,https://assets.tcgdex.net/ja/SV/SV1S/083/high.webp,RARITY_CHANGE
5d959918-ac10-4b25-a1e3-b4d72afa8947,SVシリーズ,SV1S,スカーレットex,sv1s_ja,084,キルリア,,AR,AR,https://assets.tcgdex.net/ja/SV/SV1S/084/high.webp,RARITY_CHANGE
6d1457ac-e9a7-4abb-b3a5-5ae49ae1764e,SVシリーズ,SV1S,スカーレットex,sv1s_ja,085,パピモッチ,,AR,AR,https://assets.tcgdex.net/ja/SV/SV1S/085/high.webp,RARITY_CHANGE
31c50481-29d3-4a2f-b21c-38dc9bca4e59,SVシリーズ,SV1S,スカーレットex,sv1s_ja,086,リオル,,AR,AR,https://assets.tcgdex.net/ja/SV/SV1S/086/high.webp,RARITY_CHANGE
a56c956b-efda-4993-8fd4-18ca02874b02,SVシリーズ,SV1S,スカーレットex,sv1s_ja,087,メグロコ,,AR,AR,https://assets.tcgdex.net/ja/SV/SV1S/087/high.webp,RARITY_CHANGE
a9a03b7a-253b-4b27-93ec-a73377931595,SVシリーズ,SV1S,スカーレットex,sv1s_ja,088,ガケガニ,,AR,AR,https://assets.tcgdex.net/ja/SV/SV1S/088/high.webp,RARITY_CHANGE
c0162b2d-6eaf-49e5-a9a5-f68009c9e6b9,SVシリーズ,SV1S,スカーレットex,sv1s_ja,089,ドドゲザン,,AR,AR,https://assets.tcgdex.net/ja/SV/SV1S/089/high.webp,RARITY_CHANGE
7e5631ba-0989-4132-af7c-34dcd91d4119,SVシリーズ,SV1S,スカーレットex,sv1s_ja,091,ギャラドスex,,SR,SR,https://assets.tcgdex.net/ja/SV/SV1S/091/high.webp,RARITY_CHANGE
b8ff672f-e55b-4601-ae72-921e3ea3dc91,SVシリーズ,SV1S,スカーレットex,sv1s_ja,092,サーナイトex,,SR,SR,https://assets.tcgdex.net/ja/SV/SV1S/092/high.webp,RARITY_CHANGE
2e5c0035-2b7d-410d-82d3-bdab27674630,SVシリーズ,SV1S,スカーレットex,sv1s_ja,093,イダイナキバex,,SR,SR,https://assets.tcgdex.net/ja/SV/SV1S/093/high.webp,RARITY_CHANGE
9be33db6-200d-4236-ab90-ff7a5e09c598,SVシリーズ,SV1S,スカーレットex,sv1s_ja,094,コライドンex,,SR,SR,https://assets.tcgdex.net/ja/SV/SV1S/094/high.webp,RARITY_CHANGE
2c0c3bab-8310-4419-861c-04aa24e30b4d,SVシリーズ,SV1S,スカーレットex,sv1s_ja,095,ドクロッグex,,SR,SR,https://assets.tcgdex.net/ja/SV/SV1S/095/high.webp,RARITY_CHANGE
3accb1b0-0508-47a3-bb6a-27e3011160b4,SVシリーズ,SV1S,スカーレットex,sv1s_ja,096,パフュートンex,,SR,SR,https://assets.tcgdex.net/ja/SV/SV1S/096/high.webp,RARITY_CHANGE
eda8664c-4c80-4fd5-a223-efcbfa9777a9,SVシリーズ,SV1S,スカーレットex,sv1s_ja,099,博士の研究（オーリム博士）,,SR,SR,https://assets.tcgdex.net/ja/SV/SV1S/099/high.webp,RARITY_CHANGE
0883d683-1472-4882-9299-ed0b89008447,SVシリーズ,SV1S,スカーレットex,sv1s_ja,100,ボタン,,SR,SR,https://assets.tcgdex.net/ja/SV/SV1S/100/high.webp,RARITY_CHANGE
aa5a222a-e6de-4988-b750-985381a5442a,SVシリーズ,SV1S,スカーレットex,sv1s_ja,101,サーナイトex,,SAR,SAR,https://assets.tcgdex.net/ja/SV/SV1S/101/high.webp,RARITY_CHANGE
1b45f3e8-39f5-4234-a3bb-8433e65be166,SVシリーズ,SV1S,スカーレットex,sv1s_ja,102,イダイナキバex,,SAR,SAR,https://assets.tcgdex.net/ja/SV/SV1S/102/high.webp,RARITY_CHANGE
5935840c-a000-4345-bf49-fdf7295eda24,SVシリーズ,SV1S,スカーレットex,sv1s_ja,108,基本闘エネルギー,,UR,UR,https://assets.tcgdex.net/ja/SV/SV1S/108/high.webp,RARITY_CHANGE
95f44f3e-046f-43d4-92a1-68d0c35f94e5,SVシリーズ,SV1V,バイオレットex,sv1v_ja,081,スコヴィラン,,AR,AR,https://assets.tcgdex.net/ja/SV/SV1V/081/high.webp,RARITY_CHANGE
3b499788-47c3-42bf-9f34-0c49f260fa6c,SVシリーズ,SV1V,バイオレットex,sv1v_ja,082,ヤドン,,AR,AR,https://assets.tcgdex.net/ja/SV/SV1V/082/high.webp,RARITY_CHANGE
578ede6b-749a-4632-a7dc-be12ad0a1695,SVシリーズ,SV1V,バイオレットex,sv1v_ja,083,ウデッポウ,,AR,AR,https://assets.tcgdex.net/ja/SV/SV1V/083/high.webp,RARITY_CHANGE
faff83f4-4399-4965-b1c5-860ab6ee8154,SVシリーズ,SV1V,バイオレットex,sv1v_ja,084,パチリス,,AR,AR,https://assets.tcgdex.net/ja/SV/SV1V/084/high.webp,RARITY_CHANGE
d09b70e1-2911-4af9-8e50-99a8ab478cfe,SVシリーズ,SV1V,バイオレットex,sv1v_ja,085,パーモット,,AR,AR,https://assets.tcgdex.net/ja/SV/SV1V/085/high.webp,RARITY_CHANGE
0084448e-7be7-4944-af90-e54598710a5b,SVシリーズ,SV1V,バイオレットex,sv1v_ja,086,スリープ,,AR,AR,https://assets.tcgdex.net/ja/SV/SV1V/086/high.webp,RARITY_CHANGE
8cad69d5-2816-4788-83a7-380155db10d1,SVシリーズ,SV1V,バイオレットex,sv1v_ja,087,ボチ,,AR,AR,https://assets.tcgdex.net/ja/SV/SV1V/087/high.webp,RARITY_CHANGE
753f0c83-4964-4714-8a31-3564a5847ef8,SVシリーズ,SV1V,バイオレットex,sv1v_ja,088,マフィティフ,,AR,AR,https://assets.tcgdex.net/ja/SV/SV1V/088/high.webp,RARITY_CHANGE
0fe3ba13-17d5-4ae5-ae7a-a2961493c55a,SVシリーズ,SV1V,バイオレットex,sv1v_ja,089,オトシドリ,,AR,AR,https://assets.tcgdex.net/ja/SV/SV1V/089/high.webp,RARITY_CHANGE
18af462d-f738-4fd9-92c7-2d4b51866c60,SVシリーズ,SV1V,バイオレットex,sv1v_ja,090,ホシガリス,,AR,AR,https://assets.tcgdex.net/ja/SV/SV1V/090/high.webp,RARITY_CHANGE
5b55814f-1dd3-4441-bd60-f2cf69a135cb,SVシリーズ,SV1V,バイオレットex,sv1v_ja,091,ワナイダーex,,SR,SR,https://assets.tcgdex.net/ja/SV/SV1V/091/high.webp,RARITY_CHANGE
c1d83d3f-feeb-4ea8-8784-c1786338be09,SVシリーズ,SV1V,バイオレットex,sv1v_ja,092,ウインディex,,SR,SR,https://assets.tcgdex.net/ja/SV/SV1V/092/high.webp,RARITY_CHANGE
6aad7edd-cd88-40ea-a457-7e56380484eb,SVシリーズ,SV1V,バイオレットex,sv1v_ja,093,ジバコイルex,,SR,SR,https://assets.tcgdex.net/ja/SV/SV1V/093/high.webp,RARITY_CHANGE
f29259c5-7070-4317-9747-e803147a77b8,SVシリーズ,SV1V,バイオレットex,sv1v_ja,094,ミライドンex,,SR,SR,https://assets.tcgdex.net/ja/SV/SV1V/094/high.webp,RARITY_CHANGE
0f497ca5-026c-4feb-b24f-f6698089d0ae,SVシリーズ,SV1V,バイオレットex,sv1v_ja,095,ジュペッタex,,SR,SR,https://assets.tcgdex.net/ja/SV/SV1V/095/high.webp,RARITY_CHANGE
b6aa4f6e-ea54-4b30-9014-d6421e466e4e,SVシリーズ,SV1V,バイオレットex,sv1v_ja,096,テツノワダチex,,SR,SR,https://assets.tcgdex.net/ja/SV/SV1V/096/high.webp,RARITY_CHANGE
6d416666-5630-4cd7-9024-fefc460e53dc,SVシリーズ,SV1V,バイオレットex,sv1v_ja,097,カエデ,,SR,SR,https://assets.tcgdex.net/ja/SV/SV1V/097/high.webp,RARITY_CHANGE
0a6f1e3b-42b7-47a7-b067-09eb86a4e6fd,SVシリーズ,SV1V,バイオレットex,sv1v_ja,098,博士の研究（フトゥー博士）,,SR,SR,https://assets.tcgdex.net/ja/SV/SV1V/098/high.webp,RARITY_CHANGE
33e2139d-d897-4858-a810-cce57e015ad9,SVシリーズ,SV1V,バイオレットex,sv1v_ja,099,ペパー,,SR,SR,https://assets.tcgdex.net/ja/SV/SV1V/099/high.webp,RARITY_CHANGE
6e95d15b-dffa-4870-999b-349cf9f92ef6,SVシリーズ,SV1V,バイオレットex,sv1v_ja,100,ミモザ,,SR,SR,https://assets.tcgdex.net/ja/SV/SV1V/100/high.webp,RARITY_CHANGE
aca4ce9b-0826-4053-8519-abf5b3410af1,SVシリーズ,SV1V,バイオレットex,sv1v_ja,101,ワナイダーex,,SAR,SAR,https://assets.tcgdex.net/ja/SV/SV1V/101/high.webp,RARITY_CHANGE
5799458b-b714-47a8-ad69-6ddac884f90b,SVシリーズ,SV1V,バイオレットex,sv1v_ja,102,ミライドンex,,SAR,SAR,https://assets.tcgdex.net/ja/SV/SV1V/102/high.webp,RARITY_CHANGE
0bf1b89a-e145-4e98-804b-bb324e1f7c6d,SVシリーズ,SV1V,バイオレットex,sv1v_ja,103,テツノワダチex,,SAR,SAR,https://assets.tcgdex.net/ja/SV/SV1V/103/high.webp,RARITY_CHANGE
e83208c0-5e42-4e02-a249-fc46a90b7b24,SVシリーズ,SV1V,バイオレットex,sv1v_ja,104,ペパー,,SAR,SAR,https://assets.tcgdex.net/ja/SV/SV1V/104/high.webp,RARITY_CHANGE
fc94fb30-85d4-4fd3-ac9d-20cc7d80f69e,SVシリーズ,SV1V,バイオレットex,sv1v_ja,106,ミライドンex,,UR,UR,https://assets.tcgdex.net/ja/SV/SV1V/106/high.webp,RARITY_CHANGE
d5bacda2-5030-49d4-92b7-b1b3dd49724a,SVシリーズ,SV1V,バイオレットex,sv1v_ja,107,ふしぎなアメ,,UR,UR,https://assets.tcgdex.net/ja/SV/SV1V/107/high.webp,RARITY_CHANGE
f1516f2e-5855-4cd7-8dc8-5edcde6c642a,SVシリーズ,SV1V,バイオレットex,sv1v_ja,108,基本雷エネルギー,,UR,UR,https://assets.tcgdex.net/ja/SV/SV1V/108/high.webp,RARITY_CHANGE
96c74b6b-35ab-46e9-96f5-30542fa28db7,SVシリーズ,SV2a,ポケモンカード151,sv2a_ja,208,ミュウex,MUR,UR,UR,https://assets.tcgdex.net/ja/SV/SV2a/208/high.webp,RARITY_CHANGE
85dc25c2-b46f-4ed0-bb89-544539b7da3c,SVシリーズ,SV2a,ポケモンカード151,sv2a_ja,209,ポケモンいれかえ,MUR,UR,UR,https://assets.tcgdex.net/ja/SV/SV2a/209/high.webp,RARITY_CHANGE
d7df01d6-febd-48bb-a004-f64a127e2202,SVシリーズ,SV2a,ポケモンカード151,sv2a_ja,210,基本超エネルギー,MUR,UR,UR,https://assets.tcgdex.net/ja/SV/SV2a/210/high.webp,RARITY_CHANGE
860b9e56-3ce2-43ab-aff5-6ff1f5e161fe,SVシリーズ,SV2D,クレイバースト,sv2d_ja,072,ヘラクロス,,AR,AR,https://assets.tcgdex.net/ja/SV/SV2D/072/high.webp,RARITY_CHANGE
2d1aebf3-fb9a-4eb4-a053-9cd3e65e8c41,SVシリーズ,SV2D,クレイバースト,sv2d_ja,074,ライチュウ,,AR,AR,https://assets.tcgdex.net/ja/SV/SV2D/074/high.webp,RARITY_CHANGE
6c61d073-555b-4eab-9b28-42c7acdc870a,SVシリーズ,SV2D,クレイバースト,sv2d_ja,075,スナバァ,,AR,AR,https://assets.tcgdex.net/ja/SV/SV2D/075/high.webp,RARITY_CHANGE
1e2636d3-5aa4-41ff-b671-721a95de0d63,SVシリーズ,SV2D,クレイバースト,sv2d_ja,076,カヌチャン,,AR,AR,https://assets.tcgdex.net/ja/SV/SV2D/076/high.webp,RARITY_CHANGE
4b0bd383-5852-4c96-a760-dce7641ff49a,SVシリーズ,SV2D,クレイバースト,sv2d_ja,077,ナカヌチャン,,AR,AR,https://assets.tcgdex.net/ja/SV/SV2D/077/high.webp,RARITY_CHANGE
ad7848df-a551-4048-a6eb-9ca27f29f3f4,SVシリーズ,SV2D,クレイバースト,sv2d_ja,078,コジオ,,AR,AR,https://assets.tcgdex.net/ja/SV/SV2D/078/high.webp,RARITY_CHANGE
902a9dc6-9c2e-40c1-8cfb-3da0861ba13e,SVシリーズ,SV2D,クレイバースト,sv2d_ja,079,バンギラス,,AR,AR,https://assets.tcgdex.net/ja/SV/SV2D/079/high.webp,RARITY_CHANGE
5a0e2b5f-3fcb-4509-8de9-fac726d4e0d6,SVシリーズ,SV2D,クレイバースト,sv2d_ja,080,タギングル,,AR,AR,https://assets.tcgdex.net/ja/SV/SV2D/080/high.webp,RARITY_CHANGE
b603591a-f3f2-4eb7-b431-a6d8e2e1fbae,SVシリーズ,SV2D,クレイバースト,sv2d_ja,081,イッカネズミ,,AR,AR,https://assets.tcgdex.net/ja/SV/SV2D/081/high.webp,RARITY_CHANGE
7a5f7877-ce43-4e8d-8581-dcdf173c87a8,SVシリーズ,SV2D,クレイバースト,sv2d_ja,093,デカヌチャンex,,SAR,SAR,https://assets.tcgdex.net/ja/SV/SV2D/093/high.webp,RARITY_CHANGE
bb097ab5-19be-4e8a-b385-2154e0f7eccd,SVシリーズ,SV2D,クレイバースト,sv2d_ja,082,カラミンゴ,,AR,AR,https://assets.tcgdex.net/ja/SV/SV2D/082/high.webp,RARITY_CHANGE
8723c3ec-ad83-468f-a491-5f7e1c3a1077,SVシリーズ,SV2D,クレイバースト,sv2d_ja,083,リキキリン,,AR,AR,https://assets.tcgdex.net/ja/SV/SV2D/083/high.webp,RARITY_CHANGE
0dbd8052-5e3d-4fa8-bf9e-29d70cfa45ec,SVシリーズ,SV2D,クレイバースト,sv2d_ja,084,フォレトスex,,SR,SR,https://assets.tcgdex.net/ja/SV/SV2D/084/high.webp,RARITY_CHANGE
76d111a7-409f-4128-9c99-6e86912b703b,SVシリーズ,SV2D,クレイバースト,sv2d_ja,085,イーユイex,,SR,SR,https://assets.tcgdex.net/ja/SV/SV2D/085/high.webp,RARITY_CHANGE
0978d641-d51c-49d5-8f46-18be2656b7df,SVシリーズ,SV2D,クレイバースト,sv2d_ja,086,ハラバリーex,,SR,SR,https://assets.tcgdex.net/ja/SV/SV2D/086/high.webp,RARITY_CHANGE
5bc2dc9b-44db-493e-a310-251e2b2c030b,SVシリーズ,SV2D,クレイバースト,sv2d_ja,087,デカヌチャンex,,SR,SR,https://assets.tcgdex.net/ja/SV/SV2D/087/high.webp,RARITY_CHANGE
4883f00d-45b0-42da-8b94-1fa60dc2c805,SVシリーズ,SV2D,クレイバースト,sv2d_ja,088,ディンルーex,,SR,SR,https://assets.tcgdex.net/ja/SV/SV2D/088/high.webp,RARITY_CHANGE
990f21a0-90fb-4e10-a728-514da62d360b,SVシリーズ,SV2D,クレイバースト,sv2d_ja,089,オンバーンex,,SR,SR,https://assets.tcgdex.net/ja/SV/SV2D/089/high.webp,RARITY_CHANGE
306c1652-0c05-41e6-aaeb-478f801bc74f,SVシリーズ,SV2D,クレイバースト,sv2d_ja,091,ナンジャモ,,SR,SR,https://assets.tcgdex.net/ja/SV/SV2D/091/high.webp,RARITY_CHANGE
aff4a57a-99f9-463a-bd9b-54d3311b198a,SVシリーズ,SV2D,クレイバースト,sv2d_ja,092,イーユイex,,SAR,SAR,https://assets.tcgdex.net/ja/SV/SV2D/092/high.webp,RARITY_CHANGE
673370a9-515c-45ec-af03-5d9a722e8028,SVシリーズ,SV2D,クレイバースト,sv2d_ja,094,ディンルーex,,SAR,SAR,https://assets.tcgdex.net/ja/SV/SV2D/094/high.webp,RARITY_CHANGE
ef1db338-118d-45e7-8de7-56ba14b65051,SVシリーズ,SV2D,クレイバースト,sv2d_ja,095,サワロ,,SAR,SAR,https://assets.tcgdex.net/ja/SV/SV2D/095/high.webp,RARITY_CHANGE
7c8a35bf-b9b5-47be-b0f4-104824d536cb,SVシリーズ,SV2D,クレイバースト,sv2d_ja,096,ナンジャモ,,SAR,SAR,https://assets.tcgdex.net/ja/SV/SV2D/096/high.webp,RARITY_CHANGE
20d08432-93cf-44b7-b24d-067284e56ed5,SVシリーズ,SV2D,クレイバースト,sv2d_ja,097,ディンルーex,,UR,UR,https://assets.tcgdex.net/ja/SV/SV2D/097/high.webp,RARITY_CHANGE
f4aed96a-7e96-4c1f-a659-b0baa9b90b1e,SVシリーズ,SV2D,クレイバースト,sv2d_ja,098,スーパーエネルギー回収,,UR,UR,https://assets.tcgdex.net/ja/SV/SV2D/098/high.webp,RARITY_CHANGE
31d0f4bb-512f-4a87-8c17-08894458a987,SVシリーズ,SV2D,クレイバースト,sv2d_ja,099,基本草エネルギー,,UR,UR,https://assets.tcgdex.net/ja/SV/SV2D/099/high.webp,RARITY_CHANGE
5f9b4e2b-6ab7-41e7-83cf-e0e718a85354,SVシリーズ,SV2P,スノーハザード,sv2p_ja,072,アノクサ,,AR,AR,https://assets.tcgdex.net/ja/SV/SV2P/072/high.webp,RARITY_CHANGE
bcfdd1dc-802e-4428-acfe-f399222e69ab,SVシリーズ,SV2P,スノーハザード,sv2p_ja,073,マリル,,AR,AR,https://assets.tcgdex.net/ja/SV/SV2P/073/high.webp,RARITY_CHANGE
8b89633f-c6b0-44fc-ab59-ef48af723ccd,SVシリーズ,SV2P,スノーハザード,sv2p_ja,074,コオリッポ,,AR,AR,https://assets.tcgdex.net/ja/SV/SV2P/074/high.webp,RARITY_CHANGE
84a45f8b-0a79-4aa9-b362-4fcde9767cf6,SVシリーズ,SV2P,スノーハザード,sv2p_ja,075,セビエ,,AR,AR,https://assets.tcgdex.net/ja/SV/SV2P/075/high.webp,RARITY_CHANGE
d2c19cef-94c0-44ab-8f25-b5e4a9122e9b,SVシリーズ,SV2P,スノーハザード,sv2p_ja,076,セゴール,,AR,AR,https://assets.tcgdex.net/ja/SV/SV2P/076/high.webp,RARITY_CHANGE
bf8dff4b-4c58-4cdd-b257-b383aef255a8,SVシリーズ,SV2P,スノーハザード,sv2p_ja,077,セグレイブ,,AR,AR,https://assets.tcgdex.net/ja/SV/SV2P/077/high.webp,RARITY_CHANGE
b7ece724-fa35-4a96-a440-4ac742b8ec06,SVシリーズ,SV2P,スノーハザード,sv2p_ja,078,ゴチミル,,AR,AR,https://assets.tcgdex.net/ja/SV/SV2P/078/high.webp,RARITY_CHANGE
dde36d64-20b5-444b-8a39-9f3d11c05836,SVシリーズ,SV2P,スノーハザード,sv2p_ja,079,ベラカス,,AR,AR,https://assets.tcgdex.net/ja/SV/SV2P/079/high.webp,RARITY_CHANGE
11465d80-f14f-4384-95e7-ea0b51c69e79,SVシリーズ,SV2P,スノーハザード,sv2p_ja,080,ウソッキー,,AR,AR,https://assets.tcgdex.net/ja/SV/SV2P/080/high.webp,RARITY_CHANGE
2b4d3ea6-4e43-4def-9a25-fef860aa8119,SVシリーズ,SV2P,スノーハザード,sv2p_ja,081,ミミズズ,,AR,AR,https://assets.tcgdex.net/ja/SV/SV2P/081/high.webp,RARITY_CHANGE
a592ee98-7881-427e-aac7-3341649cf5e1,SVシリーズ,SV2P,スノーハザード,sv2p_ja,082,ココガラ,,AR,AR,https://assets.tcgdex.net/ja/SV/SV2P/082/high.webp,RARITY_CHANGE
c24a95ee-a38d-4255-8fcf-27e5857d14dd,SVシリーズ,SV2P,スノーハザード,sv2p_ja,083,ノココッチ,,AR,AR,https://assets.tcgdex.net/ja/SV/SV2P/083/high.webp,RARITY_CHANGE
df96d664-63d7-41c1-ad2f-488300af26b6,SVシリーズ,SV2P,スノーハザード,sv2p_ja,084,チオンジェンex,,SR,SR,https://assets.tcgdex.net/ja/SV/SV2P/084/high.webp,RARITY_CHANGE
50e3bd98-1a37-4063-9892-0fdb902c3355,SVシリーズ,SV2P,スノーハザード,sv2p_ja,085,パオジアンex,,SR,SR,https://assets.tcgdex.net/ja/SV/SV2P/085/high.webp,RARITY_CHANGE
fee06dfe-9825-4838-bc35-61fd9c9b7ff6,SVシリーズ,SV2P,スノーハザード,sv2p_ja,086,ヤドキングex,,SR,SR,https://assets.tcgdex.net/ja/SV/SV2P/086/high.webp,RARITY_CHANGE
35b7e6d8-ad8b-4f2a-b86e-adb3f3b452e8,SVシリーズ,SV2P,スノーハザード,sv2p_ja,087,コノヨザルex,,SR,SR,https://assets.tcgdex.net/ja/SV/SV2P/087/high.webp,RARITY_CHANGE
e2c75107-bd79-400b-b968-7c5dee2946b9,SVシリーズ,SV2P,スノーハザード,sv2p_ja,088,ダイオウドウex,,SR,SR,https://assets.tcgdex.net/ja/SV/SV2P/088/high.webp,RARITY_CHANGE
12fd509e-3acc-44ec-925f-41ca5917a098,SVシリーズ,SV2P,スノーハザード,sv2p_ja,089,イキリンコex,,SR,SR,https://assets.tcgdex.net/ja/SV/SV2P/089/high.webp,RARITY_CHANGE
7c763b9b-46aa-4fcc-9397-0dfc08fcfc10,SVシリーズ,SV2P,スノーハザード,sv2p_ja,091,ピーニャ,,SR,SR,https://assets.tcgdex.net/ja/SV/SV2P/091/high.webp,RARITY_CHANGE
fe4a2e90-bfc1-472f-b19e-49a48000b196,SVシリーズ,SV2P,スノーハザード,sv2p_ja,092,チオンジェンex,,SAR,SAR,https://assets.tcgdex.net/ja/SV/SV2P/092/high.webp,RARITY_CHANGE
90d1495a-3158-44ca-b5a4-d9144917d3e4,SVシリーズ,SV2P,スノーハザード,sv2p_ja,093,パオジアンex,,SAR,SAR,https://assets.tcgdex.net/ja/SV/SV2P/093/high.webp,RARITY_CHANGE
0c55ba10-8e06-4617-9c7e-e002f4b6e176,SVシリーズ,SV2P,スノーハザード,sv2p_ja,094,イキリンコex,,SAR,SAR,https://assets.tcgdex.net/ja/SV/SV2P/094/high.webp,RARITY_CHANGE
3e83430f-88d0-444d-9d0f-2085b77f69e6,SVシリーズ,SV2P,スノーハザード,sv2p_ja,095,グルーシャ,,SAR,SAR,https://assets.tcgdex.net/ja/SV/SV2P/095/high.webp,RARITY_CHANGE
13f5c0fd-59b8-4f28-90f8-25c883a3d07c,SVシリーズ,SV2P,スノーハザード,sv2p_ja,096,ピーニャ,,SAR,SAR,https://assets.tcgdex.net/ja/SV/SV2P/096/high.webp,RARITY_CHANGE
859b3df2-5884-40c2-bd76-74336f293994,SVシリーズ,SV2P,スノーハザード,sv2p_ja,097,パオジアンex,,UR,UR,https://assets.tcgdex.net/ja/SV/SV2P/097/high.webp,RARITY_CHANGE
23dfd537-16ae-4bf1-aaa1-2b0c0296dd85,SVシリーズ,SV2P,スノーハザード,sv2p_ja,098,すごいつりざお,,UR,UR,https://assets.tcgdex.net/ja/SV/SV2P/098/high.webp,RARITY_CHANGE
5c5c80b8-35e1-46c3-8ada-ac9c61ef9968,SVシリーズ,SV2P,スノーハザード,sv2p_ja,099,基本水エネルギー,,UR,UR,https://assets.tcgdex.net/ja/SV/SV2P/099/high.webp,RARITY_CHANGE
a9084aa7-2297-4f55-9be7-5bb5c083287a,SVシリーズ,SV3,黒炎の支配者,sv3_ja,109,クサイハナ,,AR,AR,https://assets.tcgdex.net/ja/SV/SV3/109/high.webp,RARITY_CHANGE
c6549863-82fd-471a-9212-0e231dfc6021,SVシリーズ,SV3,黒炎の支配者,sv3_ja,110,キュウコン,,AR,AR,https://assets.tcgdex.net/ja/SV/SV3/110/high.webp,RARITY_CHANGE
201c1df6-d738-4ffc-8446-adfc1d834e54,SVシリーズ,SV3,黒炎の支配者,sv3_ja,111,イルカマン,,AR,AR,https://assets.tcgdex.net/ja/SV/SV3/111/high.webp,RARITY_CHANGE
4f6dfc5b-e66e-466f-b41a-78b303f66f3b,SVシリーズ,SV3,黒炎の支配者,sv3_ja,113,ピィ,,AR,AR,https://assets.tcgdex.net/ja/SV/SV3/113/high.webp,RARITY_CHANGE
075785d4-75b0-4de5-be0b-f6ef4171f762,SVシリーズ,SV3,黒炎の支配者,sv3_ja,114,ヨーギラス,,AR,AR,https://assets.tcgdex.net/ja/SV/SV3/114/high.webp,RARITY_CHANGE
2ff035dd-62e5-4bef-a17e-b8f2107f0d37,SVシリーズ,SV3,黒炎の支配者,sv3_ja,115,デルビル,,AR,AR,https://assets.tcgdex.net/ja/SV/SV3/115/high.webp,RARITY_CHANGE
73b5e3fb-184c-492a-83a3-3fbe1a5e5004,SVシリーズ,SV3,黒炎の支配者,sv3_ja,116,ハッサム,,AR,AR,https://assets.tcgdex.net/ja/SV/SV3/116/high.webp,RARITY_CHANGE
7ba229c6-0403-4a66-8113-e9cfedfb72be,SVシリーズ,SV3,黒炎の支配者,sv3_ja,117,ブロロン,,AR,AR,https://assets.tcgdex.net/ja/SV/SV3/117/high.webp,RARITY_CHANGE
b6a2ebda-99fd-4429-8097-098fd6585c7c,SVシリーズ,SV3,黒炎の支配者,sv3_ja,118,ポッポ,,AR,AR,https://assets.tcgdex.net/ja/SV/SV3/118/high.webp,RARITY_CHANGE
a920eeca-ddb7-4773-a5bc-e4ada2154042,SVシリーズ,SV3,黒炎の支配者,sv3_ja,121,コオリッポex,,SR,SR,https://assets.tcgdex.net/ja/SV/SV3/121/high.webp,RARITY_CHANGE
7aeea4dd-abbd-4201-a0b2-f2ad75436f46,SVシリーズ,SV3,黒炎の支配者,sv3_ja,122,バンギラスex,,SR,SR,https://assets.tcgdex.net/ja/SV/SV3/122/high.webp,RARITY_CHANGE
e8ae8e54-54c5-4d39-a52b-aead7dbe2e09,SVシリーズ,SV3,黒炎の支配者,sv3_ja,123,ビークインex,,SR,SR,https://assets.tcgdex.net/ja/SV/SV3/123/high.webp,RARITY_CHANGE
c4c0f6c7-32b3-441e-b4bb-2fe8afecb5d7,SVシリーズ,SV3,黒炎の支配者,sv3_ja,124,キラフロルex,,SR,SR,https://assets.tcgdex.net/ja/SV/SV3/124/high.webp,RARITY_CHANGE
62653bee-73aa-4f87-86ac-2b012c98119d,SVシリーズ,SV3,黒炎の支配者,sv3_ja,125,リザードンex,,SR,SR,https://assets.tcgdex.net/ja/SV/SV3/125/high.webp,RARITY_CHANGE
46cfc0a8-0ea5-4a39-948d-a7b5627b96e2,SVシリーズ,SV3,黒炎の支配者,sv3_ja,126,アブソルex,,SR,SR,https://assets.tcgdex.net/ja/SV/SV3/126/high.webp,RARITY_CHANGE
58a15ce5-7e13-4180-9f26-3672f8c8283f,SVシリーズ,SV3,黒炎の支配者,sv3_ja,127,ブロロロームex,,SR,SR,https://assets.tcgdex.net/ja/SV/SV3/127/high.webp,RARITY_CHANGE
14b49e75-3786-4947-862a-ff9d9c5eed23,SVシリーズ,SV3,黒炎の支配者,sv3_ja,129,オモダカ,,SR,SR,https://assets.tcgdex.net/ja/SV/SV3/129/high.webp,RARITY_CHANGE
d3d59a1f-d94a-448d-b004-7c8afe5253da,SVシリーズ,SV3,黒炎の支配者,sv3_ja,130,オルティガ,,SR,SR,https://assets.tcgdex.net/ja/SV/SV3/130/high.webp,RARITY_CHANGE
b24e2e9a-6193-4aeb-bdb8-dfef39e322da,SVシリーズ,SV3,黒炎の支配者,sv3_ja,133,コオリッポex,,SAR,SAR,https://assets.tcgdex.net/ja/SV/SV3/133/high.webp,RARITY_CHANGE
18fd4f89-396f-4e19-8201-18116ef3d54b,SVシリーズ,SV3,黒炎の支配者,sv3_ja,134,リザードンex,,SAR,SAR,https://assets.tcgdex.net/ja/SV/SV3/134/high.webp,RARITY_CHANGE
0297dca1-3a81-4fc8-b583-a7f0c54fa6a5,SVシリーズ,SV3,黒炎の支配者,sv3_ja,135,ブロロロームex,,SAR,SAR,https://assets.tcgdex.net/ja/SV/SV3/135/high.webp,RARITY_CHANGE
7d7b34a6-0710-49df-9e91-120fa5726e75,SVシリーズ,SV3,黒炎の支配者,sv3_ja,136,ピジョットex,,SAR,SAR,https://assets.tcgdex.net/ja/SV/SV3/136/high.webp,RARITY_CHANGE
dd260787-7393-406e-a29d-9906c834285a,SVシリーズ,SV3,黒炎の支配者,sv3_ja,137,オモダカ,,SAR,SAR,https://assets.tcgdex.net/ja/SV/SV3/137/high.webp,RARITY_CHANGE
386dfe1d-f3e5-4ac6-9b3f-26dd2fa25d6d,SVシリーズ,SV3,黒炎の支配者,sv3_ja,138,ポピー,,SAR,SAR,https://assets.tcgdex.net/ja/SV/SV3/138/high.webp,RARITY_CHANGE
4a9b231a-f79e-4162-a462-99a806eb0cf6,SVシリーズ,SV3,黒炎の支配者,sv3_ja,139,リザードンex,,UR,UR,https://assets.tcgdex.net/ja/SV/SV3/139/high.webp,RARITY_CHANGE
506d8ce0-cacc-4951-8582-ca47e8ec0a29,SVシリーズ,SV3a,レイジングサーフ,sv3a_ja,066,マイナン,,AR,AR,https://assets.tcgdex.net/ja/SV/SV3a/066/high.webp,RARITY_CHANGE
3acc19bf-7c93-46a0-8ea4-d61a4332bb8e,SVシリーズ,SV3a,レイジングサーフ,sv3a_ja,067,バチュル,,AR,AR,https://assets.tcgdex.net/ja/SV/SV3a/067/high.webp,RARITY_CHANGE
5590ad97-8c6a-4091-a7b9-3889e10b5bc9,SVシリーズ,SV3a,レイジングサーフ,sv3a_ja,068,コレクレー,,AR,AR,https://assets.tcgdex.net/ja/SV/SV3a/068/high.webp,RARITY_CHANGE
72b7a094-f8d9-4d67-9504-aea6266d9abf,SVシリーズ,SV3a,レイジングサーフ,sv3a_ja,069,グラードン,,AR,AR,https://assets.tcgdex.net/ja/SV/SV3a/069/high.webp,RARITY_CHANGE
ddfb671a-f22d-453d-8312-32705a27e133,SVシリーズ,SV3a,レイジングサーフ,sv3a_ja,070,メテノ,,AR,AR,https://assets.tcgdex.net/ja/SV/SV3a/070/high.webp,RARITY_CHANGE
7f4d8314-3d0f-4f52-9849-3ea45ebdb545,SVシリーズ,SV3a,レイジングサーフ,sv3a_ja,071,イベルタル,,AR,AR,https://assets.tcgdex.net/ja/SV/SV3a/071/high.webp,RARITY_CHANGE
ef17c4ed-04c9-4086-8276-7cc76c9bb244,SVシリーズ,SV3a,レイジングサーフ,sv3a_ja,072,ナットレイ,,AR,AR,https://assets.tcgdex.net/ja/SV/SV3a/072/high.webp,RARITY_CHANGE
f8802e29-3baf-4375-82ff-573dfdd467ea,SVシリーズ,SV3a,レイジングサーフ,sv3a_ja,073,ギルガルド,,AR,AR,https://assets.tcgdex.net/ja/SV/SV3a/073/high.webp,RARITY_CHANGE
a9083070-73a7-48bb-b859-d55d46bce904,SVシリーズ,SV3a,レイジングサーフ,sv3a_ja,074,モトトカゲ,,AR,AR,https://assets.tcgdex.net/ja/SV/SV3a/074/high.webp,RARITY_CHANGE
faadbe20-b7c4-4a37-bb60-721e8057cf61,SVシリーズ,SV3a,レイジングサーフ,sv3a_ja,075,ユキメノコex,,SR,SR,https://assets.tcgdex.net/ja/SV/SV3a/075/high.webp,RARITY_CHANGE
0f98ac96-69f3-4d8e-920e-21480cf55e72,SVシリーズ,SV3a,レイジングサーフ,sv3a_ja,076,ガブリアスex,,SR,SR,https://assets.tcgdex.net/ja/SV/SV3a/076/high.webp,RARITY_CHANGE
cd6b31c6-a7ca-4910-abd1-6d502c28f7f3,SVシリーズ,SV3a,レイジングサーフ,sv3a_ja,077,カプ・コケコex,,SR,SR,https://assets.tcgdex.net/ja/SV/SV3a/077/high.webp,RARITY_CHANGE
493e4a9c-ed08-48a6-b3c2-1b9e85f36800,SVシリーズ,SV3a,レイジングサーフ,sv3a_ja,078,フーパex,,SR,SR,https://assets.tcgdex.net/ja/SV/SV3a/078/high.webp,RARITY_CHANGE
a9cf6f60-ecf1-4842-9a43-4368a38d1ad7,SVシリーズ,SV3a,レイジングサーフ,sv3a_ja,079,サーフゴーex,,SR,SR,https://assets.tcgdex.net/ja/SV/SV3a/079/high.webp,RARITY_CHANGE
868cfc07-e759-4dc2-87de-2e6531d5e030,SVシリーズ,SV3a,レイジングサーフ,sv3a_ja,080,オトシドリex,,SR,SR,https://assets.tcgdex.net/ja/SV/SV3a/080/high.webp,RARITY_CHANGE
ee4d80c8-d530-4ce8-925a-d0a2343a364f,SVシリーズ,SV3a,レイジングサーフ,sv3a_ja,084,パラソルおねえさん,,SR,SR,https://assets.tcgdex.net/ja/SV/SV3a/084/high.webp,RARITY_CHANGE
5e3b69fe-5703-4270-91d5-bc5720d50b18,SVシリーズ,SV3a,レイジングサーフ,sv3a_ja,085,ガブリアスex,,SAR,SAR,https://assets.tcgdex.net/ja/SV/SV3a/085/high.webp,RARITY_CHANGE
5c74e14f-1a05-40dd-b654-9255698b2b0b,SVシリーズ,SV3a,レイジングサーフ,sv3a_ja,086,カプ・コケコex,,SAR,SAR,https://assets.tcgdex.net/ja/SV/SV3a/086/high.webp,RARITY_CHANGE
399f3c03-d904-4ee5-b275-28bcc9043270,SVシリーズ,SV3a,レイジングサーフ,sv3a_ja,087,サーフゴーex,,SAR,SAR,https://assets.tcgdex.net/ja/SV/SV3a/087/high.webp,RARITY_CHANGE
a262035d-fe06-4502-a1e2-9197fddc3462,SVシリーズ,SV3a,レイジングサーフ,sv3a_ja,088,チリ,,SAR,SAR,https://assets.tcgdex.net/ja/SV/SV3a/088/high.webp,RARITY_CHANGE
46bd0d14-e9c3-408c-9e3f-7f322103cd60,SVシリーズ,SV3a,レイジングサーフ,sv3a_ja,090,ガブリアスex,,UR,UR,https://assets.tcgdex.net/ja/SV/SV3a/090/high.webp,RARITY_CHANGE
515b1bb4-644e-4160-8112-95bcaaf1b93b,SVシリーズ,SV3a,レイジングサーフ,sv3a_ja,092,リバーサルエネルギー,,UR,UR,https://assets.tcgdex.net/ja/SV/SV3a/092/high.webp,RARITY_CHANGE
0393542b-b7eb-4566-83e9-2e75d991732f,SVシリーズ,SV4a,レイジングサーフ,sv4a_ja,242,レントラー,,S,Shiny Rare,https://assets.tcgdex.net/ja/SV/SV4a/242/high.webp,RARITY_CHANGE
f449aa8a-40b7-4919-97cd-652fc1b2a6be,SMシリーズ,SM6a,ドラゴンストーム,sm6a_ja,004,ビクティニ,旧裏R,PR,PR,,RARITY_CHANGE
e86d0c5b-3972-43b5-a6e1-8d986a85ea04,SVシリーズ,SV4a,レイジングサーフ,sv4a_ja,192,クサイハナ,,S,Shiny Rare,https://assets.tcgdex.net/ja/SV/SV4a/192/high.webp,RARITY_CHANGE
aee7e337-e5fd-40c9-9d9d-2105608a2c59,SVシリーズ,SV4a,レイジングサーフ,sv4a_ja,193,ラフレシア,,S,Shiny Rare,https://assets.tcgdex.net/ja/SV/SV4a/193/high.webp,RARITY_CHANGE
66e82ad5-38b5-472e-9e16-123d8d35316b,SVシリーズ,SV4a,レイジングサーフ,sv4a_ja,194,ストライク,,S,Shiny Rare,https://assets.tcgdex.net/ja/SV/SV4a/194/high.webp,RARITY_CHANGE
47eed260-a55b-4942-b9de-de5a2ac90c41,SVシリーズ,SV4a,レイジングサーフ,sv4a_ja,195,ハネッコ,,S,Shiny Rare,https://assets.tcgdex.net/ja/SV/SV4a/195/high.webp,RARITY_CHANGE
5afaae48-5920-454a-8aa0-31446c93563d,SVシリーズ,SV4a,レイジングサーフ,sv4a_ja,196,ポポッコ,,S,Shiny Rare,https://assets.tcgdex.net/ja/SV/SV4a/196/high.webp,RARITY_CHANGE
2697ebc3-8b9e-463b-a33f-8cf39756f09b,SVシリーズ,SV4a,レイジングサーフ,sv4a_ja,197,ワタッコ,,S,Shiny Rare,https://assets.tcgdex.net/ja/SV/SV4a/197/high.webp,RARITY_CHANGE
575f81ea-079a-4de4-98bf-69e0f3b35a04,SVシリーズ,SV4a,レイジングサーフ,sv4a_ja,198,クヌギダマ,,S,Shiny Rare,https://assets.tcgdex.net/ja/SV/SV4a/198/high.webp,RARITY_CHANGE
21de4187-102b-4e72-9926-d3b3e34c75ed,SVシリーズ,SV4a,レイジングサーフ,sv4a_ja,199,ユキカブリ,,S,Shiny Rare,https://assets.tcgdex.net/ja/SV/SV4a/199/high.webp,RARITY_CHANGE
f6eaa40f-357f-489c-9ed2-c75ddd9a6659,SVシリーズ,SV4a,レイジングサーフ,sv4a_ja,200,ユキノオー,,S,Shiny Rare,https://assets.tcgdex.net/ja/SV/SV4a/200/high.webp,RARITY_CHANGE
270b1c7d-6507-46c0-92f2-9e059923716e,SVシリーズ,SV4a,レイジングサーフ,sv4a_ja,201,ニャオハ,,S,Shiny Rare,https://assets.tcgdex.net/ja/SV/SV4a/201/high.webp,RARITY_CHANGE
ae752a24-7f67-4772-8707-728ce727429d,SVシリーズ,SV4a,レイジングサーフ,sv4a_ja,202,ニャローテ,,S,Shiny Rare,https://assets.tcgdex.net/ja/SV/SV4a/202/high.webp,RARITY_CHANGE
73e34396-27f0-4137-9436-26ad9930b87e,SVシリーズ,SV4a,レイジングサーフ,sv4a_ja,203,ミニーブ,,S,Shiny Rare,https://assets.tcgdex.net/ja/SV/SV4a/203/high.webp,RARITY_CHANGE
8e6ae726-74bc-4379-992c-c900fc82144b,SVシリーズ,SV4a,レイジングサーフ,sv4a_ja,204,オリーニョ,,S,Shiny Rare,https://assets.tcgdex.net/ja/SV/SV4a/204/high.webp,RARITY_CHANGE
9b99caae-91c2-433f-b3a7-7444205069f4,SVシリーズ,SV4a,レイジングサーフ,sv4a_ja,205,オリーヴァ,,S,Shiny Rare,https://assets.tcgdex.net/ja/SV/SV4a/205/high.webp,RARITY_CHANGE
9d2429f1-daa4-4e35-bbaa-d18ac8119529,SVシリーズ,SV4a,レイジングサーフ,sv4a_ja,207,カプサイジ,,S,Shiny Rare,https://assets.tcgdex.net/ja/SV/SV4a/207/high.webp,RARITY_CHANGE
963825b0-1d09-4e02-aa03-5098f6845618,SVシリーズ,SV4a,レイジングサーフ,sv4a_ja,208,スコヴィラン,,S,Shiny Rare,https://assets.tcgdex.net/ja/SV/SV4a/208/high.webp,RARITY_CHANGE
edd57b9a-4534-4d94-83c7-53b483ffd878,SVシリーズ,SV4a,レイジングサーフ,sv4a_ja,209,シガロコ,,S,Shiny Rare,https://assets.tcgdex.net/ja/SV/SV4a/209/high.webp,RARITY_CHANGE
41752cd7-b703-41c9-a0bd-ccc144558c47,SVシリーズ,SV4a,レイジングサーフ,sv4a_ja,210,ヒトカゲ,,S,Shiny Rare,https://assets.tcgdex.net/ja/SV/SV4a/210/high.webp,RARITY_CHANGE
1228097a-4eb7-4283-b009-cca2d4b050f7,SVシリーズ,SV4a,レイジングサーフ,sv4a_ja,211,リザード,,S,Shiny Rare,https://assets.tcgdex.net/ja/SV/SV4a/211/high.webp,RARITY_CHANGE
996f23ba-7357-4866-adb0-4df61d080d3e,SVシリーズ,SV4a,レイジングサーフ,sv4a_ja,212,パルデア ケンタロス,,S,Shiny Rare,https://assets.tcgdex.net/ja/SV/SV4a/212/high.webp,RARITY_CHANGE
46e01f75-e328-458a-853d-ad10c7aac3d0,SVシリーズ,SV4a,レイジングサーフ,sv4a_ja,213,エンテイ,,S,Shiny Rare,https://assets.tcgdex.net/ja/SV/SV4a/213/high.webp,RARITY_CHANGE
a0c235c7-a9d2-47e3-ba0d-7a7f028ca94c,SVシリーズ,SV4a,レイジングサーフ,sv4a_ja,216,アチゲータ,,S,Shiny Rare,https://assets.tcgdex.net/ja/SV/SV4a/216/high.webp,RARITY_CHANGE
457ba58c-be8a-4a63-9860-98be4b01e61f,SVシリーズ,SV4a,レイジングサーフ,sv4a_ja,218,グレンアルマ,,S,Shiny Rare,https://assets.tcgdex.net/ja/SV/SV4a/218/high.webp,RARITY_CHANGE
6e5ebfb4-7f50-4f1f-acd5-19657ea81718,SVシリーズ,SV4a,レイジングサーフ,sv4a_ja,219,ヤドン,,S,Shiny Rare,https://assets.tcgdex.net/ja/SV/SV4a/219/high.webp,RARITY_CHANGE
f5649471-f0fc-4c53-a66d-5e80bd52e2d8,SVシリーズ,SV4a,レイジングサーフ,sv4a_ja,220,ヤドラン,,S,Shiny Rare,https://assets.tcgdex.net/ja/SV/SV4a/220/high.webp,RARITY_CHANGE
86b36660-aec2-4b11-a1ce-d5deff2f14d8,SVシリーズ,SV4a,レイジングサーフ,sv4a_ja,221,ヒトデマン,,S,Shiny Rare,https://assets.tcgdex.net/ja/SV/SV4a/221/high.webp,RARITY_CHANGE
78aa6633-fecb-4374-89ca-8d1c80ee2718,SVシリーズ,SV4a,レイジングサーフ,sv4a_ja,222,スターミー,,S,Shiny Rare,https://assets.tcgdex.net/ja/SV/SV4a/222/high.webp,RARITY_CHANGE
9aa9cee7-fe64-4648-ad1c-536ac731a787,SVシリーズ,SV4a,レイジングサーフ,sv4a_ja,224,クワッス,,S,Shiny Rare,https://assets.tcgdex.net/ja/SV/SV4a/224/high.webp,RARITY_CHANGE
92e7f8f5-c81f-49a2-a232-6918bff5a0b0,SVシリーズ,SV4a,レイジングサーフ,sv4a_ja,225,ウェルカモ,,S,Shiny Rare,https://assets.tcgdex.net/ja/SV/SV4a/225/high.webp,RARITY_CHANGE
b0a237e5-1fac-4786-bfc0-e3db261ead8b,SVシリーズ,SV4a,レイジングサーフ,sv4a_ja,226,ウミディグダ,,S,Shiny Rare,https://assets.tcgdex.net/ja/SV/SV4a/226/high.webp,RARITY_CHANGE
9dbc2ae3-4f51-497f-8fa5-9ebde98bd814,SVシリーズ,SV4a,レイジングサーフ,sv4a_ja,227,ウミトリオ,,S,Shiny Rare,https://assets.tcgdex.net/ja/SV/SV4a/227/high.webp,RARITY_CHANGE
1103dc2e-0dfc-4a86-9e19-b098d3c1bbeb,SVシリーズ,SV4a,レイジングサーフ,sv4a_ja,228,ナミイルカ,,S,Shiny Rare,https://assets.tcgdex.net/ja/SV/SV4a/228/high.webp,RARITY_CHANGE
570f93c0-c5c2-4897-b236-1f7630133efa,SVシリーズ,SV4a,レイジングサーフ,sv4a_ja,229,イルカマン,,S,Shiny Rare,https://assets.tcgdex.net/ja/SV/SV4a/229/high.webp,RARITY_CHANGE
0c73ad84-a52d-44a1-aa8a-9241f91b86ae,SVシリーズ,SV4a,レイジングサーフ,sv4a_ja,230,ミガルーサ,,S,Shiny Rare,https://assets.tcgdex.net/ja/SV/SV4a/230/high.webp,RARITY_CHANGE
f5a95f4e-d806-4d2a-9358-5c896ab81675,SVシリーズ,SV4a,レイジングサーフ,sv4a_ja,231,ヘイラッシャ,,S,Shiny Rare,https://assets.tcgdex.net/ja/SV/SV4a/231/high.webp,RARITY_CHANGE
6537b4de-1833-4672-bdfa-f1ab08a5f5f9,SVシリーズ,SV4a,レイジングサーフ,sv4a_ja,232,シャリタツ,,S,Shiny Rare,https://assets.tcgdex.net/ja/SV/SV4a/232/high.webp,RARITY_CHANGE
800c4be7-385e-4514-af0b-405d33a40673,SVシリーズ,SV4a,レイジングサーフ,sv4a_ja,234,セゴール,,S,Shiny Rare,https://assets.tcgdex.net/ja/SV/SV4a/234/high.webp,RARITY_CHANGE
cae70857-28da-4bec-b445-94537cda36cb,SVシリーズ,SV4a,レイジングサーフ,sv4a_ja,235,セグレイブ,,S,Shiny Rare,https://assets.tcgdex.net/ja/SV/SV4a/235/high.webp,RARITY_CHANGE
7ca24cbb-7564-4feb-9667-57960b5d22a8,SVシリーズ,SV4a,レイジングサーフ,sv4a_ja,236,ピカチュウ,,S,Shiny Rare,https://assets.tcgdex.net/ja/SV/SV4a/236/high.webp,RARITY_CHANGE
562a11ac-cabd-4659-a03f-d7db8c6eb06e,SVシリーズ,SV4a,レイジングサーフ,sv4a_ja,237,ライチュウ,,S,Shiny Rare,https://assets.tcgdex.net/ja/SV/SV4a/237/high.webp,RARITY_CHANGE
1ed68198-14da-4d35-9133-0ce6a9670760,SVシリーズ,SV4a,レイジングサーフ,sv4a_ja,238,ビリリダマ,,S,Shiny Rare,https://assets.tcgdex.net/ja/SV/SV4a/238/high.webp,RARITY_CHANGE
0f77c23d-9cb5-4f37-b629-387506ae546c,SVシリーズ,SV4a,レイジングサーフ,sv4a_ja,239,マルマイン,,S,Shiny Rare,https://assets.tcgdex.net/ja/SV/SV4a/239/high.webp,RARITY_CHANGE
1a278ce0-871f-4763-9d85-5037ebd01927,SVシリーズ,SV4a,レイジングサーフ,sv4a_ja,240,コリンク,,S,Shiny Rare,https://assets.tcgdex.net/ja/SV/SV4a/240/high.webp,RARITY_CHANGE
233b6ad3-ee76-43fc-be8e-c7a0b3d11a72,SVシリーズ,SV4a,レイジングサーフ,sv4a_ja,243,パチリス,,S,Shiny Rare,https://assets.tcgdex.net/ja/SV/SV4a/243/high.webp,RARITY_CHANGE
cff94ab8-35f4-4755-a5c1-e7f35d7e44d4,SVシリーズ,SV4a,レイジングサーフ,sv4a_ja,244,ボルトロス,,S,Shiny Rare,https://assets.tcgdex.net/ja/SV/SV4a/244/high.webp,RARITY_CHANGE
6d2af5f6-65aa-4864-b091-2249b94807ce,SVシリーズ,SV4a,レイジングサーフ,sv4a_ja,245,エレズン,,S,Shiny Rare,https://assets.tcgdex.net/ja/SV/SV4a/245/high.webp,RARITY_CHANGE
37cc8d99-2df5-4006-85f7-73b5e339ebc7,SVシリーズ,SV4a,レイジングサーフ,sv4a_ja,246,ストリンダー,,S,Shiny Rare,https://assets.tcgdex.net/ja/SV/SV4a/246/high.webp,RARITY_CHANGE
fca4b44b-26fa-494d-ae92-b93ccd7bc95c,SVシリーズ,SV4a,レイジングサーフ,sv4a_ja,247,パモ,,S,Shiny Rare,https://assets.tcgdex.net/ja/SV/SV4a/247/high.webp,RARITY_CHANGE
6b1635da-e30a-4c01-af8b-9e4433cf45a9,SVシリーズ,SV4a,レイジングサーフ,sv4a_ja,248,パモット,,S,Shiny Rare,https://assets.tcgdex.net/ja/SV/SV4a/248/high.webp,RARITY_CHANGE
040b8b17-fff7-48b6-a949-727bef8850e1,SVシリーズ,SV4a,レイジングサーフ,sv4a_ja,249,パーモット,,S,Shiny Rare,https://assets.tcgdex.net/ja/SV/SV4a/249/high.webp,RARITY_CHANGE
7b3909fd-b89c-43cd-a663-8c2010a31413,SVシリーズ,SV4a,レイジングサーフ,sv4a_ja,250,カイデン,,S,Shiny Rare,https://assets.tcgdex.net/ja/SV/SV4a/250/high.webp,RARITY_CHANGE
8a9b0af3-85ac-4472-a31b-061040661f9d,SVシリーズ,SV5a,クリムゾンヘイズ,sv5a_ja,087,サザレ,,SR,SR,https://assets.tcgdex.net/ja/SV/SV5a/087/high.webp,RARITY_CHANGE
41e0d520-88b5-42c9-bfbd-6ff3687ed267,SVシリーズ,SV5a,クリムゾンヘイズ,sv5a_ja,088,スイレンのお世話,,SR,SR,https://assets.tcgdex.net/ja/SV/SV5a/088/high.webp,RARITY_CHANGE
0b3284a9-c91d-43eb-8260-79fa20b292fc,SVシリーズ,SV4K,古代の咆哮,sv4k_ja,081,グソクムシャex,,SR,SR,https://assets.tcgdex.net/ja/SV/SV4K/081/high.webp,RARITY_CHANGE
1ab76626-68c5-4d39-98c9-fb5ecde437a4,SVシリーズ,SV4K,古代の咆哮,sv4k_ja,067,イワパレス,,AR,AR,https://assets.tcgdex.net/ja/SV/SV4K/067/high.webp,RARITY_CHANGE
e36388f2-eb4b-45f9-955b-e58cafd45691,SVシリーズ,SV4K,古代の咆哮,sv4k_ja,069,コソクムシ,,AR,AR,https://assets.tcgdex.net/ja/SV/SV4K/069/high.webp,RARITY_CHANGE
8d15e3bb-b54a-4249-a041-a41349390832,SVシリーズ,SV4K,古代の咆哮,sv4k_ja,070,ミガルーサ,,AR,AR,https://assets.tcgdex.net/ja/SV/SV4K/070/high.webp,RARITY_CHANGE
164405e5-a551-4564-befc-66bb2a799572,SVシリーズ,SV4K,古代の咆哮,sv4k_ja,071,サケブシッポ,,AR,AR,https://assets.tcgdex.net/ja/SV/SV4K/071/high.webp,RARITY_CHANGE
4e232bde-fe47-4c8f-8951-24e63ec91910,SVシリーズ,SV4K,古代の咆哮,sv4k_ja,072,コジョンド,,AR,AR,https://assets.tcgdex.net/ja/SV/SV4K/072/high.webp,RARITY_CHANGE
63a548a7-d2b8-4144-a663-eb53f70d9b3e,SVシリーズ,SV4K,古代の咆哮,sv4k_ja,073,キョジオーン,,AR,AR,https://assets.tcgdex.net/ja/SV/SV4K/073/high.webp,RARITY_CHANGE
9156a275-d723-498b-915e-167aa0584db7,SVシリーズ,SV4K,古代の咆哮,sv4k_ja,074,チヲハウハネ,,AR,AR,https://assets.tcgdex.net/ja/SV/SV4K/074/high.webp,RARITY_CHANGE
69e99477-e686-44c3-ba7c-f4f8d12e3d98,SVシリーズ,SV4K,古代の咆哮,sv4k_ja,075,ダストダス,,AR,AR,https://assets.tcgdex.net/ja/SV/SV4K/075/high.webp,RARITY_CHANGE
3d3e67a6-f815-4d32-b869-18f25c24552c,SVシリーズ,SV4K,古代の咆哮,sv4k_ja,076,モルペコ,,AR,AR,https://assets.tcgdex.net/ja/SV/SV4K/076/high.webp,RARITY_CHANGE
ff2b9e18-f016-4d10-a7b4-abe4f98fa869,SVシリーズ,SV4K,古代の咆哮,sv4k_ja,078,ドゴーム,,AR,AR,https://assets.tcgdex.net/ja/SV/SV4K/078/high.webp,RARITY_CHANGE
802a81cb-99ea-43d8-99bf-a2d0a15a1105,SVシリーズ,SV4K,古代の咆哮,sv4k_ja,079,グレンアルマex,,SR,SR,https://assets.tcgdex.net/ja/SV/SV4K/079/high.webp,RARITY_CHANGE
eccc4f12-80e1-45f3-9ac3-406387e21e31,SVシリーズ,SV4K,古代の咆哮,sv4k_ja,080,アマージョex,,SR,SR,https://assets.tcgdex.net/ja/SV/SV4K/080/high.webp,RARITY_CHANGE
3ec37953-d4ef-4b41-a471-3f05f549fe6f,SVシリーズ,SV4K,古代の咆哮,sv4k_ja,082,デスカーンex,,SR,SR,https://assets.tcgdex.net/ja/SV/SV4K/082/high.webp,RARITY_CHANGE
630f7c60-33b5-4656-8cbf-ab5ab736a764,SVシリーズ,SV4K,古代の咆哮,sv4k_ja,083,スナノケガワex,,SR,SR,https://assets.tcgdex.net/ja/SV/SV4K/083/high.webp,RARITY_CHANGE
59fde197-e06e-4419-a2f5-0598b5ef057c,SVシリーズ,SV4K,古代の咆哮,sv4k_ja,084,トドロクツキex,,SR,SR,https://assets.tcgdex.net/ja/SV/SV4K/084/high.webp,RARITY_CHANGE
0ff08a22-c434-4e8a-a9de-94c3e6e035de,SVシリーズ,SV4K,古代の咆哮,sv4k_ja,086,センリ,,SR,SR,https://assets.tcgdex.net/ja/SV/SV4K/086/high.webp,RARITY_CHANGE
1db3168f-f47e-495b-8501-84e115008bc7,SVシリーズ,SV4K,古代の咆哮,sv4k_ja,087,メロコ,,SR,SR,https://assets.tcgdex.net/ja/SV/SV4K/087/high.webp,RARITY_CHANGE
2ec7d18a-ed1a-4da1-b21a-45cf3f854aa1,SVシリーズ,SV4K,古代の咆哮,sv4k_ja,088,グソクムシャex,,SAR,SAR,https://assets.tcgdex.net/ja/SV/SV4K/088/high.webp,RARITY_CHANGE
7df07635-b564-4ffe-9cf9-a9a60cb29271,SVシリーズ,SV4K,古代の咆哮,sv4k_ja,089,スナノケガワex,,SAR,SAR,https://assets.tcgdex.net/ja/SV/SV4K/089/high.webp,RARITY_CHANGE
5e5042e5-a7f7-4822-ae6c-849cd23ed490,SVシリーズ,SV4K,古代の咆哮,sv4k_ja,090,トドロクツキex,,SAR,SAR,https://assets.tcgdex.net/ja/SV/SV4K/090/high.webp,RARITY_CHANGE
2db44342-518c-4486-a875-0e45e0563585,SVシリーズ,SV4K,古代の咆哮,sv4k_ja,091,オーリム博士の気迫,,SAR,SAR,https://assets.tcgdex.net/ja/SV/SV4K/091/high.webp,RARITY_CHANGE
931fe3bd-1db4-4712-a954-31df1b9dc2ff,SVシリーズ,SV4K,古代の咆哮,sv4k_ja,092,メロコ,,SAR,SAR,https://assets.tcgdex.net/ja/SV/SV4K/092/high.webp,RARITY_CHANGE
eb23ddf4-ee88-4971-8557-8a6cc9c558f0,SVシリーズ,SV4K,古代の咆哮,sv4k_ja,093,トドロクツキex,,UR,UR,https://assets.tcgdex.net/ja/SV/SV4K/093/high.webp,RARITY_CHANGE
50784618-4198-48fb-915c-4b836441270b,SVシリーズ,SV4M,未来の一閃,sv4m_ja,067,レドームシ,,AR,AR,https://assets.tcgdex.net/ja/SV/SV4M/067/high.webp,RARITY_CHANGE
7c0b4cf1-dc51-463d-aaf8-807cbbbed8c5,SVシリーズ,SV4M,未来の一閃,sv4m_ja,068,リククラゲ,,AR,AR,https://assets.tcgdex.net/ja/SV/SV4M/068/high.webp,RARITY_CHANGE
f7df6a11-1499-40a4-b37b-93ccbf9cf475,SVシリーズ,SV4M,未来の一閃,sv4m_ja,069,テツノドクガ,,AR,AR,https://assets.tcgdex.net/ja/SV/SV4M/069/high.webp,RARITY_CHANGE
329500d2-2133-4bd5-a73d-8332ead323c6,SVシリーズ,SV4M,未来の一閃,sv4m_ja,070,バニリッチ,,AR,AR,https://assets.tcgdex.net/ja/SV/SV4M/070/high.webp,RARITY_CHANGE
f367dbdb-9c6b-41a6-af5b-6a7a1a9618b4,SVシリーズ,SV4M,未来の一閃,sv4m_ja,071,テツノツツミ,,AR,AR,https://assets.tcgdex.net/ja/SV/SV4M/071/high.webp,RARITY_CHANGE
e1d8127d-08d8-416e-952e-ff4afebbb66c,SVシリーズ,SV4M,未来の一閃,sv4m_ja,072,シママ,,AR,AR,https://assets.tcgdex.net/ja/SV/SV4M/072/high.webp,RARITY_CHANGE
5cd88ee6-0ad6-4a93-a321-cdc7be2c620f,SVシリーズ,SV4M,未来の一閃,sv4m_ja,082,ギルガルドex,,SR,SR,https://assets.tcgdex.net/ja/SV/SV4M/082/high.webp,RARITY_CHANGE
238153dd-6b0a-4294-8738-66fad0fbe885,SVシリーズ,SV4M,未来の一閃,sv4m_ja,073,クエスパトラ,,AR,AR,https://assets.tcgdex.net/ja/SV/SV4M/073/high.webp,RARITY_CHANGE
fe726e63-0511-4aea-84c9-0fd8008e42b8,SVシリーズ,SV4M,未来の一閃,sv4m_ja,074,ハガネール,,AR,AR,https://assets.tcgdex.net/ja/SV/SV4M/074/high.webp,RARITY_CHANGE
71f573db-d4d8-4759-b997-3bb91cf80269,SVシリーズ,SV4M,未来の一閃,sv4m_ja,076,チルット,,AR,AR,https://assets.tcgdex.net/ja/SV/SV4M/076/high.webp,RARITY_CHANGE
9b5731e9-a2cc-499d-abc9-3d3396127aab,SVシリーズ,SV4M,未来の一閃,sv4m_ja,077,ポリゴンZ,,AR,AR,https://assets.tcgdex.net/ja/SV/SV4M/077/high.webp,RARITY_CHANGE
a11ba10f-7825-4475-a479-2497f156f75f,SVシリーズ,SV4M,未来の一閃,sv4m_ja,078,テツノコウベ,,AR,AR,https://assets.tcgdex.net/ja/SV/SV4M/078/high.webp,RARITY_CHANGE
686b778f-c9c4-400d-b522-eff7da00269b,SVシリーズ,SV4M,未来の一閃,sv4m_ja,080,テツノブジンex,,SR,SR,https://assets.tcgdex.net/ja/SV/SV4M/080/high.webp,RARITY_CHANGE
135f559f-ff38-4b49-9b54-ff8b7aecc8c0,SVシリーズ,SV4M,未来の一閃,sv4m_ja,081,ストリンダーex,,SR,SR,https://assets.tcgdex.net/ja/SV/SV4M/081/high.webp,RARITY_CHANGE
ebda9bb3-b85b-4328-b069-1bf33f45d659,SVシリーズ,SV4M,未来の一閃,sv4m_ja,083,チルタリスex,,SR,SR,https://assets.tcgdex.net/ja/SV/SV4M/083/high.webp,RARITY_CHANGE
f6e9e9ce-618d-4068-adcc-8ff90c34feaf,SVシリーズ,SV4M,未来の一閃,sv4m_ja,084,イッカネズミex,,SR,SR,https://assets.tcgdex.net/ja/SV/SV4M/084/high.webp,RARITY_CHANGE
3d2bb35e-387b-4329-af69-2f9f2117c46f,SVシリーズ,SV4M,未来の一閃,sv4m_ja,087,リップ,,SR,SR,https://assets.tcgdex.net/ja/SV/SV4M/087/high.webp,RARITY_CHANGE
0c79afc0-d73a-4fb5-8e77-fdf9d137eb20,SVシリーズ,SV4M,未来の一閃,sv4m_ja,088,テツノカイナex,,SAR,SAR,https://assets.tcgdex.net/ja/SV/SV4M/088/high.webp,RARITY_CHANGE
ace96c91-0496-41b4-9735-7b7e344b8835,SVシリーズ,SV4M,未来の一閃,sv4m_ja,089,テツノブジンex,,SAR,SAR,https://assets.tcgdex.net/ja/SV/SV4M/089/high.webp,RARITY_CHANGE
13559c6b-036f-4f84-b288-5056d2c65972,SVシリーズ,SV4M,未来の一閃,sv4m_ja,090,チルタリスex,,SAR,SAR,https://assets.tcgdex.net/ja/SV/SV4M/090/high.webp,RARITY_CHANGE
b6222688-d448-49b7-8c74-be1e50cecd79,SVシリーズ,SV4M,未来の一閃,sv4m_ja,091,フトゥー博士のシナリオ,,SAR,SAR,https://assets.tcgdex.net/ja/SV/SV4M/091/high.webp,RARITY_CHANGE
87ade37f-cead-4ed6-a2a7-5062301cc3cb,SVシリーズ,SV4M,未来の一閃,sv4m_ja,092,リップ,,SAR,SAR,https://assets.tcgdex.net/ja/SV/SV4M/092/high.webp,RARITY_CHANGE
ae7f5a76-2a90-48b5-9380-222a7a7103ec,SVシリーズ,SV4M,未来の一閃,sv4m_ja,093,テツノブジンex,,UR,UR,https://assets.tcgdex.net/ja/SV/SV4M/093/high.webp,RARITY_CHANGE
d45e770c-3a38-42a7-93c0-ab12db7623cd,SVシリーズ,SV4M,未来の一閃,sv4m_ja,094,カウンターキャッチャー,,UR,UR,https://assets.tcgdex.net/ja/SV/SV4M/094/high.webp,RARITY_CHANGE
69dc357f-c680-4288-9c1e-628faa8f4d34,SVシリーズ,SV4M,未来の一閃,sv4m_ja,095,基本鋼エネルギー,,UR,UR,https://assets.tcgdex.net/ja/SV/SV4M/095/high.webp,RARITY_CHANGE
a3d2ad21-9cda-4316-b195-d11546107a8d,SVシリーズ,SV5a,クリムゾンヘイズ,sv5a_ja,055,ハイパーアロマ,,ACE,ACE,https://assets.tcgdex.net/ja/SV/SV5a/055/high.webp,RARITY_CHANGE
81b84ddd-c9be-44c5-805d-e47e95f8b7d2,SVシリーズ,SV5a,クリムゾンヘイズ,sv5a_ja,059,サバイブギプス,,ACE,ACE,https://assets.tcgdex.net/ja/SV/SV5a/059/high.webp,RARITY_CHANGE
1a17aa70-cf6f-4bc5-ac7b-67e0eaff459e,SVシリーズ,SV5a,クリムゾンヘイズ,sv5a_ja,067,カイロス,,AR,AR,https://assets.tcgdex.net/ja/SV/SV5a/067/high.webp,RARITY_CHANGE
be6dee77-e71a-43ff-a6e6-047514e04a2d,SVシリーズ,SV5a,クリムゾンヘイズ,sv5a_ja,068,チャデス,,AR,AR,https://assets.tcgdex.net/ja/SV/SV5a/068/high.webp,RARITY_CHANGE
52f64369-1799-4ed7-ab92-8e861904ac1e,SVシリーズ,SV5a,クリムゾンヘイズ,sv5a_ja,069,コータス,,AR,AR,https://assets.tcgdex.net/ja/SV/SV5a/069/high.webp,RARITY_CHANGE
0ab3d869-3992-417b-9138-4f8e240af2e2,SVシリーズ,SV5a,クリムゾンヘイズ,sv5a_ja,070,ゴウカザル,,AR,AR,https://assets.tcgdex.net/ja/SV/SV5a/070/high.webp,RARITY_CHANGE
4913cffe-47e8-4ea5-b9ae-93e3609bc94a,SVシリーズ,SV5a,クリムゾンヘイズ,sv5a_ja,071,フィオネ,,AR,AR,https://assets.tcgdex.net/ja/SV/SV5a/071/high.webp,RARITY_CHANGE
0729639f-7a66-4328-9e23-8a49bd48a0c1,SVシリーズ,SV5a,クリムゾンヘイズ,sv5a_ja,072,ウッウ,,AR,AR,https://assets.tcgdex.net/ja/SV/SV5a/072/high.webp,RARITY_CHANGE
30923817-bdc8-49d0-a73c-dce67daef2dd,SVシリーズ,SV5a,クリムゾンヘイズ,sv5a_ja,073,エレザード,,AR,AR,https://assets.tcgdex.net/ja/SV/SV5a/073/high.webp,RARITY_CHANGE
87a0d5ed-e358-48d7-8037-7843adf2f4d3,SVシリーズ,SV5a,クリムゾンヘイズ,sv5a_ja,074,ラブトロス,,AR,AR,https://assets.tcgdex.net/ja/SV/SV5a/074/high.webp,RARITY_CHANGE
564cb686-d6c4-4283-b3ab-0718fd6a295b,SVシリーズ,SV5a,クリムゾンヘイズ,sv5a_ja,075,ヒスイ ガーディ,,AR,AR,https://assets.tcgdex.net/ja/SV/SV5a/075/high.webp,RARITY_CHANGE
3b46853a-bf06-49e0-8200-151e49c56902,SVシリーズ,SV5a,クリムゾンヘイズ,sv5a_ja,076,ダイノーズ,,AR,AR,https://assets.tcgdex.net/ja/SV/SV5a/076/high.webp,RARITY_CHANGE
34aed47c-87d5-4c3c-8192-6d411627d649,SVシリーズ,SV5a,クリムゾンヘイズ,sv5a_ja,077,カジッチュ,,AR,AR,https://assets.tcgdex.net/ja/SV/SV5a/077/high.webp,RARITY_CHANGE
a05486e1-e9a8-4275-bb36-929f9cee031d,SVシリーズ,SV5a,クリムゾンヘイズ,sv5a_ja,078,イーブイ,,AR,AR,https://assets.tcgdex.net/ja/SV/SV5a/078/high.webp,RARITY_CHANGE
419a1914-6d64-479f-9da4-5c8a29a07d95,SVシリーズ,SV5a,クリムゾンヘイズ,sv5a_ja,079,ヤバソチャex,,SR,SR,https://assets.tcgdex.net/ja/SV/SV5a/079/high.webp,RARITY_CHANGE
4f8f11b9-48cb-4606-8984-10635b38537b,SVシリーズ,SV5a,クリムゾンヘイズ,sv5a_ja,080,マグカルゴex,,SR,SR,https://assets.tcgdex.net/ja/SV/SV5a/080/high.webp,RARITY_CHANGE
fdcb08ec-5773-4ecd-9989-c78319d89da8,SVシリーズ,SV5a,クリムゾンヘイズ,sv5a_ja,081,テツノイバラex,,SR,SR,https://assets.tcgdex.net/ja/SV/SV5a/081/high.webp,RARITY_CHANGE
634cb700-43b5-487b-a21a-529693e2a442,SVシリーズ,SV5a,クリムゾンヘイズ,sv5a_ja,082,サケブシッポex,,SR,SR,https://assets.tcgdex.net/ja/SV/SV5a/082/high.webp,RARITY_CHANGE
751c46b2-875a-46f3-99cb-0bd4dfceb114,SVシリーズ,SV5a,クリムゾンヘイズ,sv5a_ja,083,ゲッコウガex,,SR,SR,https://assets.tcgdex.net/ja/SV/SV5a/083/high.webp,RARITY_CHANGE
e0c4a0da-33a1-466a-bba5-8d8b0f629aa2,SVシリーズ,SV5a,クリムゾンヘイズ,sv5a_ja,084,ガチグマ アカツキex,,SR,SR,https://assets.tcgdex.net/ja/SV/SV5a/084/high.webp,RARITY_CHANGE
ea30c72b-6846-49b1-8635-0b4cb0d459b1,SVシリーズ,SV5a,クリムゾンヘイズ,sv5a_ja,085,管理人,,SR,SR,https://assets.tcgdex.net/ja/SV/SV5a/085/high.webp,RARITY_CHANGE
84179495-ced3-43dd-a5fb-7dc6e886c178,SVシリーズ,SV5a,クリムゾンヘイズ,sv5a_ja,086,ゴヨウ,,SR,SR,https://assets.tcgdex.net/ja/SV/SV5a/086/high.webp,RARITY_CHANGE
8aad3b2e-86fb-4d57-b1e4-177d98e694ed,SVシリーズ,SV5a,クリムゾンヘイズ,sv5a_ja,089,ヤバソチャex,,SAR,SAR,https://assets.tcgdex.net/ja/SV/SV5a/089/high.webp,RARITY_CHANGE
78f82358-a7d3-44c4-b440-08b8ae5a61c7,SVシリーズ,SV5a,クリムゾンヘイズ,sv5a_ja,090,ゲッコウガex,,SAR,SAR,https://assets.tcgdex.net/ja/SV/SV5a/090/high.webp,RARITY_CHANGE
a3b29669-9035-4cbc-b7e2-daf5cb5f1377,SVシリーズ,SV5a,クリムゾンヘイズ,sv5a_ja,091,ガチグマ アカツキex,,SAR,SAR,https://assets.tcgdex.net/ja/SV/SV5a/091/high.webp,RARITY_CHANGE
09fb85ac-9c3b-4dfc-92bc-48cff77e949c,SVシリーズ,SV5a,クリムゾンヘイズ,sv5a_ja,094,ガチグマ アカツキex,,UR,UR,https://assets.tcgdex.net/ja/SV/SV5a/094/high.webp,RARITY_CHANGE
4239067c-275c-4050-a322-161fbdb588c4,SVシリーズ,SV5a,クリムゾンヘイズ,sv5a_ja,095,緊急ボード,,UR,UR,https://assets.tcgdex.net/ja/SV/SV5a/095/high.webp,RARITY_CHANGE
c5dd0158-2630-4dd9-9c9b-e420c9bc8e0d,SVシリーズ,SV5a,クリムゾンヘイズ,sv5a_ja,096,ルミナスエネルギー,,UR,UR,https://assets.tcgdex.net/ja/SV/SV5a/096/high.webp,RARITY_CHANGE
86ee8935-790a-4a9b-b0f5-22f2e20de91e,SVシリーズ,SV5K,ワイルドフォース,sv5k_ja,098,ウガツホムラex,MUR,UR,UR,https://assets.tcgdex.net/ja/SV/SV5K/098/high.webp,RARITY_CHANGE
32394eaf-e7a9-4bc5-855b-8d3214a8142d,SVシリーズ,SV5K,ワイルドフォース,sv5k_ja,099,ウネルミナモex,MUR,UR,UR,https://assets.tcgdex.net/ja/SV/SV5K/099/high.webp,RARITY_CHANGE
427f4cc9-5117-4686-88c1-10ea141bee3c,SVシリーズ,SV5K,ワイルドフォース,sv5k_ja,100,タケルライコex,MUR,UR,UR,https://assets.tcgdex.net/ja/SV/SV5K/100/high.webp,RARITY_CHANGE
0feb7109-7eb8-4859-b611-322b9fef9afc,SMシリーズ,SM8b,GXウルトラシャイニー,sm8b_ja,202,チルット,SR,R,R,https://www.pokemon-card.com/assets/images/card_images/large/SM8b/036091_P_CHIRUTTO.jpg,RARITY_CHANGE
7c330d8c-3fdf-4026-9b34-a94e4aa0f3bd,SVシリーズ,SV6a,ナイトワンダラー,sv6a_ja,092,モモワロウex,MUR,UR,UR,https://assets.tcgdex.net/ja/SV/SV6a/092/high.webp,RARITY_CHANGE
67ad169d-0219-408e-b0e5-faa0465928af,SVシリーズ,SV6a,ナイトワンダラー,sv6a_ja,094,力の砂時計,MUR,UR,UR,https://assets.tcgdex.net/ja/SV/SV6a/094/high.webp,RARITY_CHANGE
de9e646a-4012-4e51-b040-28a150b1ba63,SVシリーズ,SV7,ステラミラクル,sv7_ja,094,きらめく結晶,ー,ACE,ACE,https://assets.tcgdex.net/ja/SV/SV7/094/high.webp,RARITY_CHANGE
4a6e7576-6f91-4d84-ae5a-bde7382d8809,SVシリーズ,SV7,ステラミラクル,sv7_ja,103,レディアン,ー,AR,AR,https://assets.tcgdex.net/ja/SV/SV7/103/high.webp,RARITY_CHANGE
9c3ffe4e-fd4d-454a-80f0-8fc5e20c716d,SVシリーズ,SV7,ステラミラクル,sv7_ja,104,リリーラ,ー,AR,AR,https://assets.tcgdex.net/ja/SV/SV7/104/high.webp,RARITY_CHANGE
98ad8140-555e-4d24-bc56-44af7962d2a7,SVシリーズ,SV7,ステラミラクル,sv7_ja,105,バクガメス,ー,AR,AR,https://assets.tcgdex.net/ja/SV/SV7/105/high.webp,RARITY_CHANGE
030fb05e-aaa1-4ceb-80ca-78624f197781,SVシリーズ,SV7,ステラミラクル,sv7_ja,106,ラビフット,ー,AR,AR,https://assets.tcgdex.net/ja/SV/SV7/106/high.webp,RARITY_CHANGE
38a87869-aee0-480d-868e-3e86eeccb28f,SVシリーズ,SV7,ステラミラクル,sv7_ja,107,ケケンカニ,ー,AR,AR,https://assets.tcgdex.net/ja/SV/SV7/107/high.webp,RARITY_CHANGE
f2e8d5fe-a701-4ee0-ad46-5dfefef9765d,SVシリーズ,SV7,ステラミラクル,sv7_ja,108,バチュル,ー,AR,AR,https://assets.tcgdex.net/ja/SV/SV7/108/high.webp,RARITY_CHANGE
f4b1f855-50f4-4bc9-b81d-d6e8193d8578,SVシリーズ,SV7,ステラミラクル,sv7_ja,110,マホミル,ー,AR,AR,https://assets.tcgdex.net/ja/SV/SV7/110/high.webp,RARITY_CHANGE
b8fff089-cd4f-435b-b4f7-fe8293cab0b1,SVシリーズ,SV7,ステラミラクル,sv7_ja,111,アサナン,ー,AR,AR,https://assets.tcgdex.net/ja/SV/SV7/111/high.webp,RARITY_CHANGE
34b846ad-7530-4f0a-bb8a-213bb7cb0292,SVシリーズ,SV7,ステラミラクル,sv7_ja,112,ゴクリン,ー,AR,AR,https://assets.tcgdex.net/ja/SV/SV7/112/high.webp,RARITY_CHANGE
4d04a22e-d4c7-4a21-b7f0-7e064a246314,SVシリーズ,SV7,ステラミラクル,sv7_ja,113,ブリジュラス,ー,AR,AR,https://assets.tcgdex.net/ja/SV/SV7/113/high.webp,RARITY_CHANGE
ffefa6d4-ac75-4a26-a48f-bd601b9be5c1,SVシリーズ,SV7,ステラミラクル,sv7_ja,114,ヨルノズク,ー,AR,AR,https://assets.tcgdex.net/ja/SV/SV7/114/high.webp,RARITY_CHANGE
9a6beded-1590-4f78-a8a8-aa931f3f7387,SVシリーズ,SV7,ステラミラクル,sv7_ja,115,カミツオロチex,ー,SR,SR,https://assets.tcgdex.net/ja/SV/SV7/115/high.webp,RARITY_CHANGE
74b1b054-08b7-4749-9ce4-2df3816076d5,SVシリーズ,SV7,ステラミラクル,sv7_ja,116,エースバーンex,ー,SR,SR,https://assets.tcgdex.net/ja/SV/SV7/116/high.webp,RARITY_CHANGE
28df2209-74f0-4712-89af-42d0a7272f1b,SVシリーズ,SV7,ステラミラクル,sv7_ja,117,ラプラスex,ー,SR,SR,https://assets.tcgdex.net/ja/SV/SV7/117/high.webp,RARITY_CHANGE
baf315b5-b6ed-4373-b37e-383ebbe9844a,SVシリーズ,SV7,ステラミラクル,sv7_ja,118,デンチュラex,ー,SR,SR,https://assets.tcgdex.net/ja/SV/SV7/118/high.webp,RARITY_CHANGE
7fade7ff-c36f-46ab-9162-ea748c22860c,SVシリーズ,SV7,ステラミラクル,sv7_ja,119,バウッツェルex,ー,SR,SR,https://assets.tcgdex.net/ja/SV/SV7/119/high.webp,RARITY_CHANGE
a7f4974e-d68a-49ce-80a9-364b9cb25ff8,SVシリーズ,SV7,ステラミラクル,sv7_ja,121,ミミズズex,ー,SR,SR,https://assets.tcgdex.net/ja/SV/SV7/121/high.webp,RARITY_CHANGE
4d89f4d5-8a9d-4774-b655-7e502ee463f7,SVシリーズ,SV7,ステラミラクル,sv7_ja,122,テラパゴスex,ー,SR,SR,https://assets.tcgdex.net/ja/SV/SV7/122/high.webp,RARITY_CHANGE
21153787-13f9-478d-a91f-0bebf98d1d41,SVシリーズ,SV7,ステラミラクル,sv7_ja,125,ハイダイ,ー,SR,SR,https://assets.tcgdex.net/ja/SV/SV7/125/high.webp,RARITY_CHANGE
8a0b8776-8704-4dc2-ae11-55aa4a0aa5a8,SVシリーズ,SV7,ステラミラクル,sv7_ja,126,ブライア,ー,SR,SR,https://assets.tcgdex.net/ja/SV/SV7/126/high.webp,RARITY_CHANGE
58340a54-6b9d-407b-a78f-d400282914c9,SVシリーズ,SV7,ステラミラクル,sv7_ja,127,カミツオロチex,ー,SAR,SAR,https://assets.tcgdex.net/ja/SV/SV7/127/high.webp,RARITY_CHANGE
a71d6ae1-b086-44c3-a586-eb148765222e,SVシリーズ,SV7,ステラミラクル,sv7_ja,128,デンチュラex,ー,SAR,SAR,https://assets.tcgdex.net/ja/SV/SV7/128/high.webp,RARITY_CHANGE
cae845e3-2390-4097-ab9b-942555df1fe3,SVシリーズ,SV7,ステラミラクル,sv7_ja,129,バウッツェルex,ー,SAR,SAR,https://assets.tcgdex.net/ja/SV/SV7/129/high.webp,RARITY_CHANGE
49fd2567-3749-4c22-a11b-77dbf43434ad,SVシリーズ,SV7,ステラミラクル,sv7_ja,130,テラパゴスex,ー,SAR,SAR,https://assets.tcgdex.net/ja/SV/SV7/130/high.webp,RARITY_CHANGE
beb700e8-483f-460b-95e6-ee54ed7acc01,SVシリーズ,SV7,ステラミラクル,sv7_ja,133,テラパゴスex,ー,UR,UR,https://assets.tcgdex.net/ja/SV/SV7/133/high.webp,RARITY_CHANGE
a1a31abb-246c-41d8-9a22-4cf587c1d8a6,SVシリーズ,SV7,ステラミラクル,sv7_ja,134,勇気のおまもり,ー,UR,UR,https://assets.tcgdex.net/ja/SV/SV7/134/high.webp,RARITY_CHANGE
9c43a1f3-a9a4-4b45-bd6e-6e7b1096802d,SVシリーズ,SV7,ステラミラクル,sv7_ja,135,ゼロの大空洞,ー,UR,UR,https://assets.tcgdex.net/ja/SV/SV7/135/high.webp,RARITY_CHANGE
7245746f-b279-490f-96f1-b2de967a4ace,SVシリーズ,SV7a,楽園ドラゴーナ,sv7a_ja,052,エネルギー転送PRO,ー,ACE,ACE,https://assets.tcgdex.net/ja/SV/SV7a/052/high.webp,RARITY_CHANGE
50eba95f-e6e5-4d14-9497-c0dec20ba41d,SVシリーズ,SV7a,楽園ドラゴーナ,sv7a_ja,056,メガトンブロアー,ー,ACE,ACE,https://assets.tcgdex.net/ja/SV/SV7a/056/high.webp,RARITY_CHANGE
84479cda-cdfc-4814-8e1d-25842aea8f21,SVシリーズ,SV7a,楽園ドラゴーナ,sv7a_ja,064,リッチエネルギー,ー,ACE,ACE,https://assets.tcgdex.net/ja/SV/SV7a/064/high.webp,RARITY_CHANGE
eaf2b08b-793f-4be7-8532-8c02a523c38e,SVシリーズ,SV7a,楽園ドラゴーナ,sv7a_ja,065,タマタマ,ー,AR,AR,https://assets.tcgdex.net/ja/SV/SV7a/065/high.webp,RARITY_CHANGE
524aeece-1dff-419f-9a03-773ab06caac4,SVシリーズ,SV7a,楽園ドラゴーナ,sv7a_ja,066,マシェード,ー,AR,AR,https://assets.tcgdex.net/ja/SV/SV7a/066/high.webp,RARITY_CHANGE
e39d7ab1-3524-48db-bf23-baf1645bc8be,SVシリーズ,SV7a,楽園ドラゴーナ,sv7a_ja,067,ポワルン たいようのすがた,ー,AR,AR,https://assets.tcgdex.net/ja/SV/SV7a/067/high.webp,RARITY_CHANGE
4b6f864d-f8cf-46b3-b84a-156283401b2c,SVシリーズ,SV7a,楽園ドラゴーナ,sv7a_ja,068,ハギギシリ,ー,AR,AR,https://assets.tcgdex.net/ja/SV/SV7a/068/high.webp,RARITY_CHANGE
092306d2-fd99-4a23-940e-74141cc4d43f,SVシリーズ,SV7a,楽園ドラゴーナ,sv7a_ja,069,ハルクジラ,ー,AR,AR,https://assets.tcgdex.net/ja/SV/SV7a/069/high.webp,RARITY_CHANGE
54bfaaff-bf62-4685-88d0-f27f1a2005b4,SVシリーズ,SV7a,楽園ドラゴーナ,sv7a_ja,070,ラティオス,ー,AR,AR,https://assets.tcgdex.net/ja/SV/SV7a/070/high.webp,RARITY_CHANGE
71c1bf06-dfff-40df-9a7c-4be7833be3ce,SVシリーズ,SV7a,楽園ドラゴーナ,sv7a_ja,071,ビブラーバ,ー,AR,AR,https://assets.tcgdex.net/ja/SV/SV7a/071/high.webp,RARITY_CHANGE
82286654-4414-4bcb-bbc6-1c0b222ff1e7,SVシリーズ,SV7a,楽園ドラゴーナ,sv7a_ja,072,タタッコ,ー,AR,AR,https://assets.tcgdex.net/ja/SV/SV7a/072/high.webp,RARITY_CHANGE
82a1748c-9723-482c-a1e4-924bded3943a,SVシリーズ,SV7a,楽園ドラゴーナ,sv7a_ja,073,エアームド,ー,AR,AR,https://assets.tcgdex.net/ja/SV/SV7a/073/high.webp,RARITY_CHANGE
dd2a727c-741b-4f47-8932-dcf4c0cb2ac3,SVシリーズ,SV7a,楽園ドラゴーナ,sv7a_ja,074,アップリュー,ー,AR,AR,https://assets.tcgdex.net/ja/SV/SV7a/074/high.webp,RARITY_CHANGE
d3e6d2f5-d9d7-4fe0-ac6a-5d4bdc58024d,SVシリーズ,SV7a,楽園ドラゴーナ,sv7a_ja,075,タルップル,ー,AR,AR,https://assets.tcgdex.net/ja/SV/SV7a/075/high.webp,RARITY_CHANGE
f716647e-5241-4b16-8475-6e0ca7a8b810,SVシリーズ,SV7a,楽園ドラゴーナ,sv7a_ja,076,ウォーグル,ー,AR,AR,https://assets.tcgdex.net/ja/SV/SV7a/076/high.webp,RARITY_CHANGE
c02829e0-ad60-40fe-84ee-c1a599f71ee4,SVシリーズ,SV7a,楽園ドラゴーナ,sv7a_ja,077,ブラックキュレムex,ー,SR,SR,https://assets.tcgdex.net/ja/SV/SV7a/077/high.webp,RARITY_CHANGE
b31d7878-2c75-4480-be88-08ea4c4475ee,SVシリーズ,SV7a,楽園ドラゴーナ,sv7a_ja,078,ラティアスex,ー,SR,SR,https://assets.tcgdex.net/ja/SV/SV7a/078/high.webp,RARITY_CHANGE
2a1cc9eb-ae3d-413e-b70d-053884fb85c7,SVシリーズ,SV7a,楽園ドラゴーナ,sv7a_ja,079,フライゴンex,ー,SR,SR,https://assets.tcgdex.net/ja/SV/SV7a/079/high.webp,RARITY_CHANGE
fc7eaedd-4d99-4353-9655-4fb56fe960b9,SVシリーズ,SV7a,楽園ドラゴーナ,sv7a_ja,080,ブリジュラスex,ー,SR,SR,https://assets.tcgdex.net/ja/SV/SV7a/080/high.webp,RARITY_CHANGE
99939f7d-dde3-43ec-a15c-5217b395f849,SVシリーズ,SV7a,楽園ドラゴーナ,sv7a_ja,081,アローラ ナッシーex,ー,SR,SR,https://assets.tcgdex.net/ja/SV/SV7a/081/high.webp,RARITY_CHANGE
82cd5f90-3ca7-496a-b21a-9da377d034aa,SVシリーズ,SV7a,楽園ドラゴーナ,sv7a_ja,082,モトトカゲex,ー,SR,SR,https://assets.tcgdex.net/ja/SV/SV7a/082/high.webp,RARITY_CHANGE
1b034b5d-d51c-4c58-982f-7f0a8f1e352c,SVシリーズ,SV7a,楽園ドラゴーナ,sv7a_ja,084,サーファー,ー,SR,SR,https://assets.tcgdex.net/ja/SV/SV7a/084/high.webp,RARITY_CHANGE
2bc1d6e6-a9f5-4b87-a8cf-14f84db4ca52,SVシリーズ,SV7a,楽園ドラゴーナ,sv7a_ja,085,ドラセナ,ー,SR,SR,https://assets.tcgdex.net/ja/SV/SV7a/085/high.webp,RARITY_CHANGE
95beff86-7985-4c95-9fbd-346a658243aa,SVシリーズ,SV7a,楽園ドラゴーナ,sv7a_ja,086,ルチアのアピール,ー,SR,SR,https://assets.tcgdex.net/ja/SV/SV7a/086/high.webp,RARITY_CHANGE
4dfad20e-a87d-4b7c-a735-6b1eed0b16eb,SVシリーズ,SV7a,楽園ドラゴーナ,sv7a_ja,087,ラティアスex,ー,SAR,SAR,https://assets.tcgdex.net/ja/SV/SV7a/087/high.webp,RARITY_CHANGE
0a87aaf3-ce15-4bad-b906-047eeb9fbb47,SVシリーズ,SV7a,楽園ドラゴーナ,sv7a_ja,088,ブリジュラスex,ー,SAR,SAR,https://assets.tcgdex.net/ja/SV/SV7a/088/high.webp,RARITY_CHANGE
d765fcd9-c223-408b-8efa-8da5f064eb01,SVシリーズ,SV7a,楽園ドラゴーナ,sv7a_ja,089,アローラ ナッシーex,ー,SAR,SAR,https://assets.tcgdex.net/ja/SV/SV7a/089/high.webp,RARITY_CHANGE
6fb928e2-d759-4411-8ff6-5e354ac7e2c3,SVシリーズ,SV7a,楽園ドラゴーナ,sv7a_ja,090,カキツバタ,ー,SAR,SAR,https://assets.tcgdex.net/ja/SV/SV7a/090/high.webp,RARITY_CHANGE
556c6f9e-9703-440c-9c48-74a98d8f0e5d,SVシリーズ,SV7a,楽園ドラゴーナ,sv7a_ja,091,ルチアのアピール,ー,SAR,SAR,https://assets.tcgdex.net/ja/SV/SV7a/091/high.webp,RARITY_CHANGE
0338c5e9-e03e-4dd6-99f7-22b7db80b389,SVシリーズ,SV7a,楽園ドラゴーナ,sv7a_ja,092,アローラ ナッシーex,ー,UR,UR,https://assets.tcgdex.net/ja/SV/SV7a/092/high.webp,RARITY_CHANGE
927d59a9-107a-419d-b4c1-a6c8583e6753,SVシリーズ,SV7a,楽園ドラゴーナ,sv7a_ja,093,カウンターゲイン,ー,UR,UR,https://assets.tcgdex.net/ja/SV/SV7a/093/high.webp,RARITY_CHANGE
d0770819-b9fc-4383-abed-d9cd6ead41ff,SVシリーズ,SV7a,楽園ドラゴーナ,sv7a_ja,094,ジェットエネルギー,ー,UR,UR,https://assets.tcgdex.net/ja/SV/SV7a/094/high.webp,RARITY_CHANGE
73f8f691-9ccb-47c9-8d3e-49d709b27a8c,SVシリーズ,SV8,超電ブレイカー,sv8_ja,095,スクランブルスイッチ,ー,ACE,ACE,https://assets.tcgdex.net/ja/SV/SV8/095/high.webp,RARITY_CHANGE
0c1d6a4f-0466-483c-9530-abb1e077ea48,SVシリーズ,SV8a,テラスタルフェスex,sv8a_ja,202,ブースターex,ー,SAR,SAR,https://assets.tcgdex.net/ja/SV/SV8a/202/high.webp,RARITY_CHANGE
2d39c60d-5cde-4a5f-8802-bb5ade79f414,SVシリーズ,SV8a,テラスタルフェスex,sv8a_ja,203,ソウブレイズex,ー,SAR,SAR,https://assets.tcgdex.net/ja/SV/SV8a/203/high.webp,RARITY_CHANGE
dfc69520-3570-4705-a976-afe3e6343ded,SVシリーズ,SV8a,テラスタルフェスex,sv8a_ja,204,オーガポン かまどのめんex,ー,SAR,SAR,https://assets.tcgdex.net/ja/SV/SV8a/204/high.webp,RARITY_CHANGE
aca1f473-f786-475c-83a3-86a497b9933b,SVシリーズ,SV8a,テラスタルフェスex,sv8a_ja,205,シャワーズex,ー,SAR,SAR,https://assets.tcgdex.net/ja/SV/SV8a/205/high.webp,RARITY_CHANGE
36dce406-c508-4f50-9469-76306615a684,SVシリーズ,SV8a,テラスタルフェスex,sv8a_ja,206,グレイシアex,ー,SAR,SAR,https://assets.tcgdex.net/ja/SV/SV8a/206/high.webp,RARITY_CHANGE
278d633d-b506-44f4-bbb4-9d3998ab4ed8,SVシリーズ,SV8a,テラスタルフェスex,sv8a_ja,208,オーガポン いどのめんex,ー,SAR,SAR,https://assets.tcgdex.net/ja/SV/SV8a/208/high.webp,RARITY_CHANGE
69e16038-77d7-43a5-9216-9743a9ed2c7c,SVシリーズ,SV8a,テラスタルフェスex,sv8a_ja,146,トレジャーガジェット,ー,ACE,ACE,https://assets.tcgdex.net/ja/SV/SV8a/146/high.webp,RARITY_CHANGE
6a86ebe8-1d3b-45b0-a774-c05f646675eb,SVシリーズ,SV8a,テラスタルフェスex,sv8a_ja,148,プライムキャッチャー,ー,ACE,ACE,https://assets.tcgdex.net/ja/SV/SV8a/148/high.webp,RARITY_CHANGE
6b60f031-f044-452b-87f1-85f43c5a4966,SVシリーズ,SV8a,テラスタルフェスex,sv8a_ja,200,リーフィアex,ー,SAR,SAR,https://assets.tcgdex.net/ja/SV/SV8a/200/high.webp,RARITY_CHANGE
5bd40db3-c80c-485e-bfca-4ebcc58275eb,SVシリーズ,SV8a,テラスタルフェスex,sv8a_ja,142,つりざおMAX,ー,ACE,ACE,https://assets.tcgdex.net/ja/SV/SV8a/142/high.webp,RARITY_CHANGE
545363bb-5f30-42a7-83be-7269c6456975,SVシリーズ,SV8a,テラスタルフェスex,sv8a_ja,209,サンダースex,ー,SAR,SAR,https://assets.tcgdex.net/ja/SV/SV8a/209/high.webp,RARITY_CHANGE
7af02c39-e258-437b-ad14-66ee52fa59ca,SVシリーズ,SV8a,テラスタルフェスex,sv8a_ja,210,テツノカイナex,ー,SAR,SAR,https://assets.tcgdex.net/ja/SV/SV8a/210/high.webp,RARITY_CHANGE
7885440b-1495-44c4-8429-271b3404f8a1,SVシリーズ,SV8a,テラスタルフェスex,sv8a_ja,211,エーフィex,ー,SAR,SAR,https://assets.tcgdex.net/ja/SV/SV8a/211/high.webp,RARITY_CHANGE
b2b63a78-7d14-4f06-aa4e-a656ea8928e8,SVシリーズ,SV8a,テラスタルフェスex,sv8a_ja,212,ニンフィアex,ー,SAR,SAR,https://assets.tcgdex.net/ja/SV/SV8a/212/high.webp,RARITY_CHANGE
35d6e7e4-7aae-48ec-9c90-531d5f3f3332,SVシリーズ,SV8a,テラスタルフェスex,sv8a_ja,213,テツノブジンex,ー,SAR,SAR,https://assets.tcgdex.net/ja/SV/SV8a/213/high.webp,RARITY_CHANGE
40be4b9e-a59b-4dbc-8075-99c5ee67d42e,SVシリーズ,SV8a,テラスタルフェスex,sv8a_ja,214,テツノカシラex,ー,SAR,SAR,https://assets.tcgdex.net/ja/SV/SV8a/214/high.webp,RARITY_CHANGE
bad2d266-283d-4f4e-805d-9c04e65fc3c6,SVシリーズ,SV8a,テラスタルフェスex,sv8a_ja,215,スナノケガワex,ー,SAR,SAR,https://assets.tcgdex.net/ja/SV/SV8a/215/high.webp,RARITY_CHANGE
c8acdb9b-41fc-4020-8f5e-112b9389ec35,SVシリーズ,SV8a,テラスタルフェスex,sv8a_ja,216,オーガポン いしずえのめんex,ー,SAR,SAR,https://assets.tcgdex.net/ja/SV/SV8a/216/high.webp,RARITY_CHANGE
5c7ae4d1-87ba-44dc-a122-156d00909205,SVシリーズ,SV8a,テラスタルフェスex,sv8a_ja,217,ブラッキーex,ー,SAR,SAR,https://assets.tcgdex.net/ja/SV/SV8a/217/high.webp,RARITY_CHANGE
778d6800-e6b3-4b08-9738-cad83fc55bfe,SVシリーズ,SV8a,テラスタルフェスex,sv8a_ja,218,トドロクツキex,ー,SAR,SAR,https://assets.tcgdex.net/ja/SV/SV8a/218/high.webp,RARITY_CHANGE
6bad56a3-9156-46b8-898e-393be61c1e95,SVシリーズ,SV8a,テラスタルフェスex,sv8a_ja,219,モモワロウex,ー,SAR,SAR,https://assets.tcgdex.net/ja/SV/SV8a/219/high.webp,RARITY_CHANGE
b3bde573-d40d-4818-bff1-dc48e7014cfd,SVシリーズ,SV8a,テラスタルフェスex,sv8a_ja,220,サーフゴーex,ー,SAR,SAR,https://assets.tcgdex.net/ja/SV/SV8a/220/high.webp,RARITY_CHANGE
addd9d5d-5208-4955-b3e2-17df788da703,SVシリーズ,SV8a,テラスタルフェスex,sv8a_ja,221,ドラパルトex,ー,SAR,SAR,https://assets.tcgdex.net/ja/SV/SV8a/221/high.webp,RARITY_CHANGE
b93c1a9e-a6e4-4b3e-841e-42a5ab6f7770,SVシリーズ,SV8a,テラスタルフェスex,sv8a_ja,222,タケルライコex,ー,SAR,SAR,https://assets.tcgdex.net/ja/SV/SV8a/222/high.webp,RARITY_CHANGE
7b75c60f-db63-467a-9e79-39fe2d97d412,SVシリーズ,SV8a,テラスタルフェスex,sv8a_ja,223,イーブイex,ー,SAR,SAR,https://assets.tcgdex.net/ja/SV/SV8a/223/high.webp,RARITY_CHANGE
e3aeb8b8-435a-4565-995f-496baac35461,SVシリーズ,SV8a,テラスタルフェスex,sv8a_ja,224,イーブイex,ー,SAR,SAR,https://assets.tcgdex.net/ja/SV/SV8a/224/high.webp,RARITY_CHANGE
ebb0d948-1989-47c2-af09-5cbbcd60e644,SVシリーズ,SV8a,テラスタルフェスex,sv8a_ja,225,ガチグマ アカツキex,ー,SAR,SAR,https://assets.tcgdex.net/ja/SV/SV8a/225/high.webp,RARITY_CHANGE
0cd50fd4-aced-4295-8610-736c3bed48bb,SVシリーズ,SV8a,テラスタルフェスex,sv8a_ja,226,テラパゴスex,ー,SAR,SAR,https://assets.tcgdex.net/ja/SV/SV8a/226/high.webp,RARITY_CHANGE
626f6dfa-7f53-4191-a0e3-4f9c36e36cc1,SVシリーズ,SV8a,テラスタルフェスex,sv8a_ja,229,カキツバタ,ー,SAR,SAR,https://assets.tcgdex.net/ja/SV/SV8a/229/high.webp,RARITY_CHANGE
cf2d5350-7d53-44f4-80a5-ed8fc07d2660,SVシリーズ,SV8a,テラスタルフェスex,sv8a_ja,230,スグリ,ー,SAR,SAR,https://assets.tcgdex.net/ja/SV/SV8a/230/high.webp,RARITY_CHANGE
5d918ce9-860c-4a4e-992b-4fadb74ebdbd,SVシリーズ,SV8a,テラスタルフェスex,sv8a_ja,231,タロ,ー,SAR,SAR,https://assets.tcgdex.net/ja/SV/SV8a/231/high.webp,RARITY_CHANGE
82a863bd-c6c8-42e4-86d2-3bd4018c9a46,SVシリーズ,SV8a,テラスタルフェスex,sv8a_ja,232,ネリネ,ー,SAR,SAR,https://assets.tcgdex.net/ja/SV/SV8a/232/high.webp,RARITY_CHANGE
2e7d9d2a-b8b8-4500-bf51-6b9c2351c2e0,SVシリーズ,SV8a,テラスタルフェスex,sv8a_ja,233,テツノイサハex,ー,UR,UR,https://assets.tcgdex.net/ja/SV/SV8a/233/high.webp,RARITY_CHANGE
d9c4ecc2-1ce7-4c81-8310-56ba50053cbd,SVシリーズ,SV8a,テラスタルフェスex,sv8a_ja,234,オーガポン みどりのめんex,ー,UR,UR,https://assets.tcgdex.net/ja/SV/SV8a/234/high.webp,RARITY_CHANGE
a250d9c5-480c-4d66-a230-00539386b3ac,SVシリーズ,SV8a,テラスタルフェスex,sv8a_ja,235,ウネルミナモex,ー,UR,UR,https://assets.tcgdex.net/ja/SV/SV8a/235/high.webp,RARITY_CHANGE
938fec3f-57c1-4535-aea6-506f041b10e9,SVシリーズ,SV8a,テラスタルフェスex,sv8a_ja,236,ピカチュウex,ー,UR,UR,https://assets.tcgdex.net/ja/SV/SV8a/236/high.webp,RARITY_CHANGE
16bdb08e-8f9a-44a2-aca7-38a90d7827d5,SVシリーズ,SV8a,テラスタルフェスex,sv8a_ja,237,テラパゴスex,ー,UR,UR,https://assets.tcgdex.net/ja/SV/SV8a/237/high.webp,RARITY_CHANGE
16b9ef12-67ab-497f-9871-900387250e3a,SVシリーズ,SV9a,熱風のアリーナ,sv9a_ja,083,ジャッジマン,ー,SR,SR,https://assets.tcgdex.net/ja/SV/SV9a/083/high.webp,RARITY_CHANGE
b3cedebc-fb45-4836-94d0-e5eb0a68b719,SVシリーズ,SV9,バトルパートナーズ,sv9_ja,024,ホエルコ,C,U,U,https://assets.tcgdex.net/ja/SV/SV9/024/high.webp,RARITY_CHANGE
87d7f468-78fe-40a4-87b8-3c1710d0e553,SVシリーズ,SV9a,熱風のアリーナ,sv9a_ja,084,ヒビキの冒険,ー,SR,SR,https://assets.tcgdex.net/ja/SV/SV9a/084/high.webp,RARITY_CHANGE
90e9bf73-6087-42af-82a1-3ad0dac3f2a0,SVシリーズ,SV9,バトルパートナーズ,sv9_ja,101,マラカッチ,ー,AR,AR,https://assets.tcgdex.net/ja/SV/SV9/101/high.webp,RARITY_CHANGE
5b4d1022-6354-4855-b466-a1122c2baa27,SVシリーズ,SV9,バトルパートナーズ,sv9_ja,102,フリーザー,ー,AR,AR,https://assets.tcgdex.net/ja/SV/SV9/102/high.webp,RARITY_CHANGE
20d1204f-a01b-4632-9290-879073635b65,SVシリーズ,SV9,バトルパートナーズ,sv9_ja,103,ホエルオー,ー,AR,AR,https://assets.tcgdex.net/ja/SV/SV9/103/high.webp,RARITY_CHANGE
25d44c29-e208-4ac2-bbc0-565fc0ff5ae0,SVシリーズ,SV9,バトルパートナーズ,sv9_ja,104,ナンジャモのタイカイデン,ー,AR,AR,https://assets.tcgdex.net/ja/SV/SV9/104/high.webp,RARITY_CHANGE
3606a4fb-dae2-4d45-b853-560784ef4c3a,SVシリーズ,SV9,バトルパートナーズ,sv9_ja,105,リーリエのアブリボン,ー,AR,AR,https://assets.tcgdex.net/ja/SV/SV9/105/high.webp,RARITY_CHANGE
902a1534-6f46-46cd-9fdf-415195136dce,SVシリーズ,SV9,バトルパートナーズ,sv9_ja,106,ウリムー,ー,AR,AR,https://assets.tcgdex.net/ja/SV/SV9/106/high.webp,RARITY_CHANGE
f566714e-37e5-4c24-8ff4-7a9296e8f6d8,SVシリーズ,SV9,バトルパートナーズ,sv9_ja,107,ルガルガン,ー,AR,AR,https://assets.tcgdex.net/ja/SV/SV9/107/high.webp,RARITY_CHANGE
5278b884-25ba-4852-a16a-9dc5178e117f,SVシリーズ,SV9,バトルパートナーズ,sv9_ja,108,Nのゾロア,ー,AR,AR,https://assets.tcgdex.net/ja/SV/SV9/108/high.webp,RARITY_CHANGE
ee469b0a-0035-4e07-a7f1-f79367ae2a9e,SVシリーズ,SV9,バトルパートナーズ,sv9_ja,109,Nのレシラム,ー,AR,AR,https://assets.tcgdex.net/ja/SV/SV9/109/high.webp,RARITY_CHANGE
a47bd6a0-99f6-4141-a51d-f2fd0261f2ff,SVシリーズ,SV9,バトルパートナーズ,sv9_ja,110,オオタチ,ー,AR,AR,https://assets.tcgdex.net/ja/SV/SV9/110/high.webp,RARITY_CHANGE
725399ed-dd88-4938-8140-51ff117148ca,SVシリーズ,SV9,バトルパートナーズ,sv9_ja,111,オンバット,ー,AR,AR,https://assets.tcgdex.net/ja/SV/SV9/111/high.webp,RARITY_CHANGE
690143d3-5dc0-4fb7-9485-5fbcecc13c4e,SVシリーズ,SV9,バトルパートナーズ,sv9_ja,113,ボルケニオンex,ー,SR,SR,https://assets.tcgdex.net/ja/SV/SV9/113/high.webp,RARITY_CHANGE
b5e83051-514c-43bc-ae0c-e6083007b418,SVシリーズ,SV9,バトルパートナーズ,sv9_ja,114,ナンジャモのハラバリーex,ー,SR,SR,https://assets.tcgdex.net/ja/SV/SV9/114/high.webp,RARITY_CHANGE
41dd07dd-158b-4fec-94a1-2833c85534b6,SVシリーズ,SV9,バトルパートナーズ,sv9_ja,115,リーリエのピッピex,ー,SR,SR,https://assets.tcgdex.net/ja/SV/SV9/115/high.webp,RARITY_CHANGE
c55248b7-2faa-4ff3-8ad0-3a5f8c3b34da,SVシリーズ,SV9,バトルパートナーズ,sv9_ja,116,マンムーex,ー,SR,SR,https://assets.tcgdex.net/ja/SV/SV9/116/high.webp,RARITY_CHANGE
90c75136-6478-414f-a843-7c513fe3ed9a,SVシリーズ,SV9,バトルパートナーズ,sv9_ja,117,Nのゾロアークex,ー,SR,SR,https://assets.tcgdex.net/ja/SV/SV9/117/high.webp,RARITY_CHANGE
c6d97b52-33a3-4a62-a359-19fca39ce3ec,SVシリーズ,SV9,バトルパートナーズ,sv9_ja,118,ホップのザシアンex,ー,SR,SR,https://assets.tcgdex.net/ja/SV/SV9/118/high.webp,RARITY_CHANGE
1b9a5f36-2597-4d30-80a0-e2f113303f48,SVシリーズ,SV9,バトルパートナーズ,sv9_ja,119,ボーマンダex,ー,SR,SR,https://assets.tcgdex.net/ja/SV/SV9/119/high.webp,RARITY_CHANGE
1147771a-3310-49a2-8a66-ce980cf0c764,SVシリーズ,SV9,バトルパートナーズ,sv9_ja,120,ノココッチex,ー,SR,SR,https://assets.tcgdex.net/ja/SV/SV9/120/high.webp,RARITY_CHANGE
71d171c7-574d-477f-b5f0-bc5f4e744b95,SVシリーズ,SV9,バトルパートナーズ,sv9_ja,124,ボルケニオンex,ー,SAR,SAR,https://assets.tcgdex.net/ja/SV/SV9/124/high.webp,RARITY_CHANGE
69979a01-fff0-45c8-aca9-f38363df5b21,SVシリーズ,SV9,バトルパートナーズ,sv9_ja,125,ナンジャモのハラバリーex,ー,SAR,SAR,https://assets.tcgdex.net/ja/SV/SV9/125/high.webp,RARITY_CHANGE
c33479fd-00f3-49ed-a74c-b638ab0d11a1,SVシリーズ,SV9,バトルパートナーズ,sv9_ja,126,リーリエのピッピex,ー,SAR,SAR,https://assets.tcgdex.net/ja/SV/SV9/126/high.webp,RARITY_CHANGE
49c47819-3c2d-4655-83cf-29b244e2aee9,SVシリーズ,SV9,バトルパートナーズ,sv9_ja,127,Nのゾロアークex,ー,SAR,SAR,https://assets.tcgdex.net/ja/SV/SV9/127/high.webp,RARITY_CHANGE
265f992b-9916-44e9-9601-66cc400588dd,SVシリーズ,SV9,バトルパートナーズ,sv9_ja,128,ホップのザシアンex,ー,SAR,SAR,https://assets.tcgdex.net/ja/SV/SV9/128/high.webp,RARITY_CHANGE
fd0c78f3-f259-4003-b78b-afd3a1f726d8,SVシリーズ,SV9,バトルパートナーズ,sv9_ja,129,ボーマンダex,ー,SAR,SAR,https://assets.tcgdex.net/ja/SV/SV9/129/high.webp,RARITY_CHANGE
449ed893-249f-4153-88e4-0ecda3e5f9f0,SVシリーズ,SV9,バトルパートナーズ,sv9_ja,130,ナンジャモのハラバリーex,ー,UR,UR,https://assets.tcgdex.net/ja/SV/SV9/130/high.webp,RARITY_CHANGE
5923e4e9-3802-4fdf-9300-96fd80499874,SVシリーズ,SV9,バトルパートナーズ,sv9_ja,131,Nのゾロアークex,ー,UR,UR,https://assets.tcgdex.net/ja/SV/SV9/131/high.webp,RARITY_CHANGE
c25831c1-d725-4aee-a876-3e0da32aedc1,SVシリーズ,SV9a,熱風のアリーナ,sv9a_ja,064,ヤンヤンマ,ー,AR,AR,https://assets.tcgdex.net/ja/SV/SV9a/064/high.webp,RARITY_CHANGE
46009caf-9d31-42cf-b828-3118f8765555,SVシリーズ,SV9a,熱風のアリーナ,sv9a_ja,065,シロナのロズレイド,ー,AR,AR,https://assets.tcgdex.net/ja/SV/SV9a/065/high.webp,RARITY_CHANGE
ba3507d3-8386-4035-b692-2eee64e7fbe7,SVシリーズ,SV9a,熱風のアリーナ,sv9a_ja,066,シェイミ,ー,AR,AR,https://assets.tcgdex.net/ja/SV/SV9a/066/high.webp,RARITY_CHANGE
ffc27de5-3999-4f2f-b724-c69d2960ecf7,SVシリーズ,SV9a,熱風のアリーナ,sv9a_ja,067,イワパレス,ー,AR,AR,https://assets.tcgdex.net/ja/SV/SV9a/067/high.webp,RARITY_CHANGE
7c3e186f-7343-441e-92b4-eae5de912b98,SVシリーズ,SV9a,熱風のアリーナ,sv9a_ja,068,カミツオロチ,ー,AR,AR,https://assets.tcgdex.net/ja/SV/SV9a/068/high.webp,RARITY_CHANGE
e328cf2b-9d33-4ce1-9769-019c0f7222b3,SVシリーズ,SV9a,熱風のアリーナ,sv9a_ja,069,ギャロップ,ー,AR,AR,https://assets.tcgdex.net/ja/SV/SV9a/069/high.webp,RARITY_CHANGE
7b055563-3908-4c8b-895a-9ea1c182f8c6,SVシリーズ,SV9a,熱風のアリーナ,sv9a_ja,070,ヒビキのバクフーン,ー,AR,AR,https://assets.tcgdex.net/ja/SV/SV9a/070/high.webp,RARITY_CHANGE
a9304a56-dbc5-4780-8546-5505b2494882,SVシリーズ,SV9a,熱風のアリーナ,sv9a_ja,071,カスミのコダック,ー,AR,AR,https://assets.tcgdex.net/ja/SV/SV9a/071/high.webp,RARITY_CHANGE
bd381e82-70da-4480-90c7-1c373361e885,SVシリーズ,SV9a,熱風のアリーナ,sv9a_ja,072,カスミのラプラス,ー,AR,AR,https://assets.tcgdex.net/ja/SV/SV9a/072/high.webp,RARITY_CHANGE
e97029fe-bcc2-4a8b-af7b-93a9d92659eb,SVシリーズ,SV9a,熱風のアリーナ,sv9a_ja,073,ラクライ,ー,AR,AR,https://assets.tcgdex.net/ja/SV/SV9a/073/high.webp,RARITY_CHANGE
0a254d69-f92d-4e95-8cea-ba64a550eabc,SVシリーズ,SV9a,熱風のアリーナ,sv9a_ja,074,ロトム,ー,AR,AR,https://assets.tcgdex.net/ja/SV/SV9a/074/high.webp,RARITY_CHANGE
90b393ca-90b0-4982-bd6d-38a19f3bcee9,SVシリーズ,SV9a,熱風のアリーナ,sv9a_ja,075,ペパーのヨクバリス,ー,AR,AR,https://assets.tcgdex.net/ja/SV/SV9a/075/high.webp,RARITY_CHANGE
9516e3f8-3cc8-45a7-841e-aa8f0d9163cb,SVシリーズ,SV9a,熱風のアリーナ,sv9a_ja,076,メガヤンマex,ー,SR,SR,https://assets.tcgdex.net/ja/SV/SV9a/076/high.webp,RARITY_CHANGE
89cdc413-8f94-40e5-b80a-99280172bf96,SVシリーズ,SV9a,熱風のアリーナ,sv9a_ja,077,ヒビキのホウオウex,ー,SR,SR,https://assets.tcgdex.net/ja/SV/SV9a/077/high.webp,RARITY_CHANGE
ef7f206e-1f7a-4f52-833d-efd895179e0f,SVシリーズ,SV9a,熱風のアリーナ,sv9a_ja,078,ヘイラッシャex,ー,SR,SR,https://assets.tcgdex.net/ja/SV/SV9a/078/high.webp,RARITY_CHANGE
6b0ebf37-404e-4aa5-99c3-4e7f29a80bc6,SVシリーズ,SV9a,熱風のアリーナ,sv9a_ja,079,エレキブルex,ー,SR,SR,https://assets.tcgdex.net/ja/SV/SV9a/079/high.webp,RARITY_CHANGE
66a19dad-793f-44a6-a1c2-1d0bcc6f3052,SVシリーズ,SV9a,熱風のアリーナ,sv9a_ja,080,シロナのガブリアスex,ー,SR,SR,https://assets.tcgdex.net/ja/SV/SV9a/080/high.webp,RARITY_CHANGE
ae325c98-be1e-4a0e-8266-f966ed1f6ec1,SVシリーズ,SV9a,熱風のアリーナ,sv9a_ja,081,ペパーのマフィティフex,ー,SR,SR,https://assets.tcgdex.net/ja/SV/SV9a/081/high.webp,RARITY_CHANGE
12657736-fecf-440a-abb9-bc4992465f2c,SVシリーズ,SV9a,熱風のアリーナ,sv9a_ja,082,MCの盛り上げ,ー,SR,SR,https://assets.tcgdex.net/ja/SV/SV9a/082/high.webp,RARITY_CHANGE
45e74a6f-c669-4684-af4c-1c1c6c0dd41c,SVシリーズ,SV9a,熱風のアリーナ,sv9a_ja,085,メガヤンマex,ー,SAR,SAR,https://assets.tcgdex.net/ja/SV/SV9a/085/high.webp,RARITY_CHANGE
6ee56b0e-1a63-478a-b17c-f9fc309ff322,SVシリーズ,SV9a,熱風のアリーナ,sv9a_ja,086,ヒビキのホウオウex,ー,SAR,SAR,https://assets.tcgdex.net/ja/SV/SV9a/086/high.webp,RARITY_CHANGE
b1497bbf-1433-45aa-8b83-2007d9dd3a0c,SVシリーズ,SV9a,熱風のアリーナ,sv9a_ja,087,シロナのガブリアスex,ー,SAR,SAR,https://assets.tcgdex.net/ja/SV/SV9a/087/high.webp,RARITY_CHANGE
7a1e59b0-7911-446a-9f30-b5e1116b0004,SVシリーズ,SV9a,熱風のアリーナ,sv9a_ja,088,ペパーのマフィティフex,ー,SAR,SAR,https://assets.tcgdex.net/ja/SV/SV9a/088/high.webp,RARITY_CHANGE
803acb2f-55eb-424f-963b-4dc75328d3e3,SVシリーズ,SV9a,熱風のアリーナ,sv9a_ja,089,ヒビキの冒険,ー,SAR,SAR,https://assets.tcgdex.net/ja/SV/SV9a/089/high.webp,RARITY_CHANGE
8e7032a3-611d-4bf7-8373-ed60cfda20a8,SVシリーズ,SV9a,熱風のアリーナ,sv9a_ja,090,ヒビキのホウオウex,ー,UR,UR,https://assets.tcgdex.net/ja/SV/SV9a/090/high.webp,RARITY_CHANGE
e1fb8b16-1f64-40dd-bf4f-06607ca12be9,SVシリーズ,SV9a,熱風のアリーナ,sv9a_ja,091,シロナのガブリアスex,ー,UR,UR,https://assets.tcgdex.net/ja/SV/SV9a/091/high.webp,RARITY_CHANGE
aa5d935b-7c22-47a9-a8d7-29c04f6374f7,SVシリーズ,SV8a,テラスタルフェスex,sv8a_ja,149,ポケモン回収サイクロン,ー,ACE,ACE,https://assets.tcgdex.net/ja/SV/SV8a/149/high.webp,RARITY_CHANGE
2598b11c-015c-4454-ac67-16b08aa7dbb0,ソード・シールド,S11,ロストアビス,swsh11_ja,126,ロストスイーパー,MUR,UR,UR,https://assets.tcgdex.net/ja/S/S11/126/high.webp,RARITY_CHANGE
7b1ce8b6-5408-4107-8604-06202770a3c3,ソード・シールド,S11,ロストアビス,swsh11_ja,127,崩れたスタジアム,MUR,UR,UR,https://assets.tcgdex.net/ja/S/S11/127/high.webp,RARITY_CHANGE
60da268f-5e08-4e2c-bb69-73ecfc4cfdd0,ソード・シールド,S12,パラダイムトリガー,swsh12_ja,111,さぎょういん,,SR,SR,https://assets.tcgdex.net/ja/S/S12/111/high.webp,RARITY_CHANGE
9b6f3f38-d513-41eb-8058-2c8fe43b0271,ソード・シールド,S12,パラダイムトリガー,swsh12_ja,112,ジンダイ,,SR,SR,https://assets.tcgdex.net/ja/S/S12/112/high.webp,RARITY_CHANGE
e9e039b2-e4cd-46b4-a459-de04d60fd591,ソード・シールド,S12,パラダイムトリガー,swsh12_ja,113,スズナ,,SR,SR,https://assets.tcgdex.net/ja/S/S12/113/high.webp,RARITY_CHANGE
ecc7c228-4869-4b57-bc59-a4c1e550cb50,ソード・シールド,S12,パラダイムトリガー,swsh12_ja,114,ワタル,,SR,SR,https://assets.tcgdex.net/ja/S/S12/114/high.webp,RARITY_CHANGE
33c3824a-9705-4309-b68f-fafc987a63c4,SVシリーズ,SV1V,バイオレットex,sv1v_ja,002,ヘラクロス,U,C,C,https://assets.tcgdex.net/ja/SV/SV1V/002/high.webp,RARITY_CHANGE
6f3df57e-4636-4e62-bb79-949fbe81c92d,ソード・シールド,S10a,ダークファンタズマ,swsh10a_ja,097,ヒスイ ゾロアークVSTAR,MUR,UR,UR,https://assets.tcgdex.net/ja/S/S10a/097/high.webp,RARITY_CHANGE
26c9988a-4cf8-4f3e-89c8-b2a2dfd7d0ab,ソード・シールド,S10a,ダークファンタズマ,swsh10a_ja,098,ダークパッチ,MUR,UR,UR,https://assets.tcgdex.net/ja/S/S10a/098/high.webp,RARITY_CHANGE
9c1d512c-97fa-487f-83a7-6d6f8c9fc53d,ソード・シールド,S10a,ダークファンタズマ,swsh10a_ja,099,災いの箱,MUR,UR,UR,https://assets.tcgdex.net/ja/S/S10a/099/high.webp,RARITY_CHANGE
806e336d-80b9-48d0-aea2-d95eeba2dac6,SVシリーズ,SV8a,テラスタルフェスex,sv8a_ja,184,ニュートラルセンター,ー,ACE,ACE,https://assets.tcgdex.net/ja/SV/SV8a/184/high.webp,RARITY_CHANGE
014c1f71-3a85-4377-b177-13e74815f68e,ソード・シールド,S10P,スペースジャグラー,swsh10p_ja,086,オリジンパルキアVSTAR,MUR,UR,UR,https://assets.tcgdex.net/ja/S/S10P/086/high.webp,RARITY_CHANGE
9a9e6e7e-3a27-4340-8e59-64e168f926a8,ソード・シールド,S10P,スペースジャグラー,swsh10p_ja,087,シンオウ神殿,MUR,UR,UR,https://assets.tcgdex.net/ja/S/S10P/087/high.webp,RARITY_CHANGE
a5ee7b43-0ebf-43ed-bcd6-64434e272582,SVシリーズ,SV4a,レイジングサーフ,sv4a_ja,191,ナゾノクサ,,S,Shiny Rare,https://assets.tcgdex.net/ja/SV/SV4a/191/high.webp,RARITY_CHANGE
ddc1ff99-5297-43e6-831c-c76c8fc93159,SVシリーズ,SV8a,テラスタルフェスex,sv8a_ja,187,レガシーエネルギー,ー,ACE,ACE,https://assets.tcgdex.net/ja/SV/SV8a/187/high.webp,RARITY_CHANGE
a46d5701-1a13-498f-a8cc-82b05c880d29,SVシリーズ,SV8a,テラスタルフェスex,sv8a_ja,189,オルティガ,ー,SR,SR,https://assets.tcgdex.net/ja/SV/SV8a/189/high.webp,RARITY_CHANGE
669f9db2-60c4-4240-a8a7-746a76fddfe7,ソード・シールド,S11,ロストアビス,swsh11_ja,125,ギラティナVSTAR,MUR,UR,UR,https://assets.tcgdex.net/ja/S/S11/125/high.webp,RARITY_CHANGE
d7311738-78d9-4f9a-a2b5-90dff97d348d,SVシリーズ,SV8a,テラスタルフェスex,sv8a_ja,190,コルサ,ー,SR,SR,https://assets.tcgdex.net/ja/SV/SV8a/190/high.webp,RARITY_CHANGE
5ab4f50a-d972-4357-a940-749a9586f9f8,SVシリーズ,SV8a,テラスタルフェスex,sv8a_ja,191,シュウメイ,ー,SR,SR,https://assets.tcgdex.net/ja/SV/SV8a/191/high.webp,RARITY_CHANGE
1b851e63-9dc7-4a07-bd07-f5d07cc0cac1,ソード・シールド,S11a,白熱のアルカナ,swsh11a_ja,048,ギギギアル,U,C,C,https://assets.tcgdex.net/ja/S/S11a/048/high.webp,RARITY_CHANGE
5023d63b-c687-43af-b1b3-a8f4f6ced997,SVシリーズ,SV8a,テラスタルフェスex,sv8a_ja,193,タイム,ー,SR,SR,https://assets.tcgdex.net/ja/SV/SV8a/193/high.webp,RARITY_CHANGE
b1375c95-a956-43d2-b06c-76e2fef17b9d,SVシリーズ,SV8a,テラスタルフェスex,sv8a_ja,194,ネリネ,ー,SR,SR,https://assets.tcgdex.net/ja/SV/SV8a/194/high.webp,RARITY_CHANGE
fb266ebf-a60e-4451-bc5f-678d15b9dfe4,SVシリーズ,SV8a,テラスタルフェスex,sv8a_ja,195,パルデアの仲間たち,ー,SR,SR,https://assets.tcgdex.net/ja/SV/SV8a/195/high.webp,RARITY_CHANGE
6ee1afef-b4eb-41c0-8ea2-a172f4bdeded,ソード・シールド,S11a,白熱のアルカナ,swsh11a_ja,092,ジャローダVSTAR,MUR,UR,UR,https://assets.tcgdex.net/ja/S/S11a/092/high.webp,RARITY_CHANGE
23efe6f9-ddd7-490a-ad17-ce42cc8653f3,ソード・シールド,S11a,白熱のアルカナ,swsh11a_ja,093,エネルギーつけかえ,MUR,UR,UR,https://assets.tcgdex.net/ja/S/S11a/093/high.webp,RARITY_CHANGE
424f54b9-fb02-4c8c-8320-8539d0846bef,SVシリーズ,SV8a,テラスタルフェスex,sv8a_ja,197,ビワ,ー,SR,SR,https://assets.tcgdex.net/ja/SV/SV8a/197/high.webp,RARITY_CHANGE
08bc6d9b-0147-452e-85bd-b37ad71c4045,SVシリーズ,SV8a,テラスタルフェスex,sv8a_ja,198,メロコ,ー,SR,SR,https://assets.tcgdex.net/ja/SV/SV8a/198/high.webp,RARITY_CHANGE
535cc85a-06ef-46e2-8dc0-7fe60231f578,SVシリーズ,SV8a,テラスタルフェスex,sv8a_ja,199,レホール,ー,SR,SR,https://assets.tcgdex.net/ja/SV/SV8a/199/high.webp,RARITY_CHANGE
766a16c6-d590-45c6-8c05-112a4777f853,ソード・シールド,S12,パラダイムトリガー,swsh12_ja,099,ブリガロンV,,SR,SR,https://assets.tcgdex.net/ja/S/S12/099/high.webp,RARITY_CHANGE
737afb8b-933c-4ae8-b3c5-1a5e26c84495,ソード・シールド,S12,パラダイムトリガー,swsh12_ja,100,オムスターV,,SR,SR,https://assets.tcgdex.net/ja/S/S12/100/high.webp,RARITY_CHANGE
9fd36894-51b1-492a-8ae8-c93948d37a91,ソード・シールド,S12,パラダイムトリガー,swsh12_ja,101,レジエレキV,,SR,SR,https://assets.tcgdex.net/ja/S/S12/101/high.webp,RARITY_CHANGE
62794fe0-defb-487b-b891-3e419d6973dc,ソード・シールド,S12,パラダイムトリガー,swsh12_ja,102,アンノーンV,,SR,SR,https://assets.tcgdex.net/ja/S/S12/102/high.webp,RARITY_CHANGE
fdcc22a7-9253-4c30-849e-1dd635af4f5e,ソード・シールド,S12,パラダイムトリガー,swsh12_ja,103,アンノーンV,,SR,SR,https://assets.tcgdex.net/ja/S/S12/103/high.webp,RARITY_CHANGE
20908876-5f38-41de-a523-840e417f7d88,ソード・シールド,S12,パラダイムトリガー,swsh12_ja,104,ヒスイ ウインディV,,SR,SR,https://assets.tcgdex.net/ja/S/S12/104/high.webp,RARITY_CHANGE
6b844aa8-1a96-47c1-bef9-b03a0b9fa5bf,ソード・シールド,S12,パラダイムトリガー,swsh12_ja,105,スカタンクV,,SR,SR,https://assets.tcgdex.net/ja/S/S12/105/high.webp,RARITY_CHANGE
919570bc-2108-4cd0-8b6e-7f8d672f3880,ソード・シールド,S12,パラダイムトリガー,swsh12_ja,106,スカタンクV,,SR,SR,https://assets.tcgdex.net/ja/S/S12/106/high.webp,RARITY_CHANGE
294f7ea4-84f7-4c21-8463-4fc4145298f8,ソード・シールド,S12,パラダイムトリガー,swsh12_ja,107,レジドラゴV,,SR,SR,https://assets.tcgdex.net/ja/S/S12/107/high.webp,RARITY_CHANGE
c8d2ca76-223c-4325-8f93-a15833b7ff7d,ソード・シールド,S12,パラダイムトリガー,swsh12_ja,108,レジドラゴV,,SR,SR,https://assets.tcgdex.net/ja/S/S12/108/high.webp,RARITY_CHANGE
93d6f5c2-272a-4517-8b8d-bbd47fb4eb42,ソード・シールド,S12,パラダイムトリガー,swsh12_ja,109,ルギアV,,SR,SR,https://assets.tcgdex.net/ja/S/S12/109/high.webp,RARITY_CHANGE
0d84ddde-e58e-4c92-b369-17e79803d9c2,ソード・シールド,S12,パラダイムトリガー,swsh12_ja,110,ルギアV,,SR,SR,https://assets.tcgdex.net/ja/S/S12/110/high.webp,RARITY_CHANGE
015b4319-5e47-428e-b39d-6ffc46cd3073,ソード・シールド,S12,パラダイムトリガー,swsh12_ja,115,レジエレキVMAX,,HR,HR,https://assets.tcgdex.net/ja/S/S12/115/high.webp,RARITY_CHANGE
f90bbfae-3b14-497e-8f26-d82392b9724d,ソード・シールド,S12,パラダイムトリガー,swsh12_ja,116,アンノーンVSTAR,,HR,HR,https://assets.tcgdex.net/ja/S/S12/116/high.webp,RARITY_CHANGE
bbd54273-c3dc-448f-9042-ce2a200459f7,ソード・シールド,S12,パラダイムトリガー,swsh12_ja,117,レジドラゴVSTAR,,HR,HR,https://assets.tcgdex.net/ja/S/S12/117/high.webp,RARITY_CHANGE
12bbf824-1e0a-40f9-bb3e-3ae004bc677b,ソード・シールド,S12,パラダイムトリガー,swsh12_ja,118,ルギアVSTAR,,HR,HR,https://assets.tcgdex.net/ja/S/S12/118/high.webp,RARITY_CHANGE
c5c32cde-6d96-44ef-a788-5c337c4c593c,ソード・シールド,S12,パラダイムトリガー,swsh12_ja,119,さぎょういん,,HR,HR,https://assets.tcgdex.net/ja/S/S12/119/high.webp,RARITY_CHANGE
72858cb4-2a84-4be9-9d9f-d9b5e40d3ebe,ソード・シールド,S12,パラダイムトリガー,swsh12_ja,120,ジンダイ,,HR,HR,https://assets.tcgdex.net/ja/S/S12/120/high.webp,RARITY_CHANGE
a4a84e9b-05de-4744-a953-8048699648df,ソード・シールド,S12,パラダイムトリガー,swsh12_ja,121,スズナ,,HR,HR,https://assets.tcgdex.net/ja/S/S12/121/high.webp,RARITY_CHANGE
1fa6a586-ef81-4850-9070-406d8009cdb2,ソード・シールド,S12,パラダイムトリガー,swsh12_ja,122,ワタル,,HR,HR,https://assets.tcgdex.net/ja/S/S12/122/high.webp,RARITY_CHANGE
3f1d481c-316b-4487-aada-a92e275f5e5a,ソード・シールド,S12,パラダイムトリガー,swsh12_ja,123,ルギアVSTAR,,UR,UR,https://assets.tcgdex.net/ja/S/S12/123/high.webp,RARITY_CHANGE
27de521d-e7b0-4189-91a9-8b2085374d18,ソード・シールド,S12,パラダイムトリガー,swsh12_ja,124,葉隠れポンチョ,,UR,UR,https://assets.tcgdex.net/ja/S/S12/124/high.webp,RARITY_CHANGE
34332e9d-83bb-46b9-9b54-483b731aefdb,ソード・シールド,S12,パラダイムトリガー,swsh12_ja,125,大口の沼,,UR,UR,https://assets.tcgdex.net/ja/S/S12/125/high.webp,RARITY_CHANGE
b37d7056-4eb6-41e9-81fe-139aedf9d8d5,ソード・シールド,S9,スターバース,swsh9_ja,115,チェレンの気くばり,,SR,SR,https://assets.tcgdex.net/ja/S/S9/115/high.webp,RARITY_CHANGE
4ed4cdf9-5c1e-4da9-a3f2-483edb735bdf,ソード・シールド,S9,スターバース,swsh9_ja,116,ハマナのバックアップ,,SR,SR,https://assets.tcgdex.net/ja/S/S9/116/high.webp,RARITY_CHANGE
8f67a48e-d262-44cc-a6ba-e3204f84081d,ソード・シールド,S9,スターバース,swsh9_ja,101,シェイミV,,SR,SR,https://assets.tcgdex.net/ja/S/S9/101/high.webp,RARITY_CHANGE
dc4bb86a-5977-4733-a2c9-ce7ec6fd9551,ソード・シールド,S9,スターバース,swsh9_ja,102,リザードンV,,SR,SR,https://assets.tcgdex.net/ja/S/S9/102/high.webp,RARITY_CHANGE
b3a53964-4c95-4ffa-a245-cb3b5ff18e09,ソード・シールド,S9,スターバース,swsh9_ja,103,リザードンV,,SR,SR,https://assets.tcgdex.net/ja/S/S9/103/high.webp,RARITY_CHANGE
f8c90810-04e6-48ac-98a2-fa724a1e86a8,ソード・シールド,S9,スターバース,swsh9_ja,104,ネオラントV,,SR,SR,https://assets.tcgdex.net/ja/S/S9/104/high.webp,RARITY_CHANGE
7a9a3d75-1ea9-4c4f-a4fa-f142d21d2db1,SVシリーズ,SV4K,古代の咆哮,sv4k_ja,068,ブビィ,,AR,AR,https://assets.tcgdex.net/ja/SV/SV4K/068/high.webp,RARITY_CHANGE
93ad4b76-ed37-4f1e-ae1a-b9d197cd4ca1,ソード・シールド,S9,スターバース,swsh9_ja,105,ネオラントV,,SR,SR,https://assets.tcgdex.net/ja/S/S9/105/high.webp,RARITY_CHANGE
cc2dc55a-c1db-4bc4-b22a-18831e38c953,ソード・シールド,S9,スターバース,swsh9_ja,106,ライチュウV,,SR,SR,https://assets.tcgdex.net/ja/S/S9/106/high.webp,RARITY_CHANGE
3ea4884d-b407-482c-b006-f7611ed5e17d,ソード・シールド,S9,スターバース,swsh9_ja,107,エルフーンV,,SR,SR,https://assets.tcgdex.net/ja/S/S9/107/high.webp,RARITY_CHANGE
737e2961-9829-4e1b-a552-4453fe4edd63,ソード・シールド,S9,スターバース,swsh9_ja,108,ドンカラスV,,SR,SR,https://assets.tcgdex.net/ja/S/S9/108/high.webp,RARITY_CHANGE
0ba865b4-ef71-4297-ac02-ee0c5459b576,ソード・シールド,S9,スターバース,swsh9_ja,109,ドンカラスV,,SR,SR,https://assets.tcgdex.net/ja/S/S9/109/high.webp,RARITY_CHANGE
c74cd42c-fca7-4c64-8652-066056e4e1b9,ソード・シールド,S9,スターバース,swsh9_ja,110,フライゴンV,,SR,SR,https://assets.tcgdex.net/ja/S/S9/110/high.webp,RARITY_CHANGE
dfb5a622-4ec5-48b3-ac7b-4d813019e00e,ソード・シールド,S9,スターバース,swsh9_ja,111,アルセウスV,,SR,SR,https://assets.tcgdex.net/ja/S/S9/111/high.webp,RARITY_CHANGE
c182bacc-a6d4-43c2-8ea9-547bab8b6a91,ソード・シールド,S9,スターバース,swsh9_ja,112,アルセウスV,,SR,SR,https://assets.tcgdex.net/ja/S/S9/112/high.webp,RARITY_CHANGE
8340154c-2835-4cda-8348-2d1af77e7a09,ソード・シールド,S9,スターバース,swsh9_ja,113,キャンプファイヤー,,SR,SR,https://assets.tcgdex.net/ja/S/S9/113/high.webp,RARITY_CHANGE
ac70c018-de2b-4a54-9db1-6b0bde6e1197,ソード・シールド,S9,スターバース,swsh9_ja,114,シロナの覇気,,SR,SR,https://assets.tcgdex.net/ja/S/S9/114/high.webp,RARITY_CHANGE
706fa768-0f15-4bc5-bb9f-aeb6bf8b0992,ソード・シールド,S9,スターバース,swsh9_ja,117,シェイミVSTAR,,HR,HR,https://assets.tcgdex.net/ja/S/S9/117/high.webp,RARITY_CHANGE
e131d00c-abf9-49e7-b33c-fbed2d84ecb0,ソード・シールド,S9,スターバース,swsh9_ja,118,リザードンVSTAR,,HR,HR,https://assets.tcgdex.net/ja/S/S9/118/high.webp,RARITY_CHANGE
de0a3b5b-2ffa-41ad-9736-fd2575ce28d4,ソード・シールド,S9,スターバース,swsh9_ja,119,エルフーンVSTAR,,HR,HR,https://assets.tcgdex.net/ja/S/S9/119/high.webp,RARITY_CHANGE
5b70c04f-b765-4e80-af80-8720ffe8e1ef,ソード・シールド,S9,スターバース,swsh9_ja,120,アルセウスVSTAR,,HR,HR,https://assets.tcgdex.net/ja/S/S9/120/high.webp,RARITY_CHANGE
4acb63fe-8167-4198-af59-5382399a1a07,ソード・シールド,S9,スターバース,swsh9_ja,121,キャンプファイヤー,,HR,HR,https://assets.tcgdex.net/ja/S/S9/121/high.webp,RARITY_CHANGE
faa4b764-d834-40fd-8602-b44a02f0bcb7,ソード・シールド,S9,スターバース,swsh9_ja,122,シロナの覇気,,HR,HR,https://assets.tcgdex.net/ja/S/S9/122/high.webp,RARITY_CHANGE
43853ced-8c75-4d77-b652-7fc79e89f2e5,ソード・シールド,S9,スターバース,swsh9_ja,123,チェレンの気くばり,,HR,HR,https://assets.tcgdex.net/ja/S/S9/123/high.webp,RARITY_CHANGE
9f7f5eb9-c21d-41c7-96f3-3286adb4a13b,ソード・シールド,S9,スターバース,swsh9_ja,124,ハマナのバックアップ,,HR,HR,https://assets.tcgdex.net/ja/S/S9/124/high.webp,RARITY_CHANGE
68ecdb4b-8d75-4670-975b-32d7e1314202,ソード・シールド,S9,スターバース,swsh9_ja,125,アルセウスVSTAR,,UR,UR,https://assets.tcgdex.net/ja/S/S9/125/high.webp,RARITY_CHANGE
0a5be876-e72d-42ec-accf-e90694ada4b5,ソード・シールド,S9,スターバース,swsh9_ja,126,ハイパーボール,,UR,UR,https://assets.tcgdex.net/ja/S/S9/126/high.webp,RARITY_CHANGE
05ffae4e-a040-4658-8869-92d2d888cabc,ソード・シールド,S9,スターバース,swsh9_ja,127,マグマの滝壺,,UR,UR,https://assets.tcgdex.net/ja/S/S9/127/high.webp,RARITY_CHANGE
8338e5d7-4533-43da-9188-fb772a24d379,SVシリーズ,SV4a,レイジングサーフ,sv4a_ja,241,ルクシオ,,S,Shiny Rare,https://assets.tcgdex.net/ja/SV/SV4a/241/high.webp,RARITY_CHANGE
def7ec28-38f6-44de-a903-2b07ea7a3a26,ソード・シールド,S9a,バトルリージョン,swsh9a_ja,069,シャンデラ,,CHR,CHR,https://assets.tcgdex.net/ja/S/S9a/069/high.webp,RARITY_CHANGE
e53dac61-752d-4e46-9c44-c8726bec85a7,ソード・シールド,S9a,バトルリージョン,swsh9a_ja,068,ロズレイド,,CHR,CHR,https://assets.tcgdex.net/ja/S/S9a/068/high.webp,RARITY_CHANGE
038bb74b-73f3-46df-a5df-7f365e4a7885,ソード・シールド,S9a,バトルリージョン,swsh9a_ja,070,アヤシシ,,CHR,CHR,https://assets.tcgdex.net/ja/S/S9a/070/high.webp,RARITY_CHANGE
f4fefc34-b0c1-4983-8c3b-56d849708729,ソード・シールド,S9a,バトルリージョン,swsh9a_ja,071,バサギリ,,CHR,CHR,https://assets.tcgdex.net/ja/S/S9a/071/high.webp,RARITY_CHANGE
6592f21e-7efc-446e-a651-b9dd6b0c8cc8,ソード・シールド,S9a,バトルリージョン,swsh9a_ja,072,グラエナ,,CHR,CHR,https://assets.tcgdex.net/ja/S/S9a/072/high.webp,RARITY_CHANGE
3a293368-8b25-40b3-80b1-32d09afd8597,ソード・シールド,S9a,バトルリージョン,swsh9a_ja,073,ホーホー,,CHR,CHR,https://assets.tcgdex.net/ja/S/S9a/073/high.webp,RARITY_CHANGE
d2b4e523-bd0c-4c0b-8cbc-6523856e6092,ソード・シールド,S9a,バトルリージョン,swsh9a_ja,074,ビリジオンV,,SR,SR,https://assets.tcgdex.net/ja/S/S9a/074/high.webp,RARITY_CHANGE
efeeb105-c952-4b96-b29b-c8e6fd1d6cfd,ソード・シールド,S9a,バトルリージョン,swsh9a_ja,075,スターミーV,,SR,SR,https://assets.tcgdex.net/ja/S/S9a/075/high.webp,RARITY_CHANGE
14bc44bf-14d2-4ea8-96f8-1e850ed4cfe0,ソード・シールド,S9a,バトルリージョン,swsh9a_ja,076,ヒスイ バクフーンV,,SR,SR,https://assets.tcgdex.net/ja/S/S9a/076/high.webp,RARITY_CHANGE
393b39ed-624a-4e2e-8bea-7c36ed9084e1,ソード・シールド,S9a,バトルリージョン,swsh9a_ja,077,ヒスイ ジュナイパーV,,SR,SR,https://assets.tcgdex.net/ja/S/S9a/077/high.webp,RARITY_CHANGE
95efc361-1e7d-4ae0-9d11-eecf2599e385,ソード・シールド,S9a,バトルリージョン,swsh9a_ja,078,ヒスイ ダイケンキV,,SR,SR,https://assets.tcgdex.net/ja/S/S9a/078/high.webp,RARITY_CHANGE
a67cdcef-95e0-47a9-b7ec-9b247386d45c,ソード・シールド,S9a,バトルリージョン,swsh9a_ja,079,ガブリアスV,,SR,SR,https://assets.tcgdex.net/ja/S/S9a/079/high.webp,RARITY_CHANGE
059fedeb-0075-4155-b209-d8f61788ec95,ソード・シールド,S9a,バトルリージョン,swsh9a_ja,080,シマボシ,,SR,SR,https://assets.tcgdex.net/ja/S/S9a/080/high.webp,RARITY_CHANGE
4ae222e8-08a5-4ac2-ad22-ea170690a984,ソード・シールド,S9a,バトルリージョン,swsh9a_ja,081,ツツジ,,SR,SR,https://assets.tcgdex.net/ja/S/S9a/081/high.webp,RARITY_CHANGE
580b2f02-9117-4a06-b596-15fc08b6b9d4,ソード・シールド,S9a,バトルリージョン,swsh9a_ja,082,デンボク,,SR,SR,https://assets.tcgdex.net/ja/S/S9a/082/high.webp,RARITY_CHANGE
88be1474-1d6c-4f4f-9332-8c68804ffa8f,ソード・シールド,S9a,バトルリージョン,swsh9a_ja,083,スターミーV,,CSR,CSR,https://assets.tcgdex.net/ja/S/S9a/083/high.webp,RARITY_CHANGE
733c5df2-a96b-4960-8aa7-e71d851549e5,ソード・シールド,S9a,バトルリージョン,swsh9a_ja,085,ヒスイ バクフーンVSTAR,,HR,HR,https://assets.tcgdex.net/ja/S/S9a/085/high.webp,RARITY_CHANGE
dfa259e0-0094-40b7-bf0d-b1e58ca3ae48,ソード・シールド,S9a,バトルリージョン,swsh9a_ja,086,ヒスイ ジュナイパーVSTAR,,HR,HR,https://assets.tcgdex.net/ja/S/S9a/086/high.webp,RARITY_CHANGE
a1afe90d-dc8f-4818-bee0-d3dbdcbd164f,ソード・シールド,S9a,バトルリージョン,swsh9a_ja,087,ヒスイ ダイケンキVSTAR,,HR,HR,https://assets.tcgdex.net/ja/S/S9a/087/high.webp,RARITY_CHANGE
edf1600c-6491-4a5a-95e6-f2e1f87ed55e,ソード・シールド,S9a,バトルリージョン,swsh9a_ja,089,ツツジ,,HR,HR,https://assets.tcgdex.net/ja/S/S9a/089/high.webp,RARITY_CHANGE
9f926524-11de-4b12-ae5e-ade316c52041,ソード・シールド,S9a,バトルリージョン,swsh9a_ja,090,デンボク,,HR,HR,https://assets.tcgdex.net/ja/S/S9a/090/high.webp,RARITY_CHANGE
5c3d1cdb-d432-4c84-911c-b147fea028f1,ソード・シールド,S9a,バトルリージョン,swsh9a_ja,091,ヒスイ ダイケンキVSTAR,,UR,UR,https://assets.tcgdex.net/ja/S/S9a/091/high.webp,RARITY_CHANGE
d6ac0de8-1e0c-4ddc-9d65-29ee5fb2b0a9,ソード・シールド,S9a,バトルリージョン,swsh9a_ja,092,こだわりベルト,,UR,UR,https://assets.tcgdex.net/ja/S/S9a/092/high.webp,RARITY_CHANGE
8be19df2-8afc-4e95-81f4-f08942651ca7,ソード・シールド,S9a,バトルリージョン,swsh9a_ja,093,コトブキムラ,,UR,UR,https://assets.tcgdex.net/ja/S/S9a/093/high.webp,RARITY_CHANGE
d2154101-664e-4fd0-9f33-0f4376368089,SVシリーズ,SV9,バトルパートナーズ,sv9_ja,112,ホップのウールー,ー,AR,AR,https://assets.tcgdex.net/ja/SV/SV9/112/high.webp,RARITY_CHANGE
671d0931-db4a-4da4-b1d8-a9d883867e59,SVシリーズ,SV8a,テラスタルフェスex,sv8a_ja,201,オーガポン みどりのめんex,ー,SAR,SAR,https://assets.tcgdex.net/ja/SV/SV8a/201/high.webp,RARITY_CHANGE
18bb9c35-8426-40af-a816-1b154e2de9ee,ソード・シールド,S5I,一撃マスター,swsh5i_ja,085,いちげきウーラオスVMAX,UR,HR,HR,,RARITY_CHANGE
6b26e158-2222-4195-94f3-b1ec9133899a,ソード・シールド,S6H,白銀のランス,swsh6h_ja,085,はくばバドレックスVMAX,UR,HR,HR,,RARITY_CHANGE
e8aa6504-34f4-4993-b68d-589befd762cc,ソード・シールド,S6K,漆黒のガイスト,swsh6k_ja,086,こくばバドレックスVMAX,UR,HR,HR,,RARITY_CHANGE
f7a0c680-8b45-4877-8d7e-48402809b58c,ソード・シールド,S7D,摩天パーフェクト,swsh7d_ja,083,ジュラルドンVMAX,UR,HR,HR,,RARITY_CHANGE
c016194a-7295-46a8-af5e-0571b680af40,ソード・シールド,S8,フュージョンアーツ,swsh8_ja,119,ミュウVMAX,UR,HR,HR,,RARITY_CHANGE
faf5f839-5ef0-4046-95d1-b0582f1c8afd,ソード・シールド,S9a,バトルリージョン,swsh9a_ja,088,シマボシ,,HR,HR,https://assets.tcgdex.net/ja/S/S9a/088/high.webp,RARITY_CHANGE
db44b7e3-54e7-4774-8520-0a5ab49ea51e,SMシリーズ,SM12a,TAG TEAM GX タッグオールスターズ,sm12a_ja,077,ダークライ,旧裏R,PR,PR,,RARITY_CHANGE
