card_id,set_code,card_number,card_name,current_rarity,scrydex_rarity,scrydex_label,status,scrydex_url
ea686f3d-bb8e-4557-b5af-ef19032ddf2e,M-P,001,チコリータ,PROMO,PROMO,プロモ,MATCH,https://scrydex.com/pokemon/cards/chikorita/mp_ja-1
143bb980-81dc-434c-96cc-e57ba6382f7d,M-P,010,基本炎エネルギー,PROMO,PROMO,プロモ,MATCH,https://scrydex.com/pokemon/cards/basic-fire-energy/mp_ja-10
09af60da-b375-405b-8c02-fc0a3294e547,M-P,100,ヒカリ,PROMO,PROMO,プロモ,MATCH,https://scrydex.com/pokemon/cards/dawn/mp_ja-100
63a333a6-551b-4c6e-9420-5c29ed35b7cb,M-P,101,フシギダネ,PROMO,PROMO,プロモ,MATCH,https://scrydex.com/pokemon/cards/bulbasaur/mp_ja-101
05d96b09-9f61-43c8-b6f2-6d17281db8a9,M-P,102,ヒトカゲ,PROMO,PROMO,プロモ,MATCH,https://scrydex.com/pokemon/cards/charmander/mp_ja-102
5bc8e1f4-427d-4929-9c82-73a75cffe428,M-P,103,ゼニガメ,PROMO,PROMO,プロモ,MATCH,https://scrydex.com/pokemon/cards/squirtle/mp_ja-103
469074a8-66ac-40e4-9c69-d1768e3346fa,M-P,104,チコリータ,PROMO,PROMO,プロモ,MATCH,https://scrydex.com/pokemon/cards/chikorita/mp_ja-104
1e300b93-d99f-4414-8ab3-748ace1f316d,M-P,105,ヒノアラシ,PROMO,PROMO,プロモ,MATCH,https://scrydex.com/pokemon/cards/cyndaquil/mp_ja-105
a9b45193-33e4-4683-adac-fc94edb6bd45,M-P,106,ワニノコ,PROMO,PROMO,プロモ,MATCH,https://scrydex.com/pokemon/cards/totodile/mp_ja-106
f6dcc7f1-7e5a-4787-bc5a-51832fb0199a,M-P,107,キモリ,PROMO,PROMO,プロモ,MATCH,https://scrydex.com/pokemon/cards/treecko/mp_ja-107
9cd12912-f8eb-4ded-94a3-869053dcda5a,M-P,108,アチャモ,PROMO,PROMO,プロモ,MATCH,https://scrydex.com/pokemon/cards/torchic/mp_ja-108
89ba2131-907b-4fe3-9a64-6bc5a306839c,M-P,109,ミズゴロウ,PROMO,PROMO,プロモ,MATCH,https://scrydex.com/pokemon/cards/mudkip/mp_ja-109
2ef34251-ccdd-481c-85a7-665438ce0903,M-P,011,基本水エネルギー,PROMO,PROMO,プロモ,MATCH,https://scrydex.com/pokemon/cards/basic-water-energy/mp_ja-11
4a7ec91b-ee0b-42fe-aef9-49d2d7398e54,M-P,110,ナエトル,PROMO,PROMO,プロモ,MATCH,https://scrydex.com/pokemon/cards/turtwig/mp_ja-110
17d74ee3-3250-496f-be1d-dc4544bc2b6e,M-P,111,ヒコザル,PROMO,PROMO,プロモ,MATCH,https://scrydex.com/pokemon/cards/chimchar/mp_ja-111
c4056d54-877f-4aa8-b05e-67f19a4e2b41,M-P,112,ポッチャマ,PROMO,PROMO,プロモ,MATCH,https://scrydex.com/pokemon/cards/piplup/mp_ja-112
96b7aaf3-f4a9-48b3-a038-9a525ec3475c,M-P,113,ツタージャ,PROMO,PROMO,プロモ,MATCH,https://scrydex.com/pokemon/cards/snivy/mp_ja-113
d2796643-baf1-47be-b49b-6d76989d32ff,M-P,114,ポカブ,PROMO,PROMO,プロモ,MATCH,https://scrydex.com/pokemon/cards/tepig/mp_ja-114
caf759b2-3bab-4a49-bf71-be2ada5b4ac0,M-P,115,ミジュマル,PROMO,PROMO,プロモ,MATCH,https://scrydex.com/pokemon/cards/oshawott/mp_ja-115
d2f86938-6bfb-4c1b-a8d6-55a26bd64aed,M-P,116,ハリマロン,PROMO,PROMO,プロモ,MATCH,https://scrydex.com/pokemon/cards/chespin/mp_ja-116
9f0836b5-3ee7-4084-a5f9-f39148a9cb87,M-P,117,フォッコ,PROMO,PROMO,プロモ,MATCH,https://scrydex.com/pokemon/cards/fennekin/mp_ja-117
1343af8d-7a56-4fec-befa-d765e48d5388,M-P,118,ケロマツ,PROMO,PROMO,プロモ,MATCH,https://scrydex.com/pokemon/cards/froakie/mp_ja-118
70dc43c8-4d13-41ab-a1be-c3c9b554508f,M-P,119,モクロー,PROMO,PROMO,プロモ,MATCH,https://scrydex.com/pokemon/cards/rowlet/mp_ja-119
655646ef-8f0f-41ff-988f-f50d978470e2,M-P,012,基本雷エネルギー,PROMO,PROMO,プロモ,MATCH,https://scrydex.com/pokemon/cards/basic-lightning-energy/mp_ja-12
f11b81e6-6a89-4e2a-97ee-3ce9f3f2c7ca,M-P,120,ニャビー,PROMO,PROMO,プロモ,MATCH,https://scrydex.com/pokemon/cards/litten/mp_ja-120
2c1e14fd-8860-41d2-8043-10694d94c803,M-P,121,アシマリ,PROMO,PROMO,プロモ,MATCH,https://scrydex.com/pokemon/cards/popplio/mp_ja-121
a0497bd1-a49a-4fc6-a484-e41d345571fe,M-P,122,サルノリ,PROMO,PROMO,プロモ,MATCH,https://scrydex.com/pokemon/cards/grookey/mp_ja-122
4a102e00-83ff-4e09-858a-6c157a110cd7,M-P,123,ヒバニー,PROMO,PROMO,プロモ,MATCH,https://scrydex.com/pokemon/cards/scorbunny/mp_ja-123
0242a086-a036-4026-a34b-99b4f15212e6,M-P,124,メッソン,PROMO,PROMO,プロモ,MATCH,https://scrydex.com/pokemon/cards/sobble/mp_ja-124
f67a3ef0-e8ad-41dd-aee7-c22982246941,M-P,125,ニャオハ,PROMO,PROMO,プロモ,MATCH,https://scrydex.com/pokemon/cards/sprigatito/mp_ja-125
91cfc855-fdbd-4da4-b47c-ea19bd5dcd2b,M-P,126,ホゲータ,PROMO,PROMO,プロモ,MATCH,https://scrydex.com/pokemon/cards/fuecoco/mp_ja-126
2e2deff3-e0f4-4cc0-b61d-5c35e820ed54,M-P,127,クワッス,PROMO,PROMO,プロモ,MATCH,https://scrydex.com/pokemon/cards/quaxly/mp_ja-127
1b015dc3-b97a-4155-9113-dccdeb717cd0,M-P,013,基本超エネルギー,PROMO,PROMO,プロモ,MATCH,https://scrydex.com/pokemon/cards/basic-psychic-energy/mp_ja-13
e9312a71-e7cf-4cc6-b94a-87c2dfe6dc6a,M-P,131,ピカチュウex,PROMO,PROMO,プロモ,MATCH,https://scrydex.com/pokemon/cards/pikachu-ex/mp_ja-131
acc92da3-79f3-4602-876b-4f1479044d24,M-P,132,ピカチュウex,PROMO,PROMO,プロモ,MATCH,https://scrydex.com/pokemon/cards/pikachu-ex/mp_ja-132
a7cfbb2c-eb3d-48fc-b391-28878bbabb55,M-P,133,ピカチュウ,PROMO,PROMO,プロモ,MATCH,https://scrydex.com/pokemon/cards/pikachu/mp_ja-133
7474e2b2-7ee7-4b62-a225-9c25ba3416bf,M-P,134,イーブイ,PROMO,PROMO,プロモ,MATCH,https://scrydex.com/pokemon/cards/eevee/mp_ja-134
4b1d7228-88b5-4c29-b16d-8d0a43ad75c3,M-P,137,メガエルレイドex,PROMO,PROMO,プロモ,MATCH,https://scrydex.com/pokemon/cards/mega-gallade-ex/mp_ja-137
c324438e-e831-4ae1-80a7-9a6d4b1bb9f1,M-P,138,コソクムシ,PROMO,PROMO,プロモ,MATCH,https://scrydex.com/pokemon/cards/wimpod/mp_ja-138
92ac9e22-7a46-405a-902c-8bdfd7607201,M-P,139,メガシャリタツex,PROMO,PROMO,プロモ,MATCH,https://scrydex.com/pokemon/cards/mega-tatsugiri-ex/mp_ja-139
7ccb069c-55e3-4e76-b8c8-72397e1dfca6,M-P,014,基本闘エネルギー,PROMO,PROMO,プロモ,MATCH,https://scrydex.com/pokemon/cards/basic-fighting-energy/mp_ja-14
0bca1881-5507-4c7d-841c-0773e21e1905,M-P,140,シビシラス,PROMO,PROMO,プロモ,MATCH,https://scrydex.com/pokemon/cards/tynamo/mp_ja-140
7e5bc586-3223-444d-b9b4-51859b2b0101,M-P,141,ミネズミ,PROMO,PROMO,プロモ,MATCH,https://scrydex.com/pokemon/cards/patrat/mp_ja-141
e19cc9b1-1793-4a24-903a-c893949ce79e,M-P,142,スペシャルレッドカード,PROMO,PROMO,プロモ,MATCH,https://scrydex.com/pokemon/cards/special-red-card/mp_ja-142
5a220e49-b2cb-4492-bffe-fe6d1315d870,M-P,143,デウロ,PROMO,PROMO,プロモ,MATCH,https://scrydex.com/pokemon/cards/lida/mp_ja-143
ed0ec0b8-5355-4d82-9411-9f23555dc953,M-P,144,ボスの指令,PROMO,PROMO,プロモ,MATCH,https://scrydex.com/pokemon/cards/bosss-orders/mp_ja-144
2428a0dc-2df4-435b-8060-6c43b7f63ea8,M-P,015,基本悪エネルギー,PROMO,PROMO,プロモ,MATCH,https://scrydex.com/pokemon/cards/basic-darkness-energy/mp_ja-15
0eb40bc2-7e85-45b5-a730-66b261a7f9dc,M-P,155,リオル,PROMO,,,NOT_FOUND_ON_SCRYDEX,
b953a8e3-8c6d-4f09-b78e-568a5c7b8487,M-P,016,基本鋼エネルギー,PROMO,PROMO,プロモ,MATCH,https://scrydex.com/pokemon/cards/basic-metal-energy/mp_ja-16
b6ebb382-68b9-416d-8602-13bdfc9ce11b,M-P,164,メガゼラオラex,PROMO,,,NOT_FOUND_ON_SCRYDEX,
36880130-93e0-4a26-ba39-6204b0a408a3,M-P,017,ニャオハ,PROMO,PROMO,プロモ,MATCH,https://scrydex.com/pokemon/cards/sprigatito/mp_ja-17
c75f90e6-a9e0-4840-aea7-06b3f591ec8d,M-P,018,ホゲータ,PROMO,PROMO,プロモ,MATCH,https://scrydex.com/pokemon/cards/fuecoco/mp_ja-18
2cd92809-340e-4b34-9d06-a577c9171c6b,M-P,019,クワッス,PROMO,PROMO,プロモ,MATCH,https://scrydex.com/pokemon/cards/quaxly/mp_ja-19
aa9a4c41-1f8b-4e75-a5fc-1ba0575b5323,M-P,002,ラプラスex,PROMO,PROMO,プロモ,MATCH,https://scrydex.com/pokemon/cards/lapras-ex/mp_ja-2
34ba8223-c68f-4335-9084-0efb7e896b5d,M-P,020,ピカチュウ,PROMO,PROMO,プロモ,MATCH,https://scrydex.com/pokemon/cards/pikachu/mp_ja-20
7f7ab1cc-0581-4851-9085-8e1ae839a16b,M-P,021,ラルトス,PROMO,PROMO,プロモ,MATCH,https://scrydex.com/pokemon/cards/ralts/mp_ja-21
2a2c5df4-2793-4373-a2e5-f6bd94868313,M-P,022,リオル,PROMO,PROMO,プロモ,MATCH,https://scrydex.com/pokemon/cards/riolu/mp_ja-22
b04b7e00-93c9-4d96-8413-c11615e9a417,M-P,023,基本草エネルギー,PROMO,PROMO,プロモ,MATCH,https://scrydex.com/pokemon/cards/basic-grass-energy/mp_ja-23
2e8814cd-c6c0-4392-9e07-bb1c656f7552,M-P,024,基本炎エネルギー,PROMO,PROMO,プロモ,MATCH,https://scrydex.com/pokemon/cards/basic-fire-energy/mp_ja-24
8e8bacd5-e609-4f47-9cf9-2c23515f9ac2,M-P,025,基本水エネルギー,PROMO,PROMO,プロモ,MATCH,https://scrydex.com/pokemon/cards/basic-water-energy/mp_ja-25
bbcd9f31-e108-4f7c-b5b5-c7ab9720b842,M-P,026,基本雷エネルギー,PROMO,PROMO,プロモ,MATCH,https://scrydex.com/pokemon/cards/basic-lightning-energy/mp_ja-26
43af2370-9d69-46d3-b1fd-bfb2f2505d4a,M-P,027,基本超エネルギー,PROMO,PROMO,プロモ,MATCH,https://scrydex.com/pokemon/cards/basic-psychic-energy/mp_ja-27
ae767a6c-7cbd-4f31-8def-b9c0428e373e,M-P,028,基本闘エネルギー,PROMO,PROMO,プロモ,MATCH,https://scrydex.com/pokemon/cards/basic-fighting-energy/mp_ja-28
aed7d0ed-120a-4d46-817b-59ec7877289b,M-P,029,基本悪エネルギー,PROMO,PROMO,プロモ,MATCH,https://scrydex.com/pokemon/cards/basic-darkness-energy/mp_ja-29
1dde06e7-0e12-4bf6-a7b0-f72f1e53d783,M-P,003,マシマシラ,PROMO,PROMO,プロモ,MATCH,https://scrydex.com/pokemon/cards/munkidori/mp_ja-3
cabdc5c7-544a-4464-a6fa-e2b5512dc4bc,M-P,030,基本鋼エネルギー,PROMO,PROMO,プロモ,MATCH,https://scrydex.com/pokemon/cards/basic-metal-energy/mp_ja-30
e9eaa42e-1097-4090-b4ad-198e778a5286,M-P,031,夜のタンカ,PROMO,PROMO,プロモ,MATCH,https://scrydex.com/pokemon/cards/night-stretcher/mp_ja-31
c9842fc4-a0c3-4a97-86f6-3d19d01401c3,M-P,032,ラティアスex,PROMO,PROMO,プロモ,MATCH,https://scrydex.com/pokemon/cards/latias-ex/mp_ja-32
b947b24e-3618-4325-a264-3069eb79d6f9,M-P,033,おいわいファンファーレ,PROMO,PROMO,プロモ,MATCH,https://scrydex.com/pokemon/cards/celebratory-fanfare/mp_ja-33
20cfb15a-54d9-4e95-9d2d-ff1c673df154,M-P,034,シェイミ,PROMO,PROMO,プロモ,MATCH,https://scrydex.com/pokemon/cards/shaymin/mp_ja-34
ba0ff829-934b-45fb-945c-a82f4e1fbfc1,M-P,035,基本草エネルギー,PROMO,PROMO,プロモ,MATCH,https://scrydex.com/pokemon/cards/basic-grass-energy/mp_ja-35
333dfa66-39af-45bd-a682-6cd66bddf09f,M-P,036,基本炎エネルギー,PROMO,PROMO,プロモ,MATCH,https://scrydex.com/pokemon/cards/basic-fire-energy/mp_ja-36
ca0a0b91-06da-41e8-9da5-6bead81c9a28,M-P,037,基本水エネルギー,PROMO,PROMO,プロモ,MATCH,https://scrydex.com/pokemon/cards/basic-water-energy/mp_ja-37
2dd78ad2-7341-4f66-9784-ebf9175c2f34,M-P,038,基本雷エネルギー,PROMO,PROMO,プロモ,MATCH,https://scrydex.com/pokemon/cards/basic-lightning-energy/mp_ja-38
1daf54d9-e1f4-459f-aee4-9bc2c829e1f9,M-P,039,基本超エネルギー,PROMO,PROMO,プロモ,MATCH,https://scrydex.com/pokemon/cards/basic-psychic-energy/mp_ja-39
2bd306cc-5eff-4453-9115-7ef99a9b1a08,M-P,004,マクノシタ,PROMO,PROMO,プロモ,MATCH,https://scrydex.com/pokemon/cards/makuhita/mp_ja-4
a171fcf7-8dc1-4f7d-acd8-06b08afe97f4,M-P,040,基本闘エネルギー,PROMO,PROMO,プロモ,MATCH,https://scrydex.com/pokemon/cards/basic-fighting-energy/mp_ja-40
01af1a3b-e791-4e75-a704-d515f6b1ce0b,M-P,041,基本悪エネルギー,PROMO,PROMO,プロモ,MATCH,https://scrydex.com/pokemon/cards/basic-darkness-energy/mp_ja-41
4723d8de-ed88-4cd6-b232-7fc698b2bbec,M-P,042,基本鋼エネルギー,PROMO,PROMO,プロモ,MATCH,https://scrydex.com/pokemon/cards/basic-metal-energy/mp_ja-42
b7737bdf-f3d8-4e47-9b21-afe20bced99e,M-P,043,ロケット団のミュウツーex,PROMO,PROMO,プロモ,MATCH,https://scrydex.com/pokemon/cards/team-rockets-mewtwo-ex/mp_ja-43
476c727d-c568-4979-a825-265ceb3d1cd0,M-P,044,ブレイブバングル,PROMO,PROMO,プロモ,MATCH,https://scrydex.com/pokemon/cards/brave-bangle/mp_ja-44
4bfa85c9-b58d-46f5-9c5a-d95a89e3d167,M-P,045,リザード,PROMO,PROMO,プロモ,MATCH,https://scrydex.com/pokemon/cards/charmeleon/mp_ja-45
c3d356ee-8650-4bbb-82a2-9ba72d861310,M-P,046,ワルビアルex,PROMO,PROMO,プロモ,MATCH,https://scrydex.com/pokemon/cards/krookodile-ex/mp_ja-46
f6a4e72c-783d-4204-9eb3-4be867933dfb,M-P,047,エレズン,PROMO,PROMO,プロモ,MATCH,https://scrydex.com/pokemon/cards/toxel/mp_ja-47
cde39ffa-6e16-403c-80a9-009a9656e050,M-P,048,ノココッチ,PROMO,PROMO,プロモ,MATCH,https://scrydex.com/pokemon/cards/dudunsparce/mp_ja-48
c73ff988-3f85-4aed-a5f0-120a6b9a9538,M-P,049,逆境ほけん,PROMO,PROMO,プロモ,MATCH,https://scrydex.com/pokemon/cards/adversity-policy/mp_ja-49
27d5f890-5b4e-42bf-9ea2-900d45d2480c,M-P,005,あなあけスコップ,PROMO,PROMO,プロモ,MATCH,https://scrydex.com/pokemon/cards/hole-digging-shovel/mp_ja-5
5e347a3f-6927-44d4-8779-cbdad1452b1a,M-P,050,ふうせん,PROMO,PROMO,プロモ,MATCH,https://scrydex.com/pokemon/cards/air-balloon/mp_ja-50
65bd94bf-567d-4004-bbb5-dea9b20c7535,M-P,051,トウコ,PROMO,PROMO,プロモ,MATCH,https://scrydex.com/pokemon/cards/hilda/mp_ja-51
7acd6f7d-f883-4f1c-b409-35803822be7e,M-P,053,ペパー,PROMO,PROMO,プロモ,MATCH,https://scrydex.com/pokemon/cards/arven/mp_ja-53
16fa6de9-ee3f-46d0-9125-43f672bfeed6,M-P,054,デデンネGX,PROMO,PROMO,プロモ,MATCH,https://scrydex.com/pokemon/cards/dedenne-gx/mp_ja-54
a20533e8-f11f-437a-861c-16c0e1845e08,M-P,055,ミカルゲ,PROMO,PROMO,プロモ,MATCH,https://scrydex.com/pokemon/cards/spiritomb/mp_ja-55
1054a9fe-69d3-4d47-be63-8d9fd5089211,M-P,056,ホルビー,PROMO,PROMO,プロモ,MATCH,https://scrydex.com/pokemon/cards/bunnelby/mp_ja-56
fde79522-6744-4a95-90f6-6500800a9798,M-P,057,スペシャルチャージ,PROMO,PROMO,プロモ,MATCH,https://scrydex.com/pokemon/cards/special-charge/mp_ja-57
81e670d1-d9c5-41cb-932b-5119a6b086ed,M-P,058,トレーナーズポスト,PROMO,PROMO,プロモ,MATCH,https://scrydex.com/pokemon/cards/trainers-mail/mp_ja-58
63944c8c-eb26-44c5-a88c-1ead00233be9,M-P,059,バトルコンプレッサー,PROMO,PROMO,プロモ,MATCH,https://scrydex.com/pokemon/cards/battle-compressor/mp_ja-59
06e81921-5abd-4052-a434-6197452a6adf,M-P,006,カウンターゲイン,PROMO,PROMO,プロモ,MATCH,https://scrydex.com/pokemon/cards/counter-gain/mp_ja-6
63e8a336-4013-4af2-beec-ea5c6d554ee3,M-P,060,バトルサーチャー,PROMO,PROMO,プロモ,MATCH,https://scrydex.com/pokemon/cards/vs-seeker/mp_ja-60
03f563e4-8b00-4316-9602-52fd21627b31,M-P,061,フィールドブロアー,PROMO,PROMO,プロモ,MATCH,https://scrydex.com/pokemon/cards/field-blower/mp_ja-61
992b8e3f-d81e-41d7-84a6-d780e1dad2ef,M-P,062,かるいし,PROMO,PROMO,プロモ,MATCH,https://scrydex.com/pokemon/cards/float-stone/mp_ja-62
298f618b-b9b1-45b5-a9f0-59f02d30df1d,M-P,063,プルメリ,PROMO,PROMO,プロモ,MATCH,https://scrydex.com/pokemon/cards/plumeria/mp_ja-63
95f52186-168e-461b-a36f-7f1e800d48dc,M-P,064,パラレルシティ,PROMO,PROMO,プロモ,MATCH,https://scrydex.com/pokemon/cards/parallel-city/mp_ja-64
6eb75514-c9e8-40de-8a45-ce015c5b753e,M-P,065,ダブルドラゴンエネルギー,PROMO,PROMO,プロモ,MATCH,https://scrydex.com/pokemon/cards/double-dragon-energy/mp_ja-65
24726778-bb0e-4f3a-b00e-3778da456d9b,M-P,066,ラルトス,PROMO,PROMO,プロモ,MATCH,https://scrydex.com/pokemon/cards/ralts/mp_ja-66
554c2620-b101-41ef-a84c-1b37a9e84497,M-P,067,キルリア,PROMO,PROMO,プロモ,MATCH,https://scrydex.com/pokemon/cards/kirlia/mp_ja-67
1113d4c7-cbb1-415b-929c-6819d1ae862c,M-P,068,メガエルレイドex,PROMO,PROMO,プロモ,MATCH,https://scrydex.com/pokemon/cards/mega-gallade-ex/mp_ja-68
ceacbc40-2210-4633-994e-58e42060896e,M-P,069,パワープロテイン,PROMO,PROMO,プロモ,MATCH,https://scrydex.com/pokemon/cards/premium-power-pro/mp_ja-69
fb3354be-7374-4a66-be92-f290ab4da48d,M-P,007,リーリエの決心,PROMO,PROMO,プロモ,MATCH,https://scrydex.com/pokemon/cards/lillies-determination/mp_ja-7
e0d78920-4f7d-4a92-b83b-22419053c0d2,M-P,070,ヤドン,PROMO,PROMO,プロモ,MATCH,https://scrydex.com/pokemon/cards/slowpoke/mp_ja-70
d177709d-cfc9-4f8b-9e85-14620daf812d,M-P,071,メガヤドランex,PROMO,PROMO,プロモ,MATCH,https://scrydex.com/pokemon/cards/mega-slowbro-ex/mp_ja-71
a70046fe-cd93-4834-965d-bc49ff36716d,M-P,072,ジーランス,PROMO,PROMO,プロモ,MATCH,https://scrydex.com/pokemon/cards/relicanth/mp_ja-72
24115894-433b-430a-95e0-d678ed425068,M-P,073,カメテテ,PROMO,PROMO,プロモ,MATCH,https://scrydex.com/pokemon/cards/binacle/mp_ja-73
c81c173b-de4e-4794-8c68-01a93f730078,M-P,074,ブレイブバングル,PROMO,PROMO,プロモ,MATCH,https://scrydex.com/pokemon/cards/brave-bangle/mp_ja-74
6359a9f5-ce11-4503-944a-276d0a079fc3,M-P,075,ジェット,PROMO,PROMO,プロモ,MATCH,https://scrydex.com/pokemon/cards/jett/mp_ja-75
1f27a111-5ec8-48e3-9825-498ee7fa7e47,M-P,076,ミツルの思いやり,PROMO,PROMO,プロモ,MATCH,https://scrydex.com/pokemon/cards/wallys-compassion/mp_ja-76
48b17816-4d5c-41ef-bd45-28b056a67f78,M-P,008,メガシグナル,PROMO,PROMO,プロモ,MATCH,https://scrydex.com/pokemon/cards/mega-signal/mp_ja-8
67a20221-cdf6-4212-95e1-f63924b904b0,M-P,085,ポケパッド,PROMO,PROMO,プロモ,MATCH,https://scrydex.com/pokemon/cards/pok-pad/mp_ja-85
ea83a857-3eac-43e4-92fa-bd2839b60ace,M-P,086,メガガルーラex,PROMO,PROMO,プロモ,MATCH,https://scrydex.com/pokemon/cards/mega-kangaskhan-ex/mp_ja-86
b32c75da-df16-47d3-897c-0dfd9c49987a,M-P,087,基本草エネルギー,PROMO,PROMO,プロモ,MATCH,https://scrydex.com/pokemon/cards/basic-grass-energy/mp_ja-87
4b3d2f0a-b294-4f0d-8e1e-e1108daf54da,M-P,088,基本炎エネルギー,PROMO,PROMO,プロモ,MATCH,https://scrydex.com/pokemon/cards/basic-fire-energy/mp_ja-88
35a1523e-67a0-4687-86a1-47bfd18faa1c,M-P,089,基本水エネルギー,PROMO,PROMO,プロモ,MATCH,https://scrydex.com/pokemon/cards/basic-water-energy/mp_ja-89
ba0a1dda-90d4-460e-906e-eed30f3b3d31,M-P,009,基本草エネルギー,PROMO,PROMO,プロモ,MATCH,https://scrydex.com/pokemon/cards/basic-grass-energy/mp_ja-9
849ccd65-0b8f-412d-8f4f-ba41d5b2dc8c,M-P,090,基本雷エネルギー,PROMO,PROMO,プロモ,MATCH,https://scrydex.com/pokemon/cards/basic-lightning-energy/mp_ja-90
828defa3-f361-4ac0-9ee6-6e9dd03f66be,M-P,091,基本超エネルギー,PROMO,PROMO,プロモ,MATCH,https://scrydex.com/pokemon/cards/basic-psychic-energy/mp_ja-91
68ac8109-90c8-44e6-b7ad-97fb4ed36355,M-P,092,基本闘エネルギー,PROMO,PROMO,プロモ,MATCH,https://scrydex.com/pokemon/cards/basic-fighting-energy/mp_ja-92
35613163-60ff-4ecc-9289-fe7dad41414e,M-P,093,基本悪エネルギー,PROMO,PROMO,プロモ,MATCH,https://scrydex.com/pokemon/cards/basic-darkness-energy/mp_ja-93
660a8a08-1490-405d-b410-ec2b490ac69e,M-P,094,基本鋼エネルギー,PROMO,PROMO,プロモ,MATCH,https://scrydex.com/pokemon/cards/basic-metal-energy/mp_ja-94
4ce16681-66cc-40c7-a3d0-98b59ad8bdfe,M-P,095,シェイミ,PROMO,PROMO,プロモ,MATCH,https://scrydex.com/pokemon/cards/shaymin/mp_ja-95
b35459ce-eef7-4b4b-b543-716daa62f7a7,M-P,096,メガマフォクシーex,PROMO,PROMO,プロモ,MATCH,https://scrydex.com/pokemon/cards/mega-delphox-ex/mp_ja-96
f5f02e1e-3888-49b2-b339-9642dec791a3,M-P,097,パウワウ,PROMO,PROMO,プロモ,MATCH,https://scrydex.com/pokemon/cards/seel/mp_ja-97
be183e27-64ef-4e03-a190-8c9555d96236,M-P,098,シュシュプ,PROMO,PROMO,プロモ,MATCH,https://scrydex.com/pokemon/cards/spritzee/mp_ja-98
a27bb62b-fd4c-438e-b42d-13c701f2f84c,M-P,099,グリ,PROMO,PROMO,プロモ,MATCH,https://scrydex.com/pokemon/cards/grisham/mp_ja-99
624b0e2f-e99e-4e17-b83d-2695091cf5d9,M1L,001,フシギダネ,C,C,通常,MATCH,https://scrydex.com/pokemon/cards/bulbasaur/m1l_ja-1
37a233e0-82ee-4adb-b2d0-74528354e1e8,M1L,010,ロコン,C,C,通常,MATCH,https://scrydex.com/pokemon/cards/vulpix/m1l_ja-10
7c4b24cb-16dc-47b0-bd30-ea2618a2d3dd,M1L,011,キュウコン,U,U,非,MATCH,https://scrydex.com/pokemon/cards/ninetales/m1l_ja-11
eb6a7e9a-e4b8-46ac-98ab-a07e01531758,M1L,012,ドンメル,C,C,通常,MATCH,https://scrydex.com/pokemon/cards/numel/m1l_ja-12
0f5caae3-2122-4f59-82f3-70800d468652,M1L,013,メガバクーダex,RR,RR,ダブルレア,MATCH,https://scrydex.com/pokemon/cards/mega-camerupt-ex/m1l_ja-13
8971aceb-4dd4-4871-a4cd-5f7e05c04d97,M1L,014,ボルケニオン,U,U,非,MATCH,https://scrydex.com/pokemon/cards/volcanion/m1l_ja-14
d2f11d2e-f4f2-4617-8d53-c8aa2b959add,M1L,015,ヒバニー,C,C,通常,MATCH,https://scrydex.com/pokemon/cards/scorbunny/m1l_ja-15
b477c0ad-04a2-42fa-8407-ae4ae665e9bb,M1L,016,ラビフット,C,C,通常,MATCH,https://scrydex.com/pokemon/cards/raboot/m1l_ja-16
b3a1ebc3-2a19-4a6a-bf83-3b5cfac93cc3,M1L,017,エースバーン,R,R,希少,MATCH,https://scrydex.com/pokemon/cards/cinderace/m1l_ja-17
31e619cb-c092-49f4-b9a2-20c06cf42fcc,M1L,018,ヘイガニ,C,C,通常,MATCH,https://scrydex.com/pokemon/cards/corphish/m1l_ja-18
7f895edc-ba2f-42c0-8b63-d949edbefbd3,M1L,019,コレクレー,C,C,通常,MATCH,https://scrydex.com/pokemon/cards/gimmighoul/m1l_ja-19
0ec70e81-23c1-4be8-8ddb-f878f02ecd24,M1L,002,フシギソウ,C,C,通常,MATCH,https://scrydex.com/pokemon/cards/ivysaur/m1l_ja-2
265167de-7eeb-4127-86bc-c5bffde59909,M1L,020,サンド,C,C,通常,MATCH,https://scrydex.com/pokemon/cards/sandshrew/m1l_ja-20
6c98affe-6a74-4ddd-a058-a8f9c4704aa4,M1L,021,サンドパン,C,C,通常,MATCH,https://scrydex.com/pokemon/cards/sandslash/m1l_ja-21
15962c98-7a22-493f-bdd6-e21fab673e32,M1L,022,イワーク,C,C,通常,MATCH,https://scrydex.com/pokemon/cards/onix/m1l_ja-22
cb57208e-2361-4c43-8627-ce2ce2e285ab,M1L,023,バルキー,C,C,通常,MATCH,https://scrydex.com/pokemon/cards/tyrogue/m1l_ja-23
ad4d1943-a5e0-4a10-bb19-0fbd0c0ad7f2,M1L,024,マクノシタ,C,C,通常,MATCH,https://scrydex.com/pokemon/cards/makuhita/m1l_ja-24
0471c5d6-586e-4cde-9505-12a176a2ba64,M1L,025,ハリテヤマ,R,R,希少,MATCH,https://scrydex.com/pokemon/cards/hariyama/m1l_ja-25
0ad9e613-54fa-4527-9a86-dacbdb1bc18b,M1L,026,ルナトーン,R,R,希少,MATCH,https://scrydex.com/pokemon/cards/lunatone/m1l_ja-26
2bdbb719-4e7e-4de8-be73-3b999ed74006,M1L,027,ソルロック,U,U,非,MATCH,https://scrydex.com/pokemon/cards/solrock/m1l_ja-27
3cb040d6-d555-45dd-8e0f-394c3d79f591,M1L,028,リオル,C,C,通常,MATCH,https://scrydex.com/pokemon/cards/riolu/m1l_ja-28
cdbf21c0-7984-458e-a904-1ac8835df63b,M1L,029,メガルカリオex,RR,RR,ダブルレア,MATCH,https://scrydex.com/pokemon/cards/mega-lucario-ex/m1l_ja-29
b03605e4-e049-42e9-b424-9e11d20fb37c,M1L,003,メガフシギバナex,RR,RR,ダブルレア,MATCH,https://scrydex.com/pokemon/cards/mega-venusaur-ex/m1l_ja-3
013c4cb8-34b8-4d16-8cf2-b0322c68d177,M1L,030,グレッグル,C,C,通常,MATCH,https://scrydex.com/pokemon/cards/croagunk/m1l_ja-30
d3534c31-3be3-40d6-b721-b09dba55333d,M1L,031,ドクロッグ,C,C,通常,MATCH,https://scrydex.com/pokemon/cards/toxicroak/m1l_ja-31
d7aaa08b-b6be-4585-9124-b334455175d7,M1L,032,マーシャドー,U,U,非,MATCH,https://scrydex.com/pokemon/cards/marshadow/m1l_ja-32
c957b47c-fd05-4865-8af7-0dd26243ddc1,M1L,033,イシヘンジン,U,U,非,MATCH,https://scrydex.com/pokemon/cards/stonjourner/m1l_ja-33
18b91ede-0c32-4f67-9f9a-ce28b0c95108,M1L,034,コジオ,C,C,通常,MATCH,https://scrydex.com/pokemon/cards/nacli/m1l_ja-34
e077b974-eaf5-4c01-9478-117caf716743,M1L,035,ジオヅム,C,C,通常,MATCH,https://scrydex.com/pokemon/cards/naclstack/m1l_ja-35
158ea8d5-0860-449b-a6b3-b267c38b8814,M1L,036,キョジオーン,U,U,非,MATCH,https://scrydex.com/pokemon/cards/garganacl/m1l_ja-36
7669bbdb-7ffd-4d2e-9366-5a0fc3be473a,M1L,037,シザリガー,U,U,非,MATCH,https://scrydex.com/pokemon/cards/crawdaunt/m1l_ja-37
813234d9-1fb4-4eb3-a237-6f9576873f2a,M1L,038,メガアブソルex,RR,RR,ダブルレア,MATCH,https://scrydex.com/pokemon/cards/mega-absol-ex/m1l_ja-38
d4d8f95c-365c-40af-a83e-fedef96db087,M1L,039,ミカルゲ,U,U,非,MATCH,https://scrydex.com/pokemon/cards/spiritomb/m1l_ja-39
3c74759c-812a-44b1-8177-e2215f1d58aa,M1L,004,タマタマ,C,C,通常,MATCH,https://scrydex.com/pokemon/cards/exeggcute/m1l_ja-4
6d6cf1af-c720-4900-b4fe-d1134310ea0a,M1L,040,イベルタル,R,R,希少,MATCH,https://scrydex.com/pokemon/cards/yveltal/m1l_ja-40
de88a373-21c4-40ac-b90e-9fa0694aee4a,M1L,041,クスネ,C,C,通常,MATCH,https://scrydex.com/pokemon/cards/nickit/m1l_ja-41
7b1025cd-8547-4164-950e-c92f127b30fa,M1L,042,フォクスライ,C,C,通常,MATCH,https://scrydex.com/pokemon/cards/thievul/m1l_ja-42
11d70553-2417-4645-9e9b-e78170f6065e,M1L,043,シルシュルー,C,C,通常,MATCH,https://scrydex.com/pokemon/cards/shroodle/m1l_ja-43
22898c9b-0d55-4cbd-9549-3bf0be148cd3,M1L,044,タギングル,C,C,通常,MATCH,https://scrydex.com/pokemon/cards/grafaiai/m1l_ja-44
dee5e37e-b61c-4edb-9e01-2c6d82de52d0,M1L,045,ハガネール,R,R,希少,MATCH,https://scrydex.com/pokemon/cards/steelix/m1l_ja-45
d4d07788-dd12-4559-8893-a0b83793bf2e,M1L,046,メガクチートex,RR,RR,ダブルレア,MATCH,https://scrydex.com/pokemon/cards/mega-mawile-ex/m1l_ja-46
ce3d293d-480a-4fa1-bc48-bf96b0f5233c,M1L,047,ディアルガ,R,R,希少,MATCH,https://scrydex.com/pokemon/cards/dialga/m1l_ja-47
b2e01932-7e0e-4e3c-ad41-3fb6d61ec8eb,M1L,048,カヌチャン,C,C,通常,MATCH,https://scrydex.com/pokemon/cards/tinkatink/m1l_ja-48
f3505b4e-0064-44c9-8e05-a70047871833,M1L,049,ナカヌチャン,C,C,通常,MATCH,https://scrydex.com/pokemon/cards/tinkatuff/m1l_ja-49
83656b04-7dc8-4d77-8a6a-6d1e21c54081,M1L,005,ナッシー,U,U,非,MATCH,https://scrydex.com/pokemon/cards/exeggutor/m1l_ja-5
1c50fed0-e4f8-4f23-9754-e491ac852f96,M1L,050,デカヌチャン,U,U,非,MATCH,https://scrydex.com/pokemon/cards/tinkaton/m1l_ja-50
65015e6c-696e-4d0c-8783-9c0227a55712,M1L,051,サーフゴー,U,U,非,MATCH,https://scrydex.com/pokemon/cards/gholdengo/m1l_ja-51
87689acf-d1e8-4b1b-83d6-5c9509cf574a,M1L,052,オニスズメ,C,C,通常,MATCH,https://scrydex.com/pokemon/cards/spearow/m1l_ja-52
f0d1f63e-9056-4a0c-a87f-7132695fdf89,M1L,053,オニドリル,C,C,通常,MATCH,https://scrydex.com/pokemon/cards/fearow/m1l_ja-53
55e3f18c-cfb9-4f58-a752-af2809cb2d12,M1L,054,ミルタンク,C,C,通常,MATCH,https://scrydex.com/pokemon/cards/miltank/m1l_ja-54
184dd032-8ac6-45d9-bdba-cb1f50ba7b4a,M1L,055,ヤングース,C,C,通常,MATCH,https://scrydex.com/pokemon/cards/yungoos/m1l_ja-55
b804ce2d-141a-4820-89f5-66e09320f2cb,M1L,056,デカグース,U,U,非,MATCH,https://scrydex.com/pokemon/cards/gumshoos/m1l_ja-56
18575057-abba-4dbe-a5a4-a50ffe27eff9,M1L,057,アイアンディフェンダー,U,U,非,MATCH,https://scrydex.com/pokemon/cards/iron-x-defense/m1l_ja-57
a992d4ab-e095-435d-84f7-557bd5f003a1,M1L,058,パワープロテイン,U,U,非,MATCH,https://scrydex.com/pokemon/cards/premium-power-pro/m1l_ja-58
8c0391d9-0700-4d37-b4fc-d48b7c112fb8,M1L,059,ファイトゴング,U,U,非,MATCH,https://scrydex.com/pokemon/cards/fight-gong/m1l_ja-59
9e528fa8-4721-4649-8fab-ebb7efe256bc,M1L,006,セレビィ,U,U,非,MATCH,https://scrydex.com/pokemon/cards/celebi/m1l_ja-6
2708a8e4-caf8-47a5-8608-3ffd51183256,M1L,060,むしよけスプレー,U,U,非,MATCH,https://scrydex.com/pokemon/cards/repel/m1l_ja-60
0bcee64e-be67-48ad-bedf-b6fd8fd0f0ff,M1L,061,マチスの取引,U,U,非,MATCH,https://scrydex.com/pokemon/cards/lt-surges-deal/m1l_ja-61
dc8a9f41-73db-4c97-9f5e-5a724044c70c,M1L,062,リーリエの決心,U,U,非,MATCH,https://scrydex.com/pokemon/cards/lillies-determination/m1l_ja-62
bc93a41a-4c3d-4404-ad6b-e5287bc484b1,M1L,063,危ない廃墟,U,U,非,MATCH,https://scrydex.com/pokemon/cards/dangerous-ruins/m1l_ja-63
879b13c1-ac8e-4e6c-9478-53e282e7e164,M1L,064,フシギダネ,AR,AR,アートレア,MATCH,https://scrydex.com/pokemon/cards/bulbasaur/m1l_ja-64
8d4b8a09-ab2e-4123-b991-d5c6bf5f8663,M1L,065,フシギソウ,AR,AR,アートレア,MATCH,https://scrydex.com/pokemon/cards/ivysaur/m1l_ja-65
d0dc54f1-183b-4ffb-a844-d15e54989f2f,M1L,066,ナッシー,AR,AR,アートレア,MATCH,https://scrydex.com/pokemon/cards/exeggutor/m1l_ja-66
e7a813c3-177d-4c87-b53b-5a37a03a3c82,M1L,067,ロコン,AR,AR,アートレア,MATCH,https://scrydex.com/pokemon/cards/vulpix/m1l_ja-67
6b7e7407-1930-4e86-a36f-aeaf2d8a7a03,M1L,068,リオル,AR,AR,アートレア,MATCH,https://scrydex.com/pokemon/cards/riolu/m1l_ja-68
c85b2d8f-8ca5-42cd-a1c5-cd1c351746b2,M1L,069,マーシャドー,AR,AR,アートレア,MATCH,https://scrydex.com/pokemon/cards/marshadow/m1l_ja-69
e8304e5c-86b0-4045-8960-2b15b1536dab,M1L,007,タネボー,C,C,通常,MATCH,https://scrydex.com/pokemon/cards/seedot/m1l_ja-7
32ac3c3c-1b90-43a0-b0ea-23baca55e151,M1L,070,キョジオーン,AR,AR,アートレア,MATCH,https://scrydex.com/pokemon/cards/garganacl/m1l_ja-70
6b98eb74-0b0f-4c1e-913a-04d5f88c8bb0,M1L,071,ミカルゲ,AR,AR,アートレア,MATCH,https://scrydex.com/pokemon/cards/spiritomb/m1l_ja-71
26789c27-e17f-4a36-aa37-ffab0778a28f,M1L,072,シルシュルー,AR,AR,アートレア,MATCH,https://scrydex.com/pokemon/cards/shroodle/m1l_ja-72
83be8a04-f3aa-4fea-baac-4fcf8080d24c,M1L,073,ハガネール,AR,AR,アートレア,MATCH,https://scrydex.com/pokemon/cards/steelix/m1l_ja-73
04706ee1-040d-475e-b495-b8169a74fde0,M1L,074,オニスズメ,AR,AR,アートレア,MATCH,https://scrydex.com/pokemon/cards/spearow/m1l_ja-74
a489b24b-5fd1-4bd6-b581-9b38de8dfdd9,M1L,075,デカグース,AR,AR,アートレア,MATCH,https://scrydex.com/pokemon/cards/gumshoos/m1l_ja-75
cce71919-6d57-40ce-ac18-331b2b4a1af6,M1L,076,メガフシギバナex,SR,SR,スーパーレア,MATCH,https://scrydex.com/pokemon/cards/mega-venusaur-ex/m1l_ja-76
f74ba674-c1af-405b-a1fe-15aed6306aa2,M1L,077,メガバクーダex,SR,SR,スーパーレア,MATCH,https://scrydex.com/pokemon/cards/mega-camerupt-ex/m1l_ja-77
1f115df0-1297-404f-b84a-79a8c0e3ed76,M1L,078,メガルカリオex,SR,SR,スーパーレア,MATCH,https://scrydex.com/pokemon/cards/mega-lucario-ex/m1l_ja-78
ecf17aa4-2dfa-481c-815e-090eedba6246,M1L,079,メガアブソルex,SR,SR,スーパーレア,MATCH,https://scrydex.com/pokemon/cards/mega-absol-ex/m1l_ja-79
8d234a91-fd8a-4d6e-9452-e5abed9a8624,M1L,008,コノハナ,C,C,通常,MATCH,https://scrydex.com/pokemon/cards/nuzleaf/m1l_ja-8
9709ec41-46fe-4ebd-be72-278049ae1f8a,M1L,080,メガクチートex,SR,SR,スーパーレア,MATCH,https://scrydex.com/pokemon/cards/mega-mawile-ex/m1l_ja-80
c1451455-7f6b-4cf9-96f6-746c8772f0e5,M1L,081,パワープロテイン,SR,SR,スーパーレア,MATCH,https://scrydex.com/pokemon/cards/premium-power-pro/m1l_ja-81
1a000041-0fe4-4578-bdd2-038c85ae1c4d,M1L,082,ファイトゴング,SR,SR,スーパーレア,MATCH,https://scrydex.com/pokemon/cards/fight-gong/m1l_ja-82
b652b28b-0f9d-4420-b091-52e78ae30c43,M1L,083,夜のタンカ,SR,SR,スーパーレア,MATCH,https://scrydex.com/pokemon/cards/night-stretcher/m1l_ja-83
c6c0833a-a95e-4836-8fc8-598c6ecfb028,M1L,084,ふうせん,SR,SR,スーパーレア,MATCH,https://scrydex.com/pokemon/cards/air-balloon/m1l_ja-84
e7971e5f-bd4b-49ab-911a-33991d0226dc,M1L,085,マチスの取引,SR,SR,スーパーレア,MATCH,https://scrydex.com/pokemon/cards/lt-surges-deal/m1l_ja-85
e02eb134-8a52-4ae7-bfd0-16cde74e100b,M1L,086,リーリエの決心,SR,SR,スーパーレア,MATCH,https://scrydex.com/pokemon/cards/lillies-determination/m1l_ja-86
b34a3514-edaa-4880-bf6e-4e75a108fccd,M1L,087,メガフシギバナex,SAR,SAR,スペシャルアートレア,MATCH,https://scrydex.com/pokemon/cards/mega-venusaur-ex/m1l_ja-87
6b33160a-d97f-4283-9796-77b141a63213,M1L,088,メガルカリオex,SAR,SAR,スペシャルアートレア,MATCH,https://scrydex.com/pokemon/cards/mega-lucario-ex/m1l_ja-88
a64edd4f-1cc3-4f1c-b2b9-d5cb08b95e2c,M1L,089,メガアブソルex,SAR,SAR,スペシャルアートレア,MATCH,https://scrydex.com/pokemon/cards/mega-absol-ex/m1l_ja-89
ab29e788-48e6-41cc-89c5-270b04a2e800,M1L,009,ダーテング,U,U,非,MATCH,https://scrydex.com/pokemon/cards/shiftry/m1l_ja-9
08b7e0c8-d6d4-45b2-ac85-489a38204133,M1L,090,マチスの取引,SAR,SAR,スペシャルアートレア,MATCH,https://scrydex.com/pokemon/cards/lt-surges-deal/m1l_ja-90
6203a115-809a-4a3b-8edb-c90664d38b62,M1L,091,リーリエの決心,SAR,SAR,スペシャルアートレア,MATCH,https://scrydex.com/pokemon/cards/lillies-determination/m1l_ja-91
edbdacf0-4fa8-4d19-9919-0d3a7afef289,M1L,092,メガルカリオex,MUR,MUR,超ウルトラレア,MATCH,https://scrydex.com/pokemon/cards/mega-lucario-ex/m1l_ja-92
6891d94e-1811-4c0d-a8c9-4eeeee958486,M1S,001,モンジャラ,C,C,通常,MATCH,https://scrydex.com/pokemon/cards/tangela/m1s_ja-1
a19bc5df-0b22-4f54-a586-350a3e95fac4,M1S,010,シシコ,C,C,通常,MATCH,https://scrydex.com/pokemon/cards/litleo/m1s_ja-10
21c1dd6c-8f62-4fbc-8e3d-6367ea9f05ff,M1S,011,カエンジシ,U,U,非,MATCH,https://scrydex.com/pokemon/cards/pyroar/m1s_ja-11
141b0ef9-21e3-4b00-a519-0e40e02bc1f0,M1S,012,ヤクデ,C,C,通常,MATCH,https://scrydex.com/pokemon/cards/sizzlipede/m1s_ja-12
8bc771d0-425e-4004-88df-4ca8863c5ff5,M1S,013,マルヤクデ,U,U,非,MATCH,https://scrydex.com/pokemon/cards/centiskorch/m1s_ja-13
47222fec-48fc-42f1-ad9b-00fa8065b2ce,M1S,014,イーユイ,U,U,非,MATCH,https://scrydex.com/pokemon/cards/chi-yu/m1s_ja-14
b2ec94e7-b924-4036-9ee0-b3529ff5b9ab,M1S,015,マンタイン,C,C,通常,MATCH,https://scrydex.com/pokemon/cards/mantine/m1s_ja-15
5bba70c2-19ad-4ae3-b15f-125dcf44ff86,M1S,016,カイオーガ,R,R,希少,MATCH,https://scrydex.com/pokemon/cards/kyogre/m1s_ja-16
b91c5d87-22cb-4b7b-8e72-fae414c136d3,M1S,017,ユキカブリ,C,C,通常,MATCH,https://scrydex.com/pokemon/cards/snover/m1s_ja-17
5483bf6c-9519-4274-94cc-34a66e42d037,M1S,018,メガユキノオーex,RR,RR,ダブルレア,MATCH,https://scrydex.com/pokemon/cards/mega-abomasnow-ex/m1s_ja-18
4a5c310e-affa-45d4-a314-a4cfb8d775d9,M1S,019,ウデッポウ,C,C,通常,MATCH,https://scrydex.com/pokemon/cards/clauncher/m1s_ja-19
b53b4db6-d6a6-4004-9c08-e25e3571b3d4,M1S,002,モジャンボ,U,U,非,MATCH,https://scrydex.com/pokemon/cards/tangrowth/m1s_ja-2
81dabcbe-9e0b-41a0-8117-39009861d6d4,M1S,020,ブロスター,R,R,希少,MATCH,https://scrydex.com/pokemon/cards/clawitzer/m1s_ja-20
fc826a61-9f26-4fed-865f-99cff5e71e6f,M1S,021,メッソン,C,C,通常,MATCH,https://scrydex.com/pokemon/cards/sobble/m1s_ja-21
79352509-0296-44e7-8337-b378d6efad32,M1S,022,ジメレオン,C,C,通常,MATCH,https://scrydex.com/pokemon/cards/drizzile/m1s_ja-22
96e1d690-849a-4fa2-8b47-8ad104db1198,M1S,023,インテレオン,U,U,非,MATCH,https://scrydex.com/pokemon/cards/inteleon/m1s_ja-23
34517a16-e477-4e58-971b-66976fc74d9b,M1S,024,ユキハミ,C,C,通常,MATCH,https://scrydex.com/pokemon/cards/snom/m1s_ja-24
d541c0a9-3b0c-4af8-91ff-0a4329e5995d,M1S,025,モスノウ,U,U,非,MATCH,https://scrydex.com/pokemon/cards/frosmoth/m1s_ja-25
47792d9d-b5ec-489d-b77f-326d13e3bdab,M1S,026,コオリッポ,C,C,通常,MATCH,https://scrydex.com/pokemon/cards/eiscue/m1s_ja-26
fa0cc4c4-206f-4452-a929-c3bc9ab9aa17,M1S,027,コイル,C,C,通常,MATCH,https://scrydex.com/pokemon/cards/magnemite/m1s_ja-27
d67585ad-073d-4aaa-ad41-ec45cbf73d22,M1S,028,レアコイル,C,C,通常,MATCH,https://scrydex.com/pokemon/cards/magneton/m1s_ja-28
37792bc4-c7f4-425a-a166-8a93187c516a,M1S,029,ジバコイル,U,U,非,MATCH,https://scrydex.com/pokemon/cards/magnezone/m1s_ja-29
f0a0d8af-3136-4b6e-91e9-b868e41ec1dc,M1S,003,チコリータ,C,C,通常,MATCH,https://scrydex.com/pokemon/cards/chikorita/m1s_ja-3
6f549bd2-29ae-44d4-b402-300bfe6f0d4d,M1S,030,ライコウ,R,R,希少,MATCH,https://scrydex.com/pokemon/cards/raikou/m1s_ja-30
c1efe84c-8a9f-473a-8b88-91c24b55287e,M1S,031,ラクライ,C,C,通常,MATCH,https://scrydex.com/pokemon/cards/electrike/m1s_ja-31
d29eb22d-2985-4132-8827-b73aba0b0b81,M1S,032,メガライボルトex,RR,RR,ダブルレア,MATCH,https://scrydex.com/pokemon/cards/mega-manectric-ex/m1s_ja-32
221d4305-8730-4449-9bbd-bf69280c9783,M1S,033,パチリス,C,C,通常,MATCH,https://scrydex.com/pokemon/cards/pachirisu/m1s_ja-33
a82191a0-b558-47ce-a33a-935b26a4bf27,M1S,034,エリキテル,C,C,通常,MATCH,https://scrydex.com/pokemon/cards/helioptile/m1s_ja-34
22fcb755-f918-431e-a1ec-20f81db80f52,M1S,035,エレザード,C,C,通常,MATCH,https://scrydex.com/pokemon/cards/heliolisk/m1s_ja-35
b0aded09-4804-43f3-b158-6cada8335d19,M1S,036,ケーシィ,C,C,通常,MATCH,https://scrydex.com/pokemon/cards/abra/m1s_ja-36
b360a49b-7167-41cf-9f9c-e899d5278caa,M1S,037,ユンゲラー,U,U,非,MATCH,https://scrydex.com/pokemon/cards/kadabra/m1s_ja-37
72beeaa5-6d62-49ce-a437-ed0f767f9a0f,M1S,038,フーディン,R,R,希少,MATCH,https://scrydex.com/pokemon/cards/alakazam/m1s_ja-38
339accc4-ee85-46c5-856f-13d58ca43416,M1S,039,ルージュラ,C,C,通常,MATCH,https://scrydex.com/pokemon/cards/jynx/m1s_ja-39
ebbd0af7-d583-4bb1-ae7c-3ed83a11fbfd,M1S,004,ベイリーフ,C,C,通常,MATCH,https://scrydex.com/pokemon/cards/bayleef/m1s_ja-4
8503ad1e-a70c-497b-86e6-1dda87328e7d,M1S,040,ラルトス,C,C,通常,MATCH,https://scrydex.com/pokemon/cards/ralts/m1s_ja-40
50398a45-6e31-4489-8fe8-6a64ebf6e876,M1S,041,キルリア,C,C,通常,MATCH,https://scrydex.com/pokemon/cards/kirlia/m1s_ja-41
0c170870-5ee7-47cb-8e4d-a230f28a0145,M1S,042,メガサーナイトex,RR,RR,ダブルレア,MATCH,https://scrydex.com/pokemon/cards/mega-gardevoir-ex/m1s_ja-42
8c19b124-4bb5-4c3a-b314-9350e4cf5007,M1S,043,ヌケニン,U,U,非,MATCH,https://scrydex.com/pokemon/cards/shedinja/m1s_ja-43
42dc4b54-7d01-4d60-ad15-29c5d186f6f9,M1S,044,バネブー,C,C,通常,MATCH,https://scrydex.com/pokemon/cards/spoink/m1s_ja-44
5a47f1f0-4de0-4ff4-a262-7635c78b37ed,M1S,045,ブーピッグ,U,U,非,MATCH,https://scrydex.com/pokemon/cards/grumpig/m1s_ja-45
e3b3a506-a7b0-4cd4-905d-8a1f576a4137,M1S,046,ゼルネアス,R,R,希少,MATCH,https://scrydex.com/pokemon/cards/xerneas/m1s_ja-46
303b438c-d3b0-47ab-8779-8d41457531f3,M1S,047,ボチ,C,C,通常,MATCH,https://scrydex.com/pokemon/cards/greavard/m1s_ja-47
198f51ca-4e09-427e-b618-f50fba18b56c,M1S,048,ハカドッグ,U,U,非,MATCH,https://scrydex.com/pokemon/cards/houndstone/m1s_ja-48
c9e85a4e-33bf-4878-91b4-0bd9a225ecef,M1S,049,メガラティアスex,RR,RR,ダブルレア,MATCH,https://scrydex.com/pokemon/cards/mega-latias-ex/m1s_ja-49
7c767436-05e9-4504-b61f-d65f56a6a64e,M1S,005,メガニウム,R,R,希少,MATCH,https://scrydex.com/pokemon/cards/meganium/m1s_ja-5
52eeb8cb-5337-4b02-9cd6-415da424e92a,M1S,050,ラティオス,U,U,非,MATCH,https://scrydex.com/pokemon/cards/latios/m1s_ja-50
a9dd54bd-5b37-40f6-bc21-56cfcde0530d,M1S,051,メガガルーラex,RR,RR,ダブルレア,MATCH,https://scrydex.com/pokemon/cards/mega-kangaskhan-ex/m1s_ja-51
d7712a77-6fc9-479f-acba-b0e545c5a504,M1S,052,デリバード,C,C,通常,MATCH,https://scrydex.com/pokemon/cards/delibird/m1s_ja-52
1e0ab147-7c9c-4c27-bd3c-84ac776067bf,M1S,053,ミミロル,C,C,通常,MATCH,https://scrydex.com/pokemon/cards/buneary/m1s_ja-53
f9af1c2a-1e9e-4df2-8509-1a808be22df6,M1S,054,ミミロップ,C,C,通常,MATCH,https://scrydex.com/pokemon/cards/lopunny/m1s_ja-54
5728b639-53dd-477e-9a8a-f21e51dde642,M1S,055,ヌイコグマ,C,C,通常,MATCH,https://scrydex.com/pokemon/cards/stufful/m1s_ja-55
1f96b0fc-a898-4b5f-9a8f-df6fa318f48c,M1S,056,キテルグマ,C,C,通常,MATCH,https://scrydex.com/pokemon/cards/bewear/m1s_ja-56
791d8b7f-031e-48d5-8d72-2a4ac5b286d6,M1S,057,あやしい時計,U,U,非,MATCH,https://scrydex.com/pokemon/cards/suspicious-watch/m1s_ja-57
168cdd9c-7942-4e7e-bbcf-72adc14fea4a,M1S,058,メガシグナル,U,U,非,MATCH,https://scrydex.com/pokemon/cards/mega-signal/m1s_ja-58
856d2df4-a157-4922-a363-585f462e60d1,M1S,059,アセロラのいたずら,U,U,非,MATCH,https://scrydex.com/pokemon/cards/acerolas-mischief/m1s_ja-59
ae95228d-1cbe-4110-a51b-73ef5253f401,M1S,006,ツボツボ,U,U,非,MATCH,https://scrydex.com/pokemon/cards/shuckle/m1s_ja-6
085e422d-88b6-4559-a637-5f84b61a1732,M1S,060,ミツルの思いやり,U,U,非,MATCH,https://scrydex.com/pokemon/cards/wallys-compassion/m1s_ja-60
d2f8c9f5-8191-4bcd-ba37-bc8daf4f448f,M1S,061,活力の森,U,U,非,MATCH,https://scrydex.com/pokemon/cards/vitality-forest/m1s_ja-61
bcbf5fd1-48aa-49af-8672-5eb1e064898d,M1S,062,なみのりビーチ,U,U,非,MATCH,https://scrydex.com/pokemon/cards/surfing-beach/m1s_ja-62
6a89e3ad-22f1-4940-a90e-ac4a664d8126,M1S,063,ミステリーガーデン,U,U,非,MATCH,https://scrydex.com/pokemon/cards/mystery-garden/m1s_ja-63
8d2a9b57-b644-4284-be97-e9fe0da27d6b,M1S,064,ツボツボ,AR,AR,アートレア,MATCH,https://scrydex.com/pokemon/cards/shuckle/m1s_ja-64
370f62b4-9469-4077-8c62-eab7adf04ec2,M1S,065,テッカニン,AR,AR,アートレア,MATCH,https://scrydex.com/pokemon/cards/ninjask/m1s_ja-65
ff5cbb98-e6fc-48aa-9f95-9131bacfa743,M1S,066,シシコ,AR,AR,アートレア,MATCH,https://scrydex.com/pokemon/cards/litleo/m1s_ja-66
900e989c-171e-4e0f-b96e-950880107ab9,M1S,067,ユキカブリ,AR,AR,アートレア,MATCH,https://scrydex.com/pokemon/cards/snover/m1s_ja-67
1ab47c35-e277-47d7-b184-5ce686eda87e,M1S,068,ブロスター,AR,AR,アートレア,MATCH,https://scrydex.com/pokemon/cards/clawitzer/m1s_ja-68
270e89fc-cde7-4d3f-a67a-4ed437227c6c,M1S,069,インテレオン,AR,AR,アートレア,MATCH,https://scrydex.com/pokemon/cards/inteleon/m1s_ja-69
09d420b9-57b4-4e31-96ab-22bb041dc17b,M1S,007,ツチニン,C,C,通常,MATCH,https://scrydex.com/pokemon/cards/nincada/m1s_ja-7
dfe8901f-9c28-48a3-9562-9c1e1617bc0a,M1S,070,エリキテル,AR,AR,アートレア,MATCH,https://scrydex.com/pokemon/cards/helioptile/m1s_ja-70
ea2f3476-5d47-4f77-98a5-d1d4251d21fb,M1S,071,フーディン,AR,AR,アートレア,MATCH,https://scrydex.com/pokemon/cards/alakazam/m1s_ja-71
b2e6baa1-f7bc-4e50-bff9-dbc325c06ceb,M1S,072,ヌケニン,AR,AR,アートレア,MATCH,https://scrydex.com/pokemon/cards/shedinja/m1s_ja-72
2c102c3f-1968-4a66-ab0f-a87125cdfeb5,M1S,073,ハカドッグ,AR,AR,アートレア,MATCH,https://scrydex.com/pokemon/cards/houndstone/m1s_ja-73
9e2cbe30-e0ba-474b-affc-ac08616ecaf7,M1S,074,デリバード,AR,AR,アートレア,MATCH,https://scrydex.com/pokemon/cards/delibird/m1s_ja-74
77da6aae-e882-48e7-9b53-bfb924efbb22,M1S,075,ヌイコグマ,AR,AR,アートレア,MATCH,https://scrydex.com/pokemon/cards/stufful/m1s_ja-75
3262b574-be73-49fe-bf6b-ed5fbcaf200d,M1S,076,メガユキノオーex,UR,SR,スーパーレア,CHANGE,https://scrydex.com/pokemon/cards/mega-abomasnow-ex/m1s_ja-76
d101e144-d068-4183-bdd0-fa757bd48ac9,M1S,077,メガライボルトex,UR,SR,スーパーレア,CHANGE,https://scrydex.com/pokemon/cards/mega-manectric-ex/m1s_ja-77
fc0b0fab-0620-416b-a9f4-fb2d33a9d27f,M1S,078,メガサーナイトex,UR,SR,スーパーレア,CHANGE,https://scrydex.com/pokemon/cards/mega-gardevoir-ex/m1s_ja-78
51103713-85d9-4c07-a5bb-9f732a3ead17,M1S,079,メガラティアスex,UR,SR,スーパーレア,CHANGE,https://scrydex.com/pokemon/cards/mega-latias-ex/m1s_ja-79
6e4c1e22-c83d-4c94-b7f3-31c4971c47c6,M1S,008,テッカニン,U,U,非,MATCH,https://scrydex.com/pokemon/cards/ninjask/m1s_ja-8
56eac2ff-1673-4420-b743-b70068bf4dca,M1S,080,メガガルーラex,UR,SR,スーパーレア,CHANGE,https://scrydex.com/pokemon/cards/mega-kangaskhan-ex/m1s_ja-80
650d6aec-4dfc-422b-bcff-5d17ec46c024,M1S,081,なかよしポフィン,UR,SR,スーパーレア,CHANGE,https://scrydex.com/pokemon/cards/buddy-buddy-poffin/m1s_ja-81
0a50013e-2c6e-41ca-b01d-815ddbd31095,M1S,082,ふしぎなアメ,UR,SR,スーパーレア,CHANGE,https://scrydex.com/pokemon/cards/rare-candy/m1s_ja-82
f8a11039-2ff7-4f21-8e14-f96f13c50be5,M1S,083,メガシグナル,UR,SR,スーパーレア,CHANGE,https://scrydex.com/pokemon/cards/mega-signal/m1s_ja-83
42d6d70d-fbcb-46ba-98b8-ef85edc53076,M1S,084,アセロラのいたずら,UR,SR,スーパーレア,CHANGE,https://scrydex.com/pokemon/cards/acerolas-mischief/m1s_ja-84
ae66a6f5-b239-4253-8249-1eab35f23771,M1S,085,ミツルの思いやり,UR,SR,スーパーレア,CHANGE,https://scrydex.com/pokemon/cards/wallys-compassion/m1s_ja-85
a8b9ec20-a773-4b41-b3cf-401c926a8e21,M1S,086,ミステリーガーデン,UR,SR,スーパーレア,CHANGE,https://scrydex.com/pokemon/cards/mystery-garden/m1s_ja-86
cdc0742a-3294-4b07-987f-6b59a058adae,M1S,087,メガサーナイトex,SAR,SAR,スペシャルアートレア,MATCH,https://scrydex.com/pokemon/cards/mega-gardevoir-ex/m1s_ja-87
a9292203-fd81-452c-a7ba-8440f948f3e7,M1S,088,メガラティアスex,SAR,SAR,スペシャルアートレア,MATCH,https://scrydex.com/pokemon/cards/mega-latias-ex/m1s_ja-88
66f95a14-8dc3-4894-8fb2-800aa8b5710a,M1S,089,メガガルーラex,SAR,SAR,スペシャルアートレア,MATCH,https://scrydex.com/pokemon/cards/mega-kangaskhan-ex/m1s_ja-89
244ee31f-07e4-4def-9022-36424ee17430,M1S,009,ダダリン,C,C,通常,MATCH,https://scrydex.com/pokemon/cards/dhelmise/m1s_ja-9
5dc2502a-b663-4b04-8204-efcfafdf3678,M1S,090,アセロラのいたずら,SAR,SAR,スペシャルアートレア,MATCH,https://scrydex.com/pokemon/cards/acerolas-mischief/m1s_ja-90
818ae67f-f5f5-48b6-b5a2-5fa47d0354a0,M1S,091,ミツルの思いやり,SAR,SAR,スペシャルアートレア,MATCH,https://scrydex.com/pokemon/cards/wallys-compassion/m1s_ja-91
478e9a5a-8307-41a1-8d3a-84047cb95706,M1S,092,メガサーナイトex,MUR,MUR,超ウルトラレア,MATCH,https://scrydex.com/pokemon/cards/mega-gardevoir-ex/m1s_ja-92
8d66c650-a9e9-423e-a35d-82e28625eff8,M2,001,ナゾノクサ,C,C,通常,MATCH,https://scrydex.com/pokemon/cards/oddish/m2_ja-1
9da64994-77bf-40e2-b642-f5711250473d,M2,010,エクスレッグ,U,U,非,MATCH,https://scrydex.com/pokemon/cards/lokix/m2_ja-10
68fcb723-b000-4392-9f30-d9a82bf8074e,M2,100,メガミミロップex,SR,SR,スーパーレア,MATCH,https://scrydex.com/pokemon/cards/mega-lopunny-ex/m2_ja-100
ee62b9f4-9a0a-45d6-965d-7cd38f422006,M2,101,ヒートバーナー,SR,SR,スーパーレア,MATCH,https://scrydex.com/pokemon/cards/heat-burner/m2_ja-101
6bc3e6e7-16ed-4d1e-b4d8-460eb7a21345,M2,102,ポケモンいれかえ,SR,PROMO,プロモ,CHANGE,https://scrydex.com/pokemon/cards/switch/m2_ja-102
5a6766e9-23fe-4b08-93b3-35faec0085b2,M2,103,せいなるおまもり,SR,SR,スーパーレア,MATCH,https://scrydex.com/pokemon/cards/sacred-charm/m2_ja-103
a6515066-3cb3-4a7f-a760-faac4e156e6b,M2,104,パンクメット,SR,SR,スーパーレア,MATCH,https://scrydex.com/pokemon/cards/punk-helmet/m2_ja-104
7a4cbef7-3d99-4e8d-b6c4-035ec330b745,M2,105,ギーマの一手,SR,SR,スーパーレア,MATCH,https://scrydex.com/pokemon/cards/grimsleys-one-move/m2_ja-105
d539086f-9acb-4a78-9de5-27d68abd8375,M2,106,ヒカリ,SR,SR,スーパーレア,MATCH,https://scrydex.com/pokemon/cards/dawn/m2_ja-106
0b6dd73d-1726-4398-8813-50ea2b63bfc3,M2,107,ひふきやろう,SR,SR,スーパーレア,MATCH,https://scrydex.com/pokemon/cards/firebreather/m2_ja-107
b7871f3a-d64d-4f81-9b9d-36eeb13094be,M2,108,バトルコロシアム,SR,SR,スーパーレア,MATCH,https://scrydex.com/pokemon/cards/battle-colosseum/m2_ja-108
4546f570-6b69-4d3b-a91e-d5996339be97,M2,109,イグニッションエネルギー,SR,SR,スーパーレア,MATCH,https://scrydex.com/pokemon/cards/ignition-energy/m2_ja-109
612b9736-93e7-4ee9-8b3f-ecb607e94c1c,M2,011,ヒトカゲ,C,C,通常,MATCH,https://scrydex.com/pokemon/cards/charmander/m2_ja-11
1240c14d-dfa6-46bc-8eec-3f4d9467a2b0,M2,110,メガリザードンXex,SAR,SAR,スペシャルアートレア,MATCH,https://scrydex.com/pokemon/cards/mega-charizard-x-ex/m2_ja-110
5bbfbeae-12ed-4809-b88a-0b7089f557a4,M2,111,オドリドリex,SAR,SAR,スペシャルアートレア,MATCH,https://scrydex.com/pokemon/cards/oricorio-ex/m2_ja-111
b91b076d-4083-44c6-b4ba-c606a217751e,M2,112,ロトムex,SAR,SAR,スペシャルアートレア,MATCH,https://scrydex.com/pokemon/cards/rotom-ex/m2_ja-112
084a9c83-f693-4f68-91bd-4e00ca1a02b4,M2,113,メガサメハダーex,SAR,SAR,スペシャルアートレア,MATCH,https://scrydex.com/pokemon/cards/mega-sharpedo-ex/m2_ja-113
5d89c8c9-3696-4003-b024-bb03afdaf62d,M2,114,メガミミロップex,SAR,SAR,スペシャルアートレア,MATCH,https://scrydex.com/pokemon/cards/mega-lopunny-ex/m2_ja-114
894650ff-fe6e-488e-9cf0-ea87d6b4fe33,M2,115,ヒカリ,SAR,SAR,スペシャルアートレア,MATCH,https://scrydex.com/pokemon/cards/dawn/m2_ja-115
3a62f3fd-b1c4-46b3-8876-15db795ff984,M2,116,メガリザードンXex,MUR,MUR,超ウルトラレア,MATCH,https://scrydex.com/pokemon/cards/mega-charizard-x-ex/m2_ja-116
eb37765b-0146-4700-bf00-fffd62a7064f,M2,012,リザード,C,C,通常,MATCH,https://scrydex.com/pokemon/cards/charmeleon/m2_ja-12
48060a71-0fe8-4c21-90c5-ac6c8d8710d7,M2,013,メガリザードンXex,RR,RR,ダブルレア,MATCH,https://scrydex.com/pokemon/cards/mega-charizard-x-ex/m2_ja-13
1b90d5b6-dade-4531-9f67-bbcff350d531,M2,014,ファイヤー,U,U,非,MATCH,https://scrydex.com/pokemon/cards/moltres/m2_ja-14
cbb107e0-d194-4c06-ae73-2519f29e8e50,M2,015,ダルマッカ,C,C,通常,MATCH,https://scrydex.com/pokemon/cards/darumaka/m2_ja-15
8b329d41-f3ce-4674-93f0-6eefe0c7e4db,M2,016,ヒヒダルマ,U,U,非,MATCH,https://scrydex.com/pokemon/cards/darmanitan/m2_ja-16
3b14761e-7b8f-42c2-83bc-91df20519531,M2,017,レシラム,R,R,希少,MATCH,https://scrydex.com/pokemon/cards/reshiram/m2_ja-17
fd06fb9d-1726-4b4e-82c1-cdb6b7e06fad,M2,018,オドリドリex,RR,RR,ダブルレア,MATCH,https://scrydex.com/pokemon/cards/oricorio-ex/m2_ja-18
c86ed324-02c3-400e-a0f6-da8ce319c127,M2,019,カルボウ,C,C,通常,MATCH,https://scrydex.com/pokemon/cards/charcadet/m2_ja-19
489444b3-8e5f-4411-92f1-412353e88851,M2,002,クサイハナ,C,C,通常,MATCH,https://scrydex.com/pokemon/cards/gloom/m2_ja-2
c2cbfbe1-4ee1-4a41-bf00-9f948eb66359,M2,020,ソウブレイズ,U,U,非,MATCH,https://scrydex.com/pokemon/cards/ceruledge/m2_ja-20
1fa1f7fc-2d9f-4232-96bb-aee6979faf4e,M2,021,パウワウ,C,C,通常,MATCH,https://scrydex.com/pokemon/cards/seel/m2_ja-21
7a8251ae-42e1-4d67-977f-9ade65a60578,M2,022,ジュゴン,C,C,通常,MATCH,https://scrydex.com/pokemon/cards/dewgong/m2_ja-22
a96f28f4-a70c-48db-a817-04c22f66ff2f,M2,023,ウリムー,C,C,通常,MATCH,https://scrydex.com/pokemon/cards/swinub/m2_ja-23
89de74a5-549c-40f2-a3c6-9b27bc28ebc0,M2,024,イノムー,C,C,通常,MATCH,https://scrydex.com/pokemon/cards/piloswine/m2_ja-24
6d498022-f8e2-44d5-a000-235896cb4173,M2,025,マンムー,U,U,非,MATCH,https://scrydex.com/pokemon/cards/mamoswine/m2_ja-25
1f1755bd-96a8-4cd4-9e53-daf4775cefd2,M2,026,スイクン,R,R,希少,MATCH,https://scrydex.com/pokemon/cards/suicune/m2_ja-26
fc421516-79bc-4cc7-8b5b-0acd4a13656c,M2,027,ポッチャマ,C,C,通常,MATCH,https://scrydex.com/pokemon/cards/piplup/m2_ja-27
af11d010-6521-458c-9eba-2c512c1a05f8,M2,028,ポッタイシ,C,C,通常,MATCH,https://scrydex.com/pokemon/cards/prinplup/m2_ja-28
9fe14a28-c940-4910-b432-a055bed793c0,M2,029,ロトムex,RR,RR,ダブルレア,MATCH,https://scrydex.com/pokemon/cards/rotom-ex/m2_ja-29
ef621611-f095-405f-b854-7308fde31d89,M2,003,ラフレシア,U,U,非,MATCH,https://scrydex.com/pokemon/cards/vileplume/m2_ja-3
09fc69da-1d49-4b78-8318-d4ba9e105c19,M2,030,ワンパチ,C,C,通常,MATCH,https://scrydex.com/pokemon/cards/yamper/m2_ja-30
04d9bb0f-6b31-4387-bdab-3ae41b7b0fb7,M2,031,パルスワン,C,C,通常,MATCH,https://scrydex.com/pokemon/cards/boltund/m2_ja-31
a4240a1b-4b2b-4fce-94e2-2796ccfc9a98,M2,032,パモ,C,C,通常,MATCH,https://scrydex.com/pokemon/cards/pawmi/m2_ja-32
00aaf84a-5206-4f0b-ae54-bf5d771d707f,M2,033,パモット,C,C,通常,MATCH,https://scrydex.com/pokemon/cards/pawmo/m2_ja-33
613d9e0f-3160-4f99-b537-38213eda4623,M2,034,パーモット,R,R,希少,MATCH,https://scrydex.com/pokemon/cards/pawmot/m2_ja-34
282985a8-a5c5-4272-ae82-d65be6fcf9df,M2,035,ムウマ,C,C,通常,MATCH,https://scrydex.com/pokemon/cards/misdreavus/m2_ja-35
ca4b77aa-1ab6-4efb-9251-88ce60fb9582,M2,036,ムウマージex,RR,RR,ダブルレア,MATCH,https://scrydex.com/pokemon/cards/mismagius-ex/m2_ja-36
6fb3c50a-329d-497c-9209-fcf25cbe0e70,M2,037,モンメン,C,C,通常,MATCH,https://scrydex.com/pokemon/cards/cottonee/m2_ja-37
f2de441a-296a-4a2a-902c-90a18cc7f890,M2,038,エルフーン,U,U,非,MATCH,https://scrydex.com/pokemon/cards/whimsicott/m2_ja-38
66905284-c4ff-4f11-9362-b3658037ad35,M2,039,ザシアン,R,R,希少,MATCH,https://scrydex.com/pokemon/cards/zacian/m2_ja-39
86445a7b-55b3-4e15-bf15-b3b9a271b041,M2,004,メガヘラクロスex,RR,RR,ダブルレア,MATCH,https://scrydex.com/pokemon/cards/mega-heracross-ex/m2_ja-4
ff25d79c-bbca-45ab-9931-ff0aea6b5b7b,M2,040,アノクサ,C,C,通常,MATCH,https://scrydex.com/pokemon/cards/bramblin/m2_ja-40
19269e3b-e5f6-4844-b668-07712e33658b,M2,041,アノホラグサ,U,U,非,MATCH,https://scrydex.com/pokemon/cards/brambleghast/m2_ja-41
1184f1cd-49f9-4962-bee0-86c5317e7a7b,M2,042,パルデア ケンタロス,U,U,非,MATCH,https://scrydex.com/pokemon/cards/paldean-tauros/m2_ja-42
2c79f615-5a7e-458f-a7a2-ec4f45ace35d,M2,043,グライガー,C,C,通常,MATCH,https://scrydex.com/pokemon/cards/gligar/m2_ja-43
e7562ba0-07f4-430e-b214-f96ea544df7b,M2,044,グライオン,U,U,非,MATCH,https://scrydex.com/pokemon/cards/gliscor/m2_ja-44
44cf2dae-1f0c-4ee8-b4f5-e05f8ddcf079,M2,045,ナックラー,C,C,通常,MATCH,https://scrydex.com/pokemon/cards/trapinch/m2_ja-45
c3a577b0-5c01-487c-afa1-f9e7a013d2ae,M2,046,ビブラーバ,C,C,通常,MATCH,https://scrydex.com/pokemon/cards/vibrava/m2_ja-46
7090993a-1266-4190-a0fb-05003ea35b3e,M2,047,フライゴン,R,R,希少,MATCH,https://scrydex.com/pokemon/cards/flygon/m2_ja-47
5f8c3c6b-3210-4f0f-be0e-a5bfd247af51,M2,048,ニューラ,C,C,通常,MATCH,https://scrydex.com/pokemon/cards/sneasel/m2_ja-48
7d4f7a83-422a-4a6c-a9e0-33b5287c0a56,M2,049,マニューラ,U,U,非,MATCH,https://scrydex.com/pokemon/cards/weavile/m2_ja-49
eeaf5c2d-75c2-4746-9223-b4e93ff1ac08,M2,005,ハスボー,C,C,通常,MATCH,https://scrydex.com/pokemon/cards/lotad/m2_ja-5
bd7f802b-b807-4c6c-b699-5b1b4673647e,M2,050,キバニア,C,C,通常,MATCH,https://scrydex.com/pokemon/cards/carvanha/m2_ja-50
2daaa00e-d905-43de-be70-8a85e7cec805,M2,051,メガサメハダーex,RR,RR,ダブルレア,MATCH,https://scrydex.com/pokemon/cards/mega-sharpedo-ex/m2_ja-51
506c2627-95b2-4f51-8140-2f8b2be624a2,M2,052,ハブネーク,U,U,非,MATCH,https://scrydex.com/pokemon/cards/seviper/m2_ja-52
48e33645-5774-4125-84d1-66960dcd83ca,M2,053,メグロコ,C,C,通常,MATCH,https://scrydex.com/pokemon/cards/sandile/m2_ja-53
d3c487dd-1779-4abf-bdc3-2874d1feca2e,M2,054,ワルビル,C,C,通常,MATCH,https://scrydex.com/pokemon/cards/krokorok/m2_ja-54
61b5b017-3d87-463f-b33f-8221af3ac730,M2,055,ワルビアル,U,U,非,MATCH,https://scrydex.com/pokemon/cards/krookodile/m2_ja-55
68a711f2-9bfa-432f-9574-9a89ee928723,M2,056,エレズン,C,C,通常,MATCH,https://scrydex.com/pokemon/cards/toxel/m2_ja-56
2c2fa96b-0f85-4e23-bb6b-025e7f7b9f22,M2,057,ストリンダー,R,R,希少,MATCH,https://scrydex.com/pokemon/cards/toxtricity/m2_ja-57
ed592ca5-2cc2-4a06-8eae-09f977a79343,M2,058,エンペルトex,RR,RR,ダブルレア,MATCH,https://scrydex.com/pokemon/cards/empoleon-ex/m2_ja-58
2e477013-533a-4edf-9434-aa8340a593a8,M2,059,ドーミラー,C,C,通常,MATCH,https://scrydex.com/pokemon/cards/bronzor/m2_ja-59
acbbe164-a6f2-4436-b477-9540a9ad9caf,M2,006,ハスブレロ,C,C,通常,MATCH,https://scrydex.com/pokemon/cards/lombre/m2_ja-6
7a8249d0-1cd3-4a1a-b57a-3201db3e3511,M2,060,ドータクン,U,U,非,MATCH,https://scrydex.com/pokemon/cards/bronzong/m2_ja-60
42be7ab8-29b1-4fc0-a697-07ab9072f541,M2,061,トゲデマル,C,C,通常,MATCH,https://scrydex.com/pokemon/cards/togedemaru/m2_ja-61
e4c7c1e9-1e16-4935-a2be-92580d5c80e5,M2,062,ジュラルドン,C,C,通常,MATCH,https://scrydex.com/pokemon/cards/duraludon/m2_ja-62
5c798d10-ce95-4a84-a4f8-a20b8fa91533,M2,063,ブリジュラス,U,U,非,MATCH,https://scrydex.com/pokemon/cards/archaludon/m2_ja-63
2ae096e3-a7e7-466d-9532-708264fc7467,M2,064,プリン,C,C,通常,MATCH,https://scrydex.com/pokemon/cards/jigglypuff/m2_ja-64
e5171e1e-c3cf-4f20-80c6-ccec1a6bc739,M2,065,プクリン,U,C,通常,CHANGE,https://scrydex.com/pokemon/cards/wigglytuff/m2_ja-65
aebc5c05-cf49-469a-87d7-88c4fc149580,M2,066,エイパム,C,C,通常,MATCH,https://scrydex.com/pokemon/cards/aipom/m2_ja-66
17798071-cf8e-4415-a701-ab4744a3b54c,M2,067,エテボース,R,R,希少,MATCH,https://scrydex.com/pokemon/cards/ambipom/m2_ja-67
c51da3bf-9a65-45e1-8c46-f93e574b30d9,M2,068,ドーブル,C,C,通常,MATCH,https://scrydex.com/pokemon/cards/smeargle/m2_ja-68
e28dcb20-62d4-46a4-86f2-b72c2a0e561a,M2,069,ジグザグマ,C,C,通常,MATCH,https://scrydex.com/pokemon/cards/zigzagoon/m2_ja-69
acab758d-661e-4d76-8c0d-b7620e120508,M2,007,ルンパッパ,U,U,非,MATCH,https://scrydex.com/pokemon/cards/ludicolo/m2_ja-7
a747756f-1240-4ddc-be20-9a8fec192b2d,M2,070,マッスグマ,U,U,非,MATCH,https://scrydex.com/pokemon/cards/linoone/m2_ja-70
a2703bdc-8869-4a1f-bd2b-f2fda147d44d,M2,071,ミミロル,C,C,通常,MATCH,https://scrydex.com/pokemon/cards/buneary/m2_ja-71
1536a1cf-92a7-4411-aa88-46d6b57fedf0,M2,072,メガミミロップex,RR,RR,ダブルレア,MATCH,https://scrydex.com/pokemon/cards/mega-lopunny-ex/m2_ja-72
475a22be-5e2d-41fc-a8e8-d946ddc008e2,M2,073,ジャンボアイス,U,U,非,MATCH,https://scrydex.com/pokemon/cards/jumbo-ice-cream/m2_ja-73
ef0c462e-9d8d-4a78-8f45-934568cda845,M2,074,ヒートバーナー,U,U,非,MATCH,https://scrydex.com/pokemon/cards/heat-burner/m2_ja-74
12a08bda-cc56-4646-bba8-e7ffd7726cce,M2,075,せいなるおまもり,U,U,非,MATCH,https://scrydex.com/pokemon/cards/sacred-charm/m2_ja-75
1792f1c3-1d71-468b-aed2-5ae1a70b217e,M2,076,ギーマの一手,U,U,非,MATCH,https://scrydex.com/pokemon/cards/grimsleys-one-move/m2_ja-76
c4317001-01a7-4b07-9eb0-a1dc13dd54d9,M2,077,ヒカリ,U,U,非,MATCH,https://scrydex.com/pokemon/cards/dawn/m2_ja-77
61888a34-ef1f-41d2-9357-ab87a6c95431,M2,078,ひふきやろう,U,U,非,MATCH,https://scrydex.com/pokemon/cards/firebreather/m2_ja-78
6f3cad15-166f-4f7c-b71d-b8b37f912cc9,M2,079,バトルコロシアム,U,U,非,MATCH,https://scrydex.com/pokemon/cards/battle-colosseum/m2_ja-79
d6e78f31-111e-48c8-b9c4-da695f8e85c8,M2,008,ゲノセクト,R,R,希少,MATCH,https://scrydex.com/pokemon/cards/genesect/m2_ja-8
5ed2b059-3d4a-4a00-b283-ed3234e4b362,M2,080,めまいの谷,U,U,非,MATCH,https://scrydex.com/pokemon/cards/dizzying-valley/m2_ja-80
a75c035e-63d3-47f8-aca6-b220be028688,M2,081,ルンパッパ,AR,AR,アートレア,MATCH,https://scrydex.com/pokemon/cards/ludicolo/m2_ja-81
6866d585-534a-48f1-a4a7-c88cf12c906c,M2,082,マメバッタ,AR,AR,アートレア,MATCH,https://scrydex.com/pokemon/cards/nymble/m2_ja-82
2df732a8-cadb-4738-9b8e-2d4e372b129f,M2,083,カルボウ,AR,AR,アートレア,MATCH,https://scrydex.com/pokemon/cards/charcadet/m2_ja-83
619f19d4-18b2-47c8-bfc8-3a8f08d99cea,M2,084,ジュゴン,AR,AR,アートレア,MATCH,https://scrydex.com/pokemon/cards/dewgong/m2_ja-84
8b95882f-e7ea-4254-bad3-a02c9bbf7eb2,M2,085,ポッチャマ,AR,AR,アートレア,MATCH,https://scrydex.com/pokemon/cards/piplup/m2_ja-85
b68dd338-393c-4aca-963d-2adbbbf817b2,M2,086,ワンパチ,AR,AR,アートレア,MATCH,https://scrydex.com/pokemon/cards/yamper/m2_ja-86
73286218-78d0-47d8-a7af-0d9148494d8a,M2,087,ザシアン,AR,AR,アートレア,MATCH,https://scrydex.com/pokemon/cards/zacian/m2_ja-87
5b12b565-0d5c-4a9c-ac4f-9456572aae52,M2,088,フライゴン,AR,AR,アートレア,MATCH,https://scrydex.com/pokemon/cards/flygon/m2_ja-88
1546ae4c-af1e-47db-976b-fcd931c0e5d0,M2,089,ストリンダー,AR,AR,アートレア,MATCH,https://scrydex.com/pokemon/cards/toxtricity/m2_ja-89
71e69966-d817-4073-8556-3a0d46324783,M2,009,マメバッタ,C,C,通常,MATCH,https://scrydex.com/pokemon/cards/nymble/m2_ja-9
d165f69b-28cf-4c4c-a4cc-a7daf668d271,M2,090,トゲデマル,AR,AR,アートレア,MATCH,https://scrydex.com/pokemon/cards/togedemaru/m2_ja-90
153b8ffc-1e70-4a2b-b18f-d8d54a377c6d,M2,091,プクリン,AR,AR,アートレア,MATCH,https://scrydex.com/pokemon/cards/wigglytuff/m2_ja-91
47872820-11e9-4da7-8e67-3be731fbef20,M2,092,エテボース,AR,AR,アートレア,MATCH,https://scrydex.com/pokemon/cards/ambipom/m2_ja-92
3d8dad2a-6b2c-494d-bc17-48729611d41d,M2,093,メガヘラクロスex,SR,SR,スーパーレア,MATCH,https://scrydex.com/pokemon/cards/mega-heracross-ex/m2_ja-93
a7fc55cf-9405-4ee4-9f33-25977fc5b7bb,M2,094,メガリザードンXex,SR,SR,スーパーレア,MATCH,https://scrydex.com/pokemon/cards/mega-charizard-x-ex/m2_ja-94
a5ddf14c-3a6c-4330-9000-0e14bd26b597,M2,095,オドリドリex,SR,SR,スーパーレア,MATCH,https://scrydex.com/pokemon/cards/oricorio-ex/m2_ja-95
b5e9a04c-ef79-428a-b6ef-ca33fa2b41c7,M2,096,ロトムex,SR,SR,スーパーレア,MATCH,https://scrydex.com/pokemon/cards/rotom-ex/m2_ja-96
a5a0a345-eb2f-4416-b11f-556e15982c8d,M2,097,ムウマージex,SR,SR,スーパーレア,MATCH,https://scrydex.com/pokemon/cards/mismagius-ex/m2_ja-97
14525d0d-a91c-49b0-847d-0fe60ef4ec5d,M2,098,メガサメハダーex,SR,SR,スーパーレア,MATCH,https://scrydex.com/pokemon/cards/mega-sharpedo-ex/m2_ja-98
01900df6-0cbb-4ad4-923f-1814032e36df,M2,099,エンペルトex,SR,SR,スーパーレア,MATCH,https://scrydex.com/pokemon/cards/empoleon-ex/m2_ja-99
b66623b1-e6c1-430b-9955-63bb67d2de58,M2a,001,ヒビキのカイロス,ー,,,NO_RARITY,https://scrydex.com/pokemon/cards/ethans-pinsir/m2a_ja-1
9b2c7509-18ed-4374-bc00-7dbc89d248cd,M2a,010,シロナのロズレイド,ー,,,NO_RARITY,https://scrydex.com/pokemon/cards/cynthias-roserade/m2a_ja-10
ab56a264-989c-4814-b714-6834f2da9c7a,M2a,100,ロケット団のゴルバット,ー,,,NO_RARITY,https://scrydex.com/pokemon/cards/team-rockets-golbat/m2a_ja-100
04bae0f4-d689-4145-bffd-e7376b2d9206,M2a,101,ロケット団のクロバットex,RR,RR,ダブルレア,MATCH,https://scrydex.com/pokemon/cards/team-rockets-crobat-ex/m2a_ja-101
a55440f7-451e-4df3-a9a9-130b19633425,M2a,102,ロケット団のヤミカラス,ー,,,NO_RARITY,https://scrydex.com/pokemon/cards/team-rockets-murkrow/m2a_ja-102
58dac680-7169-4741-b981-eb7ce9e756a8,M2a,103,ロケット団のドンカラス,ー,,,NO_RARITY,https://scrydex.com/pokemon/cards/team-rockets-honchkrow/m2a_ja-103
f0204814-2164-4aa5-a67d-5a448f81e402,M2a,104,ロケット団のニューラ,ー,,,NO_RARITY,https://scrydex.com/pokemon/cards/team-rockets-sneasel/m2a_ja-104
13568bce-8433-4985-a970-0b5940e1cb6d,M2a,105,ガラル ジグザグマ,ー,,,NO_RARITY,https://scrydex.com/pokemon/cards/galarian-zigzagoon/m2a_ja-105
622b0e74-bd9b-417c-a69c-f4339214e982,M2a,106,ガラル マッスグマ,ー,,,NO_RARITY,https://scrydex.com/pokemon/cards/galarian-linoone/m2a_ja-106
c9af55d4-7a69-403a-a30f-5fd361302f7e,M2a,107,ガラル タチフサグマ,ー,,,NO_RARITY,https://scrydex.com/pokemon/cards/galarian-obstagoon/m2a_ja-107
517c7125-cacc-4494-a335-e52916837c73,M2a,108,シロナのミカルゲ,ー,,,NO_RARITY,https://scrydex.com/pokemon/cards/cynthias-spiritomb/m2a_ja-108
f6057fc4-622a-47cd-aaab-91e317f8ecfe,M2a,109,ズルッグ,ー,,,NO_RARITY,https://scrydex.com/pokemon/cards/scraggy/m2a_ja-109
a1567e74-800f-46e5-aaca-44874ea8101d,M2a,011,スボミー,ー,,,NO_RARITY,https://scrydex.com/pokemon/cards/budew/m2a_ja-11
6df152a5-e6b5-435b-896b-5da9d243cf2b,M2a,110,メガズルズキンex,RR,RR,ダブルレア,MATCH,https://scrydex.com/pokemon/cards/mega-scrafty-ex/m2a_ja-110
e7f4ef7e-26a8-4db4-9f07-fbbe6e85b98b,M2a,111,Nのゾロア,ー,,,NO_RARITY,https://scrydex.com/pokemon/cards/ns-zorua/m2a_ja-111
55c979d4-886e-46d6-afa7-70fc3c23ae2a,M2a,112,Nのゾロアークex,RR,RR,ダブルレア,MATCH,https://scrydex.com/pokemon/cards/ns-zoroark-ex/m2a_ja-112
00d24bd6-dddb-4d4b-a907-2d4b749fbcbd,M2a,113,ゴロンダ,ー,,,NO_RARITY,https://scrydex.com/pokemon/cards/pangoro/m2a_ja-113
517faf63-9be3-48ad-b0e9-4c07c4b888d3,M2a,114,キチキギスex,RR,RR,ダブルレア,MATCH,https://scrydex.com/pokemon/cards/fezandipiti-ex/m2a_ja-114
bd3ce63c-0578-4523-93c4-52aa6209a61f,M2a,115,モモワロウ,ー,,,NO_RARITY,https://scrydex.com/pokemon/cards/pecharunt/m2a_ja-115
c55fb424-a3d0-468b-bd08-dc3e166d2272,M2a,116,コマタナ,ー,,,NO_RARITY,https://scrydex.com/pokemon/cards/pawniard/m2a_ja-116
cb464090-993c-4f77-8e09-765b428ff2cb,M2a,117,キリキザン,ー,,,NO_RARITY,https://scrydex.com/pokemon/cards/bisharp/m2a_ja-117
ef43a11c-0292-427c-9a9e-3b54d22518b8,M2a,118,ドドゲザン,ー,,,NO_RARITY,https://scrydex.com/pokemon/cards/kingambit/m2a_ja-118
185eff26-b6ac-4299-96d3-e2c2465976c5,M2a,119,ゲノセクトex,RR,RR,ダブルレア,MATCH,https://scrydex.com/pokemon/cards/genesect-ex/m2a_ja-119
2177a778-d2ff-44ca-82f5-c124bce52a0d,M2a,012,シェイミ,ー,,,NO_RARITY,https://scrydex.com/pokemon/cards/shaymin/m2a_ja-12
7e2c9ce6-d171-43ab-b6f4-0c4b8ea7d4ea,M2a,120,マギアナ,ー,,,NO_RARITY,https://scrydex.com/pokemon/cards/magearna/m2a_ja-120
68a8f3ed-149f-48c2-b7de-78505ed5149d,M2a,121,ジュラルドン,ー,,,NO_RARITY,https://scrydex.com/pokemon/cards/duraludon/m2a_ja-121
00cd3c6e-ecf9-4cda-a5b0-82ed22f8cd08,M2a,122,ブリジュラスex,RR,RR,ダブルレア,MATCH,https://scrydex.com/pokemon/cards/archaludon-ex/m2a_ja-122
68128971-6567-406c-9452-1f5ca846e12e,M2a,123,ホップのザシアンex,RR,RR,ダブルレア,MATCH,https://scrydex.com/pokemon/cards/hops-zacian-ex/m2a_ja-123
0bb403e4-2848-4afa-8d20-cca8f02a2484,M2a,124,ミニリュウ,ー,,,NO_RARITY,https://scrydex.com/pokemon/cards/dratini/m2a_ja-124
ce34cc38-3766-4e04-82b5-db5ebc40cb4e,M2a,125,ハクリュー,ー,,,NO_RARITY,https://scrydex.com/pokemon/cards/dragonair/m2a_ja-125
2ad53dd7-a3d7-43ba-9f79-b535e411549a,M2a,126,メガカイリューex,RR,RR,ダブルレア,MATCH,https://scrydex.com/pokemon/cards/mega-dragonite-ex/m2a_ja-126
2aea2492-d20e-448c-b3c7-c3521dc1fa11,M2a,127,レックウザ,ー,,,NO_RARITY,https://scrydex.com/pokemon/cards/rayquaza/m2a_ja-127
ed64e767-cb9a-455d-8d5f-31dc301ba5bc,M2a,128,Nのレシラム,ー,,,NO_RARITY,https://scrydex.com/pokemon/cards/ns-reshiram/m2a_ja-128
7c1d88ef-e317-4640-9c66-4316cfdbd5cb,M2a,129,Nのゼクロム,ー,,,NO_RARITY,https://scrydex.com/pokemon/cards/ns-zekrom/m2a_ja-129
9790efd5-6b17-4063-8ccd-d6e2eb110f42,M2a,013,イシズマイ,ー,,,NO_RARITY,https://scrydex.com/pokemon/cards/dwebble/m2a_ja-13
0f31b384-b4de-40b3-97a7-0c63557d1bfe,M2a,130,オンバット,ー,,,NO_RARITY,https://scrydex.com/pokemon/cards/noibat/m2a_ja-130
a054b4bc-982f-4e6f-8e71-cc94730d4e13,M2a,131,オンバーン,ー,,,NO_RARITY,https://scrydex.com/pokemon/cards/noivern/m2a_ja-131
3a18f189-bea5-4abc-98e0-789897e339c4,M2a,132,ドラメシヤ,ー,,,NO_RARITY,https://scrydex.com/pokemon/cards/dreepy/m2a_ja-132
bcceb4c2-a9f7-4f4b-9faa-673de754030d,M2a,133,ドロンチ,ー,,,NO_RARITY,https://scrydex.com/pokemon/cards/drakloak/m2a_ja-133
36d39655-92ba-4828-ba2e-7bc9eeb8bd92,M2a,134,ドラパルトex,RR,RR,ダブルレア,MATCH,https://scrydex.com/pokemon/cards/dragapult-ex/m2a_ja-134
7b42cfb7-0e3e-4675-be59-d18ab43481f4,M2a,135,シャリタツ,ー,,,NO_RARITY,https://scrydex.com/pokemon/cards/tatsugiri/m2a_ja-135
92910fce-67c5-4412-9fc2-b1797b8c9bf1,M2a,136,ホップのカビゴン,ー,,,NO_RARITY,https://scrydex.com/pokemon/cards/hops-snorlax/m2a_ja-136
a2e29f91-a6b6-48fa-97ea-18b5aee91fca,M2a,137,ホーホー,ー,,,NO_RARITY,https://scrydex.com/pokemon/cards/hoothoot/m2a_ja-137
572ff17e-22a7-4271-87ab-8a342589f657,M2a,138,ヨルノズク,ー,,,NO_RARITY,https://scrydex.com/pokemon/cards/noctowl/m2a_ja-138
d0cd32cc-2fe1-45bf-80ca-e6009f6e1714,M2a,139,スピンロトム,ー,,,NO_RARITY,https://scrydex.com/pokemon/cards/fan-rotom/m2a_ja-139
abd3be9f-0678-4da5-8935-b01cd50df3ef,M2a,014,イワパレス,ー,,,NO_RARITY,https://scrydex.com/pokemon/cards/crustle/m2a_ja-14
44454377-9e9f-49f0-aa35-f0cda9fa67c7,M2a,140,バッフロン,ー,,,NO_RARITY,https://scrydex.com/pokemon/cards/bouffalant/m2a_ja-140
55ec2b0e-33c4-444e-9d22-e6ae8decb678,M2a,141,ホップのウールー,ー,,,NO_RARITY,https://scrydex.com/pokemon/cards/hops-wooloo/m2a_ja-141
1f811b64-7559-419b-9c54-e1248b29ae5f,M2a,142,ホップのバイウールー,ー,,,NO_RARITY,https://scrydex.com/pokemon/cards/hops-dubwool/m2a_ja-142
585bb004-b635-4a13-a23d-ddf47335877b,M2a,143,ホップのウッウ,ー,,,NO_RARITY,https://scrydex.com/pokemon/cards/hops-cramorant/m2a_ja-143
a1aba18b-4a17-4e99-a597-0fec44e1d9aa,M2a,144,テラパゴス,ー,,,NO_RARITY,https://scrydex.com/pokemon/cards/terapagos/m2a_ja-144
07f27fb0-a4ca-400e-9666-9b120f3a3148,M2a,145,テラパゴスex,RR,RR,ダブルレア,MATCH,https://scrydex.com/pokemon/cards/terapagos-ex/m2a_ja-145
c5c65296-4341-4338-9f68-a3e8f187a818,M2a,146,Nのポイントアップ,ー,,,NO_RARITY,https://scrydex.com/pokemon/cards/ns-pp-up/m2a_ja-146
3ab1fd80-bc47-41fc-a48f-21e91833ed0c,M2a,147,エネルギーリサイクル,ー,,,NO_RARITY,https://scrydex.com/pokemon/cards/energy-recycler/m2a_ja-147
176732e8-3953-451e-ac83-83ab67e9d186,M2a,148,改造ハンマー,ー,,,NO_RARITY,https://scrydex.com/pokemon/cards/enhanced-hammer/m2a_ja-148
c41187e5-54d0-4398-8b95-eef9b37bf9f7,M2a,149,ガラスのラッパ,ー,,,NO_RARITY,https://scrydex.com/pokemon/cards/glass-trumpet/m2a_ja-149
9084d702-2251-4ef5-a21e-370359219dbe,M2a,015,ロケット団のタマンチュラ,ー,,,NO_RARITY,https://scrydex.com/pokemon/cards/team-rockets-tarountula/m2a_ja-15
07980ede-6dd6-454f-bbe5-05b782e895ac,M2a,150,せいなるはい,ー,,,NO_RARITY,https://scrydex.com/pokemon/cards/sacred-ash/m2a_ja-150
6ec61855-84ca-46ae-b590-cb44ebbdb41e,M2a,151,ツールスクラッパー,ー,,,NO_RARITY,https://scrydex.com/pokemon/cards/tool-scrapper/m2a_ja-151
a6047c05-43d4-4064-af1c-7dd659cdd4f6,M2a,152,テラスタルオーブ,ー,,,NO_RARITY,https://scrydex.com/pokemon/cards/tera-orb/m2a_ja-152
b11d991f-71df-4b15-b4d3-a6b71dba5bf7,M2a,153,なかよしポフィン,ー,,,NO_RARITY,https://scrydex.com/pokemon/cards/buddy-buddy-poffin/m2a_ja-153
eb49c7af-330c-4adc-9021-99b389e2d0af,M2a,154,パワープロテイン,ー,,,NO_RARITY,https://scrydex.com/pokemon/cards/premium-power-pro/m2a_ja-154
0433cf94-abd0-48a9-94d1-36e0a63ef5c8,M2a,155,ファイトゴング,ー,,,NO_RARITY,https://scrydex.com/pokemon/cards/fighting-gong/m2a_ja-155
1ac4a749-c2db-44c7-9e26-1212a65f132c,M2a,156,ホップのバッグ,ー,,,NO_RARITY,https://scrydex.com/pokemon/cards/hops-bag/m2a_ja-156
efb1b524-e848-47a7-998d-efc115d35a6b,M2a,157,むしとりセット,ー,,,NO_RARITY,https://scrydex.com/pokemon/cards/bug-catching-set/m2a_ja-157
47c86b19-dae9-4162-8c84-63303880738b,M2a,158,メガシグナル,ー,,,NO_RARITY,https://scrydex.com/pokemon/cards/mega-signal/m2a_ja-158
782de5b6-1660-4228-a7c5-91b0a27666ec,M2a,159,夜のタンカ,ー,,,NO_RARITY,https://scrydex.com/pokemon/cards/night-stretcher/m2a_ja-159
290555d0-1e62-4708-b99e-7d7a9161dec0,M2a,016,ロケット団のワナイダー,ー,,,NO_RARITY,https://scrydex.com/pokemon/cards/team-rockets-spidops/m2a_ja-16
3bee0c85-cae5-44a7-9433-7a5168c8970b,M2a,160,ロケット団のレシーバー,ー,,,NO_RARITY,https://scrydex.com/pokemon/cards/team-rockets-transceiver/m2a_ja-160
ff115e8b-a99c-4112-bb01-cb44721bd43b,M2a,161,カウンターゲイン,ー,,,NO_RARITY,https://scrydex.com/pokemon/cards/counter-gain/m2a_ja-161
4feeb859-7c0b-4c91-8de4-d549c7797b69,M2a,162,シロナのパワーウエイト,ー,,,NO_RARITY,https://scrydex.com/pokemon/cards/cynthias-power-weight/m2a_ja-162
8953ec82-5a40-4b5c-888f-aa3ae6a57996,M2a,163,でんきだま,ー,,,NO_RARITY,https://scrydex.com/pokemon/cards/light-ball/m2a_ja-163
b9357ee1-6ca5-41c7-b5ae-01e7aed81dd9,M2a,164,ぶあついうろこ,ー,,,NO_RARITY,https://scrydex.com/pokemon/cards/thick-scale/m2a_ja-164
08241160-a81a-4a72-bd63-1a98a8d897fc,M2a,165,ふうせん,ー,,,NO_RARITY,https://scrydex.com/pokemon/cards/air-balloon/m2a_ja-165
24c80808-e234-4945-af9e-d78e08d565f4,M2a,166,ブレイブバングル,ー,,,NO_RARITY,https://scrydex.com/pokemon/cards/brave-bangle/m2a_ja-166
e0b483e0-238d-437e-a2c1-9dacbab4fe4a,M2a,167,ホップのこだわりハチマキ,ー,,,NO_RARITY,https://scrydex.com/pokemon/cards/hops-choice-band/m2a_ja-167
fcb07f70-92dc-461c-9572-f0bdc0d532d8,M2a,168,アイリスの闘志,ー,,,NO_RARITY,https://scrydex.com/pokemon/cards/iriss-fighting-spirit/m2a_ja-168
4b674b03-bdbc-48ba-aff8-6613e32496f8,M2a,169,アセロラのいたずら,ー,,,NO_RARITY,https://scrydex.com/pokemon/cards/acerolas-mischief/m2a_ja-169
cf5702e6-4db2-44ef-ac5c-77568728171c,M2a,017,オーガポン みどりのめんex,RR,RR,ダブルレア,MATCH,https://scrydex.com/pokemon/cards/teal-mask-ogerpon-ex/m2a_ja-17
1d04366b-0191-4694-8b53-236184772da8,M2a,170,カナリィ,ー,,,NO_RARITY,https://scrydex.com/pokemon/cards/canari/m2a_ja-170
2eed6125-ea12-450d-809f-e04c82b1032a,M2a,171,サーファー,ー,,,NO_RARITY,https://scrydex.com/pokemon/cards/surfer/m2a_ja-171
2c39a4bf-ad2e-4345-84c0-505977748431,M2a,172,トウコ,ー,,,NO_RARITY,https://scrydex.com/pokemon/cards/hilda/m2a_ja-172
d052f4b1-f015-4be0-8dec-3966277bfce3,M2a,173,バーベナとヘレナ,ー,,,NO_RARITY,https://scrydex.com/pokemon/cards/anthea-and-concordia/m2a_ja-173
6903659d-c737-4b79-a200-cc647d9b25f8,M2a,174,ヒビキの冒険,ー,,,NO_RARITY,https://scrydex.com/pokemon/cards/ethans-adventure/m2a_ja-174
67dcdbbf-4194-49b2-904a-5c3b128ddf5f,M2a,175,リーリエの決心,ー,,,NO_RARITY,https://scrydex.com/pokemon/cards/lillies-determination/m2a_ja-175
e65802e2-1354-402e-ab85-6005646a8db4,M2a,176,ロケット団のアテナ,ー,,,NO_RARITY,https://scrydex.com/pokemon/cards/team-rockets-ariana/m2a_ja-176
7fc90511-a5d0-4899-afce-13ac0673cbda,M2a,177,ロケット団のアポロ,ー,,,NO_RARITY,https://scrydex.com/pokemon/cards/team-rockets-archer/m2a_ja-177
2c8fa2d4-cb41-44cb-9eec-868bb096b268,M2a,178,ロケット団のサカキ,ー,,,NO_RARITY,https://scrydex.com/pokemon/cards/team-rockets-giovanni/m2a_ja-178
9a1e24c5-2c87-44d8-9351-a4c276d922ba,M2a,179,ロケット団のラムダ,ー,,,NO_RARITY,https://scrydex.com/pokemon/cards/team-rockets-petrel/m2a_ja-179
cee04892-91f3-40e0-97ad-34a015abaae5,M2a,018,ヒビキのマグマッグ,ー,,,NO_RARITY,https://scrydex.com/pokemon/cards/ethans-slugma/m2a_ja-18
2dad3138-d459-4b24-9b7e-dc7c46af8977,M2a,180,ロケット団のランス,ー,,,NO_RARITY,https://scrydex.com/pokemon/cards/team-rockets-proton/m2a_ja-180
d97093d9-0e2f-424c-ae55-9f90dfdb0732,M2a,181,Nの城,ー,,,NO_RARITY,https://scrydex.com/pokemon/cards/ns-castle/m2a_ja-181
a620f799-1437-4884-9ac9-3ba8b00c4ed5,M2a,182,活力の森,ー,,,NO_RARITY,https://scrydex.com/pokemon/cards/forest-of-vitality/m2a_ja-182
259e5dde-6c89-4a8a-add9-8f161f58307f,M2a,183,グラビティーマウンテン,ー,,,NO_RARITY,https://scrydex.com/pokemon/cards/gravity-mountain/m2a_ja-183
b935b36f-b2fd-4850-8743-a27d0f62a340,M2a,184,ゼロの大空洞,ー,,,NO_RARITY,https://scrydex.com/pokemon/cards/area-zero-underdepths/m2a_ja-184
b724e539-643e-4490-a4bd-1eed8db5f130,M2a,185,ハッコウシティ,ー,,,NO_RARITY,https://scrydex.com/pokemon/cards/levincia/m2a_ja-185
ea99e99e-62aa-49ac-aaea-6341d1bfd4c5,M2a,186,ハロンタウン,ー,,,NO_RARITY,https://scrydex.com/pokemon/cards/postwick/m2a_ja-186
67bd273c-d4a3-46a6-ab6c-206c598272a4,M2a,187,ミステリーガーデン,ー,,,NO_RARITY,https://scrydex.com/pokemon/cards/mystery-garden/m2a_ja-187
5ddc72c3-9280-4ad9-84b2-ba40e966eb24,M2a,188,夜の鉱山,ー,,,NO_RARITY,https://scrydex.com/pokemon/cards/mine-at-night/m2a_ja-188
b80bfc41-1f30-41bc-85a0-8efe60bcf631,M2a,189,ロケット団の監視塔,ー,,,NO_RARITY,https://scrydex.com/pokemon/cards/team-rockets-watchtower/m2a_ja-189
957a3389-e5ca-4092-9333-17e2df80e1ea,M2a,019,ヒビキのマグカルゴ,ー,,,NO_RARITY,https://scrydex.com/pokemon/cards/ethans-magcargo/m2a_ja-19
fb4ab271-be61-4508-8881-c9482fdf979e,M2a,190,ロケット団のファクトリー,ー,,,NO_RARITY,https://scrydex.com/pokemon/cards/team-rockets-factory/m2a_ja-190
fe7effeb-66e3-4ddf-afe9-cf818b9d4b9b,M2a,191,イグニッションエネルギー,ー,,,NO_RARITY,https://scrydex.com/pokemon/cards/ignition-energy/m2a_ja-191
57cedf54-ed9b-4a5d-a415-a0d53245f578,M2a,192,プリズムエネルギー,ー,,,NO_RARITY,https://scrydex.com/pokemon/cards/prism-energy/m2a_ja-192
cdda3040-e650-469a-b7c0-60171496a99c,M2a,193,ロケット団エネルギー,ー,,,NO_RARITY,https://scrydex.com/pokemon/cards/team-rockets-energy/m2a_ja-193
3c3b5f93-2474-4b4d-98b1-c1e9fa348bac,M2a,194,アゲハント,AR,AR,アートレア,MATCH,https://scrydex.com/pokemon/cards/beautifly/m2a_ja-194
d400e411-e4ea-4e1e-a93e-08a8097ab47f,M2a,195,ドクケイル,AR,AR,アートレア,MATCH,https://scrydex.com/pokemon/cards/dustox/m2a_ja-195
035895b5-d593-4a9e-b6e7-54f73f8e3510,M2a,196,スボミー,AR,AR,アートレア,MATCH,https://scrydex.com/pokemon/cards/budew/m2a_ja-196
225c9616-cfb2-48e9-a486-56dfe091f72d,M2a,197,ヒビキのマグカルゴ,AR,AR,アートレア,MATCH,https://scrydex.com/pokemon/cards/ethans-magcargo/m2a_ja-197
12e82618-66aa-462f-a679-352ecbb666c7,M2a,198,ドンメル,AR,AR,アートレア,MATCH,https://scrydex.com/pokemon/cards/numel/m2a_ja-198
4800232f-c176-42a7-bbc0-f43cafdc2628,M2a,199,コダック,AR,AR,アートレア,MATCH,https://scrydex.com/pokemon/cards/psyduck/m2a_ja-199
e6048670-faaf-4737-b3be-7a252a7f581c,M2a,002,ヤンヤンマ,ー,,,NO_RARITY,https://scrydex.com/pokemon/cards/yanma/m2a_ja-2
eac7345a-3bd4-413a-903f-69a2a5ebd3a3,M2a,020,エンテイ,ー,,,NO_RARITY,https://scrydex.com/pokemon/cards/entei/m2a_ja-20
5cce0ccf-a355-403f-b7da-c5bba2e852a6,M2a,200,ユキワラシ,AR,AR,アートレア,MATCH,https://scrydex.com/pokemon/cards/snorunt/m2a_ja-200
2ef7eb80-a790-46db-944e-83f7e0417e75,M2a,201,エレザード,AR,AR,アートレア,MATCH,https://scrydex.com/pokemon/cards/heliolisk/m2a_ja-201
c018344f-ae78-4bf5-b016-255d599be382,M2a,202,ムウマ,AR,AR,アートレア,MATCH,https://scrydex.com/pokemon/cards/misdreavus/m2a_ja-202
c32fac8a-4a41-42e1-94e8-e5848eccc78d,M2a,203,トゲキッス,AR,AR,アートレア,MATCH,https://scrydex.com/pokemon/cards/togekiss/m2a_ja-203
19468147-380e-41da-9729-b480018d9614,M2a,204,ホップのオーロット,AR,AR,アートレア,MATCH,https://scrydex.com/pokemon/cards/hops-trevenant/m2a_ja-204
3ae62f3a-18fc-448a-bad2-1ed5c04c0bbc,M2a,205,ロケット団のミミッキュ,AR,AR,アートレア,MATCH,https://scrydex.com/pokemon/cards/team-rockets-mimikyu/m2a_ja-205
015cd38b-a1d4-4d7c-8c98-1ab2630cc6b1,M2a,206,ロケット団のダグトリオ,AR,AR,アートレア,MATCH,https://scrydex.com/pokemon/cards/team-rockets-dugtrio/m2a_ja-206
cc84282e-6d60-4121-b4be-53a1400872b4,M2a,207,チャーレム,AR,AR,アートレア,MATCH,https://scrydex.com/pokemon/cards/medicham/m2a_ja-207
5ce972f2-fc2d-4ea5-becd-5ecdae10477f,M2a,208,シロナのミカルゲ,AR,AR,アートレア,MATCH,https://scrydex.com/pokemon/cards/cynthias-spiritomb/m2a_ja-208
8efd8b3b-c7fc-42a7-bf1c-1d2f2d874326,M2a,209,ガラル タチフサグマ,AR,AR,アートレア,MATCH,https://scrydex.com/pokemon/cards/galarian-obstagoon/m2a_ja-209
2c47e804-3ce3-490a-ab8d-66b6d0f3daa3,M2a,021,ヒビキのホウオウex,RR,RR,ダブルレア,MATCH,https://scrydex.com/pokemon/cards/ethans-ho-oh-ex/m2a_ja-21
e610dbc6-a0de-413b-b29c-b7765f91cf32,M2a,210,Nのゼクロム,AR,AR,アートレア,MATCH,https://scrydex.com/pokemon/cards/ns-zekrom/m2a_ja-210
5b27bf37-29f5-48fe-b387-e41d461602c7,M2a,211,ドラメシヤ,AR,AR,アートレア,MATCH,https://scrydex.com/pokemon/cards/dreepy/m2a_ja-211
98c92a03-cd9b-476f-aa05-035c7d83e3af,M2a,212,ドロンチ,AR,AR,アートレア,MATCH,https://scrydex.com/pokemon/cards/drakloak/m2a_ja-212
7974d879-4e87-4bbb-8013-b671b60ad31e,M2a,213,スピンロトム,AR,AR,アートレア,MATCH,https://scrydex.com/pokemon/cards/fan-rotom/m2a_ja-213
ee199b71-d9f6-465e-b6bc-897cf64b3b02,M2a,214,Nのポイントアップ,SR,SR,スーパーレア,MATCH,https://scrydex.com/pokemon/cards/ns-pp-up/m2a_ja-214
8e9e468b-8a3c-46e9-800d-145b5aac09b5,M2a,215,ガラスのラッパ,SR,SR,スーパーレア,MATCH,https://scrydex.com/pokemon/cards/glass-trumpet/m2a_ja-215
9bdba3e0-db59-410c-9f63-0982eeb7d921,M2a,216,ハイパーボール,SR,SR,スーパーレア,MATCH,https://scrydex.com/pokemon/cards/ultra-ball/m2a_ja-216
0c00f3de-ca6b-49b8-a455-dc082b342317,M2a,217,ロケット団のレシーバー,SR,SR,スーパーレア,MATCH,https://scrydex.com/pokemon/cards/team-rockets-transceiver/m2a_ja-217
d3d0d28f-28bd-4feb-9ea2-d9dee1a5b4e7,M2a,218,カウンターゲイン,SR,SR,スーパーレア,MATCH,https://scrydex.com/pokemon/cards/counter-gain/m2a_ja-218
8ec1c0ce-31cd-4530-888a-2a5fa80609e1,M2a,219,カナリィ,SR,SR,スーパーレア,MATCH,https://scrydex.com/pokemon/cards/canari/m2a_ja-219
024e6815-534c-450c-be08-8d003a291c5f,M2a,022,ドンメル,ー,,,NO_RARITY,https://scrydex.com/pokemon/cards/numel/m2a_ja-22
010efd40-e37a-4131-baaf-c9f03695b855,M2a,220,からておうの稽古,SR,SR,スーパーレア,MATCH,https://scrydex.com/pokemon/cards/black-belts-training/m2a_ja-220
a0745fcc-6a99-461f-aa50-06aa9a92d8c8,M2a,221,バーベナとヘレナ,SR,SR,スーパーレア,MATCH,https://scrydex.com/pokemon/cards/anthea-and-concordia/m2a_ja-221
d5034825-b759-4585-aa71-cae5d92bfe56,M2a,222,ジャミングタワー,SR,SR,スーパーレア,MATCH,https://scrydex.com/pokemon/cards/jamming-tower/m2a_ja-222
6d5a2013-7d77-440d-83cf-ee7c6464f00d,M2a,223,メガリザードンXex,SR,R,Rare,CHANGE,https://scrydex.com/pokemon/cards/mega-charizard-x-ex/m2a_ja-223
3c1bbfb4-9459-4564-914e-65c79948bc96,M2a,224,メガユキメノコex,SR,R,Rare,CHANGE,https://scrydex.com/pokemon/cards/mega-froslass-ex/m2a_ja-224
ec4fdfb7-3766-4d82-99e9-0fd20fb0a56a,M2a,225,メガシビルドンex,SR,R,Rare,CHANGE,https://scrydex.com/pokemon/cards/mega-eelektross-ex/m2a_ja-225
4c48277a-409d-43e8-8746-371f71484b43,M2a,226,メガサーナイトex,SR,R,Rare,CHANGE,https://scrydex.com/pokemon/cards/mega-gardevoir-ex/m2a_ja-226
5b4b2016-546c-4567-900c-24048546bdc1,M2a,227,メガディアンシーex,SR,R,Rare,CHANGE,https://scrydex.com/pokemon/cards/mega-diancie-ex/m2a_ja-227
9a6456ae-9355-4117-8b2e-3bf151df1c7a,M2a,228,メガルカリオex,SR,R,Rare,CHANGE,https://scrydex.com/pokemon/cards/mega-lucario-ex/m2a_ja-228
2f81fd40-26a2-4487-b78e-9a08529681f8,M2a,229,メガルチャブルex,SR,R,Rare,CHANGE,https://scrydex.com/pokemon/cards/mega-hawlucha-ex/m2a_ja-229
2b3d8a88-26c6-4ed4-abb2-b934dffb3dd0,M2a,023,バクーダ,ー,,,NO_RARITY,https://scrydex.com/pokemon/cards/camerupt/m2a_ja-23
e7f92c05-4c1f-468c-a52d-6e479d0fc923,M2a,230,メガゲンガーex,SR,R,Rare,CHANGE,https://scrydex.com/pokemon/cards/mega-gengar-ex/m2a_ja-230
dca01781-8d22-4659-b8fc-acc7c748ae7c,M2a,231,メガズルズキンex,SR,R,Rare,CHANGE,https://scrydex.com/pokemon/cards/mega-scrafty-ex/m2a_ja-231
f6f74119-c654-4f5b-afaa-1c81803afe75,M2a,232,メガカイリューex,SR,,,NO_RARITY,https://scrydex.com/pokemon/cards/mega-dragonite-ex/m2a_ja-232
25d3b036-b858-414d-82ca-117217f673d0,M2a,233,メガユキメノコex,SAR,SAR,スペシャルアートレア,MATCH,https://scrydex.com/pokemon/cards/mega-froslass-ex/m2a_ja-233
ad9e374b-0d9d-466c-a057-e634a433ef25,M2a,234,ピカチュウex,SAR,SAR,スペシャルアートレア,MATCH,https://scrydex.com/pokemon/cards/pikachu-ex/m2a_ja-234
f12ed2b0-b5e8-4e74-adc3-06c7aafcbba6,M2a,235,メガシビルドンex,SAR,SAR,スペシャルアートレア,MATCH,https://scrydex.com/pokemon/cards/mega-eelektross-ex/m2a_ja-235
d02c1dbb-c397-4b6e-ae9c-9b9ec7f4d5e9,M2a,236,ナンジャモのハラバリーex,SAR,SAR,スペシャルアートレア,MATCH,https://scrydex.com/pokemon/cards/ionos-bellibolt-ex/m2a_ja-236
047357be-3528-4f97-92d9-c112adb213ac,M2a,237,ロケット団のミュウツーex,SAR,SAR,スペシャルアートレア,MATCH,https://scrydex.com/pokemon/cards/team-rockets-mewtwo-ex/m2a_ja-237
2cd985f4-1f1a-4ad4-b5d4-8f17b48a48ec,M2a,238,メガディアンシーex,SAR,SAR,スペシャルアートレア,MATCH,https://scrydex.com/pokemon/cards/mega-diancie-ex/m2a_ja-238
d523d00d-78f3-4caf-8787-06713e417293,M2a,239,メガルチャブルex,SAR,SAR,スペシャルアートレア,MATCH,https://scrydex.com/pokemon/cards/mega-hawlucha-ex/m2a_ja-239
24ba205c-6121-4af1-9678-cefe98ba00fe,M2a,024,ポカブ,ー,,,NO_RARITY,https://scrydex.com/pokemon/cards/tepig/m2a_ja-24
df91f980-2f52-4d10-a7f3-a079ac0dd9fd,M2a,240,メガゲンガーex,SAR,SAR,スペシャルアートレア,MATCH,https://scrydex.com/pokemon/cards/mega-gengar-ex/m2a_ja-240
81132878-0f42-4c0e-b5f6-05c91a5042f3,M2a,241,メガズルズキンex,SAR,SAR,スペシャルアートレア,MATCH,https://scrydex.com/pokemon/cards/mega-scrafty-ex/m2a_ja-241
d48fb928-7b88-425f-a53c-c1961c3831d3,M2a,242,Nのゾロアークex,SAR,SAR,スペシャルアートレア,MATCH,https://scrydex.com/pokemon/cards/ns-zoroark-ex/m2a_ja-242
32af61c6-c27b-4604-aa74-2dbb216db158,M2a,243,マリィのオーロンゲex,SAR,SAR,スペシャルアートレア,MATCH,https://scrydex.com/pokemon/cards/marnies-grimmsnarl-ex/m2a_ja-243
1958517a-b52c-4f1a-aadb-c1beafe47596,M2a,244,キチキギスex,SAR,SAR,スペシャルアートレア,MATCH,https://scrydex.com/pokemon/cards/fezandipiti-ex/m2a_ja-244
0eb162f0-9900-4ff3-862e-16dbabf50bd8,M2a,245,ダイゴのメタグロスex,SAR,SAR,スペシャルアートレア,MATCH,https://scrydex.com/pokemon/cards/stevens-metagross-ex/m2a_ja-245
520174c6-bf29-49e4-9f13-c4b366a9903d,M2a,246,メガカイリューex,SAR,SAR,スペシャルアートレア,MATCH,https://scrydex.com/pokemon/cards/mega-dragonite-ex/m2a_ja-246
61436310-6cbf-48ce-877d-cf2c2eb29f68,M2a,247,アイリスの闘志,SAR,SAR,スペシャルアートレア,MATCH,https://scrydex.com/pokemon/cards/iriss-fighting-spirit/m2a_ja-247
6feaabdc-0b90-4f83-b5d5-4fb5cb356163,M2a,248,カナリィ,SAR,SAR,スペシャルアートレア,MATCH,https://scrydex.com/pokemon/cards/canari/m2a_ja-248
7e78b973-2ffd-4dc6-9475-43011f7f5a43,M2a,249,サーファー,SAR,SAR,スペシャルアートレア,MATCH,https://scrydex.com/pokemon/cards/surfer/m2a_ja-249
a9439fb3-31c1-4fcb-bca5-7823245d703e,M2a,025,チャオブー,ー,,,NO_RARITY,https://scrydex.com/pokemon/cards/pignite/m2a_ja-25
ca6ea812-ea77-402b-803f-edf2016a45d8,M2a,250,メガカイリューex,MUR,MUR,超ウルトラレア,MATCH,https://scrydex.com/pokemon/cards/mega-dragonite-ex/m2a_ja-250
cb5d09e7-4907-4eea-8fd4-1d5faf9ce7ba,M2a,026,エンブオー,ー,,,NO_RARITY,https://scrydex.com/pokemon/cards/emboar/m2a_ja-26
12a22afa-9577-4476-8330-9ae61f0a47ee,M2a,027,Nのダルマッカ,ー,,,NO_RARITY,https://scrydex.com/pokemon/cards/ns-darumaka/m2a_ja-27
83eb3673-58ac-48e6-bda9-bf5170825fba,M2a,028,Nのヒヒダルマ,ー,,,NO_RARITY,https://scrydex.com/pokemon/cards/ns-darmanitan/m2a_ja-28
ccfd70bd-733e-466c-a417-6b49fdec45ed,M2a,029,レシラムex,RR,RR,ダブルレア,MATCH,https://scrydex.com/pokemon/cards/reshiram-ex/m2a_ja-29
75ef153a-0c74-49f6-ae1f-b6db475fe106,M2a,003,メガヤンマex,RR,RR,ダブルレア,MATCH,https://scrydex.com/pokemon/cards/yanmega-ex/m2a_ja-3
1817d0c3-2c39-40f9-be2c-0693acb7d58f,M2a,030,カルボウ,ー,,,NO_RARITY,https://scrydex.com/pokemon/cards/charcadet/m2a_ja-30
61684044-610b-472c-9924-653e0152f211,M2a,031,ソウブレイズex,RR,RR,ダブルレア,MATCH,https://scrydex.com/pokemon/cards/ceruledge-ex/m2a_ja-31
2f7f1ca8-faf3-49eb-bead-08d81f2c2dd5,M2a,032,コダック,ー,,,NO_RARITY,https://scrydex.com/pokemon/cards/psyduck/m2a_ja-32
f9f6100e-4804-4262-b9c6-e9c8d61f2720,M2a,033,ゴルダック,ー,,,NO_RARITY,https://scrydex.com/pokemon/cards/golduck/m2a_ja-33
c7bb0a29-a1cd-456d-bce7-07a24604738f,M2a,034,ロケット団のフリーザー,ー,,,NO_RARITY,https://scrydex.com/pokemon/cards/team-rockets-articuno/m2a_ja-34
1766e7eb-81aa-415c-a3ed-e593e57dcb92,M2a,035,ユキワラシ,ー,,,NO_RARITY,https://scrydex.com/pokemon/cards/snorunt/m2a_ja-35
ba389278-ceb5-4994-9133-6a98503c9167,M2a,036,メガユキメノコex,RR,RR,ダブルレア,MATCH,https://scrydex.com/pokemon/cards/mega-froslass-ex/m2a_ja-36
9bf93de4-829d-4677-9ffd-a7f28d5728fc,M2a,037,Nのバニプッチ,ー,,,NO_RARITY,https://scrydex.com/pokemon/cards/ns-vanillite/m2a_ja-37
7e0c5821-e9ce-48c2-9169-088e3de3f40f,M2a,038,Nのバニリッチ,ー,,,NO_RARITY,https://scrydex.com/pokemon/cards/ns-vanillish/m2a_ja-38
0362620d-4cfa-4f8d-aac4-13a459bd6002,M2a,039,Nのバイバニラ,ー,,,NO_RARITY,https://scrydex.com/pokemon/cards/ns-vanilluxe/m2a_ja-39
a1502cd7-3a79-49cf-bffb-767b1cbb4a22,M2a,004,ケムッソ,ー,,,NO_RARITY,https://scrydex.com/pokemon/cards/wurmple/m2a_ja-4
e27176b9-56f4-4bb9-a41f-5cd242320725,M2a,040,ユキハミ,ー,,,NO_RARITY,https://scrydex.com/pokemon/cards/snom/m2a_ja-40
646b995d-b5ee-43f1-ad16-586c0379f3a5,M2a,041,モスノウ,ー,,,NO_RARITY,https://scrydex.com/pokemon/cards/frosmoth/m2a_ja-41
8f003e35-c441-4c86-93ea-46db18eb5125,M2a,042,ブリザポス,ー,,,NO_RARITY,https://scrydex.com/pokemon/cards/glastrier/m2a_ja-42
d2ccffef-0871-4047-b6d9-79aadb1e1b61,M2a,043,パオジアン,ー,,,NO_RARITY,https://scrydex.com/pokemon/cards/chien-pao/m2a_ja-43
3668ff60-d18b-488e-94a0-6bee0db9cf59,M2a,044,ピカチュウex,RR,RR,ダブルレア,MATCH,https://scrydex.com/pokemon/cards/pikachu-ex/m2a_ja-44
9f1d688c-f349-4e0e-a58c-6f09072d0436,M2a,045,コイル,ー,,,NO_RARITY,https://scrydex.com/pokemon/cards/magnemite/m2a_ja-45
e2b90329-2d29-4f7d-a707-999d743e56c8,M2a,046,レアコイル,ー,,,NO_RARITY,https://scrydex.com/pokemon/cards/magneton/m2a_ja-46
f84b42d0-970a-4f45-abb8-02bf414166b7,M2a,047,シビシラス,ー,,,NO_RARITY,https://scrydex.com/pokemon/cards/tynamo/m2a_ja-47
887a3383-feb8-4c32-94fe-1f162f69a54a,M2a,048,シビビール,ー,,,NO_RARITY,https://scrydex.com/pokemon/cards/eelektrik/m2a_ja-48
678592ab-3af6-4892-9fcf-d7aaa67968c3,M2a,049,メガシビルドンex,RR,RR,ダブルレア,MATCH,https://scrydex.com/pokemon/cards/mega-eelektross-ex/m2a_ja-49
034499d4-0374-46c2-aeb1-1af575358b73,M2a,005,カラサリス,ー,,,NO_RARITY,https://scrydex.com/pokemon/cards/silcoon/m2a_ja-5
53c73021-b1ba-480e-a7c6-d8c545a9ce1d,M2a,050,マッギョ,ー,,,NO_RARITY,https://scrydex.com/pokemon/cards/stunfisk/m2a_ja-50
22276bce-c596-4a8c-8862-410ea6dd2f13,M2a,051,ゼクロムex,RR,RR,ダブルレア,MATCH,https://scrydex.com/pokemon/cards/zekrom-ex/m2a_ja-51
a1342466-3d14-4f4e-a98d-3bef54fd523a,M2a,052,エリキテル,ー,,,NO_RARITY,https://scrydex.com/pokemon/cards/helioptile/m2a_ja-52
d8b1dd44-918c-47bc-80b4-2a1d395b0b79,M2a,053,エレザード,ー,,,NO_RARITY,https://scrydex.com/pokemon/cards/heliolisk/m2a_ja-53
67d2a27c-6f5b-451b-bdcf-1e105b566b53,M2a,054,カプ・コケコ,ー,,,NO_RARITY,https://scrydex.com/pokemon/cards/tapu-koko/m2a_ja-54
36033df0-7b14-4b00-81ab-e0e29e8fcf92,M2a,055,ゼラオラ,ー,,,NO_RARITY,https://scrydex.com/pokemon/cards/zeraora/m2a_ja-55
197fd83d-91c8-46bf-ba34-67b1fb77608f,M2a,056,ナンジャモのズピカ,ー,,,NO_RARITY,https://scrydex.com/pokemon/cards/ionos-tadbulb/m2a_ja-56
a5d24bf7-4ad7-4baf-bd4f-67607bd2be51,M2a,057,ナンジャモのハラバリーex,RR,RR,ダブルレア,MATCH,https://scrydex.com/pokemon/cards/ionos-bellibolt-ex/m2a_ja-57
cf8066dc-5b8a-4712-b0b0-823c8cf4ca63,M2a,058,ナンジャモのカイデン,ー,,,NO_RARITY,https://scrydex.com/pokemon/cards/ionos-wattrel/m2a_ja-58
d6e4a851-29ed-490c-a531-8d6031a03cd2,M2a,059,ナンジャモのタイカイデン,ー,,,NO_RARITY,https://scrydex.com/pokemon/cards/ionos-kilowattrel/m2a_ja-59
d80f9054-8d10-4793-885f-92f076725b51,M2a,006,アゲハント,ー,,,NO_RARITY,https://scrydex.com/pokemon/cards/beautifly/m2a_ja-6
32fdea6a-ac09-4a2b-9820-83d2b6228712,M2a,060,リーリエのピッピex,RR,RR,ダブルレア,MATCH,https://scrydex.com/pokemon/cards/lillies-clefairy-ex/m2a_ja-60
bc76ce92-7b3d-4ee9-9ee9-49c321e2a300,M2a,061,ロケット団のタマタマ,ー,,,NO_RARITY,https://scrydex.com/pokemon/cards/team-rockets-exeggcute/m2a_ja-61
e842e6fc-a34b-4337-91e7-0359b7d6fda1,M2a,062,ロケット団のナッシー,ー,,,NO_RARITY,https://scrydex.com/pokemon/cards/team-rockets-exeggutor/m2a_ja-62
bb84f5c6-e7ac-4dfa-8ffb-57c944631143,M2a,063,ロケット団のミュウツーex,RR,RR,ダブルレア,MATCH,https://scrydex.com/pokemon/cards/team-rockets-mewtwo-ex/m2a_ja-63
67aee792-0b53-4408-8b21-5b0fa098203a,M2a,064,トゲピー,ー,,,NO_RARITY,https://scrydex.com/pokemon/cards/togepi/m2a_ja-64
af07372b-b97c-4b18-9654-d17db61c1d21,M2a,065,トゲチック,ー,,,NO_RARITY,https://scrydex.com/pokemon/cards/togetic/m2a_ja-65
4d0e89da-fb1b-47ce-84cd-aa80a1decd08,M2a,066,トゲキッス,ー,,,NO_RARITY,https://scrydex.com/pokemon/cards/togekiss/m2a_ja-66
0f02e958-02fb-4054-b2a1-d9a05ba7dde6,M2a,067,ムウマ,ー,,,NO_RARITY,https://scrydex.com/pokemon/cards/misdreavus/m2a_ja-67
72543827-7bbe-48de-bf23-533294bad110,M2a,068,ムウマージ,ー,,,NO_RARITY,https://scrydex.com/pokemon/cards/mismagius/m2a_ja-68
7edcc6c0-f263-4634-97f0-a265092d9fb2,M2a,069,ラルトス,ー,,,NO_RARITY,https://scrydex.com/pokemon/cards/ralts/m2a_ja-69
eac4b227-b7db-4d17-ab9c-0aba6784cd8f,M2a,007,マユルド,ー,,,NO_RARITY,https://scrydex.com/pokemon/cards/cascoon/m2a_ja-7
552377a7-d4de-4253-96f1-e89f6022175d,M2a,070,キルリア,ー,,,NO_RARITY,https://scrydex.com/pokemon/cards/kirlia/m2a_ja-70
1f15e026-58c3-4ee1-addd-a68b48dba88c,M2a,071,メガサーナイトex,RR,RR,ダブルレア,MATCH,https://scrydex.com/pokemon/cards/mega-gardevoir-ex/m2a_ja-71
8b5d89ca-f2a6-474a-bffe-02462352d106,M2a,072,ヨマワル,ー,,,NO_RARITY,https://scrydex.com/pokemon/cards/duskull/m2a_ja-72
0a8ae685-8aa8-4fca-a4c3-e834933e56d2,M2a,073,サマヨール,ー,,,NO_RARITY,https://scrydex.com/pokemon/cards/dusclops/m2a_ja-73
1fc8e1ae-a368-4db4-ac39-87a840c049ea,M2a,074,ヨノワール,ー,,,NO_RARITY,https://scrydex.com/pokemon/cards/dusknoir/m2a_ja-74
bc561f85-a805-4ac1-9060-221198d9b05f,M2a,075,ラティアスex,RR,RR,ダブルレア,MATCH,https://scrydex.com/pokemon/cards/latias-ex/m2a_ja-75
d66c3413-8684-4cb6-a87e-deba94a3cc09,M2a,076,ロトム,ー,,,NO_RARITY,https://scrydex.com/pokemon/cards/rotom/m2a_ja-76
37638935-25fe-483b-883d-2cad412aee46,M2a,077,ホップのボクレー,ー,,,NO_RARITY,https://scrydex.com/pokemon/cards/hops-phantump/m2a_ja-77
e3d6991f-17ad-4edb-9d47-061c953bec54,M2a,078,ホップのオーロット,ー,,,NO_RARITY,https://scrydex.com/pokemon/cards/hops-trevenant/m2a_ja-78
414326c8-bbaf-41d7-82af-18804814c4a5,M2a,079,ロケット団のミミッキュ,ー,,,NO_RARITY,https://scrydex.com/pokemon/cards/team-rockets-mimikyu/m2a_ja-79
53441a16-6d5e-4ec4-aa09-95393323813f,M2a,008,ドクケイル,ー,,,NO_RARITY,https://scrydex.com/pokemon/cards/dustox/m2a_ja-8
bbed545d-7fd3-4aa7-9f34-8bc805368219,M2a,080,レイスポス,ー,,,NO_RARITY,https://scrydex.com/pokemon/cards/spectrier/m2a_ja-80
38f0da53-038f-46a7-a952-912658695cad,M2a,081,マシマシラ,ー,,,NO_RARITY,https://scrydex.com/pokemon/cards/munkidori/m2a_ja-81
e6a7b7b5-533c-4107-9160-ec049893a010,M2a,082,ロケット団のディグダ,ー,,,NO_RARITY,https://scrydex.com/pokemon/cards/team-rockets-diglett/m2a_ja-82
378ca99b-cbf0-48e7-923e-a9144ca6188c,M2a,083,ロケット団のダグトリオ,ー,,,NO_RARITY,https://scrydex.com/pokemon/cards/team-rockets-dugtrio/m2a_ja-83
753199e8-411c-4d4b-a381-7fa7c3fd1c06,M2a,084,アサナン,ー,,,NO_RARITY,https://scrydex.com/pokemon/cards/meditite/m2a_ja-84
5c480f94-d80a-45c4-a44a-8279ad67e651,M2a,085,チャーレム,ー,,,NO_RARITY,https://scrydex.com/pokemon/cards/medicham/m2a_ja-85
5b8127ae-4ee4-4d1e-9e84-627481fe9ea1,M2a,086,ルナトーン,ー,,,NO_RARITY,https://scrydex.com/pokemon/cards/lunatone/m2a_ja-86
abacd829-dcbd-4ab7-8114-c48bb4bcbc2a,M2a,087,ソルロック,ー,,,NO_RARITY,https://scrydex.com/pokemon/cards/solrock/m2a_ja-87
993f17bd-0d31-4789-a1f1-4b97069c07bc,M2a,088,シロナのフカマル,ー,,,NO_RARITY,https://scrydex.com/pokemon/cards/cynthias-gible/m2a_ja-88
a41cf63f-52f7-48fb-bd63-464dd6b59147,M2a,089,シロナのガバイト,ー,,,NO_RARITY,https://scrydex.com/pokemon/cards/cynthias-gabite/m2a_ja-89
89f77896-495c-445b-ad48-92bc53993031,M2a,009,シロナのロゼリア,ー,,,NO_RARITY,https://scrydex.com/pokemon/cards/cynthias-roselia/m2a_ja-9
f66aa74d-d4e3-489f-b688-80aa3204d6e2,M2a,090,シロナのガブリアスex,RR,RR,ダブルレア,MATCH,https://scrydex.com/pokemon/cards/cynthias-garchomp-ex/m2a_ja-90
a19a82b0-2920-48ae-86bc-3522fc1d3cbd,M2a,091,リオル,ー,,,NO_RARITY,https://scrydex.com/pokemon/cards/riolu/m2a_ja-91
2ca3d629-fa03-4296-a298-ffced51d44bd,M2a,092,メガルカリオex,RR,RR,ダブルレア,MATCH,https://scrydex.com/pokemon/cards/mega-lucario-ex/m2a_ja-92
6617dec0-7e45-4df5-8684-c34beb1b271b,M2a,093,ヤンチャム,ー,,,NO_RARITY,https://scrydex.com/pokemon/cards/pancham/m2a_ja-93
7975cc1c-ad4b-4357-afcf-28821b2e4c3c,M2a,094,メガルチャブルex,RR,RR,ダブルレア,MATCH,https://scrydex.com/pokemon/cards/mega-hawlucha-ex/m2a_ja-94
5b92312b-2325-4c12-90f3-0121b8216963,M2a,095,タンドン,ー,,,NO_RARITY,https://scrydex.com/pokemon/cards/rolycoly/m2a_ja-95
d8f2af52-66b1-430b-b015-095981b6b9e0,M2a,096,トロッゴン,ー,,,NO_RARITY,https://scrydex.com/pokemon/cards/carkol/m2a_ja-96
c908b1da-df08-4301-a979-4a4657bae99c,M2a,097,セキタンザン,ー,,,NO_RARITY,https://scrydex.com/pokemon/cards/coalossal/m2a_ja-97
aaaf5708-74c7-4f28-b6f2-17d7bfb5de2f,M2a,098,イイネイヌ,ー,,,NO_RARITY,https://scrydex.com/pokemon/cards/okidogi/m2a_ja-98
31ca19b0-d838-4fea-9e39-e3f0fe84fca9,M2a,099,ロケット団のズバット,ー,,,NO_RARITY,https://scrydex.com/pokemon/cards/team-rockets-zubat/m2a_ja-99
4344c8c2-c0a5-466a-b62c-d4392850a573,M3,001,イトマル,C,C,通常,MATCH,https://scrydex.com/pokemon/cards/spinarak/m3_ja-1
94622d3d-a3dd-4070-af49-edde8fd730f7,M3,010,モクロー,C,C,通常,MATCH,https://scrydex.com/pokemon/cards/rowlet/m3_ja-10
fbf9d8b5-6efe-426a-ad83-a2b33a349a07,M3,100,ニャースex,SR,SR,スーパーレア,MATCH,https://scrydex.com/pokemon/cards/meowth-ex/m3_ja-100
0c36ce7b-c461-4385-a84b-38009df42a29,M3,101,エネルギーリサイクル,SR,SR,スーパーレア,MATCH,https://scrydex.com/pokemon/cards/energy-recycler/m3_ja-101
829cba9d-5bfb-4528-9a7b-8707d4247c55,M3,102,せいなるはい,SR,SR,スーパーレア,MATCH,https://scrydex.com/pokemon/cards/sacred-ash/m3_ja-102
10639a50-3661-4cbf-9456-e20ded5539b7,M3,103,ポケパッド,SR,SR,スーパーレア,MATCH,https://scrydex.com/pokemon/cards/pok-pad/m3_ja-103
72ee7bbc-66f1-4410-a4db-887d34749e5d,M3,104,ワンダーパッチ,SR,SR,スーパーレア,MATCH,https://scrydex.com/pokemon/cards/wondrous-patch/m3_ja-104
8957ea70-ca78-471b-ab44-c06753e55fe8,M3,105,タラゴン,SR,SR,スーパーレア,MATCH,https://scrydex.com/pokemon/cards/tarragon/m3_ja-105
bf9ecfab-a7da-43f7-a6d3-9942cad25fc4,M3,106,ピュール,SR,SR,スーパーレア,MATCH,https://scrydex.com/pokemon/cards/naveen/m3_ja-106
7600addd-c162-4ff7-a337-8134b8fadf37,M3,107,メイのはげまし,SR,SR,スーパーレア,MATCH,https://scrydex.com/pokemon/cards/rosas-encouragement/m3_ja-107
ea1b57b7-5104-4829-a193-a80526b2746e,M3,108,ユカリ,SR,SR,スーパーレア,MATCH,https://scrydex.com/pokemon/cards/jacinthe/m3_ja-108
78ccb1cf-da0c-46f1-979f-3473aac15c70,M3,109,活力の森,SR,SR,スーパーレア,MATCH,https://scrydex.com/pokemon/cards/forest-of-vitality/m3_ja-109
314106a1-0384-4fc9-8121-23e5e46572c7,M3,011,フクスロー,C,C,通常,MATCH,https://scrydex.com/pokemon/cards/dartrix/m3_ja-11
6e10a05b-f4ef-4d54-8a83-50bf3e9ddfe6,M3,110,ミアレシティ,SR,SR,スーパーレア,MATCH,https://scrydex.com/pokemon/cards/lumiose-city/m3_ja-110
e3b70848-8d50-4981-bc98-a8962fce0730,M3,111,メガスターミーex,SAR,SAR,スペシャルアートレア,MATCH,https://scrydex.com/pokemon/cards/mega-starmie-ex/m3_ja-111
670bd962-2d67-4744-84b7-0b1d07e6a864,M3,112,メガピクシーex,SAR,SAR,スペシャルアートレア,MATCH,https://scrydex.com/pokemon/cards/mega-clefable-ex/m3_ja-112
8907d7c5-6585-45b6-8a3d-29cb554804dd,M3,113,メガジガルデex,SAR,SAR,スペシャルアートレア,MATCH,https://scrydex.com/pokemon/cards/mega-zygarde-ex/m3_ja-113
6bf4e5ac-c90a-4c73-b0da-bd3f49e6925f,M3,114,ニャースex,SAR,SAR,スペシャルアートレア,MATCH,https://scrydex.com/pokemon/cards/meowth-ex/m3_ja-114
cb166deb-0c7d-4864-a270-abd7c93a2e02,M3,115,メイのはげまし,SAR,SAR,スペシャルアートレア,MATCH,https://scrydex.com/pokemon/cards/rosas-encouragement/m3_ja-115
36864b7b-eee5-449c-aaef-9cbdd2e80e91,M3,116,ユカリ,SAR,SAR,スペシャルアートレア,MATCH,https://scrydex.com/pokemon/cards/jacinthe/m3_ja-116
2f15bd70-e34e-41c9-8652-20f6d345d8ce,M3,117,メガジガルデex,MUR,MUR,超ウルトラレア,MATCH,https://scrydex.com/pokemon/cards/mega-zygarde-ex/m3_ja-117
f9d0737d-1337-467f-9f01-6e496e0ecc37,M3,012,ジュナイパーex,RR,RR,ダブルレア,MATCH,https://scrydex.com/pokemon/cards/decidueye-ex/m3_ja-12
33ce93bc-6744-4cea-bf4c-3c3880c5b1ee,M3,013,ヒノヤコマ,C,C,通常,MATCH,https://scrydex.com/pokemon/cards/fletchinder/m3_ja-13
e13b990e-9106-4c66-85e5-11fc020a73ff,M3,014,ファイアロー,U,U,非,MATCH,https://scrydex.com/pokemon/cards/talonflame/m3_ja-14
821eb85d-9ec8-4b37-bbdc-afd7688f1961,M3,015,ヤトウモリ,C,C,通常,MATCH,https://scrydex.com/pokemon/cards/salandit/m3_ja-15
50f720fa-996f-49ec-a20d-45d4a69abfed,M3,016,エンニュートex,RR,RR,ダブルレア,MATCH,https://scrydex.com/pokemon/cards/salazzle-ex/m3_ja-16
9838e0a5-6885-493c-aa72-214f9b7b48bf,M3,017,バクガメス,U,U,非,MATCH,https://scrydex.com/pokemon/cards/turtonator/m3_ja-17
6fd352a8-ca8c-43cb-88bd-fb7c14dd0842,M3,018,パウワウ,C,C,通常,MATCH,https://scrydex.com/pokemon/cards/seel/m3_ja-18
0ee8badb-0f83-4bd6-8e93-9affebe0b73a,M3,019,ジュゴン,R,R,希少,MATCH,https://scrydex.com/pokemon/cards/dewgong/m3_ja-19
f0556043-21f0-43a3-a99b-d03ed3a4d4a3,M3,002,アリアドス,C,C,通常,MATCH,https://scrydex.com/pokemon/cards/ariados/m3_ja-2
d87a692c-8a6c-4874-9ec2-57bf631e045f,M3,020,ヒトデマン,C,C,通常,MATCH,https://scrydex.com/pokemon/cards/staryu/m3_ja-20
82ea0cac-36aa-41e4-ab49-0aaa2c6d416e,M3,021,メガスターミーex,RR,RR,ダブルレア,MATCH,https://scrydex.com/pokemon/cards/mega-starmie-ex/m3_ja-21
050808a0-b684-417c-9be8-009d29cf706d,M3,022,アマルス,C,C,通常,MATCH,https://scrydex.com/pokemon/cards/amaura/m3_ja-22
65456f63-7acf-4a9a-82c0-e0194762ccc3,M3,023,アマルルガ,U,U,非,MATCH,https://scrydex.com/pokemon/cards/aurorus/m3_ja-23
3b82e51c-1d47-4c0e-b6e7-55e4db2fbb0b,M3,024,ボルケニオン,U,U,非,MATCH,https://scrydex.com/pokemon/cards/volcanion/m3_ja-24
9e899418-f020-44b5-8e2e-6d7ea9965dc3,M3,025,コリンク,C,C,通常,MATCH,https://scrydex.com/pokemon/cards/shinx/m3_ja-25
1eb50219-511b-4f4c-9be5-7a8d24a6f946,M3,026,ルクシオ,U,U,非,MATCH,https://scrydex.com/pokemon/cards/luxio/m3_ja-26
4f22c43e-85ac-4c10-ab66-975c77af41ac,M3,027,レントラー,R,R,希少,MATCH,https://scrydex.com/pokemon/cards/luxray/m3_ja-27
2df9e082-bee0-46e7-afbe-19cf9135ad95,M3,028,デデンネ,C,C,通常,MATCH,https://scrydex.com/pokemon/cards/dedenne/m3_ja-28
d0ce7b05-204b-49a9-86f1-83af9f43db97,M3,029,ピッピ,C,C,通常,MATCH,https://scrydex.com/pokemon/cards/clefairy/m3_ja-29
8ddb1408-88c4-4aab-b1f8-f70aeccc4fda,M3,003,シェイミ,U,U,非,MATCH,https://scrydex.com/pokemon/cards/shaymin/m3_ja-3
ec6eb6dc-d3e1-46d9-aea6-217f1480d0ba,M3,030,メガピクシーex,RR,RR,ダブルレア,MATCH,https://scrydex.com/pokemon/cards/mega-clefable-ex/m3_ja-30
56c9cbd9-3baf-4b3a-9885-23539c9b76cf,M3,031,クチート,C,C,通常,MATCH,https://scrydex.com/pokemon/cards/mawile/m3_ja-31
63647685-fb6e-4b10-bee6-821297891781,M3,032,ニャスパー,C,C,通常,MATCH,https://scrydex.com/pokemon/cards/espurr/m3_ja-32
d5b2d7f4-9416-416d-be76-128de596ed41,M3,033,ニャオニクス,U,U,非,MATCH,https://scrydex.com/pokemon/cards/meowstic/m3_ja-33
58a3ebc8-eaa1-4a66-9834-09e8cc1e9583,M3,034,シュシュプ,C,C,通常,MATCH,https://scrydex.com/pokemon/cards/spritzee/m3_ja-34
e5c796a2-95d4-4950-8c32-71e9da4acbb7,M3,035,フレフワン,U,U,非,MATCH,https://scrydex.com/pokemon/cards/aromatisse/m3_ja-35
5109e839-4890-4f65-9d6d-8fc1bb732255,M3,036,ノズパス,C,C,通常,MATCH,https://scrydex.com/pokemon/cards/nosepass/m3_ja-36
276cbd3c-384d-4bb3-925e-3f246245d038,M3,037,ダイノーズ,C,C,通常,MATCH,https://scrydex.com/pokemon/cards/probopass/m3_ja-37
278f704f-4b9f-43a9-b25f-d0189099ee34,M3,038,ヒポポタス,C,C,通常,MATCH,https://scrydex.com/pokemon/cards/hippopotas/m3_ja-38
47c37073-cbaf-4138-b126-beba116aad85,M3,039,カバルドン,U,U,非,MATCH,https://scrydex.com/pokemon/cards/hippowdon/m3_ja-39
b0bf21b0-7708-4475-b638-e53ca927484e,M3,004,ツタージャ,C,C,通常,MATCH,https://scrydex.com/pokemon/cards/snivy/m3_ja-4
74ead571-7a66-4dde-af94-cf0eee85b146,M3,040,ランドロス,R,R,希少,MATCH,https://scrydex.com/pokemon/cards/landorus/m3_ja-40
adc57c41-bcd7-4c57-9de1-2a18f7177560,M3,041,カメテテ,C,C,通常,MATCH,https://scrydex.com/pokemon/cards/binacle/m3_ja-41
ba42d8c5-4f1c-44fd-8d12-1046a1d2d3a9,M3,042,ガメノデス,U,U,非,MATCH,https://scrydex.com/pokemon/cards/barbaracle/m3_ja-42
54020075-0143-40f4-ab97-26827b9c1e36,M3,043,チゴラス,C,C,通常,MATCH,https://scrydex.com/pokemon/cards/tyrunt/m3_ja-43
616c0523-2b26-49ff-af18-718d4e9736ee,M3,044,ガチゴラス,U,U,非,MATCH,https://scrydex.com/pokemon/cards/tyrantrum/m3_ja-44
d9b81d3f-c977-4b64-aa85-b95280248a60,M3,045,ルチャブル,C,C,通常,MATCH,https://scrydex.com/pokemon/cards/hawlucha/m3_ja-45
fd5c3db3-9037-4772-a99f-eca71429a5cb,M3,046,メガジガルデex,RR,RR,ダブルレア,MATCH,https://scrydex.com/pokemon/cards/mega-zygarde-ex/m3_ja-46
ef72a072-a0eb-4349-9140-f02dbef0ffcc,M3,047,ゴース,C,C,通常,MATCH,https://scrydex.com/pokemon/cards/gastly/m3_ja-47
b065415f-498b-47fa-8a81-26785d5b0af0,M3,048,ゴースト,C,C,通常,MATCH,https://scrydex.com/pokemon/cards/haunter/m3_ja-48
343808f5-f5ef-4bdd-9d94-7e37e01032cc,M3,049,ゲンガー,U,U,非,MATCH,https://scrydex.com/pokemon/cards/gengar/m3_ja-49
3f0dbec2-8eea-450a-8d01-0ed5db98561c,M3,005,ジャノビー,C,C,通常,MATCH,https://scrydex.com/pokemon/cards/servine/m3_ja-5
1e0756f7-1308-4fdb-b79e-abee2b60aae9,M3,050,スコルピ,C,C,通常,MATCH,https://scrydex.com/pokemon/cards/skorupi/m3_ja-50
1106b935-f190-4aa6-8a8a-de1b499df259,M3,051,ドラピオン,U,U,非,MATCH,https://scrydex.com/pokemon/cards/drapion/m3_ja-51
0999716a-51f6-4749-aba4-78d01852b566,M3,052,イベルタルex,RR,RR,ダブルレア,MATCH,https://scrydex.com/pokemon/cards/yveltal-ex/m3_ja-52
a20e2387-8d14-4e1e-be29-957a318b6ab1,M3,053,パオジアン,R,R,希少,MATCH,https://scrydex.com/pokemon/cards/chien-pao/m3_ja-53
d4054dcd-dbdb-4c80-941d-b9db758f63d7,M3,054,メガエアームドex,RR,RR,ダブルレア,MATCH,https://scrydex.com/pokemon/cards/mega-skarmory-ex/m3_ja-54
0a325b83-b3ab-4f35-8d14-f86d14805ec3,M3,055,ヒトツキ,C,C,通常,MATCH,https://scrydex.com/pokemon/cards/honedge/m3_ja-55
60df2544-cd99-4790-91f3-17a5895036af,M3,056,ニダンギル,C,C,通常,MATCH,https://scrydex.com/pokemon/cards/doublade/m3_ja-56
64ac9aad-f072-4c74-8869-f67dd22a7b53,M3,057,ギルガルド,U,U,非,MATCH,https://scrydex.com/pokemon/cards/aegislash/m3_ja-57
01065817-507b-4dda-9ffb-3e7a79a54d3c,M3,058,クレッフィ,C,C,通常,MATCH,https://scrydex.com/pokemon/cards/klefki/m3_ja-58
2e1d4697-e34a-47c9-88dd-11f5b5f4ffa0,M3,059,コラッタ,C,C,通常,MATCH,https://scrydex.com/pokemon/cards/rattata/m3_ja-59
cf3f81d8-e121-4cbe-94c9-521556a30361,M3,006,ジャローダ,R,R,希少,MATCH,https://scrydex.com/pokemon/cards/serperior/m3_ja-6
7721fe29-6423-4617-9307-f5a805a3e2f5,M3,060,ラッタ,U,U,非,MATCH,https://scrydex.com/pokemon/cards/raticate/m3_ja-60
ace40925-bc05-4a99-9815-e58b96ffad96,M3,061,ニャースex,RR,RR,ダブルレア,MATCH,https://scrydex.com/pokemon/cards/meowth-ex/m3_ja-61
ba6a240b-fb64-49eb-888e-f989b28e8b26,M3,062,カビゴン,C,C,通常,MATCH,https://scrydex.com/pokemon/cards/snorlax/m3_ja-62
f12e8d98-cc2d-4ee0-8b59-29b92607fdc3,M3,063,ホルビー,C,C,通常,MATCH,https://scrydex.com/pokemon/cards/bunnelby/m3_ja-63
74620aa7-4243-40ab-9c57-c9ef9214f0e8,M3,064,ホルード,U,U,非,MATCH,https://scrydex.com/pokemon/cards/diggersby/m3_ja-64
a28435e0-5558-4cfd-ac45-6120078018c5,M3,065,ヤヤコマ,C,C,通常,MATCH,https://scrydex.com/pokemon/cards/fletchling/m3_ja-65
bb9e5d2a-048a-4082-a01e-3f6c6b924a0e,M3,066,トリミアン,C,C,通常,MATCH,https://scrydex.com/pokemon/cards/furfrou/m3_ja-66
cc81190f-8471-4c2c-aea7-932918abbff3,M3,067,エネはたき,U,U,非,MATCH,https://scrydex.com/pokemon/cards/energy-swatter/m3_ja-67
ffaf674a-8f58-42de-8416-8e9807dff586,M3,068,古びたアゴの化石,C,,,NOT_FOUND_ON_SCRYDEX,
92a7bcc3-6903-4899-a3e6-4da0e7585ca4,M3,069,古びたヒレの化石,C,,,NOT_FOUND_ON_SCRYDEX,
9ffbbb0a-2e80-4379-9e57-71d80c6f163f,M3,007,コフキムシ,C,C,通常,MATCH,https://scrydex.com/pokemon/cards/scatterbug/m3_ja-7
dd778cbc-c916-4a26-9289-61f53c34b8e9,M3,070,ポケパッド,U,U,非,MATCH,https://scrydex.com/pokemon/cards/pok-pad/m3_ja-70
1d2f77f7-5b1b-4793-a60a-f3ea927bbe4b,M3,071,ミアレガレット,U,U,非,MATCH,https://scrydex.com/pokemon/cards/lumiose-galette/m3_ja-71
32cc6074-4f6c-4f92-a8e5-d98c7072179a,M3,072,コアメモリ,U,U,非,MATCH,https://scrydex.com/pokemon/cards/core-memory/m3_ja-72
2c3ad2eb-b325-45c6-849c-dcb6df029598,M3,073,タラゴン,U,U,非,MATCH,https://scrydex.com/pokemon/cards/tarragon/m3_ja-73
08b1ffc2-fc7e-4356-be4e-75c9b1d24278,M3,074,ピュール,U,U,非,MATCH,https://scrydex.com/pokemon/cards/naveen/m3_ja-74
8b02aea6-573d-4a2c-b9f4-255bf88be73a,M3,075,メイのはげまし,U,U,非,MATCH,https://scrydex.com/pokemon/cards/rosas-encouragement/m3_ja-75
b7916dfb-22e5-4efc-a5f6-98d3d1a89aef,M3,076,ユカリ,U,U,非,MATCH,https://scrydex.com/pokemon/cards/jacinthe/m3_ja-76
12a65ac3-9e26-4713-821f-24aa28ce5c8e,M3,077,ミアレシティ,U,U,非,MATCH,https://scrydex.com/pokemon/cards/lumiose-city/m3_ja-77
b6757e3a-4305-4511-a490-97a8912eea15,M3,078,グロウ草エネルギー,R,R,希少,MATCH,https://scrydex.com/pokemon/cards/grow-grass-energy/m3_ja-78
4aa35e82-df41-4859-967c-7a214f7a7c37,M3,079,テレパス超エネルギー,R,R,希少,MATCH,https://scrydex.com/pokemon/cards/telepath-psychic-energy/m3_ja-79
f80787bb-e7c1-4e92-b9ab-a6d630d6024c,M3,008,コフーライ,C,C,通常,MATCH,https://scrydex.com/pokemon/cards/spewpa/m3_ja-8
ca7f3865-52f3-443c-a1a3-0f739cbd7990,M3,080,ロック闘エネルギー,R,R,希少,MATCH,https://scrydex.com/pokemon/cards/rock-fighting-energy/m3_ja-80
998ed803-99a3-43eb-9bf9-a96e63d5658c,M3,081,コフーライ,AR,AR,アートレア,MATCH,https://scrydex.com/pokemon/cards/spewpa/m3_ja-81
afc621c2-7349-43c9-9791-bdd4061ec438,M3,082,モクロー,AR,AR,アートレア,MATCH,https://scrydex.com/pokemon/cards/rowlet/m3_ja-82
04cff26a-d541-4ef0-9be7-a07c5bacabba,M3,083,ファイアロー,AR,AR,アートレア,MATCH,https://scrydex.com/pokemon/cards/talonflame/m3_ja-83
aad2ff5f-2cba-4298-a15a-c4b8af4813aa,M3,084,アマルルガ,AR,AR,アートレア,MATCH,https://scrydex.com/pokemon/cards/aurorus/m3_ja-84
ffc3aa3a-6bf5-47d8-945e-de89222df95f,M3,085,デデンネ,AR,AR,アートレア,MATCH,https://scrydex.com/pokemon/cards/dedenne/m3_ja-85
0cf984e0-0fc8-4660-97e2-743ecd99d23e,M3,086,ピッピ,AR,AR,アートレア,MATCH,https://scrydex.com/pokemon/cards/clefairy/m3_ja-86
d63f2a85-6cfe-4e12-96a1-8ac021e5f0cd,M3,087,ニャスパー,AR,AR,アートレア,MATCH,https://scrydex.com/pokemon/cards/espurr/m3_ja-87
0b12158c-6349-4d0c-8d06-bbe19deee808,M3,088,ダイノーズ,AR,AR,アートレア,MATCH,https://scrydex.com/pokemon/cards/probopass/m3_ja-88
e009d2bc-93d2-4a0f-b9ca-a0f75c7b5b1d,M3,089,チゴラス,AR,AR,アートレア,MATCH,https://scrydex.com/pokemon/cards/tyrunt/m3_ja-89
e9ee2b40-510d-48d8-b64c-858c37264f75,M3,009,ビビヨン,U,U,非,MATCH,https://scrydex.com/pokemon/cards/vivillon/m3_ja-9
ca044765-f1e0-4ce5-a4cc-c6fc40de08a1,M3,090,ドラピオン,AR,AR,アートレア,MATCH,https://scrydex.com/pokemon/cards/drapion/m3_ja-90
691c01ad-fd63-4cdf-9429-bde427170e39,M3,091,ニダンギル,AR,AR,アートレア,MATCH,https://scrydex.com/pokemon/cards/doublade/m3_ja-91
e40fcca3-56ee-4092-b5b5-b165b024b75b,M3,092,ラッタ,AR,AR,アートレア,MATCH,https://scrydex.com/pokemon/cards/raticate/m3_ja-92
6361f77b-96ca-4a35-8d34-6ec019061ed4,M3,093,ジュナイパーex,SR,SR,スーパーレア,MATCH,https://scrydex.com/pokemon/cards/decidueye-ex/m3_ja-93
195ea560-17c6-471b-828e-b1a7813ea2fc,M3,094,エンニュートex,SR,SR,スーパーレア,MATCH,https://scrydex.com/pokemon/cards/salazzle-ex/m3_ja-94
1cd019eb-3ca8-483c-8961-d81bbf1a272e,M3,095,メガスターミーex,SR,SR,スーパーレア,MATCH,https://scrydex.com/pokemon/cards/mega-starmie-ex/m3_ja-95
00dbf0e3-cbb8-4eca-a5f7-d3d5b552e31b,M3,096,メガピクシーex,SR,SR,スーパーレア,MATCH,https://scrydex.com/pokemon/cards/mega-clefable-ex/m3_ja-96
57e587ff-8897-4f2d-a3fa-6a31e6d791f0,M3,097,メガジガルデex,SR,SR,スーパーレア,MATCH,https://scrydex.com/pokemon/cards/mega-zygarde-ex/m3_ja-97
e3d25445-784a-4376-8e35-1920cde68be0,M3,098,イベルタルex,SR,SR,スーパーレア,MATCH,https://scrydex.com/pokemon/cards/yveltal-ex/m3_ja-98
d1866a2e-61bd-4e0a-a52d-d09878b6fcc9,M3,099,メガエアームドex,SR,SR,スーパーレア,MATCH,https://scrydex.com/pokemon/cards/mega-skarmory-ex/m3_ja-99
4944794d-055a-4b5e-a5b5-458c97aba8cf,M4,001,ビードル,C,C,通常,MATCH,https://scrydex.com/pokemon/cards/weedle/m4_ja-1
aa7f93c7-1130-4c7e-a5e9-8711a77349cd,M4,010,ホウオウ,U,U,非,MATCH,https://scrydex.com/pokemon/cards/ho-oh/m4_ja-10
e50e1887-8a0a-40dc-ad00-eeea0bf10332,M4,100,パンプジンex,SR,SR,スーパーレア,MATCH,https://scrydex.com/pokemon/cards/gourgeist-ex/m4_ja-100
c830231e-7074-448b-ab08-8e583773e957,M4,101,コバルオンex,SR,SR,スーパーレア,MATCH,https://scrydex.com/pokemon/cards/cobalion-ex/m4_ja-101
659f3bfc-eeff-4237-9bc7-ab6a6c86424d,M4,102,メガドラミドロex,SR,SR,スーパーレア,MATCH,https://scrydex.com/pokemon/cards/mega-dragalge-ex/m4_ja-102
9f617a75-8e14-43a2-bd2e-94e836d8d060,M4,103,チラチーノex,SR,SR,スーパーレア,MATCH,https://scrydex.com/pokemon/cards/cinccino-ex/m4_ja-103
88bbb1ee-7030-4703-a1ce-3b0802b20721,M4,104,エネルギー回収,SR,SR,スーパーレア,MATCH,https://scrydex.com/pokemon/cards/energy-retrieval/m4_ja-104
6e89f293-d7f0-4f3c-b1ff-a61f1e103cb9,M4,105,ジャンボアイス,SR,SR,スーパーレア,MATCH,https://scrydex.com/pokemon/cards/jumbo-ice-cream/m4_ja-105
d69d873d-412d-43a8-b60c-809259f28b1e,M4,106,スペシャルレッドカード,SR,SR,スーパーレア,MATCH,https://scrydex.com/pokemon/cards/special-red-card/m4_ja-106
ac59961b-852b-4a9a-a3b6-90a33b11cdee,M4,107,ツールスクラッパー,SR,SR,スーパーレア,MATCH,https://scrydex.com/pokemon/cards/tool-scrapper/m4_ja-107
e8e926c1-ceba-49f5-9460-bda3a34ef234,M4,108,AZの安らぎ,SR,SR,スーパーレア,MATCH,https://scrydex.com/pokemon/cards/azs-tranquility/m4_ja-108
03b05f04-445e-43b4-a333-687b4c5aab87,M4,109,ジプソ,SR,SR,スーパーレア,MATCH,https://scrydex.com/pokemon/cards/philippe/m4_ja-109
0c791810-716a-42af-90a2-a7eab02ae2dd,M4,011,フォッコ,C,C,通常,MATCH,https://scrydex.com/pokemon/cards/fennekin/m4_ja-11
6442c559-acb3-4bea-add4-01a2f39def5e,M4,110,ホミカの演奏,SR,SR,スーパーレア,MATCH,https://scrydex.com/pokemon/cards/roxies-performance/m4_ja-110
5d961bb5-ac35-40ed-9055-4478f8e76c6c,M4,111,マチエール,SR,SR,スーパーレア,MATCH,https://scrydex.com/pokemon/cards/emma/m4_ja-111
e6c47201-dd7d-4c0c-9b54-e5f72b0b9812,M4,112,なみのりビーチ,SR,SR,スーパーレア,MATCH,https://scrydex.com/pokemon/cards/surfing-beach/m4_ja-112
76646d32-30a1-4421-a86e-796a1352b0a1,M4,113,プリズムタワー,SR,SR,スーパーレア,MATCH,https://scrydex.com/pokemon/cards/prism-tower/m4_ja-113
df35b00a-1d65-44ec-aad7-d24344c7aad0,M4,114,メガゲッコウガex,SAR,SAR,スペシャルアートレア,MATCH,https://scrydex.com/pokemon/cards/mega-greninja-ex/m4_ja-114
904bb105-34ad-43e1-ae07-2a72e0dcf277,M4,115,メガフラエッテex,SAR,SAR,スペシャルアートレア,MATCH,https://scrydex.com/pokemon/cards/mega-floette-ex/m4_ja-115
1cca05b3-be8b-4cc4-b99a-622c5442967c,M4,116,メガドラミドロex,SAR,SAR,スペシャルアートレア,MATCH,https://scrydex.com/pokemon/cards/mega-dragalge-ex/m4_ja-116
22d8f5a8-73e0-494f-89a0-392d9a67d28d,M4,117,チラチーノex,SAR,SAR,スペシャルアートレア,MATCH,https://scrydex.com/pokemon/cards/cinccino-ex/m4_ja-117
5cd2657f-d9ed-472b-8cde-fa823226f819,M4,118,AZの安らぎ,SAR,SAR,スペシャルアートレア,MATCH,https://scrydex.com/pokemon/cards/azs-tranquility/m4_ja-118
6b390ebd-6d47-4702-a990-1ac3fe89fc22,M4,119,ホミカの演奏,SAR,SAR,スペシャルアートレア,MATCH,https://scrydex.com/pokemon/cards/roxies-performance/m4_ja-119
fd48b3f7-37ef-474e-a63e-bead7a425b08,M4,012,テールナー,C,C,通常,MATCH,https://scrydex.com/pokemon/cards/braixen/m4_ja-12
7f478f00-fcbd-4c1f-b991-07b9309049e9,M4,120,メガゲッコウガex,MUR,MUR,超ウルトラレア,MATCH,https://scrydex.com/pokemon/cards/mega-greninja-ex/m4_ja-120
bd77aee8-5ef0-4b20-b393-b7eadc2864a5,M4,013,マフォクシー,R,R,希少,MATCH,https://scrydex.com/pokemon/cards/delphox/m4_ja-13
ab4d564d-2de7-4db4-8034-485b2e422504,M4,014,シシコ,C,C,通常,MATCH,https://scrydex.com/pokemon/cards/litleo/m4_ja-14
b141a2fe-b76f-4f22-bbb8-6d9d4a39db36,M4,015,メガカエンジシex,RR,RR,ダブルレア,MATCH,https://scrydex.com/pokemon/cards/mega-pyroar-ex/m4_ja-15
e8c8c1f6-edf4-4225-b0b1-eca08c4f8c1c,M4,016,テッポウオ,C,C,通常,MATCH,https://scrydex.com/pokemon/cards/remoraid/m4_ja-16
a9fce73f-5642-4f09-9c6d-2f60702685ef,M4,017,オクタン,C,C,通常,MATCH,https://scrydex.com/pokemon/cards/octillery/m4_ja-17
c5c605f5-31a2-4712-a149-86482810756a,M4,018,デリバード,U,U,非,MATCH,https://scrydex.com/pokemon/cards/delibird/m4_ja-18
a2efa1b3-59dd-405d-aa1f-1f91b004bbd7,M4,019,ケルディオ,U,U,非,MATCH,https://scrydex.com/pokemon/cards/keldeo/m4_ja-19
869b5946-83a2-4eb9-87c5-23ddaaa96d69,M4,002,コクーン,C,C,通常,MATCH,https://scrydex.com/pokemon/cards/kakuna/m4_ja-2
24c2585a-92f0-4f1b-bde4-3d27285c3205,M4,020,ケロマツ,C,C,通常,MATCH,https://scrydex.com/pokemon/cards/froakie/m4_ja-20
07d654a0-03eb-4cc7-a81e-843f5e76a72c,M4,021,ゲコガシラ,C,C,通常,MATCH,https://scrydex.com/pokemon/cards/frogadier/m4_ja-21
23eb2847-a5a3-413c-8ce7-64df941ddbe5,M4,022,メガゲッコウガex,RR,RR,ダブルレア,MATCH,https://scrydex.com/pokemon/cards/mega-greninja-ex/m4_ja-22
70eff850-6f29-433d-b16a-8d785d2c67cc,M4,023,カチコール,C,C,通常,MATCH,https://scrydex.com/pokemon/cards/bergmite/m4_ja-23
46eddc25-af12-4db5-b480-431ea3f79c17,M4,024,クレベース,U,U,非,MATCH,https://scrydex.com/pokemon/cards/avalugg/m4_ja-24
d635d142-2a67-4602-8cbf-2c3fa6701d2f,M4,025,コソクムシ,C,C,通常,MATCH,https://scrydex.com/pokemon/cards/wimpod/m4_ja-25
6fabe37a-59ca-40a9-8bb9-9f01e23596df,M4,026,グソクムシャ,U,U,非,MATCH,https://scrydex.com/pokemon/cards/golisopod/m4_ja-26
f85a980a-015f-4f77-a6ef-2d90c06a98f0,M4,027,メリープ,C,C,通常,MATCH,https://scrydex.com/pokemon/cards/mareep/m4_ja-27
eee66533-34c1-4e5a-bf43-996be64c3ce8,M4,028,モココ,C,C,通常,MATCH,https://scrydex.com/pokemon/cards/flaaffy/m4_ja-28
8c3ede57-0c36-4ce7-b13e-73f0861b5890,M4,029,デンリュウ,R,R,希少,MATCH,https://scrydex.com/pokemon/cards/ampharos/m4_ja-29
3bf8b574-211b-43de-a741-6d1832fb0ab6,M4,003,スピアーex,RR,RR,ダブルレア,MATCH,https://scrydex.com/pokemon/cards/beedrill-ex/m4_ja-3
2562f69c-a3b3-4320-9adb-f78c1795e92f,M4,030,エモンガ,C,C,通常,MATCH,https://scrydex.com/pokemon/cards/emolga/m4_ja-30
1fb916b6-2f36-4349-9843-841ad37fa3af,M4,031,デオキシス,U,U,非,MATCH,https://scrydex.com/pokemon/cards/deoxys/m4_ja-31
222212a7-00ae-49c9-913f-b52799bf0d00,M4,032,デオキシス,U,U,非,MATCH,https://scrydex.com/pokemon/cards/deoxys/m4_ja-32
90ff1fc0-1411-481b-b2d0-a6eca72e23cb,M4,033,デオキシス,U,U,非,MATCH,https://scrydex.com/pokemon/cards/deoxys/m4_ja-33
484f5f83-bf44-43cc-b104-6bf2b6fb56d2,M4,034,デオキシス,U,U,非,MATCH,https://scrydex.com/pokemon/cards/deoxys/m4_ja-34
f9c20089-a687-45cd-bbf2-cf860c5c633b,M4,035,メガフラエッテex,RR,RR,ダブルレア,MATCH,https://scrydex.com/pokemon/cards/mega-floette-ex/m4_ja-35
bc0aac2e-dbe9-4a08-9292-8831beb9c7f6,M4,036,ニャスパー,C,C,通常,MATCH,https://scrydex.com/pokemon/cards/espurr/m4_ja-36
9b247074-dc68-4eb6-b12f-22217db52700,M4,037,ニャオニクス,U,U,非,MATCH,https://scrydex.com/pokemon/cards/meowstic/m4_ja-37
2c9ac9d3-1a43-41f3-a8c2-d0ae1fa1c76d,M4,038,ボクレー,C,C,通常,MATCH,https://scrydex.com/pokemon/cards/phantump/m4_ja-38
15fcae3f-53c7-411d-a4c2-f273d6349882,M4,039,オーロット,R,R,希少,MATCH,https://scrydex.com/pokemon/cards/trevenant/m4_ja-39
d1923048-fa7f-4fbb-846c-fe68c95d1aee,M4,004,マスキッパ,C,C,通常,MATCH,https://scrydex.com/pokemon/cards/carnivine/m4_ja-4
8ea182ca-d677-46b3-9fbd-5eee11384412,M4,040,バケッチャ,C,C,通常,MATCH,https://scrydex.com/pokemon/cards/pumpkaboo/m4_ja-40
637b0926-2132-436f-aa56-c5d72ecc57a8,M4,041,パンプジンex,RR,RR,ダブルレア,MATCH,https://scrydex.com/pokemon/cards/gourgeist-ex/m4_ja-41
2d7579c5-0d97-46de-b190-e57451ef3819,M4,042,ゼルネアス,R,R,希少,MATCH,https://scrydex.com/pokemon/cards/xerneas/m4_ja-42
2aab48a5-3913-4095-a1c9-46845ab2e287,M4,043,ウソッキー,U,U,非,MATCH,https://scrydex.com/pokemon/cards/sudowoodo/m4_ja-43
ed5b489f-a4b7-4805-a087-7be60f3066d1,M4,044,ゴマゾウ,C,C,通常,MATCH,https://scrydex.com/pokemon/cards/phanpy/m4_ja-44
6ef5dd64-fa25-4b0d-9df2-33b933fcf9ec,M4,045,ドンファン,C,C,通常,MATCH,https://scrydex.com/pokemon/cards/donphan/m4_ja-45
0d3777f1-e0e8-4b99-8d2f-9b03ccfc9401,M4,046,ヤジロン,C,C,通常,MATCH,https://scrydex.com/pokemon/cards/baltoy/m4_ja-46
a3cd1e63-2b65-4038-9d7e-2d2780058dcf,M4,047,ネンドール,U,U,非,MATCH,https://scrydex.com/pokemon/cards/claydol/m4_ja-47
077738ca-91e5-47e9-983f-d2d1fde17c77,M4,048,ズバット,C,C,通常,MATCH,https://scrydex.com/pokemon/cards/zubat/m4_ja-48
4a0c39a8-0cf0-4e98-8ad8-f3dbb9d8fb68,M4,049,ゴルバット,C,C,通常,MATCH,https://scrydex.com/pokemon/cards/golbat/m4_ja-49
32fcfec8-c880-4241-a08a-086a8c2d1cd8,M4,005,ハリマロン,C,C,通常,MATCH,https://scrydex.com/pokemon/cards/chespin/m4_ja-5
9b24d0c2-9f03-4628-b558-289e9010998d,M4,050,クロバット,U,U,非,MATCH,https://scrydex.com/pokemon/cards/crobat/m4_ja-50
5666a7f4-52de-468c-822b-3c08e47a3a03,M4,051,ハリーセン,C,C,通常,MATCH,https://scrydex.com/pokemon/cards/qwilfish/m4_ja-51
335a9494-85bd-4b9e-9b69-7ffb088cccf9,M4,052,スカンプー,C,C,通常,MATCH,https://scrydex.com/pokemon/cards/stunky/m4_ja-52
646b6412-6cb0-4b50-80ab-02766a2046a6,M4,053,スカタンク,U,U,非,MATCH,https://scrydex.com/pokemon/cards/skuntank/m4_ja-53
976335ba-09ab-49f1-9fc5-c77dbf286853,M4,054,ヤブクロン,C,C,通常,MATCH,https://scrydex.com/pokemon/cards/trubbish/m4_ja-54
97858d94-fd40-4786-9e0c-5e0e207942db,M4,055,ダストダス,U,U,非,MATCH,https://scrydex.com/pokemon/cards/garbodor/m4_ja-55
afca270c-02b2-435d-92e2-9c7525f3eac7,M4,056,クズモー,C,C,通常,MATCH,https://scrydex.com/pokemon/cards/skrelp/m4_ja-56
c5dfcbfa-9d75-47e2-824e-21cf3356bb77,M4,057,ダンバル,C,C,通常,MATCH,https://scrydex.com/pokemon/cards/beldum/m4_ja-57
a994789d-da12-4799-a970-9eccc3dfb0e0,M4,058,メタング,C,C,通常,MATCH,https://scrydex.com/pokemon/cards/metang/m4_ja-58
89b2da54-30d7-4f74-9a05-a30c3dcdf5a5,M4,059,メタグロス,U,U,非,MATCH,https://scrydex.com/pokemon/cards/metagross/m4_ja-59
a75c8d44-3c63-48f5-9cdd-62ef61f52bb6,M4,006,ハリボーグ,C,C,通常,MATCH,https://scrydex.com/pokemon/cards/quilladin/m4_ja-6
bf67adb4-e7a0-49a6-8889-9ec8e1b329dd,M4,060,テッシード,C,C,通常,MATCH,https://scrydex.com/pokemon/cards/ferroseed/m4_ja-60
9c5614ca-47af-48fc-a879-f8169756cde9,M4,061,ナットレイ,U,U,非,MATCH,https://scrydex.com/pokemon/cards/ferrothorn/m4_ja-61
8586a190-2899-4bbb-8677-a0af907cae38,M4,062,コバルオンex,RR,RR,ダブルレア,MATCH,https://scrydex.com/pokemon/cards/cobalion-ex/m4_ja-62
fddad5fa-38a7-47f0-b984-49340a2c6104,M4,063,メガドラミドロex,RR,RR,ダブルレア,MATCH,https://scrydex.com/pokemon/cards/mega-dragalge-ex/m4_ja-63
c97aa3a9-a796-4a55-a2b8-d479f147dc9d,M4,064,ヌメラ,C,C,通常,MATCH,https://scrydex.com/pokemon/cards/goomy/m4_ja-64
1ea9f19b-67f8-4892-b7d2-5472235ae310,M4,065,ヌメイル,C,C,通常,MATCH,https://scrydex.com/pokemon/cards/sliggoo/m4_ja-65
b6f189be-f9bc-47ed-8a1f-ac0dbfb6d7e6,M4,066,ヌメルゴン,U,U,非,MATCH,https://scrydex.com/pokemon/cards/goodra/m4_ja-66
a21b7908-9ed4-4e77-be38-6da5f7875935,M4,067,ケンタロス,U,U,非,MATCH,https://scrydex.com/pokemon/cards/tauros/m4_ja-67
529f639a-a5ce-4a5a-8cee-989ca6fb93cf,M4,068,ミネズミ,C,C,通常,MATCH,https://scrydex.com/pokemon/cards/patrat/m4_ja-68
f9559890-9d11-4e7e-b426-b492e0cfe1bd,M4,069,ミルホッグ,C,C,通常,MATCH,https://scrydex.com/pokemon/cards/watchog/m4_ja-69
f2672c5d-630f-499b-a9f9-a890843f6f67,M4,007,ブリガロン,R,R,希少,MATCH,https://scrydex.com/pokemon/cards/chesnaught/m4_ja-7
2d3bed24-7158-4f85-8150-22d77b67120c,M4,070,チラーミィ,C,C,通常,MATCH,https://scrydex.com/pokemon/cards/mincinno/m4_ja-70
421995c6-4c10-4a28-8752-181ffb469559,M4,071,チラチーノex,RR,RR,ダブルレア,MATCH,https://scrydex.com/pokemon/cards/cinccino-ex/m4_ja-71
6dec2dd5-8de9-40a0-85ec-230dd35861a9,M4,072,スペシャルレッドカード,U,U,非,MATCH,https://scrydex.com/pokemon/cards/special-red-card/m4_ja-72
f5c28cf3-6af5-43f3-822b-f6d014d5d363,M4,073,大漁ネット,U,U,非,MATCH,https://scrydex.com/pokemon/cards/big-haul-net/m4_ja-73
07b46fd8-9e28-4e29-8705-79c7da4722b3,M4,074,変化の書,U,U,非,MATCH,https://scrydex.com/pokemon/cards/book-of-transformation/m4_ja-74
119998be-8135-43ed-b412-d8b237f88286,M4,075,AZの安らぎ,U,U,非,MATCH,https://scrydex.com/pokemon/cards/azs-tranquility/m4_ja-75
868e0d2e-02f2-45ee-aebd-453e00b08ec2,M4,076,ジプソ,U,U,非,MATCH,https://scrydex.com/pokemon/cards/philippe/m4_ja-76
d8faac97-405a-459d-a7b5-dda9cf4506ad,M4,077,ホミカの演奏,U,U,非,MATCH,https://scrydex.com/pokemon/cards/roxies-performance/m4_ja-77
dc5b8651-daf1-4aa2-ae32-670aff91be88,M4,078,マチエール,U,U,非,MATCH,https://scrydex.com/pokemon/cards/emma/m4_ja-78
31636f82-ab09-4319-babc-4d9ab3977285,M4,079,アンジュフラエッテ,U,U,非,MATCH,https://scrydex.com/pokemon/cards/ange-floette/m4_ja-79
9da8316f-9d81-4f6d-a3e0-42b31670d7e3,M4,008,ロコン,C,C,通常,MATCH,https://scrydex.com/pokemon/cards/vulpix/m4_ja-8
9ee03c7f-a8b2-4636-a4ee-2835e595cef7,M4,080,プリズムタワー,U,U,非,MATCH,https://scrydex.com/pokemon/cards/prism-tower/m4_ja-80
f486b0cb-b8e3-4002-b3b9-de17f908045d,M4,081,ニトロ炎エネルギー,R,R,希少,MATCH,https://scrydex.com/pokemon/cards/nitro-fire-energy/m4_ja-81
c6208bc3-05f9-4101-886a-56b5be4484fc,M4,082,バブル水エネルギー,R,R,希少,MATCH,https://scrydex.com/pokemon/cards/bubble-water-energy/m4_ja-82
8ed5c6a3-266f-4c88-9e11-52de28ae2381,M4,083,マグネット鋼エネルギー,R,R,希少,MATCH,https://scrydex.com/pokemon/cards/magnet-metal-energy/m4_ja-83
00411df9-c1ad-460b-b98f-52e31fb5b0ab,M4,084,ハリマロン,AR,AR,アートレア,MATCH,https://scrydex.com/pokemon/cards/chespin/m4_ja-84
c84a56cb-3a8b-4b7d-ad9d-ebebf6bb7902,M4,085,フォッコ,AR,AR,アートレア,MATCH,https://scrydex.com/pokemon/cards/fennekin/m4_ja-85
12129dc8-c3ee-43c5-8140-fdf607770dc2,M4,086,ケロマツ,AR,AR,アートレア,MATCH,https://scrydex.com/pokemon/cards/froakie/m4_ja-86
2d5a1e93-a512-4803-9312-2db7fb6898a4,M4,087,ゲコガシラ,AR,AR,アートレア,MATCH,https://scrydex.com/pokemon/cards/frogadier/m4_ja-87
3bfa82d6-ae49-4285-a0e3-31cc84ecea58,M4,088,デンリュウ,AR,AR,アートレア,MATCH,https://scrydex.com/pokemon/cards/ampharos/m4_ja-88
fd5441ef-bcf0-47b1-a062-5414a14e81f6,M4,089,ゼルネアス,AR,AR,アートレア,MATCH,https://scrydex.com/pokemon/cards/xerneas/m4_ja-89
b329efee-75dc-4faf-8948-fad1f17066f8,M4,009,キュウコン,U,U,非,MATCH,https://scrydex.com/pokemon/cards/ninetales/m4_ja-9
c4f3e846-c410-48e5-83aa-c72898fdc2b1,M4,090,ネンドール,AR,AR,アートレア,MATCH,https://scrydex.com/pokemon/cards/claydol/m4_ja-90
3295727e-92f8-40b4-bc79-73295ff9f4de,M4,091,クロバット,AR,AR,アートレア,MATCH,https://scrydex.com/pokemon/cards/crobat/m4_ja-91
6f56a804-d898-494e-9161-dde3b3e2e1cb,M4,092,メタング,AR,AR,アートレア,MATCH,https://scrydex.com/pokemon/cards/metang/m4_ja-92
db36fb58-d972-4897-a7c3-594cd3c67315,M4,093,ヌメイル,AR,AR,アートレア,MATCH,https://scrydex.com/pokemon/cards/sliggoo/m4_ja-93
e7db849f-ba15-40bc-9723-229d180fbb7c,M4,094,ケンタロス,AR,AR,アートレア,MATCH,https://scrydex.com/pokemon/cards/tauros/m4_ja-94
c8360b5d-7432-420d-87bc-c9526e50992c,M4,095,ミルホッグ,AR,AR,アートレア,MATCH,https://scrydex.com/pokemon/cards/watchog/m4_ja-95
f01dbea4-2cdf-4c47-9fc6-5c505ec4eb77,M4,096,スピアーex,SR,SR,スーパーレア,MATCH,https://scrydex.com/pokemon/cards/beedrill-ex/m4_ja-96
278ef9c1-1f6e-4a12-8da3-199d0ebba887,M4,097,メガカエンジシex,SR,SR,スーパーレア,MATCH,https://scrydex.com/pokemon/cards/mega-pyroar-ex/m4_ja-97
b9ffa814-5843-4391-9beb-5c2d14d93ead,M4,098,メガゲッコウガex,SR,SR,スーパーレア,MATCH,https://scrydex.com/pokemon/cards/mega-greninja-ex/m4_ja-98
80616c88-d56f-461a-bff4-404bc27d968a,M4,099,メガフラエッテex,SR,SR,スーパーレア,MATCH,https://scrydex.com/pokemon/cards/mega-floette-ex/m4_ja-99
f820821f-5635-4b64-b27b-c36ab1ff048f,M5,001,トロピウス,C,C,通常,MATCH,https://scrydex.com/pokemon/cards/tropius/m5_ja-1
ec2a6c04-6c55-444b-9600-92179a0832cd,M5,010,カルボウ,C,C,通常,MATCH,https://scrydex.com/pokemon/cards/charcadet/m5_ja-10
0658a287-4df0-4576-91d4-eca3979d6816,M5,100,モルペコex,SR,SR,スーパーレア,MATCH,https://scrydex.com/pokemon/cards/morpeko-ex/m5_ja-100
605c07d5-698a-4681-a47d-c77f775b9628,M5,101,メガドリュウズex,SR,SR,スーパーレア,MATCH,https://scrydex.com/pokemon/cards/mega-excadrill-ex/m5_ja-101
f4cc45f6-9550-42a2-87e1-b0f37af16924,M5,102,アイアンディフェンダー,SR,SR,スーパーレア,MATCH,https://scrydex.com/pokemon/cards/iron-defender/m5_ja-102
8be1e223-f170-492b-97c4-4893bcab33e3,M5,103,エネルギーつけかえ,SR,SR,スーパーレア,MATCH,https://scrydex.com/pokemon/cards/energy-switch/m5_ja-103
877c6597-e4da-4f19-9a3a-ceeef65b3126,M5,104,クラッシュハンマー,SR,SR,スーパーレア,MATCH,https://scrydex.com/pokemon/cards/crushing-hammer/m5_ja-104
6ac001ae-5d41-42eb-859f-95c9a14ee15e,M5,105,ダークベル,SR,SR,スーパーレア,MATCH,https://scrydex.com/pokemon/cards/dark-bell/m5_ja-105
cc9d4606-fce0-4e9d-a114-a41fa7719b41,M5,106,ごうかいボム,SR,SR,スーパーレア,MATCH,https://scrydex.com/pokemon/cards/heroic-bomb/m5_ja-106
a025d107-0a36-459c-b3f9-1dc1080a23cf,M5,107,ブレイブバングル,SR,SR,スーパーレア,MATCH,https://scrydex.com/pokemon/cards/brave-bangle/m5_ja-107
d06c0789-2315-4b04-8cd0-4840d2d9f7aa,M5,108,カスミの元気,SR,SR,スーパーレア,MATCH,https://scrydex.com/pokemon/cards/mistys-energy/m5_ja-108
3454ce24-0d66-44b5-82b4-5b49f6f58d13,M5,109,グラジオの決戦,SR,SR,スーパーレア,MATCH,https://scrydex.com/pokemon/cards/gladions-decisive-battle/m5_ja-109
cc0fdd2c-599d-45e3-86c7-244cf2a8771a,M5,011,グレンアルマ,R,R,希少,MATCH,https://scrydex.com/pokemon/cards/armarouge/m5_ja-11
da3c8127-acaf-4866-9e93-5303eb69a792,M5,110,サビ組のしたっぱ,SR,SR,スーパーレア,MATCH,https://scrydex.com/pokemon/cards/rust-syndicate-grunt/m5_ja-110
282c981a-31ad-4e34-bc2a-1f4a90fedf38,M5,111,ムク,SR,SR,スーパーレア,MATCH,https://scrydex.com/pokemon/cards/gwynn/m5_ja-111
6a65903b-c443-4367-bb46-423ec46f434f,M5,112,メガゼラオラex,SAR,SAR,スペシャルアートレア,MATCH,https://scrydex.com/pokemon/cards/mega-zeraora-ex/m5_ja-112
b0909582-4cca-46bc-bcee-b0a28ff6de0d,M5,113,メガシャンデラex,SAR,SAR,スペシャルアートレア,MATCH,https://scrydex.com/pokemon/cards/mega-chandelure-ex/m5_ja-113
ed108c3b-f674-4a5b-9633-85568f361c55,M5,114,メガダークライex,SAR,SAR,スペシャルアートレア,MATCH,https://scrydex.com/pokemon/cards/mega-darkrai-ex/m5_ja-114
3af48ad9-061b-4273-807a-5380dc505afa,M5,115,モルペコex,SAR,SAR,スペシャルアートレア,MATCH,https://scrydex.com/pokemon/cards/morpeko-ex/m5_ja-115
d1e2222e-7b8a-48f7-b322-3c3d7fcc1844,M5,116,グラジオの決戦,SAR,SAR,スペシャルアートレア,MATCH,https://scrydex.com/pokemon/cards/gladions-decisive-battle/m5_ja-116
95353ea2-4f05-420e-a6e3-7234089c32f0,M5,117,ムク,SAR,SAR,スペシャルアートレア,MATCH,https://scrydex.com/pokemon/cards/gwynn/m5_ja-117
12e3cf94-fb01-4a7e-b75a-b05cdb263032,M5,118,メガダークライex,MUR,MUR,超ウルトラレア,MATCH,https://scrydex.com/pokemon/cards/mega-darkrai-ex/m5_ja-118
7522b11d-17e3-43e6-8f6b-b5747a5fc146,M5,012,トサキント,C,C,通常,MATCH,https://scrydex.com/pokemon/cards/goldeen/m5_ja-12
f76d54c0-5515-4d02-987d-ceeb0f686462,M5,013,アズマオウ,U,U,非,MATCH,https://scrydex.com/pokemon/cards/seaking/m5_ja-13
c87a5540-5bfe-42a8-b70e-f924573fe6b2,M5,014,ホエルコ,C,C,通常,MATCH,https://scrydex.com/pokemon/cards/wailmer/m5_ja-14
2f4ffcd9-bf71-4edd-b1de-7ce404561afe,M5,015,ホエルオーex,RR,RR,ダブルレア,MATCH,https://scrydex.com/pokemon/cards/wailord-ex/m5_ja-15
cd7599ba-b705-495c-ab59-aa1870723255,M5,016,ジーランス,U,U,非,MATCH,https://scrydex.com/pokemon/cards/relicanth/m5_ja-16
86844f3a-b408-411c-9c06-a36356e92541,M5,017,アシマリ,C,C,通常,MATCH,https://scrydex.com/pokemon/cards/popplio/m5_ja-17
d886c435-184b-4fd9-a21f-b8405d9a1b5e,M5,018,オシャマリ,C,C,通常,MATCH,https://scrydex.com/pokemon/cards/brionne/m5_ja-18
9d68fdcf-2a1c-403e-b94b-b2499002c757,M5,019,アシレーヌ,R,R,希少,MATCH,https://scrydex.com/pokemon/cards/primarina/m5_ja-19
b30dd0c5-e889-47c2-986a-d460572d21bd,M5,002,アゴジムシ,C,C,通常,MATCH,https://scrydex.com/pokemon/cards/grubbin/m5_ja-2
9afc9f3c-2ddb-4fa9-a784-5220a139e624,M5,020,ナミイルカ,C,C,通常,MATCH,https://scrydex.com/pokemon/cards/finizen/m5_ja-20
e1256706-4a08-4f49-bb27-686cbd0330a0,M5,021,イルカマン,U,U,非,MATCH,https://scrydex.com/pokemon/cards/palafin/m5_ja-21
18136137-4334-4a61-b017-4f79b0aa8342,M5,022,ラクライ,C,C,通常,MATCH,https://scrydex.com/pokemon/cards/electrike/m5_ja-22
f468b4ba-3d67-4bae-a50b-091e904b55b9,M5,023,ライボルト,U,U,非,MATCH,https://scrydex.com/pokemon/cards/manectric/m5_ja-23
17532c75-8bdc-4ecf-8cac-fb34aeecd127,M5,024,デンヂムシ,C,C,通常,MATCH,https://scrydex.com/pokemon/cards/charjabug/m5_ja-24
7d060e5e-df37-474a-90a5-d69094c8e397,M5,025,クワガノン,U,U,非,MATCH,https://scrydex.com/pokemon/cards/vikavolt/m5_ja-25
dfd402d9-5a95-4cfa-b8ee-c87919787abe,M5,026,メガゼラオラex,RR,RR,ダブルレア,MATCH,https://scrydex.com/pokemon/cards/mega-zeraora-ex/m5_ja-26
5034e046-b1fb-4985-be80-83d604b1bb15,M5,027,ミライドン,U,U,非,MATCH,https://scrydex.com/pokemon/cards/miraidon/m5_ja-27
2731cb0a-a35a-4d04-8139-677125a31a4d,M5,028,ヤドン,C,C,通常,MATCH,https://scrydex.com/pokemon/cards/slowpoke/m5_ja-28
283b0e2e-0ca3-4981-ad30-d6ba441b149f,M5,029,ヤドラン,U,U,非,MATCH,https://scrydex.com/pokemon/cards/slowbro/m5_ja-29
b299a1af-b293-4a45-bfdf-4657842a7328,M5,003,カリキリ,C,C,通常,MATCH,https://scrydex.com/pokemon/cards/fomantis/m5_ja-3
6d306e27-47e1-4bc8-b370-b021c0e014a2,M5,030,ルージュラ,C,C,通常,MATCH,https://scrydex.com/pokemon/cards/jynx/m5_ja-30
59b032c5-05fe-48ce-99e6-32e448c47373,M5,031,カゲボウズ,C,C,通常,MATCH,https://scrydex.com/pokemon/cards/shuppet/m5_ja-31
0bd570dd-dc43-4714-ae42-70f3a330f022,M5,032,ジュペッタ,U,U,非,MATCH,https://scrydex.com/pokemon/cards/banette/m5_ja-32
71866828-a832-470d-9728-aa64cc4dfc4d,M5,033,ミカルゲ,R,R,希少,MATCH,https://scrydex.com/pokemon/cards/spiritomb/m5_ja-33
1a9c1bf1-f460-41e4-aad6-52ddc8d1091b,M5,034,ヒトモシ,C,C,通常,MATCH,https://scrydex.com/pokemon/cards/litwick/m5_ja-34
ffd2b83d-01b6-4bfd-957c-dfe7843676e6,M5,035,ランプラー,C,C,通常,MATCH,https://scrydex.com/pokemon/cards/lampent/m5_ja-35
d56c53d5-15c0-4b7d-ac7a-f862b2f4a3e8,M5,036,メガシャンデラex,RR,RR,ダブルレア,MATCH,https://scrydex.com/pokemon/cards/mega-chandelure-ex/m5_ja-36
ec9d2fbb-d471-411d-9e4d-b0d8d8bc5293,M5,037,ダダリン,U,U,非,MATCH,https://scrydex.com/pokemon/cards/dhelmise/m5_ja-37
5ec8a1d8-5ce7-4cad-b10a-c21b26729020,M5,038,マーシャドー,U,U,非,MATCH,https://scrydex.com/pokemon/cards/marshadow/m5_ja-38
a978439e-a608-4d52-beaa-239ac97182fd,M5,039,コノヨザル,U,U,非,MATCH,https://scrydex.com/pokemon/cards/annihilape/m5_ja-39
397187ad-aa91-45b6-a229-b5a30b701aaf,M5,004,ラランテスex,RR,RR,ダブルレア,MATCH,https://scrydex.com/pokemon/cards/lurantis-ex/m5_ja-4
c42868fd-797c-4866-846b-aa0d4edb7a03,M5,040,マンキー,C,C,通常,MATCH,https://scrydex.com/pokemon/cards/mankey/m5_ja-40
edd4c4fb-0c40-4769-8016-4b3801744177,M5,041,オコリザル,C,C,通常,MATCH,https://scrydex.com/pokemon/cards/primeape/m5_ja-41
e6e85766-de14-4a78-83f3-b6bf0c02546d,M5,042,ズガイドス,C,C,通常,MATCH,https://scrydex.com/pokemon/cards/cranidos/m5_ja-42
7d996a29-4c98-4de4-9f80-e1834e9f91f4,M5,043,ラムパルドex,RR,RR,ダブルレア,MATCH,https://scrydex.com/pokemon/cards/rampardos-ex/m5_ja-43
447a88fa-d3d4-4abd-a30b-9f1870d96925,M5,044,モグリュー,C,C,通常,MATCH,https://scrydex.com/pokemon/cards/drilbur/m5_ja-44
59f7554b-057c-437c-8478-ebbbd00347f0,M5,045,コライドン,U,U,非,MATCH,https://scrydex.com/pokemon/cards/koraidon/m5_ja-45
d1977b83-fa74-4b02-a718-207b77c2d5a5,M5,046,メガダークライex,RR,RR,ダブルレア,MATCH,https://scrydex.com/pokemon/cards/mega-darkrai-ex/m5_ja-46
e011589a-8a38-4173-9a33-08e673decc0a,M5,047,バルチャイ,C,C,通常,MATCH,https://scrydex.com/pokemon/cards/vullaby/m5_ja-47
85968a14-f184-4570-978c-0901ce175c6d,M5,048,バルジーナ,C,C,通常,MATCH,https://scrydex.com/pokemon/cards/mandibuzz/m5_ja-48
f5a7cba2-da68-42d9-8924-9a64b4c7a488,M5,049,マーイーカ,C,C,通常,MATCH,https://scrydex.com/pokemon/cards/inkay/m5_ja-49
6b53b14f-fb07-4a0d-bf26-f38cbb605789,M5,005,チャデス,C,C,通常,MATCH,https://scrydex.com/pokemon/cards/poltchageist/m5_ja-5
b07c47fa-4321-4e1f-b978-5a60b678b7af,M5,050,カラマネロ,U,U,非,MATCH,https://scrydex.com/pokemon/cards/malamar/m5_ja-50
09257c26-8c57-4d13-a181-efcac57ea14a,M5,051,クスネ,C,C,通常,MATCH,https://scrydex.com/pokemon/cards/nickit/m5_ja-51
607351b1-d1eb-45f4-b52f-517abe096d1c,M5,052,フォクスライ,U,U,非,MATCH,https://scrydex.com/pokemon/cards/thievul/m5_ja-52
21157d9b-c320-4119-a744-70f777bd3793,M5,053,モルペコex,RR,RR,ダブルレア,MATCH,https://scrydex.com/pokemon/cards/morpeko-ex/m5_ja-53
e85d3648-eb4d-4865-9901-32406f7801de,M5,054,ザルード,U,U,非,MATCH,https://scrydex.com/pokemon/cards/zarude/m5_ja-54
3e30da03-0b22-4930-9746-2b2b5331bb0a,M5,055,オラチフ,C,C,通常,MATCH,https://scrydex.com/pokemon/cards/maschiff/m5_ja-55
3a1c06c8-2b2e-4781-af9e-28eca3ff5c23,M5,056,マフィティフ,C,C,通常,MATCH,https://scrydex.com/pokemon/cards/mabosstiff/m5_ja-56
8cd163cd-85d3-4a3a-ab2c-5c7499545e6f,M5,057,イーユイ,R,R,希少,MATCH,https://scrydex.com/pokemon/cards/chi-yu/m5_ja-57
bebf3bb7-15a6-49b7-b509-ce49d4f55078,M5,058,エアームド,C,C,通常,MATCH,https://scrydex.com/pokemon/cards/skarmory/m5_ja-58
25586377-46ff-4218-a4f2-7f19b82b4d48,M5,059,タテトプス,C,C,通常,MATCH,https://scrydex.com/pokemon/cards/shieldon/m5_ja-59
5f665e07-66ba-41cf-9d46-768cbdad263b,M5,006,ヤバソチャ,U,U,非,MATCH,https://scrydex.com/pokemon/cards/sinistcha/m5_ja-6
bfffff78-d88e-40e2-94f3-2d9800d284c4,M5,060,トリデプス,R,R,希少,MATCH,https://scrydex.com/pokemon/cards/bastiodon/m5_ja-60
b35dcd28-96ae-4ebd-82c3-40d17c6d0f42,M5,061,ドーミラー,C,C,通常,MATCH,https://scrydex.com/pokemon/cards/bronzor/m5_ja-61
525e7a6f-98a9-4850-902d-6d1d1c4e3199,M5,062,ドータクン,U,U,非,MATCH,https://scrydex.com/pokemon/cards/bronzong/m5_ja-62
8c3c9a11-f254-46d4-9e48-704b92f1e1e8,M5,063,メガドリュウズex,RR,RR,ダブルレア,MATCH,https://scrydex.com/pokemon/cards/mega-excadrill-ex/m5_ja-63
e31a80c3-0cf5-423b-8a80-d1e966f7a84b,M5,064,ツツケラ,C,C,通常,MATCH,https://scrydex.com/pokemon/cards/pikipek/m5_ja-64
4fc38aa2-583c-46f8-a9c1-9cf2cecdf116,M5,065,ケララッパ,C,C,通常,MATCH,https://scrydex.com/pokemon/cards/trumbeak/m5_ja-65
bc6f01cc-3fd9-4e69-8864-f11ac9e4ca60,M5,066,ドデカバシ,U,U,非,MATCH,https://scrydex.com/pokemon/cards/toucannon/m5_ja-66
3cf2be35-b9d4-4b2f-9929-b9da9cc06b1b,M5,067,タイプ：ヌル,C,C,通常,MATCH,https://scrydex.com/pokemon/cards/type-null/m5_ja-67
93e6da2d-edc3-47d0-8f23-8c08dd840952,M5,068,シルヴァディ,R,R,希少,MATCH,https://scrydex.com/pokemon/cards/silvally/m5_ja-68
219fd435-db11-4bd7-a9c9-28bd00d32759,M5,069,オトシドリ,C,C,通常,MATCH,https://scrydex.com/pokemon/cards/bombirdier/m5_ja-69
1000b502-0462-4998-b104-8d8e9069aa86,M5,007,ヒードラン,U,U,非,MATCH,https://scrydex.com/pokemon/cards/heatran/m5_ja-7
f486cf56-136e-42b7-9492-61cf8b62685c,M5,070,ダークベル,U,U,非,MATCH,https://scrydex.com/pokemon/cards/dark-bell/m5_ja-70
6d4a27a8-9aa3-46e5-9ac4-19986aa0f308,M5,071,古びたずがいの化石,C,,,NOT_FOUND_ON_SCRYDEX,
7dc09e6b-75a4-4fa2-87c9-540cc8b26f81,M5,072,古びたたての化石,C,,,NOT_FOUND_ON_SCRYDEX,
0712f6f3-3a9d-4d57-b5a8-579b5a0b7392,M5,073,ごうかいボム,U,U,非,MATCH,https://scrydex.com/pokemon/cards/heroic-bomb/m5_ja-73
41627d2b-f0dc-488a-825b-a38d1e65c7a6,M5,074,リトライバッジ,U,U,非,MATCH,https://scrydex.com/pokemon/cards/retry-badge/m5_ja-74
790c9359-0219-48ea-822a-7fd33ee6e805,M5,075,カスミの元気,U,U,非,MATCH,https://scrydex.com/pokemon/cards/mistys-energy/m5_ja-75
cb0bbf80-9b49-46af-aeea-a1602d5127c4,M5,076,グラジオの決戦,U,U,非,MATCH,https://scrydex.com/pokemon/cards/gladions-decisive-battle/m5_ja-76
358acf96-adc7-4097-96b3-93dd6e217ec0,M5,077,サビ組のしたっぱ,U,U,非,MATCH,https://scrydex.com/pokemon/cards/rust-syndicate-grunt/m5_ja-77
c4a99b07-d8da-42bb-bfe5-3fff303d903e,M5,078,ムク,U,U,非,MATCH,https://scrydex.com/pokemon/cards/gwynn/m5_ja-78
e6637ad9-1786-4e15-8784-7e0747841a27,M5,079,化石採掘場,U,U,非,MATCH,https://scrydex.com/pokemon/cards/fossil-excavation-site/m5_ja-79
dde04c18-5cae-4873-8069-ccb20166d450,M5,008,ヤクデ,C,C,通常,MATCH,https://scrydex.com/pokemon/cards/sizzlipede/m5_ja-8
a499feba-e818-4a65-8ed7-9558e7417f0e,M5,080,ボルト雷エネルギー,R,R,希少,MATCH,https://scrydex.com/pokemon/cards/bolty-lightning-energy/m5_ja-80
a913b6b3-2479-4bc8-b634-9795f193279f,M5,081,シャドー悪エネルギー,R,R,希少,MATCH,https://scrydex.com/pokemon/cards/shadowy-darkness-energy/m5_ja-81
3c58a111-f736-450a-b315-db3a48ff32c0,M5,082,カリキリ,AR,AR,アートレア,MATCH,https://scrydex.com/pokemon/cards/fomantis/m5_ja-82
ef5d6445-f04b-44a3-9043-659bf91781b0,M5,083,グレンアルマ,AR,AR,アートレア,MATCH,https://scrydex.com/pokemon/cards/armarouge/m5_ja-83
b47c3ef9-b0d2-4c77-b8cf-367363249cc4,M5,084,トサキント,AR,AR,アートレア,MATCH,https://scrydex.com/pokemon/cards/goldeen/m5_ja-84
7c58434c-ce5e-412a-9b32-277306992623,M5,085,アシレーヌ,AR,AR,アートレア,MATCH,https://scrydex.com/pokemon/cards/primarina/m5_ja-85
ee7ab9f3-97fe-4fa8-9b13-36ec2e489ba6,M5,086,ライボルト,AR,AR,アートレア,MATCH,https://scrydex.com/pokemon/cards/manectric/m5_ja-86
70a9a42f-5885-4580-a9af-a2b44a26381a,M5,087,ヤドラン,AR,AR,アートレア,MATCH,https://scrydex.com/pokemon/cards/slowbro/m5_ja-87
17381b4a-1eb4-467a-b91f-6761a2a6f3d3,M5,088,ダダリン,AR,AR,アートレア,MATCH,https://scrydex.com/pokemon/cards/dhelmise/m5_ja-88
18f21d3c-9e73-406f-b772-0c0830efd755,M5,089,フォクスライ,AR,AR,アートレア,MATCH,https://scrydex.com/pokemon/cards/thievul/m5_ja-89
66ea8274-5812-4721-969b-e1c7b2db469c,M5,009,マルヤクデ,C,C,通常,MATCH,https://scrydex.com/pokemon/cards/centiskorch/m5_ja-9
5a89e333-842e-488d-9027-89563cd764d0,M5,090,ザルード,AR,AR,アートレア,MATCH,https://scrydex.com/pokemon/cards/zarude/m5_ja-90
e05bbbfb-c23d-4c7f-b334-0645d7524755,M5,091,トリデプス,AR,AR,アートレア,MATCH,https://scrydex.com/pokemon/cards/bastiodon/m5_ja-91
e06ebb6a-3c8f-4d65-8813-bab1754e9369,M5,092,ドデカバシ,AR,AR,アートレア,MATCH,https://scrydex.com/pokemon/cards/toucannon/m5_ja-92
a5957920-63e8-43ff-9bac-db9ac809eb7f,M5,093,シルヴァディ,AR,AR,アートレア,MATCH,https://scrydex.com/pokemon/cards/silvally/m5_ja-93
2650da3a-648b-45be-8b00-07a578500000,M5,094,ラランテスex,SR,SR,スーパーレア,MATCH,https://scrydex.com/pokemon/cards/lurantis-ex/m5_ja-94
6980d282-03ca-4d13-b40a-ae6a7b403f01,M5,095,ホエルオーex,SR,SR,スーパーレア,MATCH,https://scrydex.com/pokemon/cards/wailord-ex/m5_ja-95
e703825d-c759-4921-be59-6392f3803cb1,M5,096,メガゼラオラex,SR,SR,スーパーレア,MATCH,https://scrydex.com/pokemon/cards/mega-zeraora-ex/m5_ja-96
ff15cea2-b3b6-41be-ba7b-fb73752c7403,M5,097,メガシャンデラex,SR,SR,スーパーレア,MATCH,https://scrydex.com/pokemon/cards/mega-chandelure-ex/m5_ja-97
19c9332b-8811-4403-a840-3ec50e53fe22,M5,098,ラムパルドex,SR,SR,スーパーレア,MATCH,https://scrydex.com/pokemon/cards/rampardos-ex/m5_ja-98
9e318147-c53a-4a2c-b64b-6b956c7d55d7,M5,099,メガダークライex,SR,SR,スーパーレア,MATCH,https://scrydex.com/pokemon/cards/mega-darkrai-ex/m5_ja-99
a4be05d2-9461-4ac8-b7aa-845dd1fab72d,M6,001,ヘラクロス,C,C,通常,MATCH,https://scrydex.com/pokemon/cards/heracross/m6_ja-1
a86a31f3-0ffd-4b86-9301-c8a9ea5cdc2d,M6,010,ガーディ,C,C,通常,MATCH,https://scrydex.com/pokemon/cards/growlithe/m6_ja-10
95957582-7230-45f4-a2cf-cf0204c2d49c,M6,100,MCの盛り上げ,MUR,SR,スーパーレア,CHANGE,https://scrydex.com/pokemon/cards/emcees-hype/m6_ja-100
75e3dfb1-1826-444e-91b6-8f40162343aa,M6,101,ギリー,MUR,SR,スーパーレア,CHANGE,https://scrydex.com/pokemon/cards/aarune/m6_ja-101
ff570a52-e28b-402b-9392-70ef46fc20a6,M6,102,ヒガナの信頼,MUR,SR,スーパーレア,CHANGE,https://scrydex.com/pokemon/cards/zinnias-trust/m6_ja-102
4393fee0-dc33-4453-8001-645898a0884e,M6,103,フウとランの修行,MUR,SR,スーパーレア,CHANGE,https://scrydex.com/pokemon/cards/tate-lizas-training/m6_ja-103
0c1fec2e-7533-473d-8f95-8f1eb83b94ea,M6,104,グロウ草エネルギー,MUR,SR,スーパーレア,CHANGE,https://scrydex.com/pokemon/cards/growing-grass-energy/m6_ja-104
7427f543-85a5-488f-bf02-c78da19994f5,M6,105,ニトロ炎エネルギー,MUR,SR,スーパーレア,CHANGE,https://scrydex.com/pokemon/cards/nitro-fire-energy/m6_ja-105
787fd970-1b75-4dd8-bc6b-33a29479be41,M6,106,バブル水エネルギー,MUR,SR,スーパーレア,CHANGE,https://scrydex.com/pokemon/cards/bubbly-water-energy/m6_ja-106
55f975f9-925a-489c-b443-1583173c9c2a,M6,107,メガグソクムシャex,MUR,SAR,スペシャルアートレア,CHANGE,https://scrydex.com/pokemon/cards/mega-golisopod-ex/m6_ja-107
332f8127-b133-4ea1-8e23-2ad48dc09184,M6,108,ライコウex,MUR,SAR,スペシャルアートレア,CHANGE,https://scrydex.com/pokemon/cards/raikou-ex/m6_ja-108
bb4e9a28-bfbd-48d5-85a9-53a4585951ef,M6,109,メガゴルーグex,MUR,SAR,スペシャルアートレア,CHANGE,https://scrydex.com/pokemon/cards/mega-golurk-ex/m6_ja-109
93e9ef1f-e4f9-4316-8b7b-10f4308380a7,M6,011,ウインディ,R,R,希少,MATCH,https://scrydex.com/pokemon/cards/arcanine/m6_ja-11
d0dce076-652b-4105-a54d-ef5849da783d,M6,110,メガレックウザex,MUR,SAR,スペシャルアートレア,CHANGE,https://scrydex.com/pokemon/cards/mega-rayquaza-ex/m6_ja-110
3e5ab5c8-86c5-4b49-9e48-72ab126e52be,M6,111,ギリー,MUR,SAR,スペシャルアートレア,CHANGE,https://scrydex.com/pokemon/cards/aarune/m6_ja-111
b779a3f1-c862-4b47-95b1-7eab6219aae3,M6,112,ヒガナの信頼,MUR,SAR,スペシャルアートレア,CHANGE,https://scrydex.com/pokemon/cards/zinnias-trust/m6_ja-112
fa70b937-d7ff-4d37-908a-31ed921571cb,M6,113,メガレックウザex,MUR,MUR,超ウルトラレア,MATCH,https://scrydex.com/pokemon/cards/mega-rayquaza-ex/m6_ja-113
c3ec0cb9-6539-4b2c-888b-0ed0335a7cb2,M6,012,ブーバー,C,C,通常,MATCH,https://scrydex.com/pokemon/cards/magmar/m6_ja-12
f3f54166-275b-4ed3-aada-4b38aecbe80c,M6,013,ブーバーン,U,U,非,MATCH,https://scrydex.com/pokemon/cards/magmortar/m6_ja-13
fb9c4f2a-2f9b-4d02-ba96-77a8cab7d838,M6,014,コータス,C,C,通常,MATCH,https://scrydex.com/pokemon/cards/torkoal/m6_ja-14
da843a36-f589-4413-acc1-94476d43a486,M6,015,ヒートロトムex,RR,RR,ダブルレア,MATCH,https://scrydex.com/pokemon/cards/heat-rotom-ex/m6_ja-15
3129470f-55fd-4aa7-af64-13e78013b7af,M6,016,クイタラン,C,C,通常,MATCH,https://scrydex.com/pokemon/cards/heatmor/m6_ja-16
3c681b40-2e09-4e77-a2f5-58bdabb7abb9,M6,017,マンタイン,C,C,通常,MATCH,https://scrydex.com/pokemon/cards/mantine/m6_ja-17
cdb681a0-d21a-4146-91d2-913e9bbab293,M6,018,カイオーガ,R,R,希少,MATCH,https://scrydex.com/pokemon/cards/kyogre/m6_ja-18
a77a39d6-45d4-4f80-a2be-8aa69182663f,M6,019,プルリル,C,C,通常,MATCH,https://scrydex.com/pokemon/cards/frillish/m6_ja-19
10a7e728-d810-437c-af3f-88fe6e82b3be,M6,002,アメタマ,C,C,通常,MATCH,https://scrydex.com/pokemon/cards/surskit/m6_ja-2
50d4bedb-814b-47a3-a51a-88239e6308b8,M6,020,ブルンゲル,U,U,非,MATCH,https://scrydex.com/pokemon/cards/jellicent/m6_ja-20
89977a20-3ce4-470e-bb4f-1103790ecce3,M6,021,ヨワシex,RR,RR,ダブルレア,MATCH,https://scrydex.com/pokemon/cards/wishiwashi-ex/m6_ja-21
7cbdb26c-8294-4909-b53c-bd6c394d2a38,M6,022,エレブー,C,C,通常,MATCH,https://scrydex.com/pokemon/cards/electabuzz/m6_ja-22
c417949d-bb9d-48c0-b2ad-11ded6db3368,M6,023,エレキブル,U,U,非,MATCH,https://scrydex.com/pokemon/cards/electivire/m6_ja-23
050d6304-1aa1-4e1f-b815-2b037b050c27,M6,024,ライコウex,RR,RR,ダブルレア,MATCH,https://scrydex.com/pokemon/cards/raikou-ex/m6_ja-24
e75634a1-1693-4fc2-a035-50ce4d3f596a,M6,025,ボルトロス,U,U,非,MATCH,https://scrydex.com/pokemon/cards/thundurus/m6_ja-25
0040e2f1-84ed-4f3e-b8a6-7de6f8690f59,M6,026,バチンウニ,C,C,通常,MATCH,https://scrydex.com/pokemon/cards/pincurchin/m6_ja-26
90276cab-9800-490c-927f-62e78ad6e742,M6,027,カイデン,C,C,通常,MATCH,https://scrydex.com/pokemon/cards/wattrel/m6_ja-27
625c8f7c-fb91-4dc2-8ebb-b99827379dc5,M6,028,タイカイデン,U,U,非,MATCH,https://scrydex.com/pokemon/cards/kilowattrel/m6_ja-28
00a6cd1e-abf7-4c5a-934c-eb65fe774cfb,M6,029,スリープ,C,C,通常,MATCH,https://scrydex.com/pokemon/cards/drowzee/m6_ja-29
bb82ea47-802d-48dd-bdb8-d8677bd5ef10,M6,003,アメモース,C,C,通常,MATCH,https://scrydex.com/pokemon/cards/masquerain/m6_ja-3
786785a4-fcd6-4320-83fb-e769d7ae5dfb,M6,030,スリーパー,C,C,通常,MATCH,https://scrydex.com/pokemon/cards/hypno/m6_ja-30
3721df77-ef17-4a8d-96df-082918f96239,M6,031,ギラティナ,R,R,希少,MATCH,https://scrydex.com/pokemon/cards/giratina/m6_ja-31
9dcc1483-3bbb-4e8c-90c4-b56560051c42,M6,032,ゴビット,C,C,通常,MATCH,https://scrydex.com/pokemon/cards/golett/m6_ja-32
670fc253-22bc-4fe6-a14e-75d6d3f110b1,M6,033,メガゴルーグex,RR,RR,ダブルレア,MATCH,https://scrydex.com/pokemon/cards/mega-golurk-ex/m6_ja-33
a4475581-2594-4571-baed-42dc03ff4918,M6,034,ラブトロス,U,U,非,MATCH,https://scrydex.com/pokemon/cards/enamorus/m6_ja-34
bce8117a-49df-4ccc-a320-fb9f059dec2a,M6,035,サンド,C,C,通常,MATCH,https://scrydex.com/pokemon/cards/sandshrew/m6_ja-35
7acc77ac-edfa-413f-8378-0d1d7728cb03,M6,036,サンドパン,C,C,通常,MATCH,https://scrydex.com/pokemon/cards/sandslash/m6_ja-36
d5cf76bd-c764-4d02-b628-dffca331dd68,M6,037,イワーク,C,C,通常,MATCH,https://scrydex.com/pokemon/cards/onix/m6_ja-37
b1a0bfd8-beab-4c66-9645-61552cabf5bc,M6,038,ハガネール,U,U,非,MATCH,https://scrydex.com/pokemon/cards/steelix/m6_ja-38
877e62d1-09e0-4d38-8e3e-201dd5a6bdbf,M6,039,グラードン,R,R,希少,MATCH,https://scrydex.com/pokemon/cards/groudon/m6_ja-39
d8c13045-3342-4e97-a7ca-1c032de9794d,M6,004,サボネア,C,C,通常,MATCH,https://scrydex.com/pokemon/cards/cacnea/m6_ja-4
2b468137-2369-4c87-9a7b-8b7a3220db79,M6,040,ランドロス,U,U,非,MATCH,https://scrydex.com/pokemon/cards/landorus/m6_ja-40
b41ea5cb-f0cd-4ed4-89e9-e03f79f395cc,M6,041,ニドラン♀,C,C,通常,MATCH,https://scrydex.com/pokemon/cards/nidoran-/m6_ja-41
067a9f9d-3d4c-4be1-b495-7ddef83bda57,M6,042,ニドリーナ,C,C,通常,MATCH,https://scrydex.com/pokemon/cards/nidorina/m6_ja-42
4518990e-a71f-47ab-96d2-6ba72629cd4b,M6,043,ニドクイン,R,R,希少,MATCH,https://scrydex.com/pokemon/cards/nidoqueen/m6_ja-43
0548a005-6ba8-4450-8910-b73760c7b131,M6,044,イトマル,C,C,通常,MATCH,https://scrydex.com/pokemon/cards/spinarak/m6_ja-44
565b0b95-3312-42fc-bdf9-b097aafc2410,M6,045,アリアドス,C,C,通常,MATCH,https://scrydex.com/pokemon/cards/ariados/m6_ja-45
b9d1b68d-9258-4001-b3d0-401ad941e028,M6,046,ヤミラミ,C,C,通常,MATCH,https://scrydex.com/pokemon/cards/sableye/m6_ja-46
d47e04fe-b90e-478d-b915-79672e26b911,M6,047,マーイーカ,C,C,通常,MATCH,https://scrydex.com/pokemon/cards/inkay/m6_ja-47
4be9fc11-f4e7-4ffb-86a0-139ab141bc3b,M6,048,メガカラマネロex,RR,RR,ダブルレア,MATCH,https://scrydex.com/pokemon/cards/mega-malamar-ex/m6_ja-48
bd8cf480-4d45-477e-a0a3-254db419cf41,M6,049,クリムガン,U,U,非,MATCH,https://scrydex.com/pokemon/cards/druddigon/m6_ja-49
a62e395c-9afa-455d-b634-40adaf7ff796,M6,005,ノクタス,R,R,希少,MATCH,https://scrydex.com/pokemon/cards/cacturne/m6_ja-5
0f7c94d7-26b4-4999-8127-bd35e8fdf479,M6,050,ジャラコ,C,C,通常,MATCH,https://scrydex.com/pokemon/cards/jangmo-o/m6_ja-50
be5cfd3a-a435-4482-9a35-2c6f26f98f13,M6,051,ジャランゴ,C,C,通常,MATCH,https://scrydex.com/pokemon/cards/hakamo-o/m6_ja-51
282f1722-84a1-47b8-8040-c0861eeef4fb,M6,052,ジャラランガ,R,R,希少,MATCH,https://scrydex.com/pokemon/cards/kommo-o/m6_ja-52
321c16dc-a6aa-4ec2-a313-482c69633ed1,M6,053,モトトカゲ,C,C,通常,MATCH,https://scrydex.com/pokemon/cards/cyclizar/m6_ja-53
8c86654b-0fc6-444e-b512-d5cd585a45e2,M6,054,ルリリ,C,C,通常,MATCH,https://scrydex.com/pokemon/cards/azurill/m6_ja-54
433c285c-6a11-49aa-9eb3-0ed54d85a148,M6,055,チルット,C,C,通常,MATCH,https://scrydex.com/pokemon/cards/swablu/m6_ja-55
bfd9c5ae-0de7-49b8-b7a3-a77d4650e354,M6,056,チルタリス,R,R,希少,MATCH,https://scrydex.com/pokemon/cards/altaria/m6_ja-56
72857262-60ef-4c54-b54e-1c64f050dce7,M6,057,カクレオン,C,C,通常,MATCH,https://scrydex.com/pokemon/cards/kecleon/m6_ja-57
269a8f01-7fd2-4552-8f0f-c15ba9311838,M6,058,メガレックウザex,RR,RR,ダブルレア,MATCH,https://scrydex.com/pokemon/cards/mega-rayquaza-ex/m6_ja-58
bff2e27c-1f3b-4654-a76a-a94dd4a66d07,M6,059,トルネロス,U,U,非,MATCH,https://scrydex.com/pokemon/cards/tornadus/m6_ja-59
62fb4ace-9d8f-43a3-84cb-de55f6f699aa,M6,006,ミツハニー,C,C,通常,MATCH,https://scrydex.com/pokemon/cards/combee/m6_ja-6
2ef6d277-6f20-4d1a-aa95-94518fec181d,M6,060,ヤヤコマ,C,C,通常,MATCH,https://scrydex.com/pokemon/cards/fletchling/m6_ja-60
1092b9d8-0024-4408-ae96-5540c4d1392f,M6,061,ヒノヤコマ,C,C,通常,MATCH,https://scrydex.com/pokemon/cards/fletchinder/m6_ja-61
1684853c-06d8-4a45-93ad-ae1c657faf33,M6,062,ファイアローex,RR,RR,ダブルレア,MATCH,https://scrydex.com/pokemon/cards/talonflame-ex/m6_ja-62
88c88e72-0de6-4999-9c10-0467bfbec118,M6,063,おいしいおむすび,C,C,通常,MATCH,https://scrydex.com/pokemon/cards/delicious-rice-balls/m6_ja-63
0d8454ef-1917-4b52-a1f6-0c9d96404f15,M6,064,ぼうけんのランタン,U,U,非,MATCH,https://scrydex.com/pokemon/cards/adventuring-lantern/m6_ja-64
481bf2aa-4859-4d49-ae34-0f83962cd06c,M6,065,とくちゅうチョッキ,U,U,非,MATCH,https://scrydex.com/pokemon/cards/custom-vest/m6_ja-65
c78c9aac-852c-4e03-b154-6f638805c8e8,M6,066,メガレックウザキャップ,U,U,非,MATCH,https://scrydex.com/pokemon/cards/mega-rayquaza-cap/m6_ja-66
77d2a2dc-476e-4cfe-94c0-fe45505dbda2,M6,067,MCの盛り上げ,C,C,通常,MATCH,https://scrydex.com/pokemon/cards/emcees-hype/m6_ja-67
cfc2b738-60f7-4fcc-8f9c-32b75a8f6923,M6,068,ギリー,U,U,非,MATCH,https://scrydex.com/pokemon/cards/aarune/m6_ja-68
30fd4722-20cd-47e9-ae70-fdf685cb595e,M6,069,ヒガナの信頼,U,U,非,MATCH,https://scrydex.com/pokemon/cards/zinnias-trust/m6_ja-69
a3952029-0544-49d1-8ca5-0f15f4f13f07,M6,007,ビークイン,C,C,通常,MATCH,https://scrydex.com/pokemon/cards/vespiquen/m6_ja-7
d7c5c62a-dd6c-4ac4-a28a-6e0927119be5,M6,070,フウとランの修行,U,U,非,MATCH,https://scrydex.com/pokemon/cards/tate-lizas-training/m6_ja-70
30efd22f-d9c0-4f5c-a65d-1c80d410aeb1,M6,071,伝説の海溝,U,U,非,MATCH,https://scrydex.com/pokemon/cards/legendary-ocean-trench/m6_ja-71
f02e247b-389e-4609-809f-d17f5f5b3884,M6,072,伝説の海溝,U,U,非,MATCH,https://scrydex.com/pokemon/cards/legendary-ocean-trench/m6_ja-72
dcd5c501-9441-41e9-b887-3ee4a60ddee0,M6,073,伝説の山頂,U,U,非,MATCH,https://scrydex.com/pokemon/cards/legendary-summit/m6_ja-73
498c5fa4-57d6-45b5-9529-bf2f948a478c,M6,074,伝説の山頂,U,U,非,MATCH,https://scrydex.com/pokemon/cards/legendary-summit/m6_ja-74
bbb2e539-e854-4309-8e5d-a6e00fbc627b,M6,075,伝説の溶岩洞,U,U,非,MATCH,https://scrydex.com/pokemon/cards/legendary-lava-lake/m6_ja-75
4c102370-4035-48e6-9360-b657ec5fffb4,M6,076,伝説の溶岩洞,U,U,非,MATCH,https://scrydex.com/pokemon/cards/legendary-lava-lake/m6_ja-76
d17d8d29-86ad-4d72-a7ab-48bbe2797981,M6,077,アメモース,MUR,AR,アートレア,CHANGE,https://scrydex.com/pokemon/cards/masquerain/m6_ja-77
e03a6425-edcf-4486-93e7-77f0ee708b31,M6,078,ガーディ,MUR,AR,アートレア,CHANGE,https://scrydex.com/pokemon/cards/growlithe/m6_ja-78
43ae2665-2bd9-46a6-ad7d-ef2cb4715db7,M6,079,ブーバーン,MUR,AR,アートレア,CHANGE,https://scrydex.com/pokemon/cards/magmortar/m6_ja-79
f745995a-51fc-48fd-ba45-ae4ffae0c678,M6,008,コソクムシ,C,C,通常,MATCH,https://scrydex.com/pokemon/cards/wimpod/m6_ja-8
099a8fc4-a35e-4fa2-a15e-009ff4128191,M6,080,カイオーガ,MUR,AR,アートレア,CHANGE,https://scrydex.com/pokemon/cards/kyogre/m6_ja-80
381ca521-7c09-4ec4-a309-57b5a6585474,M6,081,エレキブル,MUR,AR,アートレア,CHANGE,https://scrydex.com/pokemon/cards/electivire/m6_ja-81
83ad16bd-a21b-4307-a4d8-fc3ec80997bf,M6,082,バチンウニ,MUR,AR,アートレア,CHANGE,https://scrydex.com/pokemon/cards/pincurchin/m6_ja-82
15b533ea-4457-426d-86a9-9bf7c6f1a661,M6,083,ラブトロス,MUR,AR,アートレア,CHANGE,https://scrydex.com/pokemon/cards/enamorus/m6_ja-83
aa9a19bc-9ae8-480e-9bed-9c838fe04e51,M6,084,グラードン,MUR,AR,アートレア,CHANGE,https://scrydex.com/pokemon/cards/groudon/m6_ja-84
8eb32504-0a49-49c0-adfd-75531bf56f32,M6,085,マーイーカ,MUR,AR,アートレア,CHANGE,https://scrydex.com/pokemon/cards/inkay/m6_ja-85
62bb9f45-c378-4aac-8f57-43e41e3ddcde,M6,086,ルリリ,MUR,AR,アートレア,CHANGE,https://scrydex.com/pokemon/cards/azurill/m6_ja-86
b4898b33-1061-40c8-9957-335b2cf1b92c,M6,087,チルタリス,MUR,AR,アートレア,CHANGE,https://scrydex.com/pokemon/cards/altaria/m6_ja-87
8bb47bb8-3f21-4678-99c7-d757fde3edca,M6,088,カクレオン,MUR,AR,アートレア,CHANGE,https://scrydex.com/pokemon/cards/kecleon/m6_ja-88
39dea0f5-f125-48af-afb8-69cca5566c8b,M6,089,メガグソクムシャex,MUR,SR,スーパーレア,CHANGE,https://scrydex.com/pokemon/cards/mega-golisopod-ex/m6_ja-89
cd426467-1d8c-4d86-9203-b8c5e5670326,M6,009,メガグソクムシャex,RR,RR,ダブルレア,MATCH,https://scrydex.com/pokemon/cards/mega-golisopod-ex/m6_ja-9
49586f21-86d0-4530-bf03-8dd302d2878a,M6,090,ヒートロトムex,MUR,SR,スーパーレア,CHANGE,https://scrydex.com/pokemon/cards/heat-rotom-ex/m6_ja-90
5ab69939-4101-4cc4-b2c4-a2d89b7c56f9,M6,091,ヨワシex,MUR,SR,スーパーレア,CHANGE,https://scrydex.com/pokemon/cards/wishiwashi-ex/m6_ja-91
ce1a6a46-6e68-4247-b9ba-ff15cf45c2f0,M6,092,ライコウex,MUR,SR,スーパーレア,CHANGE,https://scrydex.com/pokemon/cards/raikou-ex/m6_ja-92
55add139-95ec-41f7-8960-d73f9706d37e,M6,093,メガゴルーグex,MUR,SR,スーパーレア,CHANGE,https://scrydex.com/pokemon/cards/mega-golurk-ex/m6_ja-93
136ac92d-eb4e-4240-bf2d-d86d5d262860,M6,094,メガカラマネロex,MUR,SR,スーパーレア,CHANGE,https://scrydex.com/pokemon/cards/mega-malamar-ex/m6_ja-94
c5845efc-578e-4452-967f-0a06630e9756,M6,095,メガレックウザex,MUR,SR,スーパーレア,CHANGE,https://scrydex.com/pokemon/cards/mega-rayquaza-ex/m6_ja-95
6a1787a4-7379-46d1-8673-901b9848e88b,M6,096,ファイアローex,MUR,SR,スーパーレア,CHANGE,https://scrydex.com/pokemon/cards/talonflame-ex/m6_ja-96
4c19459a-9072-4a5d-b19a-323704ff4543,M6,097,ぼうけんのランタン,MUR,SR,スーパーレア,CHANGE,https://scrydex.com/pokemon/cards/adventuring-lantern/m6_ja-97
84ae8d72-1e94-40dd-a039-c955e5ce5d53,M6,098,とくちゅうチョッキ,MUR,SR,スーパーレア,CHANGE,https://scrydex.com/pokemon/cards/pokmon-catcher/m6_ja-98
4ec825c1-2237-48b4-a522-8b594ab0ac7c,M6,099,ポケモンキャッチャー,MUR,SR,スーパーレア,CHANGE,https://scrydex.com/pokemon/cards/custom-vest/m6_ja-99
89794e13-37c2-486c-95e8-02f3dabe2de2,MA,001,シェイミ,,,,NO_RARITY,https://scrydex.com/pokemon/cards/shaymin/ma_ja-1
760eb8d7-1921-49b2-8858-d110268a6f87,MA,010,イキリンコex,,,,NO_RARITY,https://scrydex.com/pokemon/cards/squawkabilly-ex/ma_ja-10
2b91576b-0f3a-4502-ac86-1a5cb2711bbc,MA,011,アンフェアスタンプ,,,,NO_RARITY,https://scrydex.com/pokemon/cards/unfair-stamp/ma_ja-11
3605d411-e0a2-441a-be7c-a068a686784c,MA,012,エネルギーつけかえ,,,,NO_RARITY,https://scrydex.com/pokemon/cards/energy-switch/ma_ja-12
d22716b1-a397-4c53-b49b-e1e6d1db3a54,MA,013,エレキジェネレーター,,,,NO_RARITY,https://scrydex.com/pokemon/cards/electric-generator/ma_ja-13
6a7ec1ca-0ecb-4f52-9607-631929927d6b,MA,014,カウンターキャッチャー,,,,NO_RARITY,https://scrydex.com/pokemon/cards/counter-catcher/ma_ja-14
ff4ab0cd-5ba5-47e2-8833-ecc53d8600b1,MA,015,すごいつりざお,,,,NO_RARITY,https://scrydex.com/pokemon/cards/super-rod/ma_ja-15
6a1c2ebc-ab64-4037-8946-4e5a76b4e04a,MA,016,大地の器,,,,NO_RARITY,https://scrydex.com/pokemon/cards/earthen-vessel/ma_ja-16
9e37ec7b-3c31-4ff7-964f-2a21eaded18e,MA,017,ツールスクラッパー,,,,NO_RARITY,https://scrydex.com/pokemon/cards/tool-scrapper/ma_ja-17
2c394f25-cd85-4991-a073-0f44599b69eb,MA,018,なかよしポフィン,,,,NO_RARITY,https://scrydex.com/pokemon/cards/buddy-buddy-poffin/ma_ja-18
82af382e-a2ae-4fe9-87e0-88c86275674e,MA,019,ネストボール,,,,NO_RARITY,https://scrydex.com/pokemon/cards/nest-ball/ma_ja-19
3e19a497-ec50-4a2b-be9a-f80e031aeb69,MA,002,ミュウex,,,,NO_RARITY,https://scrydex.com/pokemon/cards/mew-ex/ma_ja-2
1d9f0e29-f57e-461d-aa73-3296081dbafe,MA,020,ハイパーボール,,,,NO_RARITY,https://scrydex.com/pokemon/cards/ultra-ball/ma_ja-20
e01b95bd-ab47-4059-892c-ea746302bafd,MA,021,ふしぎなアメ,,,,NO_RARITY,https://scrydex.com/pokemon/cards/rare-candy/ma_ja-21
d36f530b-dc2a-4de6-b52e-9cf6fe6409e2,MA,022,プライムキャッチャー,,,,NO_RARITY,https://scrydex.com/pokemon/cards/prime-catcher/ma_ja-22
9d3b0ffc-5edf-4e46-b9ba-71db3183c82a,MA,023,ポケモンいれかえ,,,,NO_RARITY,https://scrydex.com/pokemon/cards/switch/ma_ja-23
63056fb7-1f96-4301-8f47-30529d7ee3ec,MA,024,むしとりセット,,,,NO_RARITY,https://scrydex.com/pokemon/cards/bug-catching-set/ma_ja-24
e8d2ecb6-383c-4715-a80c-32835336579c,MA,025,メガシグナル,,,,NO_RARITY,https://scrydex.com/pokemon/cards/mega-signal/ma_ja-25
26fdf63d-dcac-4a73-b705-864765eecba2,MA,026,夜のタンカ,,,,NO_RARITY,https://scrydex.com/pokemon/cards/night-stretcher/ma_ja-26
2372d218-95dc-45f5-96e2-bdc0a5fe738c,MA,027,カウンターゲイン,,,,NO_RARITY,https://scrydex.com/pokemon/cards/counter-gain/ma_ja-27
9f29c838-3309-4735-abf2-a14a33db9802,MA,028,ガチガチバンド,,,,NO_RARITY,https://scrydex.com/pokemon/cards/rigid-band/ma_ja-28
dd92a72f-4085-450b-bbcb-6b947f7b00e2,MA,029,ヒーローマント,,,,NO_RARITY,https://scrydex.com/pokemon/cards/heros-cape/ma_ja-29
fc371420-619b-4594-9ee5-3e5a86644c06,MA,003,キチキギスex,,,,NO_RARITY,https://scrydex.com/pokemon/cards/fezandipiti-ex/ma_ja-3
b0c718a3-08ce-4e1c-a98b-e8ec4b440215,MA,030,ふうせん,,,,NO_RARITY,https://scrydex.com/pokemon/cards/air-balloon/ma_ja-30
d353afdd-9293-4165-afbd-f6f60d85be94,MA,031,マキシマムベルト,,,,NO_RARITY,https://scrydex.com/pokemon/cards/maximum-belt/ma_ja-31
6b931cb2-2b7b-4491-b161-292a151e8be9,MA,032,勇気のおまもり,,,,NO_RARITY,https://scrydex.com/pokemon/cards/bravery-charm/ma_ja-32
d90c40b1-eef3-4e8c-95ff-800bfa979efb,MA,033,ワザマシン エヴォリューション,,,,NO_RARITY,https://scrydex.com/pokemon/cards/technical-machine-evolution/ma_ja-33
7c27c795-3aea-4db2-9a05-feff5d3d42b6,MA,034,ワザマシン デヴォリューション,,,,NO_RARITY,https://scrydex.com/pokemon/cards/technical-machine-devolution/ma_ja-34
b1a9d054-305b-4b0f-b1c8-393fa67a19e9,MA,035,スグリ,,,,NO_RARITY,https://scrydex.com/pokemon/cards/kieran/ma_ja-35
083df8a7-c6bb-42ce-9532-dca294a38867,MA,036,ナンジャモ,,,,NO_RARITY,https://scrydex.com/pokemon/cards/iono/ma_ja-36
cfe6e942-61fd-40cd-a3c2-a13cf6e5a919,MA,037,博士の研究,,,,NO_RARITY,https://scrydex.com/pokemon/cards/professors-research/ma_ja-37
68b1270f-1576-49bd-b7f9-8bafeb0b5964,MA,038,ペパー,,,,NO_RARITY,https://scrydex.com/pokemon/cards/arven/ma_ja-38
1a4958b9-0609-4cbc-990a-3066f33e7680,MA,039,ボスの指令,,,,NO_RARITY,https://scrydex.com/pokemon/cards/bosss-orders/ma_ja-39
6fde4d99-1b1e-4f9e-8125-c03a7d6fe693,MA,004,シャリタツ,,,,NO_RARITY,https://scrydex.com/pokemon/cards/tatsugiri/ma_ja-4
8a859771-0b6b-421f-85ec-52ee888a8f9b,MA,040,ミツルの思いやり,,,,NO_RARITY,https://scrydex.com/pokemon/cards/wallys-compassion/ma_ja-40
0a8478d5-6c5b-4a01-a074-e8ed64a107cb,MA,041,リーリエの決心,,,,NO_RARITY,https://scrydex.com/pokemon/cards/lillies-determination/ma_ja-41
649a7e82-f6b6-4229-b292-d9d6738d4f0a,MA,042,イグニッションエネルギー,,,,NO_RARITY,https://scrydex.com/pokemon/cards/ignition-energy/ma_ja-42
85a0a1d3-2386-4294-ba20-c00381203213,MA,043,プリズムエネルギー,,,,NO_RARITY,https://scrydex.com/pokemon/cards/prism-energy/ma_ja-43
07140374-02f7-4efe-8e9f-755c1f3de27f,MA,005,ポッポ,,,,NO_RARITY,https://scrydex.com/pokemon/cards/pidgey/ma_ja-5
d5ba00e8-3231-4c3c-902a-f2b10459aa7e,MA,006,ピジョン,,,,NO_RARITY,https://scrydex.com/pokemon/cards/pidgeotto/ma_ja-6
bcc21b41-b914-44b6-bbf5-51e8ccb3b63a,MA,007,ピジョットex,,,,NO_RARITY,https://scrydex.com/pokemon/cards/pidgeot-ex/ma_ja-7
9061e4f4-e273-46bb-9a62-82c555f597e8,MA,008,ホーホー,,,,NO_RARITY,https://scrydex.com/pokemon/cards/hoothoot/ma_ja-8
f397e282-d0dc-48fd-b472-3bfd465abd9b,MA,009,ヨルノズク,,,,NO_RARITY,https://scrydex.com/pokemon/cards/noctowl/ma_ja-9
63728037-36f3-4d42-9113-9298df14abfa,MBD,001,ブルー,,,,NO_RARITY,https://scrydex.com/pokemon/cards/snubbull/mbd_ja-1
b4ae47eb-b0a6-4cf1-8ccc-d768e38eed33,MBD,010,なかよしポフィン,,,,NO_RARITY,https://scrydex.com/pokemon/cards/buddy-buddy-poffin/mbd_ja-10
73360ffe-f9dc-4b34-a183-e6792f7681b5,MBD,011,ハイパーボール,,,,NO_RARITY,https://scrydex.com/pokemon/cards/ultra-ball/mbd_ja-11
75196912-88df-4a93-bd91-70b4a1719e48,MBD,012,ポケモンいれかえ,,,,NO_RARITY,https://scrydex.com/pokemon/cards/switch/mbd_ja-12
14ce1c62-1dc6-466a-8cee-b1b821e7e27b,MBD,013,メガシグナル,,,,NO_RARITY,https://scrydex.com/pokemon/cards/mega-signal/mbd_ja-13
92dbada6-aa7e-428e-bdaf-28fc8b0e67d5,MBD,014,夜のタンカ,,,,NO_RARITY,https://scrydex.com/pokemon/cards/night-stretcher/mbd_ja-14
01099a84-8dc8-4ef9-a426-b75e7f24c51c,MBD,015,ワンダーパッチ,,,,NO_RARITY,https://scrydex.com/pokemon/cards/wondrous-patch/mbd_ja-15
2b286609-eae6-41fa-ba5f-1621b95bc46f,MBD,016,ヒーローマント,,,,NO_RARITY,https://scrydex.com/pokemon/cards/heros-cape/mbd_ja-16
0f8ed698-1cec-471f-b58e-4623bb2e4567,MBD,017,ふうせん,,,,NO_RARITY,https://scrydex.com/pokemon/cards/air-balloon/mbd_ja-17
2828c749-2fe6-44e4-a841-fb06eaca3639,MBD,018,アイリスの闘志,,,,NO_RARITY,https://scrydex.com/pokemon/cards/iriss-fighting-spirit/mbd_ja-18
13a4ebad-cff2-45c7-adb0-73f98c06e6b5,MBD,019,ボスの指令,,,,NO_RARITY,https://scrydex.com/pokemon/cards/bosss-orders/mbd_ja-19
f4d2102c-2d5c-445f-95bf-223db7d475ce,MBD,002,グランブル,,,,NO_RARITY,https://scrydex.com/pokemon/cards/granbull/mbd_ja-2
2bdc9a88-7178-4ff3-9437-ccd94e8ee185,MBD,020,リーリエの決心,,,,NO_RARITY,https://scrydex.com/pokemon/cards/lillies-determination/mbd_ja-20
50982378-b66a-4b79-b223-9eb1a7c898af,MBD,021,ミステリーガーデン,,,,NO_RARITY,https://scrydex.com/pokemon/cards/mystery-garden/mbd_ja-21
162aecc2-74e5-4a58-bfab-ff93ecdb4930,MBD,022,メロエッタ,,,,NO_RARITY,https://scrydex.com/pokemon/cards/meloetta/mbd_ja-22
78069182-e745-488a-b065-6a464cd45b02,MBD,003,クレセリア,,,,NO_RARITY,https://scrydex.com/pokemon/cards/cresselia/mbd_ja-3
913e1bb5-d84a-40e4-8c08-b62269d76978,MBD,004,メロエッタ,,,,NO_RARITY,https://scrydex.com/pokemon/cards/meloetta/mbd_ja-4
154917fb-56cb-467e-801c-975be469fde0,MBD,005,メガディアンシーex,,,,NO_RARITY,https://scrydex.com/pokemon/cards/mega-diancie-ex/mbd_ja-5
1a70266a-797f-4046-b4bd-c42fa1910c33,MBD,006,ミミッキュ,,,,NO_RARITY,https://scrydex.com/pokemon/cards/mimikyu/mbd_ja-6
40e0119e-e491-4482-8a2e-11c715aaa341,MBD,007,マホミル,,,,NO_RARITY,https://scrydex.com/pokemon/cards/milcery/mbd_ja-7
bc2314b4-25fa-4bcb-afb5-346a3c603743,MBD,008,マホイップ,,,,NO_RARITY,https://scrydex.com/pokemon/cards/alcremie/mbd_ja-8
7951a19b-1cb1-4256-8b11-d357fb3f50a4,MBD,009,シャリタツ,,,,NO_RARITY,https://scrydex.com/pokemon/cards/tatsugiri/mbd_ja-9
636d1f5b-12e5-4b93-8fb2-bfc5f8674af4,MBG,001,ゴース,,,,NO_RARITY,https://scrydex.com/pokemon/cards/gastly/mbg_ja-1
7ba5e953-6f7a-46bb-905b-899a0496f4b8,MBG,010,なかよしポフィン,,,,NO_RARITY,https://scrydex.com/pokemon/cards/buddy-buddy-poffin/mbg_ja-10
557e68b3-1689-4e84-b230-fe15288ed323,MBG,011,ハイパーボール,,,,NO_RARITY,https://scrydex.com/pokemon/cards/ultra-ball/mbg_ja-11
a2a7ba52-b7c2-4b49-8ae2-41495f0067ef,MBG,012,ふしぎなアメ,,,,NO_RARITY,https://scrydex.com/pokemon/cards/rare-candy/mbg_ja-12
37601466-b18a-41b1-baf6-a63b108d6329,MBG,013,プライムキャッチャー,,,,NO_RARITY,https://scrydex.com/pokemon/cards/prime-catcher/mbg_ja-13
64eb6a7a-f92b-44d1-85ec-bcbe6c146c25,MBG,014,ポケモンいれかえ,,,,NO_RARITY,https://scrydex.com/pokemon/cards/switch/mbg_ja-14
ecd90685-5c61-4d60-ad49-934d29dc1939,MBG,015,メガシグナル,,,,NO_RARITY,https://scrydex.com/pokemon/cards/mega-signal/mbg_ja-15
a2fec034-5b7c-4ff6-bc97-1489a625a898,MBG,016,夜のタンカ,,,,NO_RARITY,https://scrydex.com/pokemon/cards/night-stretcher/mbg_ja-16
22856158-afe5-4510-b06a-3841c8d44d76,MBG,017,パンクメット,,,,NO_RARITY,https://scrydex.com/pokemon/cards/punk-helmet/mbg_ja-17
fcef4e1f-3a84-49d3-b85d-b47808182d1e,MBG,018,ふうせん,,,,NO_RARITY,https://scrydex.com/pokemon/cards/air-balloon/mbg_ja-18
0e1973f6-3bb2-4c0a-b377-f9398552ba16,MBG,019,アイリスの闘志,,,,NO_RARITY,https://scrydex.com/pokemon/cards/iriss-fighting-spirit/mbg_ja-19
0355e160-cd84-4d64-871c-61132c5b54bf,MBG,002,ゴースト,,,,NO_RARITY,https://scrydex.com/pokemon/cards/haunter/mbg_ja-2
6d01137c-9b0d-4cfa-b216-8953f11055a5,MBG,020,ボスの指令,,,,NO_RARITY,https://scrydex.com/pokemon/cards/bosss-orders/mbg_ja-20
b5290ff5-0e8f-42e8-baa5-660fd9abec85,MBG,021,リーリエの決心,,,,NO_RARITY,https://scrydex.com/pokemon/cards/lillies-determination/mbg_ja-21
5e14e099-8a8f-4995-9229-4ec522576dba,MBG,022,ゴースト,,,,NO_RARITY,https://scrydex.com/pokemon/cards/haunter/mbg_ja-22
d68469ff-f40e-46c0-a643-aeaaa74bb1e8,MBG,003,メガゲンガーex,,,,NO_RARITY,https://scrydex.com/pokemon/cards/mega-gengar-ex/mbg_ja-3
87df2fa2-9561-4d12-b009-24d57a449297,MBG,004,ヤミカラス,,,,NO_RARITY,https://scrydex.com/pokemon/cards/murkrow/mbg_ja-4
387c84d6-03ff-40de-840e-89d4a68f82c9,MBG,005,ドンカラス,,,,NO_RARITY,https://scrydex.com/pokemon/cards/honchkrow/mbg_ja-5
5225d8e0-29e4-46d1-b250-9744d1647d46,MBG,006,ヤミラミ,,,,NO_RARITY,https://scrydex.com/pokemon/cards/sableye/mbg_ja-6
983653ec-dfb0-4c5e-b995-3310d8c4bfcd,MBG,007,アブソル,,,,NO_RARITY,https://scrydex.com/pokemon/cards/absol/mbg_ja-7
e471c7bf-47fb-434e-9a1a-cbe955534fc0,MBG,008,ムゲンダイナ,,,,NO_RARITY,https://scrydex.com/pokemon/cards/eternatus/mbg_ja-8
1635673a-0641-48a2-9a30-4016f2f94544,MBG,009,シャリタツ,,,,NO_RARITY,https://scrydex.com/pokemon/cards/tatsugiri/mbg_ja-9
86206397-ce43-4c84-b987-3909b2877c90,MC,001,エリカのナゾノクサ,ー,,,NO_RARITY,https://scrydex.com/pokemon/cards/erikas-oddish/mc_ja-1
f4665673-4e53-4833-8056-c22aec19d30b,MC,010,タマタマ,ー,,,NO_RARITY,https://scrydex.com/pokemon/cards/exeggcute/mc_ja-10
82ccfa98-240a-4605-8a85-a7ece5411eba,MC,100,ロケット団のヘルガー,ー,,,NO_RARITY,https://scrydex.com/pokemon/cards/team-rockets-houndoom/mc_ja-100
53d8088d-1173-46a7-9745-db65da212ba1,MC,101,コータス,ー,,,NO_RARITY,https://scrydex.com/pokemon/cards/torkoal/mc_ja-101
c30e0983-1f2e-4f39-ae01-5476f1516446,MC,102,ポワルン たいようのすがた,ー,,,NO_RARITY,https://scrydex.com/pokemon/cards/castform-sunny-form/mc_ja-102
3b6d4c28-0890-40cb-8ded-eb9c87bec913,MC,103,ヒコザル,ー,,,NO_RARITY,https://scrydex.com/pokemon/cards/chimchar/mc_ja-103
49d2dfc6-52c1-430e-a4bb-58c430c449fe,MC,104,モウカザル,ー,,,NO_RARITY,https://scrydex.com/pokemon/cards/monferno/mc_ja-104
65f978d9-f66f-4215-8740-cfd01aa1cb9c,MC,105,ゴウカザル,ー,,,NO_RARITY,https://scrydex.com/pokemon/cards/infernape/mc_ja-105
affbe769-09f8-4dd3-8f89-0127c9717b48,MC,106,ビクティニ,ー,,,NO_RARITY,https://scrydex.com/pokemon/cards/victini/mc_ja-106
438ac0bc-0b38-4fa4-b30a-5c83c392e29b,MC,107,ビクティニ,ー,,,NO_RARITY,https://scrydex.com/pokemon/cards/victini/mc_ja-107
a43853d3-4134-4a1e-b44d-ac9689c13d91,MC,108,ポカブ,ー,,,NO_RARITY,https://scrydex.com/pokemon/cards/tepig/mc_ja-108
f38b1be1-7bd5-4efa-9955-33f819484f56,MC,109,ポカブ,ー,,,NO_RARITY,https://scrydex.com/pokemon/cards/tepig/mc_ja-109
97423a6f-a885-4f46-a73e-4cd452de6716,MC,011,ナッシー,ー,,,NO_RARITY,https://scrydex.com/pokemon/cards/exeggutor/mc_ja-11
3edac845-41b8-4e20-ae2a-5c0575121dd8,MC,110,チャオブー,ー,,,NO_RARITY,https://scrydex.com/pokemon/cards/pignite/mc_ja-110
c5f21d59-bc36-434c-9757-04b175660b01,MC,111,チャオブー,ー,,,NO_RARITY,https://scrydex.com/pokemon/cards/pignite/mc_ja-111
174bd0c1-909f-4c54-9c08-0814b3a3384b,MC,112,エンブオー,ー,,,NO_RARITY,https://scrydex.com/pokemon/cards/emboar/mc_ja-112
cc907433-51ac-437c-8328-6f2cd7999361,MC,113,メガエンブオーex,ー,,,NO_RARITY,https://scrydex.com/pokemon/cards/mega-emboar-ex/mc_ja-113
8608dab0-b0b3-4822-b8ac-1dea4c086a48,MC,114,バオップ,ー,,,NO_RARITY,https://scrydex.com/pokemon/cards/pansear/mc_ja-114
9dd1d58e-9496-406f-ba9a-7dcf71df3aed,MC,115,バオッキー,ー,,,NO_RARITY,https://scrydex.com/pokemon/cards/simisear/mc_ja-115
e163a7bc-795e-4ac5-9cea-4ef1b960da07,MC,116,ダルマッカ,ー,,,NO_RARITY,https://scrydex.com/pokemon/cards/darumaka/mc_ja-116
65e105ea-2b9f-4864-b8c6-ccfc6d5b8922,MC,117,ヒヒダルマ,ー,,,NO_RARITY,https://scrydex.com/pokemon/cards/darmanitan/mc_ja-117
fb0a161e-e281-43ce-a10c-1d73d49c8e47,MC,118,Nのダルマッカ,ー,,,NO_RARITY,https://scrydex.com/pokemon/cards/ns-darumaka/mc_ja-118
792fa775-1684-4308-92a6-a6d628acfc35,MC,119,Nのヒヒダルマ,ー,,,NO_RARITY,https://scrydex.com/pokemon/cards/ns-darmanitan/mc_ja-119
bf2bf0e9-a338-4b6f-bbad-8f982ab6e633,MC,012,モンジャラ,ー,,,NO_RARITY,https://scrydex.com/pokemon/cards/tangela/mc_ja-12
c45ada1a-8e72-4206-980d-0e1fd05a4bec,MC,120,クイタラン,ー,,,NO_RARITY,https://scrydex.com/pokemon/cards/heatmor/mc_ja-120
90edd782-141f-437b-bc2b-15b64b494635,MC,121,メラルバ,ー,,,NO_RARITY,https://scrydex.com/pokemon/cards/larvesta/mc_ja-121
116c3964-a464-47b8-8ecb-dff0177fe7af,MC,122,ウルガモス,ー,,,NO_RARITY,https://scrydex.com/pokemon/cards/volcarona/mc_ja-122
b3249c8e-b000-432a-8636-266864a46399,MC,123,ウルガモス,ー,,,NO_RARITY,https://scrydex.com/pokemon/cards/volcarona/mc_ja-123
f6c3ad6d-f794-458c-a746-396070e64d41,MC,124,ウルガモス,ー,,,NO_RARITY,https://scrydex.com/pokemon/cards/volcarona/mc_ja-124
127768d9-1628-4f99-a33f-d2fa29a6e628,MC,125,レシラム,ー,,,NO_RARITY,https://scrydex.com/pokemon/cards/reshiram/mc_ja-125
16062f64-67a3-4301-ba5c-b762fd275c79,MC,126,レシラムex,ー,,,NO_RARITY,https://scrydex.com/pokemon/cards/reshiram-ex/mc_ja-126
c9946dd2-7a6a-4ce9-83c5-84ebd91029b2,MC,127,シシコ,ー,,,NO_RARITY,https://scrydex.com/pokemon/cards/litleo/mc_ja-127
6d9302bd-3bfd-477e-a737-ee2ccda06d84,MC,128,カエンジシ,ー,,,NO_RARITY,https://scrydex.com/pokemon/cards/pyroar/mc_ja-128
868c3e98-a3a1-4a26-8098-f3cbb66ac964,MC,129,ボルケニオンex,ー,,,NO_RARITY,https://scrydex.com/pokemon/cards/volcanion-ex/mc_ja-129
745b12d6-0b8e-4116-ae74-4c2d5161cc02,MC,013,モジャンボ,ー,,,NO_RARITY,https://scrydex.com/pokemon/cards/tangrowth/mc_ja-13
ff4bb130-c962-44f4-8de6-18d36f866cef,MC,130,ニャビー,ー,,,NO_RARITY,https://scrydex.com/pokemon/cards/litten/mc_ja-130
df48a653-dd82-4615-8c49-e9eb15cda94c,MC,131,ニャヒート,ー,,,NO_RARITY,https://scrydex.com/pokemon/cards/torracat/mc_ja-131
38f5c994-d7e4-4f5d-8eff-93b1532222cf,MC,132,ガオガエンex,ー,,,NO_RARITY,https://scrydex.com/pokemon/cards/incineroar-ex/mc_ja-132
292f6375-d06f-4bda-b5dc-8b7b4b307000,MC,133,オドリドリ,ー,,,NO_RARITY,https://scrydex.com/pokemon/cards/oricorio/mc_ja-133
a7d03d6e-e16d-4ceb-957a-f559ae618f74,MC,134,ヤトウモリ,ー,,,NO_RARITY,https://scrydex.com/pokemon/cards/salandit/mc_ja-134
6c865b1d-c6df-4460-85c6-c0a0d91c8296,MC,135,エンニュート,ー,,,NO_RARITY,https://scrydex.com/pokemon/cards/salazzle/mc_ja-135
0c944158-5e4d-4388-aa89-c092c9fcac80,MC,136,バクガメス,ー,,,NO_RARITY,https://scrydex.com/pokemon/cards/turtonator/mc_ja-136
7d71d4b3-a358-4dbb-972b-e1957d8d4b7b,MC,137,ヒバニー,ー,,,NO_RARITY,https://scrydex.com/pokemon/cards/scorbunny/mc_ja-137
670ca884-cd73-456b-a935-a3ffd1ea5d09,MC,138,ラビフット,ー,,,NO_RARITY,https://scrydex.com/pokemon/cards/raboot/mc_ja-138
9cb7470c-ba59-4d6a-97e1-c821fca0ed93,MC,139,エースバーンex,ー,,,NO_RARITY,https://scrydex.com/pokemon/cards/cinderace-ex/mc_ja-139
d81a059b-5f51-4ecf-8c5a-b723a5a018e0,MC,014,エリカのモンジャラ,ー,,,NO_RARITY,https://scrydex.com/pokemon/cards/erikas-tangela/mc_ja-14
e665bd0d-3937-49a2-9a55-756ed13342de,MC,140,ヤクデ,ー,,,NO_RARITY,https://scrydex.com/pokemon/cards/sizzlipede/mc_ja-140
f3437bee-0f4b-4e71-ab78-e1b8319b720f,MC,141,マルヤクデ,ー,,,NO_RARITY,https://scrydex.com/pokemon/cards/centiskorch/mc_ja-141
3370db03-d538-49e4-8cb8-7fdf9d219cc1,MC,142,ホゲータ,ー,,,NO_RARITY,https://scrydex.com/pokemon/cards/fuecoco/mc_ja-142
d7c1c224-d783-41d2-8b0e-519eb2ef4f4d,MC,143,アチゲータ,ー,,,NO_RARITY,https://scrydex.com/pokemon/cards/crocalor/mc_ja-143
15d89f2e-8b20-45b1-9c21-26c27964f363,MC,144,ラウドボーン,ー,,,NO_RARITY,https://scrydex.com/pokemon/cards/skeledirge/mc_ja-144
bffdc753-c290-4de2-80e1-7d6ecb992eae,MC,145,カルボウ,ー,,,NO_RARITY,https://scrydex.com/pokemon/cards/charcadet/mc_ja-145
73e8f146-1893-4052-afe9-b83703ff289a,MC,146,グレンアルマex,ー,,,NO_RARITY,https://scrydex.com/pokemon/cards/armarouge-ex/mc_ja-146
9c25c17e-49e4-41ec-9946-b53025f1417a,MC,147,スコヴィランex,ー,,,NO_RARITY,https://scrydex.com/pokemon/cards/scovillain-ex/mc_ja-147
71f4170d-7b22-47d7-b792-93bf347bd6c5,MC,148,オーガポン かまどのめん,ー,,,NO_RARITY,https://scrydex.com/pokemon/cards/hearthflame-mask-ogerpon/mc_ja-148
00729261-7871-4b3d-8826-88c39948ca06,MC,149,オーガポン かまどのめんex,ー,,,NO_RARITY,https://scrydex.com/pokemon/cards/hearthflame-mask-ogerpon-ex/mc_ja-149
5b511a27-2349-448f-823b-8ced26000200,MC,015,ストライク,ー,,,NO_RARITY,https://scrydex.com/pokemon/cards/scyther/mc_ja-15
1ee37809-6077-4682-97e5-95a40d9839d3,MC,150,ウガツホムラ,ー,,,NO_RARITY,https://scrydex.com/pokemon/cards/gouging-fire/mc_ja-150
8d1ed5ce-5b9d-49ca-9f25-74e24a5bba87,MC,151,ウガツホムラex,ー,,,NO_RARITY,https://scrydex.com/pokemon/cards/gouging-fire-ex/mc_ja-151
9603469e-15ee-463a-92e3-4a6f80611634,MC,152,タッツー,ー,,,NO_RARITY,https://scrydex.com/pokemon/cards/horsea/mc_ja-152
0f1be60a-9b5b-4701-8383-63c309e960f5,MC,153,シードラ,ー,,,NO_RARITY,https://scrydex.com/pokemon/cards/seadra/mc_ja-153
6085e80e-b781-47e5-b984-ea666eccd67d,MC,154,キングドラex,ー,,,NO_RARITY,https://scrydex.com/pokemon/cards/kingdra-ex/mc_ja-154
72200bc5-ba6f-4379-a040-f50117b20d95,MC,155,カスミのヒトデマン,ー,,,NO_RARITY,https://scrydex.com/pokemon/cards/mistys-staryu/mc_ja-155
0486a8c8-5447-4237-b397-aa3b1a7808ce,MC,156,カスミのスターミー,ー,,,NO_RARITY,https://scrydex.com/pokemon/cards/mistys-starmie/mc_ja-156
b7d85f54-690b-4a50-ab48-9188e7de8b16,MC,157,カスミのコイキング,ー,,,NO_RARITY,https://scrydex.com/pokemon/cards/mistys-magikarp/mc_ja-157
7f4380d3-b7e4-4ad5-8023-447040352f5c,MC,158,カスミのギャラドス,ー,,,NO_RARITY,https://scrydex.com/pokemon/cards/mistys-gyarados/mc_ja-158
4a6774b3-2302-471d-acf8-64748372db43,MC,159,ラプラス,ー,,,NO_RARITY,https://scrydex.com/pokemon/cards/lapras/mc_ja-159
3234de91-ea9f-47ef-abde-f8f8191db3d7,MC,016,チコリータ,ー,,,NO_RARITY,https://scrydex.com/pokemon/cards/chikorita/mc_ja-16
149c3226-70b1-4377-98a4-682a8ae9a8ee,MC,160,カスミのラプラス,ー,,,NO_RARITY,https://scrydex.com/pokemon/cards/mistys-lapras/mc_ja-160
f39ac496-9bbf-49c4-9cff-f9270ef3b10f,MC,161,シャワーズex,ー,,,NO_RARITY,https://scrydex.com/pokemon/cards/vaporeon-ex/mc_ja-161
e3a2f297-6d53-4bf1-a129-1ddbc4297f7e,MC,162,グレイシアex,ー,,,NO_RARITY,https://scrydex.com/pokemon/cards/glaceon-ex/mc_ja-162
3411e729-1968-414f-80c5-22ad7c6cc557,MC,163,フリーザー,ー,,,NO_RARITY,https://scrydex.com/pokemon/cards/articuno/mc_ja-163
90697ad3-60f9-4795-bc93-6b722d388e76,MC,164,ワニノコ,ー,,,NO_RARITY,https://scrydex.com/pokemon/cards/totodile/mc_ja-164
627db1e6-bc16-442b-a11e-d0d710f513ff,MC,165,ワニノコ,ー,,,NO_RARITY,https://scrydex.com/pokemon/cards/totodile/mc_ja-165
f73507f3-35cb-41b3-a13b-1eba805fe6ce,MC,166,アリゲイツ,ー,,,NO_RARITY,https://scrydex.com/pokemon/cards/croconaw/mc_ja-166
8dbebef1-e75b-49da-9480-8c1d74228c57,MC,167,アリゲイツ,ー,,,NO_RARITY,https://scrydex.com/pokemon/cards/croconaw/mc_ja-167
526da9b6-b931-4cb6-a254-08a3ae8efaad,MC,168,オーダイル,ー,,,NO_RARITY,https://scrydex.com/pokemon/cards/feraligatr/mc_ja-168
094dfce5-a64a-4de9-92c4-01cedd66617f,MC,169,メガオーダイルex,ー,,,NO_RARITY,https://scrydex.com/pokemon/cards/mega-feraligatr-ex/mc_ja-169
78ee1697-315e-4f81-97ef-86eb1ba9a3e8,MC,017,ベイリーフ,ー,,,NO_RARITY,https://scrydex.com/pokemon/cards/bayleef/mc_ja-17
048b6fd4-1963-4afb-91c3-0f9e6b7d59e0,MC,170,ニューラ,ー,,,NO_RARITY,https://scrydex.com/pokemon/cards/sneasel/mc_ja-170
f10e2b2b-08a1-44f7-b67b-3bd5c3cc3ac7,MC,171,マニューラ,ー,,,NO_RARITY,https://scrydex.com/pokemon/cards/weavile/mc_ja-171
bbe5f7cd-63b6-4edf-b02d-93bb9a03fd6e,MC,172,マンタイン,ー,,,NO_RARITY,https://scrydex.com/pokemon/cards/mantine/mc_ja-172
6c232bbf-616f-41e6-9a2d-10c8dac375bd,MC,173,マンタイン,ー,,,NO_RARITY,https://scrydex.com/pokemon/cards/mantine/mc_ja-173
492306d4-8944-402a-b9ca-853d8015d781,MC,174,スイクン,ー,,,NO_RARITY,https://scrydex.com/pokemon/cards/suicune/mc_ja-174
2657a89b-24e1-4c08-9c1b-bd3e5515c1dd,MC,175,ハスボー,ー,,,NO_RARITY,https://scrydex.com/pokemon/cards/lotad/mc_ja-175
0ef645de-8720-4b0d-8e0d-dc466a376561,MC,176,ハスブレロ,ー,,,NO_RARITY,https://scrydex.com/pokemon/cards/lombre/mc_ja-176
fc8ee1af-59bc-40ea-9dbf-9e0096878dd5,MC,177,ルンパッパ,ー,,,NO_RARITY,https://scrydex.com/pokemon/cards/ludicolo/mc_ja-177
0418acef-56b2-4b80-b990-55d4f3145865,MC,178,キバニア,ー,,,NO_RARITY,https://scrydex.com/pokemon/cards/carvanha/mc_ja-178
eb72664c-3d33-458e-8bf0-9ac5906c01ca,MC,179,サメハダー,ー,,,NO_RARITY,https://scrydex.com/pokemon/cards/sharpedo/mc_ja-179
0175154d-96af-440c-881c-783f6b1dc064,MC,018,メガメガニウムex,ー,,,NO_RARITY,https://scrydex.com/pokemon/cards/mega-meganium-ex/mc_ja-18
0dc59c24-1875-45b1-b124-2d710dd594e8,MC,180,ホエルコ,ー,,,NO_RARITY,https://scrydex.com/pokemon/cards/wailmer/mc_ja-180
610db93a-2e32-4fdf-9301-4adc1d7783d3,MC,181,ホエルオー,ー,,,NO_RARITY,https://scrydex.com/pokemon/cards/wailord/mc_ja-181
807b1381-7862-421f-a1b3-8c71658c9977,MC,182,ヘイガニ,ー,,,NO_RARITY,https://scrydex.com/pokemon/cards/corphish/mc_ja-182
7e526e10-8410-4199-a5a7-ebb55012e812,MC,183,シザリガー,ー,,,NO_RARITY,https://scrydex.com/pokemon/cards/crawdaunt/mc_ja-183
39948dd1-0a35-49dc-9018-64f38cb260fd,MC,184,ヒンバス,ー,,,NO_RARITY,https://scrydex.com/pokemon/cards/feebas/mc_ja-184
9c014592-9b14-4416-93bc-5ffecee1fa83,MC,185,ミロカロスex,ー,,,NO_RARITY,https://scrydex.com/pokemon/cards/milotic-ex/mc_ja-185
b2b4e515-d84a-46ca-a098-e7e646e702e9,MC,186,ユキワラシ,ー,,,NO_RARITY,https://scrydex.com/pokemon/cards/snorunt/mc_ja-186
1d273144-4b2b-4dc1-ba00-ff453c42cb3d,MC,187,オニゴーリ,ー,,,NO_RARITY,https://scrydex.com/pokemon/cards/glalie/mc_ja-187
74a01090-2567-415e-9d6a-884ea504d929,MC,188,タマザラシ,ー,,,NO_RARITY,https://scrydex.com/pokemon/cards/spheal/mc_ja-188
75370f28-df92-4bf8-b1e1-aec814b3a5e0,MC,189,トドグラー,ー,,,NO_RARITY,https://scrydex.com/pokemon/cards/sealeo/mc_ja-189
65583402-4250-490d-bae0-63719846f21e,MC,019,レディバ,ー,,,NO_RARITY,https://scrydex.com/pokemon/cards/ledyba/mc_ja-19
2a883f10-74c1-46a2-a348-0435b5973a95,MC,190,トドゼルガ,ー,,,NO_RARITY,https://scrydex.com/pokemon/cards/walrein/mc_ja-190
83a2629f-b880-49d7-b516-f22a9829860f,MC,191,レジアイス,ー,,,NO_RARITY,https://scrydex.com/pokemon/cards/regice/mc_ja-191
c4371839-c5bb-49cd-8ee1-679bff21e413,MC,192,レジアイスex,ー,,,NO_RARITY,https://scrydex.com/pokemon/cards/regice-ex/mc_ja-192
cefe0759-796e-40ec-af1b-0d189f870cac,MC,193,ブイゼル,ー,,,NO_RARITY,https://scrydex.com/pokemon/cards/buizel/mc_ja-193
b1749360-f2c6-4f0d-8801-9d8b0c7d81b7,MC,194,フローゼル,ー,,,NO_RARITY,https://scrydex.com/pokemon/cards/floatzel/mc_ja-194
54636fb5-edd6-4c20-a689-6437725bf016,MC,195,ケイコウオ,ー,,,NO_RARITY,https://scrydex.com/pokemon/cards/finneon/mc_ja-195
42463954-041f-44d3-9664-33a46dc73d62,MC,196,ネオラント,ー,,,NO_RARITY,https://scrydex.com/pokemon/cards/lumineon/mc_ja-196
36a48757-48c2-47c0-96aa-22a16ceb2490,MC,197,コアルヒー,ー,,,NO_RARITY,https://scrydex.com/pokemon/cards/ducklett/mc_ja-197
4684e515-123f-4328-9636-f69086730818,MC,198,スワンナ,ー,,,NO_RARITY,https://scrydex.com/pokemon/cards/swanna/mc_ja-198
b3cd5190-76f3-43fa-805e-c10ed8458ea2,MC,199,バニプッチ,ー,,,NO_RARITY,https://scrydex.com/pokemon/cards/vanillite/mc_ja-199
a3fdba84-5d65-42b4-aa7c-e5d1165d78bf,MC,002,エリカのクサイハナ,ー,,,NO_RARITY,https://scrydex.com/pokemon/cards/erikas-gloom/mc_ja-2
424fbd80-9536-4fd3-803a-ceb9a23d2ebb,MC,020,レディアン,ー,,,NO_RARITY,https://scrydex.com/pokemon/cards/ledian/mc_ja-20
9c6961d3-c448-4563-b834-04a611faba91,MC,200,バニリッチ,ー,,,NO_RARITY,https://scrydex.com/pokemon/cards/vanillish/mc_ja-200
eeebbcb9-b209-4af6-a83d-c9955dc86cf5,MC,201,バイバニラ,ー,,,NO_RARITY,https://scrydex.com/pokemon/cards/vanilluxe/mc_ja-201
27a4b4b9-0b38-4330-a28b-5216a4568a3d,MC,202,フリージオ,ー,,,NO_RARITY,https://scrydex.com/pokemon/cards/cryogonal/mc_ja-202
d940f34d-135a-499c-9315-011005365648,MC,203,キュレムex,ー,,,NO_RARITY,https://scrydex.com/pokemon/cards/kyurem-ex/mc_ja-203
230d31d0-0922-4e7a-99f1-18b8ed06b5e1,MC,204,ブラックキュレムex,ー,,,NO_RARITY,https://scrydex.com/pokemon/cards/black-kyurem-ex/mc_ja-204
00f234f8-1cc6-4fbd-aca8-be2ea8b2d8f8,MC,205,ケルディオex,ー,,,NO_RARITY,https://scrydex.com/pokemon/cards/keldeo-ex/mc_ja-205
fc80b262-efda-405e-91d4-d98683674a43,MC,206,ケロマツ,ー,,,NO_RARITY,https://scrydex.com/pokemon/cards/froakie/mc_ja-206
3203c338-2f65-4088-841c-deba2f4fe15f,MC,207,ゲコガシラ,ー,,,NO_RARITY,https://scrydex.com/pokemon/cards/frogadier/mc_ja-207
22c0fb17-6d68-407d-8b4f-7f1caaf13b4e,MC,208,ゲッコウガex,ー,,,NO_RARITY,https://scrydex.com/pokemon/cards/greninja-ex/mc_ja-208
4f66ef4a-27c8-4745-aee4-27da07251716,MC,209,ケケンカニ,ー,,,NO_RARITY,https://scrydex.com/pokemon/cards/crabominable/mc_ja-209
adf51983-e1fd-448c-b3aa-fb02a6ef6f18,MC,021,ヤンヤンマ,ー,,,NO_RARITY,https://scrydex.com/pokemon/cards/yanma/mc_ja-21
4e2b5b7e-c427-4db9-963c-80f7e7f74310,MC,210,ウッウ,ー,,,NO_RARITY,https://scrydex.com/pokemon/cards/cramorant/mc_ja-210
6969f838-5345-4464-9137-1bbe9810ba90,MC,211,クワッス,ー,,,NO_RARITY,https://scrydex.com/pokemon/cards/quaxly/mc_ja-211
b7171272-ff57-49c9-9c15-c784da063f28,MC,212,ウェルカモ,ー,,,NO_RARITY,https://scrydex.com/pokemon/cards/quaxwell/mc_ja-212
193d914c-129e-409f-b333-b7c2121eb4e9,MC,213,ウェーニバル,ー,,,NO_RARITY,https://scrydex.com/pokemon/cards/quaquaval/mc_ja-213
9f3200c0-31de-4039-b798-602dbf465e2a,MC,214,ナミイルカ,ー,,,NO_RARITY,https://scrydex.com/pokemon/cards/finizen/mc_ja-214
594a44f2-8ad6-433e-8a30-b80fccc7b089,MC,215,イルカマン,ー,,,NO_RARITY,https://scrydex.com/pokemon/cards/palafin/mc_ja-215
e63054d0-688d-4473-bc01-466aa81470d6,MC,216,イルカマンex,ー,,,NO_RARITY,https://scrydex.com/pokemon/cards/palafin-ex/mc_ja-216
cee06ca6-8545-472e-959a-0bb18d7a1240,MC,217,アルクジラ,ー,,,NO_RARITY,https://scrydex.com/pokemon/cards/cetoddle/mc_ja-217
26de90fe-79c4-46e5-8988-0d312e942c96,MC,218,ハルクジラ,ー,,,NO_RARITY,https://scrydex.com/pokemon/cards/cetitan/mc_ja-218
2cfcf594-da98-43b8-9019-3b672c0efd24,MC,219,ミガルーサ,ー,,,NO_RARITY,https://scrydex.com/pokemon/cards/veluza/mc_ja-219
c0f27bc1-7ea7-4e5e-9530-17033d869683,MC,022,メガヤンマex,ー,,,NO_RARITY,https://scrydex.com/pokemon/cards/yanmega-ex/mc_ja-22
20a96836-0388-4ab3-813d-bdecd5a46403,MC,220,ヘイラッシャex,ー,,,NO_RARITY,https://scrydex.com/pokemon/cards/dondozo-ex/mc_ja-220
9f7adfd4-9b4a-4114-a460-7f2dda7eaea9,MC,221,ウネルミナモ,ー,,,NO_RARITY,https://scrydex.com/pokemon/cards/walking-wake/mc_ja-221
40df661c-a297-4086-81d2-a2f04133c727,MC,222,ウネルミナモex,ー,,,NO_RARITY,https://scrydex.com/pokemon/cards/walking-wake-ex/mc_ja-222
a2f4ce83-4020-4c74-95aa-ea7301bb600a,MC,223,オーガポン いどのめん,ー,,,NO_RARITY,https://scrydex.com/pokemon/cards/wellspring-mask-ogerpon/mc_ja-223
bbcd0e12-8a86-4416-91a5-9ce3dc53dfd7,MC,224,オーガポン いどのめんex,ー,,,NO_RARITY,https://scrydex.com/pokemon/cards/wellspring-mask-ogerpon-ex/mc_ja-224
e6bf674e-5115-4124-90f7-0e9ddbe29420,MC,225,ピカチュウ,ー,,,NO_RARITY,https://scrydex.com/pokemon/cards/pikachu/mc_ja-225
73a2b4fa-a102-4865-9c30-0d2949360ae3,MC,226,ライチュウ,ー,,,NO_RARITY,https://scrydex.com/pokemon/cards/raichu/mc_ja-226
c2a789d6-2093-4ebf-9230-ccc87decca6f,MC,227,ピカチュウex,ー,,,NO_RARITY,https://scrydex.com/pokemon/cards/pikachu-ex/mc_ja-227
1959a33d-8733-4ce3-9a5f-ab0ecfd7498a,MC,228,アローラ イシツブテ,ー,,,NO_RARITY,https://scrydex.com/pokemon/cards/alolan-geodude/mc_ja-228
90796c10-39f3-420f-8f18-9a643d0bf061,MC,229,アローラ ゴローン,ー,,,NO_RARITY,https://scrydex.com/pokemon/cards/alolan-graveler/mc_ja-229
897d0b49-24e7-43a2-b8c1-883d8a24136e,MC,023,ツボツボ,ー,,,NO_RARITY,https://scrydex.com/pokemon/cards/shuckle/mc_ja-23
0a1c572a-9fb3-47cd-8027-aaada584ebfe,MC,230,アローラ ゴローニャ,ー,,,NO_RARITY,https://scrydex.com/pokemon/cards/alolan-golem/mc_ja-230
f92c83bd-c76f-48e8-ac5e-f50cf76fd3d4,MC,231,コイル,ー,,,NO_RARITY,https://scrydex.com/pokemon/cards/magnemite/mc_ja-231
18d0900a-bfa4-4c6d-9a8a-42a9a6256509,MC,232,レアコイル,ー,,,NO_RARITY,https://scrydex.com/pokemon/cards/magneton/mc_ja-232
2e2495d0-ae17-4497-9c38-d2e4f0000c4a,MC,233,ビリリダマex,ー,,,NO_RARITY,https://scrydex.com/pokemon/cards/voltorb-ex/mc_ja-233
76374861-2fad-488d-a3e0-fde1e5aea5d0,MC,234,ナンジャモのビリリダマ,ー,,,NO_RARITY,https://scrydex.com/pokemon/cards/ionos-voltorb/mc_ja-234
76d19a90-b428-4300-84dd-04c791f70a92,MC,235,ナンジャモのマルマイン,ー,,,NO_RARITY,https://scrydex.com/pokemon/cards/ionos-electrode/mc_ja-235
c5d3e2b5-3de0-4fcf-b731-fdc21df4ea65,MC,236,エレブー,ー,,,NO_RARITY,https://scrydex.com/pokemon/cards/electabuzz/mc_ja-236
ff32e118-f62f-4b7b-b192-fc77e0e20c82,MC,237,エレキブルex,ー,,,NO_RARITY,https://scrydex.com/pokemon/cards/electivire-ex/mc_ja-237
87dff6bd-2f72-47a6-a959-e948467de81e,MC,238,サンダースex,ー,,,NO_RARITY,https://scrydex.com/pokemon/cards/jolteon-ex/mc_ja-238
fc004886-45e3-4d3c-9a3d-1953688eb94e,MC,239,サンダー,ー,,,NO_RARITY,https://scrydex.com/pokemon/cards/zapdos/mc_ja-239
64d7b10a-a940-41c1-8967-984a084fc349,MC,024,ヘラクロス,ー,,,NO_RARITY,https://scrydex.com/pokemon/cards/heracross/mc_ja-24
d7c14777-179b-4bde-b289-6bed5b4fcbf8,MC,240,サンダー,ー,,,NO_RARITY,https://scrydex.com/pokemon/cards/zapdos/mc_ja-240
8c6a4110-5feb-49da-8d44-1e4eb386de04,MC,241,ヒビキのピチュー,ー,,,NO_RARITY,https://scrydex.com/pokemon/cards/ethans-pichu/mc_ja-241
0059ff0e-091c-4da9-9ebf-f10862fed844,MC,242,ラクライ,ー,,,NO_RARITY,https://scrydex.com/pokemon/cards/electrike/mc_ja-242
7f0f2073-6022-42d7-bf28-005404e66e7a,MC,243,ライボルト,ー,,,NO_RARITY,https://scrydex.com/pokemon/cards/manectric/mc_ja-243
f9b7eb50-d7c5-4acb-8b96-0060376bb773,MC,244,コリンク,ー,,,NO_RARITY,https://scrydex.com/pokemon/cards/shinx/mc_ja-244
7ba7f0e7-e537-4e45-8948-6bde4498dc07,MC,245,ルクシオ,ー,,,NO_RARITY,https://scrydex.com/pokemon/cards/luxio/mc_ja-245
0a419358-4285-464c-a7c3-7bd7baedfbf1,MC,246,レントラーex,ー,,,NO_RARITY,https://scrydex.com/pokemon/cards/luxray-ex/mc_ja-246
c105dfce-f38f-4129-b311-10ae30e7e1f1,MC,247,パチリス,ー,,,NO_RARITY,https://scrydex.com/pokemon/cards/pachirisu/mc_ja-247
ff213dc9-d58d-4051-b320-eff013371341,MC,248,ロトム,ー,,,NO_RARITY,https://scrydex.com/pokemon/cards/rotom/mc_ja-248
9e457216-40b0-4a30-883b-dc6833f8ee5b,MC,249,シママ,ー,,,NO_RARITY,https://scrydex.com/pokemon/cards/blitzle/mc_ja-249
fcdc0675-02c7-4dd5-b2df-0f21f61a6f67,MC,025,セレビィ,ー,,,NO_RARITY,https://scrydex.com/pokemon/cards/celebi/mc_ja-25
59d4332b-52dd-4f4a-a802-1c52d55bf2df,MC,250,シママ,ー,,,NO_RARITY,https://scrydex.com/pokemon/cards/blitzle/mc_ja-250
a5ec75e2-b5d4-46ba-99bb-a4d7ebe7b4c5,MC,251,ゼブライカ,ー,,,NOT_FOUND_ON_SCRYDEX,
fa05ee1c-8d31-42bc-86ff-701c4d8d954b,MC,252,ゼブライカ,ー,,,NOT_FOUND_ON_SCRYDEX,
7d104e97-f756-4b08-901d-0f5a7c577c73,MC,253,エモンガ,ー,,,NOT_FOUND_ON_SCRYDEX,
a0ba7163-8814-455b-9586-b1c172f79d7a,MC,254,バチュル,ー,,,NOT_FOUND_ON_SCRYDEX,
e3080e70-7b11-4589-9b96-972f4fd350c0,MC,255,デンチュラex,ー,,,NOT_FOUND_ON_SCRYDEX,
a4191192-dffe-4179-ad3c-4c5a7d87987f,MC,256,シビシラス,ー,,,NOT_FOUND_ON_SCRYDEX,
9c7df344-98a7-42e0-8273-d93ee40c2745,MC,257,シビビール,ー,,,NOT_FOUND_ON_SCRYDEX,
c95d924c-92f5-49dd-abbe-912710d6d5fd,MC,258,ボルトロス,ー,,,NOT_FOUND_ON_SCRYDEX,
2754f491-22a8-4528-8450-97cd5ef498b1,MC,259,ゼクロムex,ー,,,NOT_FOUND_ON_SCRYDEX,
790eb721-7652-4536-8aa7-1db947daa4c3,MC,026,キノココ,ー,,,NO_RARITY,https://scrydex.com/pokemon/cards/shroomish/mc_ja-26
79edd69b-2dde-465b-9cf6-229d9656a7c3,MC,260,エリキテル,ー,,,NOT_FOUND_ON_SCRYDEX,
a810aca1-a6df-4c5c-bd0b-45390bd84b15,MC,261,エレザード,ー,,,NOT_FOUND_ON_SCRYDEX,
9d34c6f5-58c5-4d4b-9dad-2c530abc3d55,MC,262,デンヂムシ,ー,,,NOT_FOUND_ON_SCRYDEX,
bd10227a-9708-4fa9-a34d-86b966787b8a,MC,263,クワガノン,ー,,,NOT_FOUND_ON_SCRYDEX,
1f9ccd6f-11d2-4b1d-9951-9b02511b9388,MC,264,トゲデマル,ー,,,NOT_FOUND_ON_SCRYDEX,
dc8b107c-b981-4e28-b449-c62778a70cfb,MC,265,カプ・コケコ,ー,,,NOT_FOUND_ON_SCRYDEX,
c0caa311-8494-4dfc-8c6b-4a32f60b148c,MC,266,ゼラオラ,ー,,,NOT_FOUND_ON_SCRYDEX,
b07be22c-4a20-4620-a088-f4efaa6dcc53,MC,267,ゼラオラ,ー,,,NOT_FOUND_ON_SCRYDEX,
a1830a75-8a3c-44fb-b5a3-a25babbbc8cf,MC,268,ワンパチ,ー,,,NOT_FOUND_ON_SCRYDEX,
45a06479-adbf-4e98-a095-11643c3235ba,MC,269,パルスワン,ー,,,NOT_FOUND_ON_SCRYDEX,
894124d3-03bb-478e-ba35-201cb43dc1c1,MC,027,キノココ,ー,,,NO_RARITY,https://scrydex.com/pokemon/cards/shroomish/mc_ja-27
dff2fa1f-a569-4cd5-b5fe-5ffb1f51920b,MC,270,モルペコ,ー,,,NOT_FOUND_ON_SCRYDEX,
55e1b48a-e3bd-489a-91f9-391b241ff2dd,MC,271,ズピカ,ー,,,NOT_FOUND_ON_SCRYDEX,
ac497f6b-900a-480f-8091-7486fffcbaf4,MC,272,ハラバリー,ー,,,NOT_FOUND_ON_SCRYDEX,
40a64873-eeb0-41e3-9983-a5c1be5378e2,MC,273,ナンジャモのズピカ,ー,,,NOT_FOUND_ON_SCRYDEX,
9f5058dd-a58c-4ca0-9c37-a82c2fdd3226,MC,274,ナンジャモのハラバリーex,ー,,,NOT_FOUND_ON_SCRYDEX,
f1bc67f8-80a3-4f81-91af-906aae41ba7e,MC,275,カイデン,ー,,,NOT_FOUND_ON_SCRYDEX,
95200061-a8f9-4f3c-9f8e-08cb61ff4081,MC,276,タイカイデン,ー,,,NOT_FOUND_ON_SCRYDEX,
5386051c-ed12-4433-98d8-1b59286b5773,MC,277,タイカイデン,ー,,,NOT_FOUND_ON_SCRYDEX,
8879be52-ccfe-41cb-8853-182918cf3235,MC,278,ナンジャモのカイデン,ー,,,NOT_FOUND_ON_SCRYDEX,
ccb9f2a6-0f55-40a0-b88f-83895f7b71d5,MC,279,ナンジャモのタイカイデン,ー,,,NOT_FOUND_ON_SCRYDEX,
7047ea47-9454-48d5-9a40-1b1ef0bb3b5e,MC,028,キノガッサ,ー,,,NO_RARITY,https://scrydex.com/pokemon/cards/breloom/mc_ja-28
44aae90b-12ca-49f9-bf97-99b6afb2ff2b,MC,280,テツノカイナ,ー,,,NOT_FOUND_ON_SCRYDEX,
1b2bca7b-1f4d-4a85-992f-f8cf7f4f1e20,MC,281,テツノイバラ,ー,,,NOT_FOUND_ON_SCRYDEX,
bca983c3-e760-41c2-ae29-3fb794dd36f0,MC,282,テツノイバラex,ー,,,NOT_FOUND_ON_SCRYDEX,
7ff72ab7-bfd1-45a3-a1a5-df7afeb0c987,MC,283,ミライドン,ー,,,NOT_FOUND_ON_SCRYDEX,
9bf211d4-2760-4dee-9261-776fc1fe053c,MC,284,ミライドンex,ー,,,NOT_FOUND_ON_SCRYDEX,
5715db0c-d350-4529-bb60-199e7ec5de2f,MC,285,ピッピ,ー,,,NOT_FOUND_ON_SCRYDEX,
2fb224f8-2192-462a-a67d-b1746a08809c,MC,286,ピクシー,ー,,,NOT_FOUND_ON_SCRYDEX,
2e680c98-413a-4ffb-9915-22661bd2c46e,MC,287,リーリエのピッピex,ー,,,NOT_FOUND_ON_SCRYDEX,
1b62f5d2-4e64-45ee-96c5-472055635494,MC,288,ロケット団のスリープ,ー,,,NOT_FOUND_ON_SCRYDEX,
755274e5-5e71-42c1-8725-37141d8dc52d,MC,289,ロケット団のスリーパー,ー,,,NOT_FOUND_ON_SCRYDEX,
52843743-02c7-467b-afcb-b88e7a84b416,MC,029,キノガッサ,ー,,,NO_RARITY,https://scrydex.com/pokemon/cards/breloom/mc_ja-29
1859eebb-781b-49fb-9fc3-ac3f10b51ee8,MC,290,ロケット団のミュウツーex,ー,,,NOT_FOUND_ON_SCRYDEX,
4803f102-c659-4a76-8186-869a39c3b7e5,MC,291,トゲピー,ー,,,NOT_FOUND_ON_SCRYDEX,
e3091358-7058-4163-a878-a1fd5708b5df,MC,292,トゲチック,ー,,,NOT_FOUND_ON_SCRYDEX,
1e432253-3f50-417a-a7dc-3b5ab4349058,MC,293,トゲキッス,ー,,,NOT_FOUND_ON_SCRYDEX,
92ea76cf-5e8e-4ba9-a31c-cd1ec8138605,MC,294,マリル,ー,,,NOT_FOUND_ON_SCRYDEX,
d56b42f0-f082-46ba-9757-89220a2cd5bf,MC,295,マリル,ー,,,NOT_FOUND_ON_SCRYDEX,
89837491-081d-4a8d-9ce5-6f3ca0bdc830,MC,296,マリルリ,ー,,,NOT_FOUND_ON_SCRYDEX,
82b5fb0c-a76d-420a-9eb6-73af841f86eb,MC,297,マリルリex,ー,,,NOT_FOUND_ON_SCRYDEX,
5828428c-3fa0-4c9f-87a3-8b6a337577c8,MC,298,エーフィex,ー,,,NOT_FOUND_ON_SCRYDEX,
e9b71235-67f3-4476-8e66-db96166cfd26,MC,299,ニンフィアex,ー,,,NOT_FOUND_ON_SCRYDEX,
7fe68351-8881-4338-b606-2975a26d2f80,MC,003,エリカのラフレシアex,ー,,,NO_RARITY,https://scrydex.com/pokemon/cards/erikas-vileplume/mc_ja-3
3e3d56ac-6081-46cb-8b93-7c50a911eaec,MC,030,ロゼリア,ー,,,NO_RARITY,https://scrydex.com/pokemon/cards/roselia/mc_ja-30
5b81dbb5-a6ff-4dab-9f2a-c9cba5c41fcd,MC,300,キリンリキ,ー,,,NOT_FOUND_ON_SCRYDEX,
63c20944-075b-4193-b847-5b930a0a814d,MC,301,キリンリキ,ー,,,NOT_FOUND_ON_SCRYDEX,
d5abea8e-98fa-4924-bb1b-033e014d0c9e,MC,302,リキキリン,ー,,,NOT_FOUND_ON_SCRYDEX,
3319dee8-dbb1-49e5-9359-9812a218483b,MC,303,ブルー,ー,,,NOT_FOUND_ON_SCRYDEX,
c0b161ff-6586-4c1a-bc6d-faa390aae4d4,MC,304,グランブル,ー,,,NOT_FOUND_ON_SCRYDEX,
809f056a-9e00-4a5b-9973-a260246cd34b,MC,305,バネブー,ー,,,NOT_FOUND_ON_SCRYDEX,
b4cd80ae-762a-4b40-b783-9f36b07887a4,MC,306,ブーピッグ,ー,,,NOT_FOUND_ON_SCRYDEX,
3d13fa77-0b96-4b66-9c33-540faa4e0002,MC,307,カゲボウズ,ー,,,NOT_FOUND_ON_SCRYDEX,
87215f3e-e0f0-4d30-a4e3-34b5549ec845,MC,308,ヨマワル,ー,,,NOT_FOUND_ON_SCRYDEX,
871aca72-85f2-4e15-b706-5fa12ceef289,MC,309,サマヨール,ー,,,NOT_FOUND_ON_SCRYDEX,
e0eb5d90-c9ef-4d67-9c04-f4b1106eafb8,MC,031,ロズレイド,ー,,,NO_RARITY,https://scrydex.com/pokemon/cards/roserade/mc_ja-31
b58e54bd-fb97-4542-a080-b22359d88af9,MC,310,ヨノワール,ー,,,NOT_FOUND_ON_SCRYDEX,
8152a292-2877-4ed5-855b-519912b1d6b3,MC,311,ラティアス,ー,,,NOT_FOUND_ON_SCRYDEX,
b36acf5e-59af-4017-bd52-6c67a8d90841,MC,312,ラティアスex,ー,,,NOT_FOUND_ON_SCRYDEX,
aee5ac61-d891-42e3-986c-51632d25bf14,MC,313,ラティオス,ー,,,NOT_FOUND_ON_SCRYDEX,
a461c200-1479-494f-8c92-32cfe4153019,MC,314,ユクシー,ー,,,NOT_FOUND_ON_SCRYDEX,
6ba44cf0-abfc-443f-83b7-3c6ed1693b4c,MC,315,エムリット,ー,,,NOT_FOUND_ON_SCRYDEX,
e98a7257-9ef2-464f-b70e-e92d7c01c46c,MC,316,アグノム,ー,,,NOT_FOUND_ON_SCRYDEX,
cd0bfd87-506d-4f62-be22-31ba775e36d6,MC,317,クレセリア,ー,,,NOT_FOUND_ON_SCRYDEX,
c2267cdd-9e9e-4c97-a682-32429f268aad,MC,318,シンボラー,ー,,,NOT_FOUND_ON_SCRYDEX,
74503abf-67fd-48f7-b31c-b79fd379375a,MC,319,デスマス,ー,,,NOT_FOUND_ON_SCRYDEX,
2db84fae-9a85-4c82-8565-93afc6703e26,MC,032,シロナのロゼリア,ー,,,NO_RARITY,https://scrydex.com/pokemon/cards/cynthias-roselia/mc_ja-32
a98abd06-6217-4b40-9cb1-4b70a1cca9fd,MC,320,デスマス,ー,,,NOT_FOUND_ON_SCRYDEX,
45c19aa7-92bb-47d9-8319-ccc1d84ba751,MC,321,デスカーン,ー,,,NOT_FOUND_ON_SCRYDEX,
dc5b8be0-5dbc-4adf-85b3-fccd545bc002,MC,322,デスカーン,ー,,,NOT_FOUND_ON_SCRYDEX,
2d5d06a5-c6fc-4a8a-a74b-7b29124f7a1b,MC,323,ゴチム,ー,,,NOT_FOUND_ON_SCRYDEX,
080c4d94-7936-4d0e-8383-c896319c709c,MC,324,ゴチミル,ー,,,NOT_FOUND_ON_SCRYDEX,
9472bbd0-d077-4ebe-8e18-c4403f5e2ad0,MC,325,ゴチルゼル,ー,,,NOT_FOUND_ON_SCRYDEX,
42ecaf60-02ad-44c4-82bb-81d4a2943721,MC,326,リグレー,ー,,,NOT_FOUND_ON_SCRYDEX,
a4c00508-292d-4755-97aa-d9368483ca92,MC,327,オーベム,ー,,,NOT_FOUND_ON_SCRYDEX,
fe2685d6-6afa-41c8-998a-f8bb5bc6956f,MC,328,フラベベ,ー,,,NOT_FOUND_ON_SCRYDEX,
516a9107-62d8-431b-8be8-97daf8b03740,MC,329,フラエッテ,ー,,,NOT_FOUND_ON_SCRYDEX,
0593ffaf-a652-480a-a346-b10064d8d94b,MC,033,シロナのロズレイド,ー,,,NO_RARITY,https://scrydex.com/pokemon/cards/cynthias-roserade/mc_ja-33
23d5b5ac-e665-4c29-b64c-680a4c5ed092,MC,330,フラージェス,ー,,,NOT_FOUND_ON_SCRYDEX,
4e2a7962-ea1d-4cc5-ad0d-f8ccd30522d2,MC,331,ニャスパー,ー,,,NOT_FOUND_ON_SCRYDEX,
5a4cf7cf-c939-4a44-83fe-bf291b960d8b,MC,332,ニャオニクス,ー,,,NOT_FOUND_ON_SCRYDEX,
ffd25444-4ebf-43e1-a4ff-b71b97aeb334,MC,333,ペロッパフ,ー,,,NOT_FOUND_ON_SCRYDEX,
01e20253-5164-46d3-ae98-1529315f2493,MC,334,ペロリーム,ー,,,NOT_FOUND_ON_SCRYDEX,
a8da57d1-59c9-48fe-b895-146a629d58f0,MC,335,ゼルネアス,ー,,,NOT_FOUND_ON_SCRYDEX,
fb36a0c5-af0f-4cb1-90a3-06e6919636cd,MC,336,オドリドリ,ー,,,NOT_FOUND_ON_SCRYDEX,
fa873d57-cf50-472e-a336-5987b6ca521d,MC,337,オドリドリ,ー,,,NOT_FOUND_ON_SCRYDEX,
631f241c-39d4-4e1e-9e4c-988131a961f5,MC,338,リーリエのアブリー,ー,,,NOT_FOUND_ON_SCRYDEX,
7f63985a-1cb7-4208-b135-0cfb731b087b,MC,339,リーリエのアブリボン,ー,,,NOT_FOUND_ON_SCRYDEX,
bc98c9f1-f524-4bbc-b638-bef8be191751,MC,034,ナエトル,ー,,,NO_RARITY,https://scrydex.com/pokemon/cards/turtwig/mc_ja-34
058a6a1c-2303-4ec1-8260-d78f63d3766e,MC,340,リーリエのキュワワー,ー,,,NOT_FOUND_ON_SCRYDEX,
85e12401-662a-4bf2-833e-b7497a6276ec,MC,341,ロケット団のミミッキュ,ー,,,NOT_FOUND_ON_SCRYDEX,
1228e43f-f2f5-4b49-a343-d3797e8abdca,MC,342,カプ・テテフ,ー,,,NOT_FOUND_ON_SCRYDEX,
012b0ad2-364d-492a-83aa-cf2b9613418b,MC,343,ベロバー,ー,,,NOT_FOUND_ON_SCRYDEX,
827591fe-39ec-41f9-8d72-d4d1f01cac64,MC,344,ギモー,ー,,,NOT_FOUND_ON_SCRYDEX,
8848b04d-87d4-4dcc-96d6-4f0a595d0a8d,MC,345,オーロンゲ,ー,,,NOT_FOUND_ON_SCRYDEX,
9969af35-df01-4e9d-9ce3-e434ff6af903,MC,346,ラブトロス,ー,,,NOT_FOUND_ON_SCRYDEX,
bba0cf0b-007b-45fa-97c7-06c1926c834a,MC,347,パピモッチ,ー,,,NOT_FOUND_ON_SCRYDEX,
028a4ea2-a2ba-46b7-9fbd-d1f16155a94c,MC,348,バウッツェルex,ー,,,NOT_FOUND_ON_SCRYDEX,
c84454b2-1890-42cc-b319-d7520cd3012c,MC,349,ボチ,ー,,,NOT_FOUND_ON_SCRYDEX,
d28d89eb-786e-445f-9584-4c17ae9485fd,MC,035,ハヤシガメ,ー,,,NO_RARITY,https://scrydex.com/pokemon/cards/grotle/mc_ja-35
697e2e57-e995-4728-ae03-714443cc2756,MC,350,ハカドッグ,ー,,,NOT_FOUND_ON_SCRYDEX,
288f0197-c555-4fc5-bc44-8d4b8c7dcbc8,MC,351,ハカドッグex,ー,,,NOT_FOUND_ON_SCRYDEX,
2e7cbf78-a5ee-4365-a098-03995f948f89,MC,352,サケブシッポ,ー,,,NOT_FOUND_ON_SCRYDEX,
32e11359-33ad-4594-94bc-52dbc033a6e5,MC,353,サケブシッポex,ー,,,NOT_FOUND_ON_SCRYDEX,
89c68539-f8eb-4fdf-b6ad-830afce000cb,MC,354,ハバタクカミ,ー,,,NOT_FOUND_ON_SCRYDEX,
79250d2e-7322-445e-a357-62bc5312f4f4,MC,355,ハバタクカミ,ー,,,NOT_FOUND_ON_SCRYDEX,
865f40be-36ac-409a-a7c1-9ace8027f208,MC,356,コレクレー,ー,,,NOT_FOUND_ON_SCRYDEX,
f9e5e960-dc88-4824-acbf-a66f56a778c2,MC,357,テツノブジン,ー,,,NOT_FOUND_ON_SCRYDEX,
d731baa1-5eb4-435d-b609-61b6d7a2cfa9,MC,358,マシマシラ,ー,,,NOT_FOUND_ON_SCRYDEX,
e96e779c-7d56-4128-9cf0-76a2fc1ea0e8,MC,359,キチキギス,ー,,,NOT_FOUND_ON_SCRYDEX,
742ad8b4-8148-42f2-8d26-2bae61d9dea5,MC,036,ドダイトスex,ー,,,NO_RARITY,https://scrydex.com/pokemon/cards/torterra-ex/mc_ja-36
236cb166-0ffc-4c2f-a730-c4f0a98b869d,MC,360,テツノイワオ,ー,,,NOT_FOUND_ON_SCRYDEX,
db49a9e8-3035-4eb8-93fc-e6502e673849,MC,361,テツノカシラex,ー,,,NOT_FOUND_ON_SCRYDEX,
3cecc191-5d5a-4099-9153-08a04e3e0330,MC,362,ウリムー,ー,,,NOT_FOUND_ON_SCRYDEX,
f2cd9855-fba2-4562-98b3-f00b0bcba7be,MC,363,イノムー,ー,,,NOT_FOUND_ON_SCRYDEX,
7d1bc795-838a-4b5c-941d-c6888720bf2f,MC,364,マンムーex,ー,,,NOT_FOUND_ON_SCRYDEX,
ba3bfb66-2b4f-44ff-b00f-bded5d4864c8,MC,365,ゴマゾウ,ー,,,NOT_FOUND_ON_SCRYDEX,
88313be9-267f-424d-93d2-4195a094317f,MC,366,ドンファン,ー,,,NOT_FOUND_ON_SCRYDEX,
98d6419e-80b0-450b-9232-8d0d3a176eb9,MC,367,カポエラー,ー,,,NOT_FOUND_ON_SCRYDEX,
c2999c8d-038c-48bc-b153-84f56c150f1a,MC,368,アサナン,ー,,,NOT_FOUND_ON_SCRYDEX,
9207aac2-08d6-42fe-a114-4b4453026341,MC,369,チャーレム,ー,,,NOT_FOUND_ON_SCRYDEX,
93846189-b39c-480f-8627-afa9838b7641,MC,037,リーフィア,ー,,,NO_RARITY,https://scrydex.com/pokemon/cards/leafeon/mc_ja-37
4e0acb58-69d0-4262-9e83-32da550f6323,MC,370,チャーレムex,ー,,,NOT_FOUND_ON_SCRYDEX,
86b8131e-6fd3-4793-80f8-b84c0e3eba17,MC,371,ルナトーン,ー,,,NOT_FOUND_ON_SCRYDEX,
92e1610e-b780-4203-b1d3-f8510faf5799,MC,372,ソルロック,ー,,,NOT_FOUND_ON_SCRYDEX,
91ef7ca9-31f0-4508-b2e3-11c17c52e7ba,MC,373,レジロック,ー,,,NOT_FOUND_ON_SCRYDEX,
d2629af5-0b2f-4446-b1fa-4d999df0eace,MC,374,レジロックex,ー,,,NOT_FOUND_ON_SCRYDEX,
f7ac18a9-fae7-4ff8-8f87-e0179e05dbfe,MC,375,グラードン,ー,,,NOT_FOUND_ON_SCRYDEX,
218ce71d-e2f4-46b3-b1c5-f1f6e3c6fdad,MC,376,シロナのフカマル,ー,,,NOT_FOUND_ON_SCRYDEX,
d076f41d-88eb-4e61-88fa-28b001d43e32,MC,377,シロナのガバイト,ー,,,NOT_FOUND_ON_SCRYDEX,
c5c81995-35da-4235-8352-f9f4935bcb48,MC,378,シロナのガブリアスex,ー,,,NOT_FOUND_ON_SCRYDEX,
89106593-8aba-4288-9f00-9c0a78a88fa4,MC,379,リオル,ー,,,NOT_FOUND_ON_SCRYDEX,
7c6b3999-4850-4f86-bcbe-170bb02424b6,MC,038,リーフィアex,ー,,,NO_RARITY,https://scrydex.com/pokemon/cards/leafeon-ex/mc_ja-38
ae487841-220b-4cc9-ba64-c86c042b1027,MC,380,ルカリオex,ー,,,NOT_FOUND_ON_SCRYDEX,
df05a151-c329-464a-aaa4-abaefe216128,MC,381,グレッグル,ー,,,NOT_FOUND_ON_SCRYDEX,
c0571958-f0c0-4d41-beca-db60a4225604,MC,382,グレッグル,ー,,,NOT_FOUND_ON_SCRYDEX,
aea07f95-0f88-41c4-af7a-9bde6073d80d,MC,383,ドクロッグ,ー,,,NOT_FOUND_ON_SCRYDEX,
9dbc01cd-07fe-41b9-8d8d-5c041d125ee0,MC,384,ドクロッグ,ー,,,NOT_FOUND_ON_SCRYDEX,
41fddc8d-992c-4644-b8b8-abd3ee2cdd63,MC,385,モグリュー,ー,,,NOT_FOUND_ON_SCRYDEX,
54725a7b-6cdc-4bdf-9efc-7a22f3056776,MC,386,ドリュウズ,ー,,,NOT_FOUND_ON_SCRYDEX,
7b035b8c-a49d-4b0f-8383-dfdf87fa5ed9,MC,387,ドリュウズex,ー,,,NOT_FOUND_ON_SCRYDEX,
f16ceed8-9d90-49d3-9e5a-f1ca624887bb,MC,388,ドッコラー,ー,,,NOT_FOUND_ON_SCRYDEX,
021629af-32e9-4a3d-9a57-645bb141cffa,MC,389,ドテッコツ,ー,,,NOT_FOUND_ON_SCRYDEX,
37ffa307-ff00-4038-a9d4-4f3831acae11,MC,039,シェイミ,ー,,,NO_RARITY,https://scrydex.com/pokemon/cards/shaymin/mc_ja-39
321ba968-f7cd-428d-a68f-00bee8f9abc5,MC,390,ローブシン,ー,,,NOT_FOUND_ON_SCRYDEX,
65b61516-ccd5-450b-9fc7-5879fb2c9b5d,MC,391,ダゲキ,ー,,,NOT_FOUND_ON_SCRYDEX,
c1bfb272-d2f3-4e15-b6d6-0407a9562ffd,MC,392,アーケン,ー,,,NOT_FOUND_ON_SCRYDEX,
ba895a2e-cbe6-46d0-a243-6a85faf5ba1a,MC,393,アーケオス,ー,,,NOT_FOUND_ON_SCRYDEX,
4811217b-11e3-4da9-b470-ba4013522e25,MC,394,マッギョex,ー,,,NOT_FOUND_ON_SCRYDEX,
893f5053-c9b0-4bf3-b2e3-f7af069208f1,MC,395,コジョフー,ー,,,NOT_FOUND_ON_SCRYDEX,
05b012bb-3a0a-4d3e-ab66-8697a307ff45,MC,396,コジョンド,ー,,,NOT_FOUND_ON_SCRYDEX,
7002da74-3403-4134-82a8-c0f878c66576,MC,397,ランドロス,ー,,,NOT_FOUND_ON_SCRYDEX,
d7a5c26e-f13d-423c-918a-74ecfdb9d221,MC,398,ランドロス,ー,,,NOT_FOUND_ON_SCRYDEX,
0e35b82d-b626-4ed9-9b53-a210cd783208,MC,399,ヤンチャム,ー,,,NOT_FOUND_ON_SCRYDEX,
16f8c8c8-039b-4ff1-b4d8-8e9a5a710975,MC,004,パラス,ー,,,NO_RARITY,https://scrydex.com/pokemon/cards/paras/mc_ja-4
775dd1b5-c733-4c36-87a7-5504ae8fa586,MC,040,ツタージャ,ー,,,NO_RARITY,https://scrydex.com/pokemon/cards/snivy/mc_ja-40
e9be6809-4832-4a13-9f88-379f52c603e0,MC,400,メレシー,ー,,,NOT_FOUND_ON_SCRYDEX,
1921dddb-6123-4b56-b47d-39e0953ea837,MC,401,マケンカニ,ー,,,NOT_FOUND_ON_SCRYDEX,
88135278-1393-41c5-bbef-60735db6e724,MC,402,イワンコ,ー,,,NOT_FOUND_ON_SCRYDEX,
87630e46-deb9-4199-a404-1d4b2eb6d311,MC,403,ルガルガン,ー,,,NOT_FOUND_ON_SCRYDEX,
a096a63e-6adc-4c67-851a-5526e89fd0d1,MC,404,ドロバンコ,ー,,,NOT_FOUND_ON_SCRYDEX,
cf4e981a-26ad-4041-9922-55a51faa28e3,MC,405,バンバドロ,ー,,,NOT_FOUND_ON_SCRYDEX,
a93a1857-ad44-4b2f-9a28-8d428fd20493,MC,406,バンバドロ,ー,,,NOT_FOUND_ON_SCRYDEX,
355582e0-a042-4a37-a16b-def920350481,MC,407,ナゲツケサル,ー,,,NOT_FOUND_ON_SCRYDEX,
06d68776-604f-4164-9b21-796604874841,MC,408,マーシャドー,ー,,,NOT_FOUND_ON_SCRYDEX,
a15bc6c8-3adf-4194-814f-32c756d3af22,MC,409,タンドン,ー,,,NOT_FOUND_ON_SCRYDEX,
444aea08-c029-4eac-9969-213269b35554,MC,041,ジャノビー,ー,,,NO_RARITY,https://scrydex.com/pokemon/cards/servine/mc_ja-41
6cf05d41-02b5-4d02-85ff-326123809f1a,MC,410,トロッゴン,ー,,,NOT_FOUND_ON_SCRYDEX,
a29344ca-e44e-469c-b2f5-4bdf24b9b847,MC,411,セキタンザン,ー,,,NOT_FOUND_ON_SCRYDEX,
19532c4e-35c4-4816-b36f-42713b7b67e1,MC,412,タタッコ,ー,,,NOT_FOUND_ON_SCRYDEX,
64a745e5-1552-4dad-bcc1-078339b020df,MC,413,オトスパス,ー,,,NOT_FOUND_ON_SCRYDEX,
ddf8b895-9815-4c90-832c-88dc615befec,MC,414,イシヘンジン,ー,,,NOT_FOUND_ON_SCRYDEX,
2f3c9da8-928b-48b7-a619-a06a91338303,MC,415,ガチグマ アカツキ,ー,,,NOT_FOUND_ON_SCRYDEX,
69204e08-4724-4d11-afc8-1769f10b5c6b,MC,416,コジオ,ー,,,NOT_FOUND_ON_SCRYDEX,
cec14442-de55-4d2a-9fae-a74481a58b3b,MC,417,ジオヅム,ー,,,NOT_FOUND_ON_SCRYDEX,
749b07d0-199e-4683-8673-5d4be2a5dd90,MC,418,キョジオーン,ー,,,NOT_FOUND_ON_SCRYDEX,
2456fa56-dba5-4b20-95b3-7c3d177848d9,MC,419,ペパーのノノクラゲ,ー,,,NOT_FOUND_ON_SCRYDEX,
2c71db6d-9fce-4f0f-b7e9-8b8ebee2244d,MC,042,ジャローダex,ー,,,NO_RARITY,https://scrydex.com/pokemon/cards/serperior-ex/mc_ja-42
22cf165f-27d9-4ff3-b78b-c831a07400d1,MC,420,ペパーのリククラゲ,ー,,,NOT_FOUND_ON_SCRYDEX,
b667d114-387e-45d0-85b0-88943d48cb78,MC,421,ガケガニ,ー,,,NOT_FOUND_ON_SCRYDEX,
6116394b-2294-488d-829c-d656ff1d7d17,MC,422,イダイナキバ,ー,,,NOT_FOUND_ON_SCRYDEX,
7885082f-845b-46ea-bcd8-15347f6234fc,MC,423,チヲハウハネ,ー,,,NOT_FOUND_ON_SCRYDEX,
a05e0437-a90f-4485-85b2-a924ea13f669,MC,424,スナノケガワ,ー,,,NOT_FOUND_ON_SCRYDEX,
4a8a52c1-4bae-40f4-969e-150ea9ebd6a2,MC,425,コライドンex,ー,,,NOT_FOUND_ON_SCRYDEX,
e687e7f3-8690-44d3-aac3-627e8848566b,MC,426,イイネイヌ,ー,,,NOT_FOUND_ON_SCRYDEX,
97349dd9-edfc-45df-8fe2-f6430fb0c918,MC,427,オーガポン いしずえのめん,ー,,,NOT_FOUND_ON_SCRYDEX,
b539c1ae-ca1a-43cc-afca-68ec9bf045e1,MC,428,オーガポン いしずえのめんex,ー,,,NOT_FOUND_ON_SCRYDEX,
770fc582-09f9-4ff0-898b-e677fbc101b6,MC,429,テツノイワオex,ー,,,NOT_FOUND_ON_SCRYDEX,
8e812367-c0d1-4a1c-b0d2-8f60984d69a6,MC,043,モンメン,ー,,,NO_RARITY,https://scrydex.com/pokemon/cards/cottonee/mc_ja-43
46aa82f5-c9d8-46ad-915d-e29d8b396184,MC,430,アーボ,ー,,,NOT_FOUND_ON_SCRYDEX,
f760d072-c84b-4377-8a6e-d86217185861,MC,431,アーボック,ー,,,NOT_FOUND_ON_SCRYDEX,
bb1d3391-d956-4db2-b8ff-aae513983e6e,MC,432,ロケット団のニドラン♀,ー,,,NOT_FOUND_ON_SCRYDEX,
f796e5a4-f165-44b2-8ba6-39161ba7a55e,MC,433,ロケット団のニドリーナ,ー,,,NOT_FOUND_ON_SCRYDEX,
12b0220b-edee-4334-bdaf-cdee996d30c9,MC,434,ロケット団のニドクイン,ー,,,NOT_FOUND_ON_SCRYDEX,
94820e1d-13f7-4915-9aa1-581e666bc620,MC,435,ロケット団のニドラン♂,ー,,,NOT_FOUND_ON_SCRYDEX,
4f63dee8-235d-4df5-b178-7b7e5d6c903d,MC,436,ロケット団のニドリーノ,ー,,,NOT_FOUND_ON_SCRYDEX,
5c342162-d6b5-4458-b0ef-de9ec1bd665a,MC,437,ロケット団のニドキングex,ー,,,NOT_FOUND_ON_SCRYDEX,
f73566d0-6f79-4b81-b5fd-24faeadf40a3,MC,438,ロケット団のズバット,ー,,,NOT_FOUND_ON_SCRYDEX,
05badfdc-efe8-4519-a8e0-b8123704c2cc,MC,439,ロケット団のゴルバット,ー,,,NOT_FOUND_ON_SCRYDEX,
b2615ae3-2e8f-4be9-9aa0-f7d8a5ff3cc4,MC,044,エルフーンex,ー,,,NO_RARITY,https://scrydex.com/pokemon/cards/whimsicott-ex/mc_ja-44
a465f98d-fc57-4d0a-b387-301f3717ee59,MC,440,ロケット団のクロバットex,ー,,,NOT_FOUND_ON_SCRYDEX,
49dbfc3b-fb2b-43b9-ae42-c167cee488db,MC,441,ゴース,ー,,,NOT_FOUND_ON_SCRYDEX,
a4e7de9f-0243-4558-b6b0-a4694b2def7b,MC,442,ゴース,ー,,,NOT_FOUND_ON_SCRYDEX,
83dd13e6-b12e-488c-b494-ea13e2f3a28b,MC,443,ゴースト,ー,,,NOT_FOUND_ON_SCRYDEX,
1edabe68-df11-4695-ae06-b20a45134fbd,MC,444,ゴースト,ー,,,NOT_FOUND_ON_SCRYDEX,
e7ecc5cd-4a4e-48e4-9f78-f8899d9d74eb,MC,445,ゲンガーex,ー,,,NOT_FOUND_ON_SCRYDEX,
af598f54-d0ed-4485-aa04-a22a672a3c08,MC,446,ブラッキーex,ー,,,NOT_FOUND_ON_SCRYDEX,
a8a25850-b696-41b0-bd50-443490769ac8,MC,447,ロケット団のヤミカラス,ー,,,NOT_FOUND_ON_SCRYDEX,
ae1af07c-467f-4c2f-b097-5595b61efdaa,MC,448,ロケット団のニューラ,ー,,,NOT_FOUND_ON_SCRYDEX,
ab3469bd-f67d-480f-95d9-90772a84410d,MC,449,デルビル,ー,,,NOT_FOUND_ON_SCRYDEX,
8c7e4ecf-9f66-4e7a-aa3e-af250fad65de,MC,045,イシズマイ,ー,,,NO_RARITY,https://scrydex.com/pokemon/cards/dwebble/mc_ja-45
4d3d26df-6173-4173-835e-9a1a312ab151,MC,450,ヘルガー,ー,,,NOT_FOUND_ON_SCRYDEX,
7a7c0bf0-7a0a-43bd-9ca0-3ce171008175,MC,451,ポチエナ,ー,,,NOT_FOUND_ON_SCRYDEX,
adb03ff9-2e69-420e-a8cc-41eb8907a65f,MC,452,グラエナ,ー,,,NOT_FOUND_ON_SCRYDEX,
d402ecab-cf1c-44db-8e35-ceaecd0527af,MC,453,ヤミラミ,ー,,,NOT_FOUND_ON_SCRYDEX,
b5c24d48-4396-4de6-81dc-2031247e2a84,MC,454,アブソル,ー,,,NOT_FOUND_ON_SCRYDEX,
6909e757-64e5-49da-b6af-379e53eff109,MC,455,ミカルゲ,ー,,,NOT_FOUND_ON_SCRYDEX,
a3258d8d-6d98-4e97-b94c-24fb148d42e1,MC,456,ダークライex,ー,,,NOT_FOUND_ON_SCRYDEX,
19ff0608-3a45-4bce-b475-b0317bd43196,MC,457,Nのチョロネコ,ー,,,NOT_FOUND_ON_SCRYDEX,
e68714da-2b46-4667-9ba2-7052741464fb,MC,458,マリィのチョロネコ,ー,,,NOT_FOUND_ON_SCRYDEX,
b264816c-5ee8-41c3-acac-52bf405a8163,MC,459,マリィのレパルダス,ー,,,NOT_FOUND_ON_SCRYDEX,
5f440984-8dc3-41e7-a9f4-34f5ab54b445,MC,046,イワパレス,ー,,,NO_RARITY,https://scrydex.com/pokemon/cards/crustle/mc_ja-46
c36e072a-2d89-41a4-8e9a-9a5ee40fa448,MC,460,フシデ,ー,,,NOT_FOUND_ON_SCRYDEX,
8b62d50d-0ee7-490a-afa3-9ea44b96312e,MC,461,ホイーガ,ー,,,NOT_FOUND_ON_SCRYDEX,
b925b6c8-1a83-4350-b3bd-a6db00b49782,MC,462,ペンドラー,ー,,,NOT_FOUND_ON_SCRYDEX,
4ac3f53a-4dfc-42c6-a07b-f18f477276f2,MC,463,マリィのズルッグ,ー,,,NOT_FOUND_ON_SCRYDEX,
4e579508-5cfd-4b04-a24c-5cd47242303f,MC,464,マリィのズルズキン,ー,,,NOT_FOUND_ON_SCRYDEX,
56373a87-4e5f-4099-b310-83b5a3211398,MC,465,ヤブクロン,ー,,,NOT_FOUND_ON_SCRYDEX,
8dffd335-e10d-4e33-82b2-47c8e3128045,MC,466,ダストダス,ー,,,NOT_FOUND_ON_SCRYDEX,
925b9e62-ade9-4e12-8563-45c09e26a6cc,MC,467,ゾロア,ー,,,NOT_FOUND_ON_SCRYDEX,
e562bdd0-f582-4beb-ba4e-6592a6d9b02d,MC,468,ゾロアーク,ー,,,NOT_FOUND_ON_SCRYDEX,
d27e9962-2f5c-485a-a0b8-6dad9abd7814,MC,469,Nのゾロア,ー,,,NOT_FOUND_ON_SCRYDEX,
6af4ec47-c969-471c-8f99-2d9c92868abb,MC,047,カブルモ,ー,,,NO_RARITY,https://scrydex.com/pokemon/cards/karrablast/mc_ja-47
75b787a6-2fac-42b8-812d-a8fe3b13532a,MC,470,Nのゾロアークex,ー,,,NOT_FOUND_ON_SCRYDEX,
0c4dc4c5-5fa9-4d56-aa5d-57e7ae29a2c0,MC,471,コマタナ,ー,,,NOT_FOUND_ON_SCRYDEX,
2efb6e20-2644-4d24-aa39-50812fa10f69,MC,472,キリキザン,ー,,,NOT_FOUND_ON_SCRYDEX,
fe1df80b-f7d6-4fe2-acf0-cf1cc50a207c,MC,473,ドドゲザン,ー,,,NOT_FOUND_ON_SCRYDEX,
40b366a0-63a5-43b7-b660-416af48ea1c2,MC,474,バルチャイ,ー,,,NOT_FOUND_ON_SCRYDEX,
65d9bae4-5352-4b75-a6e1-ef50932e924f,MC,475,バルジーナex,ー,,,NOT_FOUND_ON_SCRYDEX,
75cef8bb-d4a5-437f-93c3-7885262d508b,MC,476,モノズ,ー,,,NOT_FOUND_ON_SCRYDEX,
86904c79-12c1-403d-b9dc-2fca3c0e06d8,MC,477,ジヘッド,ー,,,NOT_FOUND_ON_SCRYDEX,
c08cfbb4-8819-4852-9648-f126cb395c9c,MC,478,サザンドラex,ー,,,NOT_FOUND_ON_SCRYDEX,
a3edabf4-477d-476e-bd51-6651bfd8b46d,MC,479,ゴロンダ,ー,,,NOT_FOUND_ON_SCRYDEX,
cc1b65af-cc57-4fbf-8605-b263564aed92,MC,048,タマゲタケ,ー,,,NO_RARITY,https://scrydex.com/pokemon/cards/foongus/mc_ja-48
e10c1c09-b9ba-416d-b451-03ae9ed66d41,MC,480,イベルタル,ー,,,NOT_FOUND_ON_SCRYDEX,
e1e098db-cb09-4b95-93c0-498db7d5119d,MC,481,イベルタル,ー,,,NOT_FOUND_ON_SCRYDEX,
2db68fcd-f241-42d3-ae2d-22f5f118bfb9,MC,482,フーパ,ー,,,NOT_FOUND_ON_SCRYDEX,
bb25c049-d2f7-4c2b-98fb-3e36b5a2decb,MC,483,ペパーのオラチフ,ー,,,NOT_FOUND_ON_SCRYDEX,
693e0c9f-8e2d-4739-92c0-2a4ecf11fe60,MC,484,ペパーのマフィティフex,ー,,,NOT_FOUND_ON_SCRYDEX,
7cd6bd89-2a96-4a0d-9df2-876c988bee85,MC,485,オトシドリ,ー,,,NOT_FOUND_ON_SCRYDEX,
2dd2e390-7d80-4a59-be87-146ad8fe1e21,MC,486,リキキリンex,ー,,,NOT_FOUND_ON_SCRYDEX,
fd7ddd88-1e36-417a-9df3-37d4ea6a62cb,MC,487,アラブルタケ,ー,,,NOT_FOUND_ON_SCRYDEX,
993c96cd-cc70-4546-9303-096187ef20d2,MC,488,イイネイヌex,ー,,,NOT_FOUND_ON_SCRYDEX,
941cac2d-cad1-40e2-b5e3-3d32cdd28f9b,MC,489,キチキギスex,ー,,,NOT_FOUND_ON_SCRYDEX,
6bdb4625-1af1-4e33-a042-cd8e6700e56a,MC,049,モロバレル,ー,,,NO_RARITY,https://scrydex.com/pokemon/cards/amoonguss/mc_ja-49
19faa13d-a28b-4b96-8492-44ad460aa2fa,MC,490,モモワロウ,ー,,,NOT_FOUND_ON_SCRYDEX,
7f4c604d-95e3-415f-98fd-c9187fbc34d6,MC,491,モモワロウex,ー,,,NOT_FOUND_ON_SCRYDEX,
fcb5d32e-273d-440e-af4f-919fb46bd816,MC,492,ハッサムex,ー,,,NOT_FOUND_ON_SCRYDEX,
4efbc729-3dc8-4841-840d-db6a076fb5fc,MC,493,エアームド,ー,,,NOT_FOUND_ON_SCRYDEX,
443d3f93-c604-4bbe-a173-27a63b12cd2e,MC,494,ダイゴのエアームド,ー,,,NOT_FOUND_ON_SCRYDEX,
a47b543a-e83a-461a-b156-714339a3e3da,MC,495,クチート,ー,,,NOT_FOUND_ON_SCRYDEX,
47eaf730-4400-4b99-ba14-273dfc63673f,MC,496,ダンバル,ー,,,NOT_FOUND_ON_SCRYDEX,
a97d7973-c79c-4a97-8246-5433e143d4d0,MC,497,メタング,ー,,,NOT_FOUND_ON_SCRYDEX,
a650958a-2b19-4dd3-9cb8-8f8e61608bc1,MC,498,レジスチル,ー,,,NOT_FOUND_ON_SCRYDEX,
f8138560-4a4f-4014-b86f-45e60d47a6b2,MC,499,レジスチルex,ー,,,NOT_FOUND_ON_SCRYDEX,
c210d7e1-fe0d-42e9-815d-9b25358e4f67,MC,005,パラセクト,ー,,,NO_RARITY,https://scrydex.com/pokemon/cards/parasect/mc_ja-5
1325cb7c-624a-409b-906d-9804b9f2146a,MC,050,デンチュラ,ー,,,NO_RARITY,https://scrydex.com/pokemon/cards/galvantula/mc_ja-50
b12230fb-762e-48f3-b977-c2579de53eec,MC,500,ドーミラー,ー,,,NOT_FOUND_ON_SCRYDEX,
c6b0f61f-6ca2-4d3e-a3a0-adc448bfa966,MC,501,ドータクン,ー,,,NOT_FOUND_ON_SCRYDEX,
f55f451f-8028-46d3-a02e-c084aa11a46e,MC,502,ディアルガ,ー,,,NOT_FOUND_ON_SCRYDEX,
3b869aab-9037-4031-9e6d-abc1a720263c,MC,503,ヒードラン,ー,,,NOT_FOUND_ON_SCRYDEX,
0283670b-6a74-4b81-a4ee-a9170528cc3a,MC,504,シュバルゴ,ー,,,NOT_FOUND_ON_SCRYDEX,
958c3b28-75b1-4ab2-8038-7e7d7b2741f5,MC,505,シュバルゴ,ー,,,NOT_FOUND_ON_SCRYDEX,
30398bb7-8f70-4b88-b29e-3790efae24bc,MC,506,ギアル,ー,,,NOT_FOUND_ON_SCRYDEX,
85ebea8c-0cde-4239-adbe-781f3bf1d168,MC,507,ギギアル,ー,,,NOT_FOUND_ON_SCRYDEX,
25e526ff-0a16-4056-be44-ed5c53a7dfb4,MC,508,ギギギアル,ー,,,NOT_FOUND_ON_SCRYDEX,
ee5d97cd-afa9-4e85-8fce-d4dac595ee6f,MC,509,ガラル マッギョ,ー,,,NOT_FOUND_ON_SCRYDEX,
3cf020d2-92d2-44a8-8c88-6b81971cff84,MC,051,アイアント,ー,,,NO_RARITY,https://scrydex.com/pokemon/cards/durant/mc_ja-51
66fdc5c5-28c5-4d3c-b672-409843098cc0,MC,510,コマタナ,ー,,,NOT_FOUND_ON_SCRYDEX,
8ec8889a-9394-4835-bcb3-b6ca67dada4c,MC,511,キリキザン,ー,,,NOT_FOUND_ON_SCRYDEX,
3c4ea826-9d97-4392-aba0-8adea4a847c4,MC,512,ゲノセクトex,ー,,,NOT_FOUND_ON_SCRYDEX,
4634f270-d0a9-4ab2-8b3b-13d652c19bef,MC,513,クレッフィ,ー,,,NOT_FOUND_ON_SCRYDEX,
051a9052-9d8d-4541-aeee-8d60f7c17603,MC,514,トゲデマルex,ー,,,NOT_FOUND_ON_SCRYDEX,
8ea52e12-d96f-4d59-b2db-d06bf2ab2ec3,MC,515,マギアナ,ー,,,NOT_FOUND_ON_SCRYDEX,
37192d82-aa7c-4436-8ecd-f69d3fe4688e,MC,516,メルタン,ー,,,NOT_FOUND_ON_SCRYDEX,
af2d0a01-7af2-4b6b-bc3b-a37e90350849,MC,517,メルタン,ー,,,NOT_FOUND_ON_SCRYDEX,
61711aee-7097-4c0b-92cd-5956878c9b4f,MC,518,メルメタル,ー,,,NOT_FOUND_ON_SCRYDEX,
ec3217de-ee26-42f3-b6a9-ccc688b5b013,MC,519,メルメタルex,ー,,,NOT_FOUND_ON_SCRYDEX,
382ec9f9-f0d7-40cb-9e4f-a262fe15c53d,MC,052,アイアントex,ー,,,NO_RARITY,https://scrydex.com/pokemon/cards/durant-ex/mc_ja-52
d7b5819e-dc67-4e6f-8d66-2b7024426cee,MC,520,ホップのアーマーガア,ー,,,NOT_FOUND_ON_SCRYDEX,
6cfc9611-55e8-45ad-a922-5686400330d8,MC,521,ゾウドウ,ー,,,NOT_FOUND_ON_SCRYDEX,
57144f2e-e58f-463d-8619-39ea92fe78bf,MC,522,ダイオウドウ,ー,,,NOT_FOUND_ON_SCRYDEX,
69ac6a18-8ecd-4fa3-bc7e-a27db70cbac4,MC,523,ジュラルドン,ー,,,NOT_FOUND_ON_SCRYDEX,
07dc16cd-858d-4d4b-9c4b-8484951532f6,MC,524,ジュラルドン,ー,,,NOT_FOUND_ON_SCRYDEX,
7d3f6b73-3b9b-4d98-a02a-7e0df998bfca,MC,525,ブリジュラス,ー,,,NOT_FOUND_ON_SCRYDEX,
b3367a9f-1450-4ab4-919b-a4c677f12516,MC,526,ブリジュラスex,ー,,,NOT_FOUND_ON_SCRYDEX,
86d75c28-6ad2-4310-acda-207685176ef7,MC,527,ホップのザシアンex,ー,,,NOT_FOUND_ON_SCRYDEX,
fb9f8bc9-8855-4f43-8826-22f33d75006f,MC,528,カヌチャン,ー,,,NOT_FOUND_ON_SCRYDEX,
8106851a-4929-40c3-b6db-de7a849f40f8,MC,529,ナカヌチャン,ー,,,NOT_FOUND_ON_SCRYDEX,
6430dc40-5b78-4477-9487-48f79720201d,MC,053,ビリジオン,ー,,,NO_RARITY,https://scrydex.com/pokemon/cards/virizion/mc_ja-53
56f64749-d524-4293-8ae1-650ee166f956,MC,530,デカヌチャン,ー,,,NOT_FOUND_ON_SCRYDEX,
a62902a4-175f-4430-88b2-904f9585e6a8,MC,531,ブロロン,ー,,,NOT_FOUND_ON_SCRYDEX,
cf6df318-8af3-4f94-a242-b0528ea278fb,MC,532,ブロロローム,ー,,,NOT_FOUND_ON_SCRYDEX,
afa39363-7db4-4fa5-b7a4-51d809a0a130,MC,533,ミミズズex,ー,,,NOT_FOUND_ON_SCRYDEX,
9cbe9d75-b311-421b-8808-e35c3e43a951,MC,534,サーフゴー,ー,,,NOT_FOUND_ON_SCRYDEX,
82ca7af1-982a-4b89-bc89-94b7946de768,MC,535,サーフゴー,ー,,,NOT_FOUND_ON_SCRYDEX,
56c46aa0-a9c6-44fb-941c-734af194f892,MC,536,テツノカシラ,ー,,,NOT_FOUND_ON_SCRYDEX,
c9e55fef-662a-4818-bbb6-15cf5942dc47,MC,537,アローラ ナッシーex,ー,,,NOT_FOUND_ON_SCRYDEX,
0b0d40d7-780c-4885-b54c-6f3de6b47854,MC,538,タツベイ,ー,,,NOT_FOUND_ON_SCRYDEX,
c09a8a15-5260-406f-b940-cb5362aab507,MC,539,コモルー,ー,,,NOT_FOUND_ON_SCRYDEX,
8da7e99d-d179-4c6a-ac90-9a57d84859cb,MC,054,ビリジオン,ー,,,NO_RARITY,https://scrydex.com/pokemon/cards/virizion/mc_ja-54
a850af96-073c-4861-a2b0-c181ed80fd32,MC,540,ボーマンダex,ー,,,NOT_FOUND_ON_SCRYDEX,
f2581d3e-6df1-4847-82a6-3118a3c6a3b5,MC,541,キバゴ,ー,,,NOT_FOUND_ON_SCRYDEX,
28bb4791-5b13-4600-b6ca-e4cc4cf3f13d,MC,542,オノンド,ー,,,NOT_FOUND_ON_SCRYDEX,
fc02379d-cbbc-437a-aa4b-8dd2d1ebefa9,MC,543,オノノクス,ー,,,NOT_FOUND_ON_SCRYDEX,
2fe68c99-d1e1-438d-a470-f3270c01198b,MC,544,クリムガン,ー,,,NOT_FOUND_ON_SCRYDEX,
6ba0c6be-d814-462b-b63a-25f87879a10c,MC,545,Nのレシラム,ー,,,NOT_FOUND_ON_SCRYDEX,
6edb164d-2a15-4d46-ac0b-2a6d1f5be694,MC,546,ドラメシヤ,ー,,,NOT_FOUND_ON_SCRYDEX,
568e6c94-28fb-46e2-8538-319f26bda06b,MC,547,ドロンチ,ー,,,NOT_FOUND_ON_SCRYDEX,
b3fa2719-5e36-4889-8724-8c84e31e23dd,MC,548,ドラパルトex,ー,,,NOT_FOUND_ON_SCRYDEX,
c801dbd5-860a-4b60-be81-eaa44a95ce04,MC,549,シャリタツ,ー,,,NOT_FOUND_ON_SCRYDEX,
f7c9a2a5-a5d7-461a-86f3-c9564dcf7f70,MC,055,ボクレー,ー,,,NO_RARITY,https://scrydex.com/pokemon/cards/phantump/mc_ja-55
e3f5644e-70b4-4549-9211-2f6f2f4b8c8c,MC,550,コライドン,ー,,,NOT_FOUND_ON_SCRYDEX,
1063607e-f78c-4ac9-85e6-b8a2ef39d689,MC,551,コライドンex,ー,,,NOT_FOUND_ON_SCRYDEX,
ab77886a-deec-49f6-a410-0d438ca80fef,MC,552,ミライドン,ー,,,NOT_FOUND_ON_SCRYDEX,
375de216-bd61-493b-8279-5e35ee6522e1,MC,553,ミライドンex,ー,,,NOT_FOUND_ON_SCRYDEX,
9ce2bdd0-c34c-4c05-92c5-9d0cf6487eb3,MC,554,タケルライコex,ー,,,NOT_FOUND_ON_SCRYDEX,
78bf2d3f-5263-47c6-a865-2a5d6e68942c,MC,555,ロケット団のコラッタ,ー,,,NOT_FOUND_ON_SCRYDEX,
d5d43bb7-36fe-468c-9f16-f25957489485,MC,556,ロケット団のラッタ,ー,,,NOT_FOUND_ON_SCRYDEX,
1502a36f-e768-488d-a892-4147e314d385,MC,557,オニスズメ,ー,,,NOT_FOUND_ON_SCRYDEX,
76fe8548-a148-4f14-a4da-366fd3dc2a27,MC,558,オニドリル,ー,,,NOT_FOUND_ON_SCRYDEX,
a4bcbc12-5b8d-4c8b-b6b4-62b00c3ba679,MC,559,ロケット団のニャース,ー,,,NOT_FOUND_ON_SCRYDEX,
10aa6202-eb84-41f9-afa7-b8bb889a3c09,MC,056,オーロット,ー,,,NO_RARITY,https://scrydex.com/pokemon/cards/trevenant/mc_ja-56
8ccef0f4-fb2c-4874-996f-77c529d7f2f7,MC,560,ロケット団のペルシアンex,ー,,,NOT_FOUND_ON_SCRYDEX,
8eef0d77-8d52-48a2-8ccc-add078fea2a7,MC,561,ラッキー,ー,,,NOT_FOUND_ON_SCRYDEX,
2cb9d7a0-7bd2-44f5-8030-8a2a53866083,MC,562,ハピナスex,ー,,,NOT_FOUND_ON_SCRYDEX,
93f9097b-a4a2-45bb-80e6-2c6e286ff642,MC,563,ケンタロス,ー,,,NOT_FOUND_ON_SCRYDEX,
fa0c99ec-96b7-449c-ad79-fdacfded5018,MC,564,イーブイ,ー,,,NOT_FOUND_ON_SCRYDEX,
3f72431e-ba83-44a3-ae86-fe22d1bb4646,MC,565,イーブイ,ー,,,NOT_FOUND_ON_SCRYDEX,
079be7f9-7e8a-461a-8214-c4bbabdb1c3a,MC,566,イーブイex,ー,,,NOT_FOUND_ON_SCRYDEX,
48b6aea1-57c7-45b7-addc-5b6f85a7ba6b,MC,567,カビゴン,ー,,,NOT_FOUND_ON_SCRYDEX,
e9a683b3-ee2a-4f5f-8901-6ee05ceae58c,MC,568,カビゴン,ー,,,NOT_FOUND_ON_SCRYDEX,
fe1c0adb-047d-40a3-a52a-99efb4cf5838,MC,569,ホップのカビゴン,ー,,,NOT_FOUND_ON_SCRYDEX,
1acac49f-89aa-4ffd-bb41-74506c535796,MC,057,アゴジムシ,ー,,,NO_RARITY,https://scrydex.com/pokemon/cards/grubbin/mc_ja-57
756ab250-106d-4028-ae13-d7a90e03cc8e,MC,570,オタチ,ー,,,NOT_FOUND_ON_SCRYDEX,
37685293-a69f-4cf0-9c6a-e82f59a1baa0,MC,571,オオタチ,ー,,,NOT_FOUND_ON_SCRYDEX,
6af3b7fc-ed7f-4029-8619-25e9d9b91dc8,MC,572,ホーホー,ー,,,NOT_FOUND_ON_SCRYDEX,
d4797077-5072-493a-96fc-bd149640a9bd,MC,573,ヨルノズク,ー,,,NOT_FOUND_ON_SCRYDEX,
23da3ebb-4ae1-4146-a74b-8e436710cb3d,MC,574,ノコッチ,ー,,,NOT_FOUND_ON_SCRYDEX,
9c61cd57-36bb-4fb0-b9fd-4c8415ab890e,MC,575,ノココッチex,ー,,,NOT_FOUND_ON_SCRYDEX,
91226b90-80dc-43ab-a866-1e8aa4157b4e,MC,576,アオキのノコッチ,ー,,,NOT_FOUND_ON_SCRYDEX,
a29b6991-f8c5-4cf0-bda5-a9f06880740a,MC,577,アオキのノココッチex,ー,,,NOT_FOUND_ON_SCRYDEX,
ab19cbf5-fba7-4e9c-958a-74da47f7acd8,MC,578,ミルタンク,ー,,,NOT_FOUND_ON_SCRYDEX,
f7eeb355-b2e9-4b54-88a9-1eac3424e2d3,MC,579,スバメ,ー,,,NOT_FOUND_ON_SCRYDEX,
8d56a046-ea9c-49ec-ab7e-0c4fa6c7926a,MC,058,ネマシュ,ー,,,NO_RARITY,https://scrydex.com/pokemon/cards/morelull/mc_ja-58
d32ca4ca-96b6-48ca-a4e8-5de768bec433,MC,580,オオスバメ,ー,,,NOT_FOUND_ON_SCRYDEX,
96de38ac-f314-40ef-82f7-f50f08143620,MC,581,ナマケロ,ー,,,NOT_FOUND_ON_SCRYDEX,
4e3da790-6ef1-460b-949e-838248f4ea7c,MC,582,ヤルキモノ,ー,,,NOT_FOUND_ON_SCRYDEX,
636cae1b-97af-4d73-a34a-9616598d3edf,MC,583,ケッキングex,ー,,,NOT_FOUND_ON_SCRYDEX,
7b6caf82-9b33-4228-94de-0ea14d8ed13f,MC,584,エネコ,ー,,,NOT_FOUND_ON_SCRYDEX,
21222dfe-6f64-412c-afbb-4fd70bb180dd,MC,585,エネコ,ー,,,NOT_FOUND_ON_SCRYDEX,
c741b79d-3b9c-4bf4-8b32-c82e10a5cad9,MC,586,エネコロロ,ー,,,NOT_FOUND_ON_SCRYDEX,
a51bc142-6faa-4af7-8774-b70186c858fe,MC,587,ザングース,ー,,,NOT_FOUND_ON_SCRYDEX,
8fa22d36-c221-4371-994e-840f04b69dd0,MC,588,ザングースex,ー,,,NOT_FOUND_ON_SCRYDEX,
ad7455c7-2b99-4861-8579-12a0f0c1b4e2,MC,589,トロピウス,ー,,,NOT_FOUND_ON_SCRYDEX,
c95e65e2-6b07-4f6a-a4f2-c3e7da4492b2,MC,059,マシェード,ー,,,NO_RARITY,https://scrydex.com/pokemon/cards/shiinotic/mc_ja-59
533310e2-1c0d-4f5e-8f6f-98dd189196d6,MC,590,アオキのムックル,ー,,,NOT_FOUND_ON_SCRYDEX,
86f61e32-d572-4e1b-be15-8e67e94cd927,MC,591,アオキのムクバード,ー,,,NOT_FOUND_ON_SCRYDEX,
7acccecf-74fb-438c-b363-c80d74a430c2,MC,592,アオキのムクホーク,ー,,,NOT_FOUND_ON_SCRYDEX,
01427316-ab59-49f0-9bd7-64a9481acb3e,MC,593,ミミロル,ー,,,NOT_FOUND_ON_SCRYDEX,
e1d7eb46-61ef-4a48-b06c-11c4cff872e5,MC,594,ミミロップ,ー,,,NOT_FOUND_ON_SCRYDEX,
a1be39fa-bc98-4801-9fa7-9d566a95fe16,MC,595,ニャルマー,ー,,,NOT_FOUND_ON_SCRYDEX,
383daf84-9c65-44f6-bc7b-b71be95764aa,MC,596,ブニャット,ー,,,NOT_FOUND_ON_SCRYDEX,
e6a475fd-b0fc-4454-a02a-35a12ac87a12,MC,597,ペラップ,ー,,,NOT_FOUND_ON_SCRYDEX,
2cf0e50d-f60c-45d3-93e1-4826a06dc75f,MC,598,マメパト,ー,,,NOT_FOUND_ON_SCRYDEX,
af421bdd-39fa-4c16-ac33-7d0de942e764,MC,599,ハトーボー,ー,,,NOT_FOUND_ON_SCRYDEX,
73f886ce-b74e-4c9b-8c1e-f01e84d400f4,MC,006,エリカのマダツボミ,ー,,,NO_RARITY,https://scrydex.com/pokemon/cards/erikas-bellsprout/mc_ja-6
6e6ce927-7457-4059-85e8-26aebd25bbac,MC,060,ダダリン,ー,,,NO_RARITY,https://scrydex.com/pokemon/cards/dhelmise/mc_ja-60
6384978c-260b-4b87-9b71-fd0847d4f271,MC,600,ケンホロウ,ー,,,NOT_FOUND_ON_SCRYDEX,
17be9c43-2b71-40c4-943a-353253cf5d94,MC,601,タブンネ,ー,,,NOT_FOUND_ON_SCRYDEX,
aacdd740-0b50-4764-bb75-b8cd9aa1ec2d,MC,602,メガタブンネex,ー,,,NOT_FOUND_ON_SCRYDEX,
876ffdc4-9e1d-40a3-b6bc-616dae439de3,MC,603,チラーミィ,ー,,,NOT_FOUND_ON_SCRYDEX,
37489bcb-e923-45c4-83e2-3dc36fc9eb84,MC,604,チラチーノ,ー,,,NOT_FOUND_ON_SCRYDEX,
7d226d5c-b00a-48e4-91e7-b95dc16244ed,MC,605,バッフロンex,ー,,,NOT_FOUND_ON_SCRYDEX,
d67bf05f-d290-478d-b1a9-02b2c2e988f4,MC,606,ワシボン,ー,,,NOT_FOUND_ON_SCRYDEX,
d7fb7a80-9821-46e8-b1ef-6ae77115ecf2,MC,607,ウォーグル,ー,,,NOT_FOUND_ON_SCRYDEX,
02c3acb0-3c2a-4a7a-b20b-0d7a6d4e44b1,MC,608,アオキのワシボン,ー,,,NOT_FOUND_ON_SCRYDEX,
f8719eea-ac53-421d-9d06-bee32a8237e1,MC,609,アオキのウォーグル,ー,,,NOT_FOUND_ON_SCRYDEX,
67bf9adc-f993-406d-ab07-c787da0575ce,MC,061,カプ・ブルル,ー,,,NO_RARITY,https://scrydex.com/pokemon/cards/tapu-bulu/mc_ja-61
745e954b-eb46-48f3-8d4d-faf7d3e61966,MC,610,トルネロス,ー,,,NOT_FOUND_ON_SCRYDEX,
1f059cad-3f50-4abc-a480-a7d0495917be,MC,611,トリミアン,ー,,,NOT_FOUND_ON_SCRYDEX,
1560b1cf-98c7-493e-b062-958c5f833344,MC,612,トリミアン,ー,,,NOT_FOUND_ON_SCRYDEX,
f3fd96fa-7cd0-4e55-a1b3-c01109903e9b,MC,613,ルチャブル,ー,,,NOT_FOUND_ON_SCRYDEX,
557cab16-83f1-4239-ab1d-d922b4c599fa,MC,614,オンバット,ー,,,NOT_FOUND_ON_SCRYDEX,
09c62ed7-3e1f-44e9-bc28-487b4e8c7028,MC,615,オンバーン,ー,,,NOT_FOUND_ON_SCRYDEX,
9a048fa0-e9a7-4e04-bacf-db8d4fe01c89,MC,616,ヌイコグマ,ー,,,NOT_FOUND_ON_SCRYDEX,
130228e7-84df-44b5-b11a-060268ac3ece,MC,617,キテルグマ,ー,,,NOT_FOUND_ON_SCRYDEX,
e99ef6ed-51a4-4620-a5de-378fe5b926ed,MC,618,ヤレユータン,ー,,,NOT_FOUND_ON_SCRYDEX,
dd622226-78ab-43cb-a96e-3a006d5dca08,MC,619,アオキのネッコアラ,ー,,,NOT_FOUND_ON_SCRYDEX,
160e3fb6-5f78-47fb-ab9b-8a27a6502508,MC,062,カジッチュ,ー,,,NO_RARITY,https://scrydex.com/pokemon/cards/applin/mc_ja-62
aece9270-4c51-45f4-828a-0ec86eeb53f5,MC,620,ジジーロン,ー,,,NOT_FOUND_ON_SCRYDEX,
299f0214-3da7-4842-a24d-2918b40a11b6,MC,621,ジジーロン,ー,,,NOT_FOUND_ON_SCRYDEX,
2b9bfa64-77e9-4ba0-9a2d-4a27ec6bff09,MC,622,ホップのココガラ,ー,,,NOT_FOUND_ON_SCRYDEX,
ddf16134-f96c-456d-8292-74ae1da3fd55,MC,623,ホップのアオガラス,ー,,,NOT_FOUND_ON_SCRYDEX,
be21ab9c-05fe-4c03-bcfb-536ba8b5c61e,MC,624,ホップのウッウ,ー,,,NOT_FOUND_ON_SCRYDEX,
01c5e064-0d4e-4061-a599-f574de23efb4,MC,625,ガチグマ アカツキex,ー,,,NOT_FOUND_ON_SCRYDEX,
a353285c-005c-40b5-a292-9c304ace9525,MC,626,イキリンコ,ー,,,NOT_FOUND_ON_SCRYDEX,
83b8060e-d119-45ec-8863-1380b4772f36,MC,627,モトトカゲ,ー,,,NOT_FOUND_ON_SCRYDEX,
847e541b-05a2-43bf-939c-10daeea1b510,MC,628,テツノコウベ,ー,,,NOT_FOUND_ON_SCRYDEX,
232ad399-8bdc-481c-accd-9d79235718ee,MC,629,テラパゴス,ー,,,NOT_FOUND_ON_SCRYDEX,
ba3728e8-25d4-4da0-984b-4805f4a77785,MC,063,カミッチュ,ー,,,NO_RARITY,https://scrydex.com/pokemon/cards/dipplin/mc_ja-63
4f6bfcaa-2e18-4833-91e5-ef5e95857cdc,MC,630,テラパゴスex,ー,,,NOT_FOUND_ON_SCRYDEX,
ff4f51fd-4a51-4c20-8e70-f9690c1b2283,MC,631,アイアンディフェンダー,ー,,,NOT_FOUND_ON_SCRYDEX,
0dfc0d12-5787-4bf6-9da1-9ba290e216e6,MC,632,あやしい時計,ー,,,NOT_FOUND_ON_SCRYDEX,
29561c43-cb81-4e0c-8461-ec4ac399798d,MC,633,アンフェアスタンプ,ー,,,NOT_FOUND_ON_SCRYDEX,
574d41cb-73ee-45a4-a8e5-c4b00570647a,MC,634,いいきずぐすり,ー,,,NOT_FOUND_ON_SCRYDEX,
c27d9258-d1b3-4ce8-a2e3-a2195e9e0483,MC,635,Nのポイントアップ,ー,,,NOT_FOUND_ON_SCRYDEX,
a5ac5dc7-c145-40f8-933b-f16b8ec40db4,MC,636,エネルギー回収,ー,,,NOT_FOUND_ON_SCRYDEX,
e4e27557-8705-45ad-8c9c-d576e5e02414,MC,637,エネルギーコイン,ー,,,NOT_FOUND_ON_SCRYDEX,
1b1124ad-e166-4422-be03-fbcb96177c8b,MC,638,エネルギーつけかえ,ー,,,NOT_FOUND_ON_SCRYDEX,
9544279e-b4ff-4227-8ae0-e369361d5652,MC,639,エネルギー転送,ー,,,NOT_FOUND_ON_SCRYDEX,
9752fffb-63e4-4226-9476-c8fa9a421c50,MC,064,カミツオロチex,ー,,,NO_RARITY,https://scrydex.com/pokemon/cards/hydrapple-ex/mc_ja-64
d6083513-282e-4282-b4a9-2aa17f38d730,MC,640,エネルギーリサイクル,ー,,,NOT_FOUND_ON_SCRYDEX,
6c01b6db-edd4-418d-97b7-75cf63991bf3,MC,641,鬼の仮面,ー,,,NOT_FOUND_ON_SCRYDEX,
f81a93ad-3138-4bba-bc7d-c8804f5c677b,MC,642,覚醒のドラム,ー,,,NOT_FOUND_ON_SCRYDEX,
0707a560-94c8-48d8-8737-6ad92ac5301d,MC,643,きずぐすり,ー,,,NOT_FOUND_ON_SCRYDEX,
d9d24222-03cf-4d57-bf99-f25f9e88c118,MC,644,クラッシュハンマー,ー,,,NOT_FOUND_ON_SCRYDEX,
60c8f132-3139-40d4-ad82-054a587d8b34,MC,645,推理セット,ー,,,NOT_FOUND_ON_SCRYDEX,
6376fd79-4c4f-4218-ba3f-ee1809f46a41,MC,646,スクランブルスイッチ,ー,,,NOT_FOUND_ON_SCRYDEX,
f20eaf15-60fe-4c3b-8708-04c02df00b3b,MC,647,デンジャラス光線,ー,,,NOT_FOUND_ON_SCRYDEX,
1f82a5e2-c1e2-4af9-ae1f-874565d398d2,MC,648,なかよしポフィン,ー,,,NOT_FOUND_ON_SCRYDEX,
882a2ff3-28d3-4d2a-aa08-6d9f5cfad6b2,MC,649,のんびりじゃらし,ー,,,NOT_FOUND_ON_SCRYDEX,
46ab3932-f136-4bca-8bbb-b169b4086fd8,MC,065,ニャオハ,ー,,,NO_RARITY,https://scrydex.com/pokemon/cards/sprigatito/mc_ja-65
4ded78f8-517c-4c4c-aeca-4fdb0287f993,MC,650,ハイパーアロマ,ー,,,NOT_FOUND_ON_SCRYDEX,
c553382f-7be4-45f0-8a96-af9c74ef74ef,MC,651,ハイパーボール,ー,,,NOT_FOUND_ON_SCRYDEX,
5882eae7-c789-4947-9ff6-000437a93987,MC,652,パワープロテイン,ー,,,NOT_FOUND_ON_SCRYDEX,
e2d72977-fd8b-4278-8612-56d0ee4fd73b,MC,653,ハンドトリマー,ー,,,NOT_FOUND_ON_SCRYDEX,
a1a57b29-ff8e-431e-9144-c646693e1a5e,MC,654,ファイトゴング,ー,,,NOT_FOUND_ON_SCRYDEX,
bbbee871-d1ff-465c-8246-adbb9d4a4da5,MC,655,ふしぎなアメ,ー,,,NOT_FOUND_ON_SCRYDEX,
4bab250c-5c13-45a2-8220-c1aaa2cecbc4,MC,656,プライムキャッチャー,ー,,,NOT_FOUND_ON_SCRYDEX,
94de2ccc-e0cc-42ed-9f40-0d89f9eba086,MC,657,古びたはねの化石,ー,,,NOT_FOUND_ON_SCRYDEX,
a0a2c023-beb3-4c52-baaa-7c3a0192e364,MC,658,プレシャスキャリー,ー,,,NOT_FOUND_ON_SCRYDEX,
1cf5a937-d7d2-4abb-91b5-a4e8ab3b2c42,MC,659,ペパーのサンドウィッチ,ー,,,NOT_FOUND_ON_SCRYDEX,
ebd271fa-ed3b-44e3-8cc6-15d38a6b4c6c,MC,066,ニャローテ,ー,,,NO_RARITY,https://scrydex.com/pokemon/cards/floragato/mc_ja-66
05ab3e63-3172-41ea-aba4-309fb7c7d6d8,MC,660,ポケギア3.0,ー,,,NOT_FOUND_ON_SCRYDEX,
f59ca0a3-4990-4c30-998b-20672f23cc50,MC,661,ポケバイタルA,ー,,,NOT_FOUND_ON_SCRYDEX,
94f8e599-208e-4812-bd48-9b6943132c82,MC,662,ポケパッド,ー,,,NOT_FOUND_ON_SCRYDEX,
91e52d52-f11b-46e0-9fd8-abb382ec05b1,MC,663,ポケモンいれかえ,ー,,,NOT_FOUND_ON_SCRYDEX,
6d34ebb1-4c31-4595-b57e-dc65b316bbeb,MC,664,ポケモン回収サイクロン,ー,,,NOT_FOUND_ON_SCRYDEX,
b9188af7-4e5e-4c22-a60b-03606f399014,MC,665,ポケモンキャッチャー,ー,,,NOT_FOUND_ON_SCRYDEX,
3842ba5f-75f8-4dc0-95b9-0c5f979fe801,MC,666,ホップのバッグ,ー,,,NOT_FOUND_ON_SCRYDEX,
46f31426-6a0d-4c3b-a122-819475432b56,MC,667,むしとりセット,ー,,,NOT_FOUND_ON_SCRYDEX,
dd6017f4-3e4f-4dc9-b07e-f2ce4fc18908,MC,668,むしよけスプレー,ー,,,NOT_FOUND_ON_SCRYDEX,
652dd1e0-5192-4602-9d7b-25f7c36ac555,MC,669,モンスターボール,ー,,,NOT_FOUND_ON_SCRYDEX,
f92d570c-a0e3-429b-8dfb-44169f8f1bf9,MC,067,マスカーニャ,ー,,,NO_RARITY,https://scrydex.com/pokemon/cards/meowscarada/mc_ja-67
b148b7ce-f418-41f7-ab99-0f1d450b96e3,MC,670,夜のタンカ,ー,,,NOT_FOUND_ON_SCRYDEX,
8dbdae74-025b-4a64-83a0-28b00aefce5f,MC,671,リブートポッド,ー,,,NOT_FOUND_ON_SCRYDEX,
83a1b131-74b2-49d5-b83f-3636f801ee13,MC,672,竜の秘薬,ー,,,NOT_FOUND_ON_SCRYDEX,
07bce131-f1f0-4fc1-ba86-54ddad9ee739,MC,673,ロケット団のスーパーボール,ー,,,NOT_FOUND_ON_SCRYDEX,
ffd3aa9a-bd52-4eb0-b39d-69b58f93296c,MC,674,ロケット団のびっくりボム,ー,,,NOT_FOUND_ON_SCRYDEX,
2b2755cb-24a8-44d0-b05f-554809e30471,MC,675,ロケット団のレシーバー,ー,,,NOT_FOUND_ON_SCRYDEX,
4ef396d8-9eb0-48df-ab45-0a7386f5fc34,MC,676,イトケのみ,ー,,,NOT_FOUND_ON_SCRYDEX,
7ea11260-6e32-41df-a8ca-e431ead48eb2,MC,677,ウタンのみ,ー,,,NOT_FOUND_ON_SCRYDEX,
e384e85d-6a3a-40c8-b682-64b1f34cae22,MC,678,オッカのみ,ー,,,NOT_FOUND_ON_SCRYDEX,
7918412d-1bd2-4c42-90db-704d63d8b868,MC,679,カウンターゲイン,ー,,,NOT_FOUND_ON_SCRYDEX,
90f5c25f-7d89-45c0-b7db-1d3697ba0399,MC,068,ニャオハex,ー,,,NO_RARITY,https://scrydex.com/pokemon/cards/sprigatito-ex/mc_ja-68
eba7d7a9-0fca-4e1a-a57c-bac6b97e5689,MC,680,きらめく結晶,ー,,,NOT_FOUND_ON_SCRYDEX,
56c9662f-efe3-48d2-aef4-15bb1ec9e453,MC,681,くさりもち,ー,,,NOT_FOUND_ON_SCRYDEX,
fe8bc740-8e05-4029-9186-2d2829828e60,MC,682,シロナのパワーウエイト,ー,,,NOT_FOUND_ON_SCRYDEX,
63fd2eee-4121-4a56-83c6-389ac125ac54,MC,683,力の砂時計,ー,,,NOT_FOUND_ON_SCRYDEX,
4fdd562d-755c-4347-9011-081a30122e91,MC,684,デラックスボム,ー,,,NOT_FOUND_ON_SCRYDEX,
2da5c0ac-795d-439c-b1dc-283c505f4290,MC,685,ナモのみ,ー,,,NOT_FOUND_ON_SCRYDEX,
019bb635-bf71-41f7-ac19-fd0026ac83de,MC,686,ハバンのみ,ー,,,NOT_FOUND_ON_SCRYDEX,
18bfd7f6-033c-4a65-8a5a-29ffa5c19335,MC,687,ヒーローマント,ー,,,NOT_FOUND_ON_SCRYDEX,
320c28f3-16be-4e87-8d32-1dc65d0ca237,MC,688,ふうせん,ー,,,NOT_FOUND_ON_SCRYDEX,
432224aa-3352-4f03-b4aa-9f89328cf390,MC,689,ブレイブバングル,ー,,,NOT_FOUND_ON_SCRYDEX,
86c679b1-6708-4e32-b900-75e6ad2b98bc,MC,069,ミニーブ,ー,,,NO_RARITY,https://scrydex.com/pokemon/cards/smoliv/mc_ja-69
726266e6-6c38-4eb7-84d7-e952efd9d9fd,MC,690,ホップのこだわりハチマキ,ー,,,NOT_FOUND_ON_SCRYDEX,
b21059d1-8227-4f9b-8c79-2ad368464e86,MC,691,マキシマムベルト,ー,,,NOT_FOUND_ON_SCRYDEX,
191d8ca7-1260-4cb9-8f79-baf10c9dcb41,MC,692,リーリエのしんじゅ,ー,,,NOT_FOUND_ON_SCRYDEX,
f8b86e39-ee88-4175-af16-f4785165fdea,MC,693,リリバのみ,ー,,,NOT_FOUND_ON_SCRYDEX,
ee98b9c1-221c-4219-af78-211b56528f46,MC,694,アイリスの闘志,ー,,,NOT_FOUND_ON_SCRYDEX,
56678547-bb3e-4a10-98a3-81989a154534,MC,695,アオキの手際,ー,,,NOT_FOUND_ON_SCRYDEX,
ede279c0-9a90-479b-b30c-fa15aa2bbf92,MC,696,アカマツ,ー,,,NOT_FOUND_ON_SCRYDEX,
90f5ed1c-64ca-4a8c-a575-0f008310f71a,MC,697,アセロラのいたずら,ー,,,NOT_FOUND_ON_SCRYDEX,
a0d75bf6-973e-4ffc-9abc-2b756a3908ce,MC,698,暗号マニアの解読,ー,,,NOT_FOUND_ON_SCRYDEX,
795f8fab-61e5-4d49-9f6b-4caead8bf86f,MC,699,アンズの秘技,ー,,,NOT_FOUND_ON_SCRYDEX,
145274aa-7ff5-4cdd-b7b0-2502146d32e4,MC,007,エリカのウツドン,ー,,,NO_RARITY,https://scrydex.com/pokemon/cards/erikas-weepinbell/mc_ja-7
58b2d0fd-2516-4370-b842-c3650d6d8d39,MC,070,オリーニョ,ー,,,NO_RARITY,https://scrydex.com/pokemon/cards/dolliv/mc_ja-70
c0ea29e9-e590-46f1-b34a-d2c78cc13ab9,MC,700,ウエートレス,ー,,,NOT_FOUND_ON_SCRYDEX,
936616d7-c73d-4860-8107-40308a9f44c0,MC,701,Nの筋書き,ー,,,NOT_FOUND_ON_SCRYDEX,
91085c2f-bc5d-4dd5-a4ff-852d41e2f471,MC,702,ガイ,ー,,,NOT_FOUND_ON_SCRYDEX,
b677e47b-59d1-410d-b33d-4422439531a3,MC,703,カキツバタ,ー,,,NOT_FOUND_ON_SCRYDEX,
db050c0e-c93f-446e-a050-8f0d5fbcf141,MC,704,からておうの稽古,ー,,,NOT_FOUND_ON_SCRYDEX,
fb5517e2-8482-4987-8d23-ef5370a9462b,MC,705,クセロシキのたくらみ,ー,,,NOT_FOUND_ON_SCRYDEX,
28e61b2f-49fd-4a38-8734-4ab8828b9241,MC,706,コック,ー,,,NOT_FOUND_ON_SCRYDEX,
e3e2ebb8-9f83-4bc7-8ff7-ff7b97e56782,MC,707,ゴヨウ,ー,,,NOT_FOUND_ON_SCRYDEX,
21063bf4-112e-4992-aaec-3f46a24d0511,MC,708,サーファー,ー,,,NOT_FOUND_ON_SCRYDEX,
753390d9-7b73-4172-abfd-d0ef9b7d9c92,MC,709,サザレ,ー,,,NOT_FOUND_ON_SCRYDEX,
6ee9cf20-cd08-484e-a38b-80e4c0d267e6,MC,071,オリーヴァex,ー,,,NO_RARITY,https://scrydex.com/pokemon/cards/arboliva-ex/mc_ja-71
9839678d-8d15-4377-aaa6-df2a8c7ee23e,MC,710,シトロンの機転,ー,,,NOT_FOUND_ON_SCRYDEX,
7896657b-80ee-4db9-9316-d6f39e74cd1b,MC,711,ジャッジマン,ー,,,NOT_FOUND_ON_SCRYDEX,
98c44613-ad6b-46da-a044-c1ce692cab3b,MC,712,スイレンのお世話,ー,,,NOT_FOUND_ON_SCRYDEX,
b40cd7f9-485e-4ef5-b62b-2c8e6e33f788,MC,713,スグリ,ー,,,NOT_FOUND_ON_SCRYDEX,
6aeb7010-b734-4f4b-b7e1-2431f5518b21,MC,714,セイジ,ー,,,NOT_FOUND_ON_SCRYDEX,
3b2f11b5-200f-4ce7-a146-c67cb150cb8c,MC,715,ゼイユ,ー,,,NOT_FOUND_ON_SCRYDEX,
88527ede-0498-4e9c-a031-e8f97edec96d,MC,716,タロ,ー,,,NOT_FOUND_ON_SCRYDEX,
db20c818-f2ad-471e-aad7-81f5f6900da0,MC,717,探検家の先導,ー,,,NOT_FOUND_ON_SCRYDEX,
de66c0d2-e9ea-443e-b0d7-852358313cfe,MC,718,トウコ,ー,,,NOT_FOUND_ON_SCRYDEX,
4e6f4a01-4d51-4c98-a888-65466b92249a,MC,719,ドラセナ,ー,,,NOT_FOUND_ON_SCRYDEX,
8def0080-1555-44e9-bc25-d4ebf773e21c,MC,072,アノクサ,ー,,,NO_RARITY,https://scrydex.com/pokemon/cards/bramblin/mc_ja-72
55185f3b-ce33-4107-a8ab-2c4ff89f62d3,MC,720,ハイダイ,ー,,,NOT_FOUND_ON_SCRYDEX,
c84dd16c-f416-4aed-95d1-251ab151a208,MC,721,ハッサク,ー,,,NOT_FOUND_ON_SCRYDEX,
84a562b2-77a0-40f0-b6c5-34dc1030e3d1,MC,722,ブライア,ー,,,NOT_FOUND_ON_SCRYDEX,
e7aa8a39-edcb-4afa-ab62-a1a04bb741e9,MC,723,ベルのまごころ,ー,,,NOT_FOUND_ON_SCRYDEX,
8906b54d-2d93-4939-8ccb-f4a3efd5c69c,MC,724,ボスの指令,ー,,,NOT_FOUND_ON_SCRYDEX,
4d6f2c30-f706-4630-85bc-406ca39e3a86,MC,725,マコモ,ー,,,NOT_FOUND_ON_SCRYDEX,
56e1b88d-e395-4f85-8150-61675188b76d,MC,726,マチスの取引,ー,,,NOT_FOUND_ON_SCRYDEX,
eeb7fe04-b63e-4243-b466-a5199f0c1961,MC,727,マツバの確信,ー,,,NOT_FOUND_ON_SCRYDEX,
5f6b007c-154d-4c9a-b67d-9c6995598e38,MC,728,ミカンのまなざし,ー,,,NOT_FOUND_ON_SCRYDEX,
861dc41d-0590-45ae-ae07-f0193942c2ae,MC,729,リーリエの決心,ー,,,NOT_FOUND_ON_SCRYDEX,
49f33e26-38cf-492a-82e8-c2322e80334e,MC,073,アノホラグサ,ー,,,NO_RARITY,https://scrydex.com/pokemon/cards/brambleghast/mc_ja-73
3f08718d-20f2-4af9-b8f2-1c4dcda23f17,MC,730,ルチアのアピール,ー,,,NOT_FOUND_ON_SCRYDEX,
5bd00dd7-c42d-4e04-95da-0753ecfc7e17,MC,731,ロケット団のアテナ,ー,,,NOT_FOUND_ON_SCRYDEX,
0f53afb6-f10d-43c9-b7c4-db0cf454cff4,MC,732,ロケット団のアポロ,ー,,,NOT_FOUND_ON_SCRYDEX,
d017aacc-4be0-40a5-af7e-365204facbb9,MC,733,ロケット団のサカキ,ー,,,NOT_FOUND_ON_SCRYDEX,
a31b32d9-2024-4c2a-90f7-2e66bbd02050,MC,734,ロケット団のラムダ,ー,,,NOT_FOUND_ON_SCRYDEX,
bd6fd918-d03d-41bb-ac8d-b7c62ae99972,MC,735,ロケット団のランス,ー,,,NOT_FOUND_ON_SCRYDEX,
efeb5e28-dd1d-45fa-bdbf-ab46120e91c6,MC,736,イグニッションエネルギー,ー,,,NOT_FOUND_ON_SCRYDEX,
3b92385f-2c12-49a5-a3db-49c4294ab5f9,MC,737,スパイクエネルギー,ー,,,NOT_FOUND_ON_SCRYDEX,
0e0673d3-636a-4a44-b123-bf268c21a39e,MC,738,ブーメランエネルギー,ー,,,NOT_FOUND_ON_SCRYDEX,
c023872d-e4e5-4b31-9ce7-4a8f63fed36c,MC,739,プリズムエネルギー,ー,,,NOT_FOUND_ON_SCRYDEX,
e0928b69-fb36-4f2d-9a99-4aaf280ccd83,MC,074,ノノクラゲ,ー,,,NO_RARITY,https://scrydex.com/pokemon/cards/toedscool/mc_ja-74
35eb4f52-6351-472c-bf67-4d8dc95dab39,MC,740,リッチエネルギー,ー,,,NOT_FOUND_ON_SCRYDEX,
3e8298b8-5ef2-442d-8627-7bdb6244fc1a,MC,741,レガシーエネルギー,ー,,,NOT_FOUND_ON_SCRYDEX,
39124ae5-8e17-4061-9414-b21cd30d4d77,MC,742,ロケット団エネルギー,ー,,,NOT_FOUND_ON_SCRYDEX,
8c501b63-c7ac-4ba0-ad05-9d0e06ef1a62,MC,743,エリカのモンジャラ,ー,,,NOT_FOUND_ON_SCRYDEX,
db1d1891-2da8-4a35-a811-6f90bbb59961,MC,744,エンニュート,ー,,,NOT_FOUND_ON_SCRYDEX,
bd942033-0952-4a1f-b449-c2c7df3b3b9f,MC,745,ヒバニー,ー,,,NOT_FOUND_ON_SCRYDEX,
1bd04962-6f22-4eea-9b5e-147e5d272c7a,MC,746,マニューラ,ー,,,NOT_FOUND_ON_SCRYDEX,
b8e93fa5-ccd7-42e0-94a3-5b9565aa3626,MC,747,クワガノン,ー,,,NOT_FOUND_ON_SCRYDEX,
68718c84-8817-4185-995a-8a410051c32e,MC,748,マリル,ー,,,NOT_FOUND_ON_SCRYDEX,
e91c6336-4c51-4446-ae58-a8edf9938a6d,MC,749,ジュペッタ,ー,,,NOT_FOUND_ON_SCRYDEX,
969b6d81-e2e3-440f-ba59-edaa229de539,MC,075,リククラゲ,ー,,,NO_RARITY,https://scrydex.com/pokemon/cards/toedscruel/mc_ja-75
2adbe7e0-28ac-49d4-af43-689bc483ea79,MC,750,ペロリーム,ー,,,NOT_FOUND_ON_SCRYDEX,
743f510f-c8c6-487a-be3f-3a0b943b9a61,MC,751,カポエラー,ー,,,NOT_FOUND_ON_SCRYDEX,
e436c6bf-5405-4ef7-957c-a017a877b92e,MC,752,メレシー,ー,,,NOT_FOUND_ON_SCRYDEX,
ae0a6516-1f76-40b7-9965-1bf68c94cb56,MC,753,グラエナ,ー,,,NOT_FOUND_ON_SCRYDEX,
576279f2-f929-4aaf-ae53-926ed4c00092,MC,754,クチート,ー,,,NOT_FOUND_ON_SCRYDEX,
d480fec2-348e-4b41-bcc2-407af65c66b4,MC,755,イーブイ,ー,,,NOT_FOUND_ON_SCRYDEX,
988eba79-2a44-4a35-825c-cca1cabde99e,MC,756,アオキのムクホーク,ー,,,NOT_FOUND_ON_SCRYDEX,
83ef3602-629f-41a2-ba64-720e9e5960e5,MC,757,ニャオハex,ー,,,NOT_FOUND_ON_SCRYDEX,
4a95086f-c8a7-491f-86be-5a25b054d617,MC,758,マッギョex,ー,,,NOT_FOUND_ON_SCRYDEX,
5d561388-497f-4d9d-a449-d1342d4ce5e5,MC,759,メガタブンネex,ー,,,NOT_FOUND_ON_SCRYDEX,
bcab0119-00a3-4fd2-8b9b-ceddf4bcda64,MC,076,カプサイジ,ー,,,NO_RARITY,https://scrydex.com/pokemon/cards/capsakid/mc_ja-76
2dbf4940-fc16-4413-8266-65c13784f199,MC,760,ボスの指令,ー,,,NOT_FOUND_ON_SCRYDEX,
8fc28407-9d3b-412a-a84f-d77f6c806523,MC,761,メガメガニウムex,ー,,,NOT_FOUND_ON_SCRYDEX,
b9d22eaf-c85b-4558-8a83-897fe8133d3d,MC,762,メガエンブオーex,ー,,,NOT_FOUND_ON_SCRYDEX,
731ef971-e697-41db-9c23-0d503033ea7f,MC,763,メガオーダイルex,ー,,,NOT_FOUND_ON_SCRYDEX,
fd02383a-fe6e-4d35-810a-619e319c2b79,MC,764,ピカチュウex,ー,,,NOT_FOUND_ON_SCRYDEX,
3a9c5a87-9af5-4ade-84c0-1336614f3e03,MC,765,リーリエのピッピex,ー,,,NOT_FOUND_ON_SCRYDEX,
a51eb589-c692-43b8-a041-98528078e3f2,MC,766,メガリザードンYex,ー,,,NOT_FOUND_ON_SCRYDEX,
ce98351e-a90d-4569-a69f-0f2f20167d10,MC,077,テツノイサハex,ー,,,NO_RARITY,https://scrydex.com/pokemon/cards/iron-leaves-ex/mc_ja-77
25ed8e13-94a0-4a33-b913-983bde92bb37,MC,078,チャデス,ー,,,NO_RARITY,https://scrydex.com/pokemon/cards/poltchageist/mc_ja-78
2b96ef7f-1211-47b8-9029-14254b6221c2,MC,079,ヤバソチャex,ー,,,NO_RARITY,https://scrydex.com/pokemon/cards/sinistcha-ex/mc_ja-79
94d88b19-084c-4805-9cd8-a544b2301267,MC,008,エリカのウツボット,ー,,,NO_RARITY,https://scrydex.com/pokemon/cards/erikas-victreebel/mc_ja-8
9c845154-b59c-444e-b8ba-086f5c8f0fac,MC,080,オーガポン みどりのめん,ー,,,NO_RARITY,https://scrydex.com/pokemon/cards/teal-mask-ogerpon/mc_ja-80
c2a9dfc1-0fac-4763-8f31-31aa309a5a66,MC,081,オーガポン みどりのめん,ー,,,NO_RARITY,https://scrydex.com/pokemon/cards/teal-mask-ogerpon/mc_ja-81
e3f406d6-ec5f-4f78-86be-5a3f30c1bfff,MC,082,オーガポン みどりのめんex,ー,,,NO_RARITY,https://scrydex.com/pokemon/cards/teal-mask-ogerpon-ex/mc_ja-82
3fa4ea76-ff22-4505-babc-0aaf7dc6b1b8,MC,083,ヒトカゲ,ー,,,NO_RARITY,https://scrydex.com/pokemon/cards/charmander/mc_ja-83
98b9d4f6-4d6d-4427-9b5e-2ba55c407c77,MC,084,リザード,ー,,,NO_RARITY,https://scrydex.com/pokemon/cards/charmeleon/mc_ja-84
ac2aa6ca-9746-4ca7-b505-aeb8ca1c85f3,MC,085,メガリザードンYex,ー,,,NO_RARITY,https://scrydex.com/pokemon/cards/mega-charizard-y/mc_ja-85
336fbb68-27cd-4f53-9585-9bbe8e194a2f,MC,086,ポニータ,ー,,,NO_RARITY,https://scrydex.com/pokemon/cards/ponyta/mc_ja-86
61f26344-90a0-4478-b386-4dee4fa9ce47,MC,087,ポニータ,ー,,,NO_RARITY,https://scrydex.com/pokemon/cards/ponyta/mc_ja-87
d261011d-1b62-43e9-9d0f-238e108f825c,MC,088,ギャロップ,ー,,,NO_RARITY,https://scrydex.com/pokemon/cards/rapidash/mc_ja-88
a67b8e35-67ac-4809-b78c-7bc9d7996ce4,MC,089,ギャロップ,ー,,,NO_RARITY,https://scrydex.com/pokemon/cards/rapidash/mc_ja-89
c7604bc7-aea7-4d93-ab84-ca11a1a6dd3f,MC,009,タマタマ,ー,,,NO_RARITY,https://scrydex.com/pokemon/cards/exeggcute/mc_ja-9
2f7d5d16-02f4-49ab-9455-b81b99256293,MC,090,ギャロップ,ー,,,NO_RARITY,https://scrydex.com/pokemon/cards/rapidash/mc_ja-90
49e4b326-b0f4-4a90-9d68-93f56c8b0b17,MC,091,ブーバー,ー,,,NO_RARITY,https://scrydex.com/pokemon/cards/magmar/mc_ja-91
f27a4fee-c1e3-4457-8ae1-e8c16f453d47,MC,092,ブーバーン,ー,,,NO_RARITY,https://scrydex.com/pokemon/cards/magmortar/mc_ja-92
1508ea3f-045c-45cd-bed0-92422bbe2b75,MC,093,パルデア ケンタロス,ー,,,NO_RARITY,https://scrydex.com/pokemon/cards/paldean-tauros/mc_ja-93
25206929-a2ef-44ac-b139-57a0639f507a,MC,094,ブースターex,ー,,,NO_RARITY,https://scrydex.com/pokemon/cards/flareon-ex/mc_ja-94
7f82af03-f0be-41c1-80a8-6f89938f2e18,MC,095,マグマッグ,ー,,,NO_RARITY,https://scrydex.com/pokemon/cards/slugma/mc_ja-95
3ec15bf0-4801-4bdd-b1a3-de08c4236fb8,MC,096,マグカルゴex,ー,,,NO_RARITY,https://scrydex.com/pokemon/cards/magcargo-ex/mc_ja-96
328361e7-d56f-454f-b641-5105ba1f4398,MC,097,デルビル,ー,,,NO_RARITY,https://scrydex.com/pokemon/cards/houndour/mc_ja-97
98b7c460-f1c9-4f69-b3dc-e16d418869c2,MC,098,ヘルガー,ー,,,NO_RARITY,https://scrydex.com/pokemon/cards/houndoom/mc_ja-98
c0cea462-aa7b-486c-8ed2-26f6c67f2d44,MC,099,ロケット団のデルビル,ー,,,NO_RARITY,https://scrydex.com/pokemon/cards/team-rockets-houndour/mc_ja-99
73a6a0fb-8241-464e-b711-61cc260343c5,MC,DAR,基本悪エネルギー,ー,,,NOT_FOUND_ON_SCRYDEX,
1577f51b-7f40-431a-a22f-8253546c1808,MC,FIG,基本闘エネルギー,ー,,,NOT_FOUND_ON_SCRYDEX,
371e818b-fb43-4ae1-9ebd-9f6d2cccc92d,MC,FIR,基本炎エネルギー,ー,,,NOT_FOUND_ON_SCRYDEX,
26815165-33dc-4ec7-a5bc-1cd7115f4709,MC,GRA,基本草エネルギー,ー,,,NOT_FOUND_ON_SCRYDEX,
dc6f8036-c8a7-4434-82f5-3ec6a5025b35,MC,LIG,基本雷エネルギー,ー,,,NOT_FOUND_ON_SCRYDEX,
49ee7d83-8e44-4b46-bb45-9bad9fd27bb6,MC,MET,基本鋼エネルギー,ー,,,NOT_FOUND_ON_SCRYDEX,
b5a9a37b-c551-4af1-abde-db5a0a0158b0,MC,PSY,基本超エネルギー,ー,,,NOT_FOUND_ON_SCRYDEX,
ddd87774-2747-4b8b-8d7c-e980a5bf14d1,MC,WAT,基本水エネルギー,ー,,,NOT_FOUND_ON_SCRYDEX,
