series_name,set_id,set_code,set_name,scrydex_id,scrydex_url,scrydex_number_raw,number_key,scrydex_name,scrydex_rarity,scrydex_rarity_raw,scrydex_card_url,expected_image_url,db_numeric_max,beyond_db_max
SMシリーズ,575b3ae4-5c0c-4abc-93f8-f1f4cc71974a,SM1p,サン＆ムーン,sm1p_ja,https://scrydex.com/pokemon/expansions/strength-expansion-pack-sun-moon/sm1p_ja,70,70,Fire Energy,,—,,https://images.scrydex.com/pokemon/sm1p_ja-70/large,68,YES
SMシリーズ,575b3ae4-5c0c-4abc-93f8-f1f4cc71974a,SM1p,サン＆ムーン,sm1p_ja,https://scrydex.com/pokemon/expansions/strength-expansion-pack-sun-moon/sm1p_ja,71,71,Psychic Energy,,—,,https://images.scrydex.com/pokemon/sm1p_ja-71/large,68,YES
SMシリーズ,234779b1-7c9a-442f-8f8e-de41d5de658c,SM2K,キミを待つ島々,sm2k_ja,https://scrydex.com/pokemon/expansions/islands-await-you/sm2k_ja,62,62,Lightning Energy,UR,UR,,https://images.scrydex.com/pokemon/sm2k_ja-62/large,61,YES
SMシリーズ,25678826-2811-4bff-9b3a-26e10c5db48c,SM2p,新たなる試練の向こう,sm2p_ja,https://scrydex.com/pokemon/expansions/facing-a-new-trial/sm2p_ja,66,66,Darkness Energy,UR,UR,,https://images.scrydex.com/pokemon/sm2p_ja-66/large,65,YES
SMシリーズ,25678826-2811-4bff-9b3a-26e10c5db48c,SM2p,新たなる試練の向こう,sm2p_ja,https://scrydex.com/pokemon/expansions/facing-a-new-trial/sm2p_ja,67,67,Water Energy,,—,,https://images.scrydex.com/pokemon/sm2p_ja-67/large,65,YES
SMシリーズ,25678826-2811-4bff-9b3a-26e10c5db48c,SM2p,新たなる試練の向こう,sm2p_ja,https://scrydex.com/pokemon/expansions/facing-a-new-trial/sm2p_ja,68,68,Lightning Energy,,—,,https://images.scrydex.com/pokemon/sm2p_ja-68/large,65,YES
SMシリーズ,25678826-2811-4bff-9b3a-26e10c5db48c,SM2p,新たなる試練の向こう,sm2p_ja,https://scrydex.com/pokemon/expansions/facing-a-new-trial/sm2p_ja,69,69,Fighting Energy,,—,,https://images.scrydex.com/pokemon/sm2p_ja-69/large,65,YES
SMシリーズ,25678826-2811-4bff-9b3a-26e10c5db48c,SM2p,新たなる試練の向こう,sm2p_ja,https://scrydex.com/pokemon/expansions/facing-a-new-trial/sm2p_ja,70,70,Darkness Energy,,—,,https://images.scrydex.com/pokemon/sm2p_ja-70/large,65,YES
SMシリーズ,9f635209-aec1-4acf-84b7-8e77e6be7bc0,SM4A,超次元の暴獣,sm4a_ja,https://scrydex.com/pokemon/expansions/ultradimensional-beasts/sm4a_ja,62,62,Water Energy,UR,UR,,https://images.scrydex.com/pokemon/sm4a_ja-62/large,61,YES
SVシリーズ,2e3e2cf1-be86-4808-87f7-fe01973f0325,SV4a,レイジングサーフ,sv4a_ja,https://scrydex.com/pokemon/expansions/shiny-treasure-ex/sv4a_ja,127,127,Shroodle,,—,,https://images.scrydex.com/pokemon/sv4a_ja-127/large,360,NO
SVシリーズ,2e3e2cf1-be86-4808-87f7-fe01973f0325,SV4a,レイジングサーフ,sv4a_ja,https://scrydex.com/pokemon/expansions/shiny-treasure-ex/sv4a_ja,128,128,Grafaiai,,—,,https://images.scrydex.com/pokemon/sv4a_ja-128/large,360,NO
SVシリーズ,2e3e2cf1-be86-4808-87f7-fe01973f0325,SV4a,レイジングサーフ,sv4a_ja,https://scrydex.com/pokemon/expansions/shiny-treasure-ex/sv4a_ja,129,129,Scizor,,—,,https://images.scrydex.com/pokemon/sv4a_ja-129/large,360,NO
SVシリーズ,2e3e2cf1-be86-4808-87f7-fe01973f0325,SV4a,レイジングサーフ,sv4a_ja,https://scrydex.com/pokemon/expansions/shiny-treasure-ex/sv4a_ja,130,130,Varoom,,—,,https://images.scrydex.com/pokemon/sv4a_ja-130/large,360,NO
SVシリーズ,2e3e2cf1-be86-4808-87f7-fe01973f0325,SV4a,レイジングサーフ,sv4a_ja,https://scrydex.com/pokemon/expansions/shiny-treasure-ex/sv4a_ja,131,131,Revavroom,,—,,https://images.scrydex.com/pokemon/sv4a_ja-131/large,360,NO
SVシリーズ,2e3e2cf1-be86-4808-87f7-fe01973f0325,SV4a,レイジングサーフ,sv4a_ja,https://scrydex.com/pokemon/expansions/shiny-treasure-ex/sv4a_ja,132,132,Iron Treads ex,RR,RR,,https://images.scrydex.com/pokemon/sv4a_ja-132/large,360,NO
SVシリーズ,2e3e2cf1-be86-4808-87f7-fe01973f0325,SV4a,レイジングサーフ,sv4a_ja,https://scrydex.com/pokemon/expansions/shiny-treasure-ex/sv4a_ja,133,133,Gholdengo,,—,,https://images.scrydex.com/pokemon/sv4a_ja-133/large,360,NO
SVシリーズ,2e3e2cf1-be86-4808-87f7-fe01973f0325,SV4a,レイジングサーフ,sv4a_ja,https://scrydex.com/pokemon/expansions/shiny-treasure-ex/sv4a_ja,134,134,Noibat,,—,,https://images.scrydex.com/pokemon/sv4a_ja-134/large,360,NO
SVシリーズ,2e3e2cf1-be86-4808-87f7-fe01973f0325,SV4a,レイジングサーフ,sv4a_ja,https://scrydex.com/pokemon/expansions/shiny-treasure-ex/sv4a_ja,135,135,Noivern ex,RR,RR,,https://images.scrydex.com/pokemon/sv4a_ja-135/large,360,NO
SVシリーズ,2e3e2cf1-be86-4808-87f7-fe01973f0325,SV4a,レイジングサーフ,sv4a_ja,https://scrydex.com/pokemon/expansions/shiny-treasure-ex/sv4a_ja,136,136,Cyclizar,,—,,https://images.scrydex.com/pokemon/sv4a_ja-136/large,360,NO
SVシリーズ,2e3e2cf1-be86-4808-87f7-fe01973f0325,SV4a,レイジングサーフ,sv4a_ja,https://scrydex.com/pokemon/expansions/shiny-treasure-ex/sv4a_ja,137,137,Pidgey,,—,,https://images.scrydex.com/pokemon/sv4a_ja-137/large,360,NO
SVシリーズ,2e3e2cf1-be86-4808-87f7-fe01973f0325,SV4a,レイジングサーフ,sv4a_ja,https://scrydex.com/pokemon/expansions/shiny-treasure-ex/sv4a_ja,138,138,Pidgeotto,,—,,https://images.scrydex.com/pokemon/sv4a_ja-138/large,360,NO
SVシリーズ,2e3e2cf1-be86-4808-87f7-fe01973f0325,SV4a,レイジングサーフ,sv4a_ja,https://scrydex.com/pokemon/expansions/shiny-treasure-ex/sv4a_ja,139,139,Pidgeot ex,RR,RR,,https://images.scrydex.com/pokemon/sv4a_ja-139/large,360,NO
SVシリーズ,2e3e2cf1-be86-4808-87f7-fe01973f0325,SV4a,レイジングサーフ,sv4a_ja,https://scrydex.com/pokemon/expansions/shiny-treasure-ex/sv4a_ja,140,140,Jigglypuff,,—,,https://images.scrydex.com/pokemon/sv4a_ja-140/large,360,NO
SVシリーズ,2e3e2cf1-be86-4808-87f7-fe01973f0325,SV4a,レイジングサーフ,sv4a_ja,https://scrydex.com/pokemon/expansions/shiny-treasure-ex/sv4a_ja,141,141,Wigglytuff ex,RR,RR,,https://images.scrydex.com/pokemon/sv4a_ja-141/large,360,NO
SVシリーズ,2e3e2cf1-be86-4808-87f7-fe01973f0325,SV4a,レイジングサーフ,sv4a_ja,https://scrydex.com/pokemon/expansions/shiny-treasure-ex/sv4a_ja,142,142,Doduo,,—,,https://images.scrydex.com/pokemon/sv4a_ja-142/large,360,NO
SVシリーズ,2e3e2cf1-be86-4808-87f7-fe01973f0325,SV4a,レイジングサーフ,sv4a_ja,https://scrydex.com/pokemon/expansions/shiny-treasure-ex/sv4a_ja,143,143,Dodrio,,—,,https://images.scrydex.com/pokemon/sv4a_ja-143/large,360,NO
SVシリーズ,2e3e2cf1-be86-4808-87f7-fe01973f0325,SV4a,レイジングサーフ,sv4a_ja,https://scrydex.com/pokemon/expansions/shiny-treasure-ex/sv4a_ja,144,144,Ditto,,—,,https://images.scrydex.com/pokemon/sv4a_ja-144/large,360,NO
SVシリーズ,2e3e2cf1-be86-4808-87f7-fe01973f0325,SV4a,レイジングサーフ,sv4a_ja,https://scrydex.com/pokemon/expansions/shiny-treasure-ex/sv4a_ja,145,145,Snorlax,,—,,https://images.scrydex.com/pokemon/sv4a_ja-145/large,360,NO
SVシリーズ,2e3e2cf1-be86-4808-87f7-fe01973f0325,SV4a,レイジングサーフ,sv4a_ja,https://scrydex.com/pokemon/expansions/shiny-treasure-ex/sv4a_ja,146,146,Wingull,,—,,https://images.scrydex.com/pokemon/sv4a_ja-146/large,360,NO
SVシリーズ,2e3e2cf1-be86-4808-87f7-fe01973f0325,SV4a,レイジングサーフ,sv4a_ja,https://scrydex.com/pokemon/expansions/shiny-treasure-ex/sv4a_ja,148,148,Skwovet,,—,,https://images.scrydex.com/pokemon/sv4a_ja-148/large,360,NO
SVシリーズ,2e3e2cf1-be86-4808-87f7-fe01973f0325,SV4a,レイジングサーフ,sv4a_ja,https://scrydex.com/pokemon/expansions/shiny-treasure-ex/sv4a_ja,149,149,Greedent,,—,,https://images.scrydex.com/pokemon/sv4a_ja-149/large,360,NO
SVシリーズ,2e3e2cf1-be86-4808-87f7-fe01973f0325,SV4a,レイジングサーフ,sv4a_ja,https://scrydex.com/pokemon/expansions/shiny-treasure-ex/sv4a_ja,150,150,Lechonk,,—,,https://images.scrydex.com/pokemon/sv4a_ja-150/large,360,NO
SVシリーズ,2e3e2cf1-be86-4808-87f7-fe01973f0325,SV4a,レイジングサーフ,sv4a_ja,https://scrydex.com/pokemon/expansions/shiny-treasure-ex/sv4a_ja,151,151,Oinkologne,,—,,https://images.scrydex.com/pokemon/sv4a_ja-151/large,360,NO
SVシリーズ,2e3e2cf1-be86-4808-87f7-fe01973f0325,SV4a,レイジングサーフ,sv4a_ja,https://scrydex.com/pokemon/expansions/shiny-treasure-ex/sv4a_ja,152,152,Tandemaus,,—,,https://images.scrydex.com/pokemon/sv4a_ja-152/large,360,NO
SVシリーズ,2e3e2cf1-be86-4808-87f7-fe01973f0325,SV4a,レイジングサーフ,sv4a_ja,https://scrydex.com/pokemon/expansions/shiny-treasure-ex/sv4a_ja,153,153,Maushold,,—,,https://images.scrydex.com/pokemon/sv4a_ja-153/large,360,NO
SVシリーズ,2e3e2cf1-be86-4808-87f7-fe01973f0325,SV4a,レイジングサーフ,sv4a_ja,https://scrydex.com/pokemon/expansions/shiny-treasure-ex/sv4a_ja,154,154,Squawkabilly ex,RR,RR,,https://images.scrydex.com/pokemon/sv4a_ja-154/large,360,NO
SVシリーズ,2e3e2cf1-be86-4808-87f7-fe01973f0325,SV4a,レイジングサーフ,sv4a_ja,https://scrydex.com/pokemon/expansions/shiny-treasure-ex/sv4a_ja,155,155,Flamigo,,—,,https://images.scrydex.com/pokemon/sv4a_ja-155/large,360,NO
SVシリーズ,2e3e2cf1-be86-4808-87f7-fe01973f0325,SV4a,レイジングサーフ,sv4a_ja,https://scrydex.com/pokemon/expansions/shiny-treasure-ex/sv4a_ja,156,156,Electric Generator,,—,,https://images.scrydex.com/pokemon/sv4a_ja-156/large,360,NO
SVシリーズ,2e3e2cf1-be86-4808-87f7-fe01973f0325,SV4a,レイジングサーフ,sv4a_ja,https://scrydex.com/pokemon/expansions/shiny-treasure-ex/sv4a_ja,157,157,Superior Energy Retrieval,,—,,https://images.scrydex.com/pokemon/sv4a_ja-157/large,360,NO
SVシリーズ,2e3e2cf1-be86-4808-87f7-fe01973f0325,SV4a,レイジングサーフ,sv4a_ja,https://scrydex.com/pokemon/expansions/shiny-treasure-ex/sv4a_ja,158,158,Super Rod,,—,,https://images.scrydex.com/pokemon/sv4a_ja-158/large,360,NO
SVシリーズ,2e3e2cf1-be86-4808-87f7-fe01973f0325,SV4a,レイジングサーフ,sv4a_ja,https://scrydex.com/pokemon/expansions/shiny-treasure-ex/sv4a_ja,159,159,Nest Ball,,—,,https://images.scrydex.com/pokemon/sv4a_ja-159/large,360,NO
SVシリーズ,2e3e2cf1-be86-4808-87f7-fe01973f0325,SV4a,レイジングサーフ,sv4a_ja,https://scrydex.com/pokemon/expansions/shiny-treasure-ex/sv4a_ja,160,160,Nemona's Backpack,,—,,https://images.scrydex.com/pokemon/sv4a_ja-160/large,360,NO
SVシリーズ,2e3e2cf1-be86-4808-87f7-fe01973f0325,SV4a,レイジングサーフ,sv4a_ja,https://scrydex.com/pokemon/expansions/shiny-treasure-ex/sv4a_ja,161,161,Ultra Ball,,—,,https://images.scrydex.com/pokemon/sv4a_ja-161/large,360,NO
SVシリーズ,2e3e2cf1-be86-4808-87f7-fe01973f0325,SV4a,レイジングサーフ,sv4a_ja,https://scrydex.com/pokemon/expansions/shiny-treasure-ex/sv4a_ja,162,162,Letter of Encouragement,,—,,https://images.scrydex.com/pokemon/sv4a_ja-162/large,360,NO
SVシリーズ,2e3e2cf1-be86-4808-87f7-fe01973f0325,SV4a,レイジングサーフ,sv4a_ja,https://scrydex.com/pokemon/expansions/shiny-treasure-ex/sv4a_ja,163,163,Rare Candy,,—,,https://images.scrydex.com/pokemon/sv4a_ja-163/large,360,NO
SVシリーズ,2e3e2cf1-be86-4808-87f7-fe01973f0325,SV4a,レイジングサーフ,sv4a_ja,https://scrydex.com/pokemon/expansions/shiny-treasure-ex/sv4a_ja,164,164,Rock Chestplate,,—,,https://images.scrydex.com/pokemon/sv4a_ja-164/large,360,NO
SVシリーズ,2e3e2cf1-be86-4808-87f7-fe01973f0325,SV4a,レイジングサーフ,sv4a_ja,https://scrydex.com/pokemon/expansions/shiny-treasure-ex/sv4a_ja,165,165,Big Air Balloon,,—,,https://images.scrydex.com/pokemon/sv4a_ja-165/large,360,NO
SVシリーズ,2e3e2cf1-be86-4808-87f7-fe01973f0325,SV4a,レイジングサーフ,sv4a_ja,https://scrydex.com/pokemon/expansions/shiny-treasure-ex/sv4a_ja,166,166,Rigid Band,,—,,https://images.scrydex.com/pokemon/sv4a_ja-166/large,360,NO
SVシリーズ,2e3e2cf1-be86-4808-87f7-fe01973f0325,SV4a,レイジングサーフ,sv4a_ja,https://scrydex.com/pokemon/expansions/shiny-treasure-ex/sv4a_ja,167,167,Leftovers,,—,,https://images.scrydex.com/pokemon/sv4a_ja-167/large,360,NO
BWシリーズ,7816388b-32e3-4c5e-9815-b552741bee9c,BW1-Bb,ポケモンカードゲームBW 拡張パック「ブラックコレクション」,bw1b_ja,https://scrydex.com/pokemon/expansions/black-collection/bw1b_ja,54,54,Tornadus,SR,SR,,https://images.scrydex.com/pokemon/bw1b_ja-54/large,53,YES
BWシリーズ,7816388b-32e3-4c5e-9815-b552741bee9c,BW1-Bb,ポケモンカードゲームBW 拡張パック「ブラックコレクション」,bw1b_ja,https://scrydex.com/pokemon/expansions/black-collection/bw1b_ja,55,55,Reshiram,SR,SR,,https://images.scrydex.com/pokemon/bw1b_ja-55/large,53,YES
BWシリーズ,7816388b-32e3-4c5e-9815-b552741bee9c,BW1-Bb,ポケモンカードゲームBW 拡張パック「ブラックコレクション」,bw1b_ja,https://scrydex.com/pokemon/expansions/black-collection/bw1b_ja,56,56,Pikachu,UR,UR,,https://images.scrydex.com/pokemon/bw1b_ja-56/large,53,YES
BWシリーズ,b40da42f-59cd-4cf5-b07d-0a4e0b111b12,BW1-Bw,ポケモンカードゲームBW 拡張パック「ホワイトコレクション」,bw1w_ja,https://scrydex.com/pokemon/expansions/white-collection/bw1w_ja,54,54,Thundurus,SR,SR,,https://images.scrydex.com/pokemon/bw1w_ja-54/large,53,YES
BWシリーズ,b40da42f-59cd-4cf5-b07d-0a4e0b111b12,BW1-Bw,ポケモンカードゲームBW 拡張パック「ホワイトコレクション」,bw1w_ja,https://scrydex.com/pokemon/expansions/white-collection/bw1w_ja,55,55,Zekrom,SR,SR,,https://images.scrydex.com/pokemon/bw1w_ja-55/large,53,YES
BWシリーズ,b40da42f-59cd-4cf5-b07d-0a4e0b111b12,BW1-Bw,ポケモンカードゲームBW 拡張パック「ホワイトコレクション」,bw1w_ja,https://scrydex.com/pokemon/expansions/white-collection/bw1w_ja,56,56,Pikachu,UR,UR,,https://images.scrydex.com/pokemon/bw1w_ja-56/large,53,YES
BWシリーズ,eb0a6865-84ff-4f85-b031-54c9d4e4c14d,BW10-B,ポケモンカードゲームBW コンセプトパック「EXバトルブースト」,ebb1_ja,https://scrydex.com/pokemon/expansions/ex-battle-boost/ebb1_ja,94,94,Reshiram,,—,,https://images.scrydex.com/pokemon/ebb1_ja-94/large,93,YES
BWシリーズ,eb0a6865-84ff-4f85-b031-54c9d4e4c14d,BW10-B,ポケモンカードゲームBW コンセプトパック「EXバトルブースト」,ebb1_ja,https://scrydex.com/pokemon/expansions/ex-battle-boost/ebb1_ja,95,95,Zekrom,,—,,https://images.scrydex.com/pokemon/ebb1_ja-95/large,93,YES
BWシリーズ,eb0a6865-84ff-4f85-b031-54c9d4e4c14d,BW10-B,ポケモンカードゲームBW コンセプトパック「EXバトルブースト」,ebb1_ja,https://scrydex.com/pokemon/expansions/ex-battle-boost/ebb1_ja,96,96,Imakuni?,,—,,https://images.scrydex.com/pokemon/ebb1_ja-96/large,93,YES
BWシリーズ,eb0a6865-84ff-4f85-b031-54c9d4e4c14d,BW10-B,ポケモンカードゲームBW コンセプトパック「EXバトルブースト」,ebb1_ja,https://scrydex.com/pokemon/expansions/ex-battle-boost/ebb1_ja,97,97,Pokémon Enterprise,,—,,https://images.scrydex.com/pokemon/ebb1_ja-97/large,93,YES
BWシリーズ,eb0a6865-84ff-4f85-b031-54c9d4e4c14d,BW10-B,ポケモンカードゲームBW コンセプトパック「EXバトルブースト」,ebb1_ja,https://scrydex.com/pokemon/expansions/ex-battle-boost/ebb1_ja,98,98,Pokémon Enterprise,,—,,https://images.scrydex.com/pokemon/ebb1_ja-98/large,93,YES
BWシリーズ,eb0a6865-84ff-4f85-b031-54c9d4e4c14d,BW10-B,ポケモンカードゲームBW コンセプトパック「EXバトルブースト」,ebb1_ja,https://scrydex.com/pokemon/expansions/ex-battle-boost/ebb1_ja,99,99,Pokémon Enterprise,,—,,https://images.scrydex.com/pokemon/ebb1_ja-99/large,93,YES
BWシリーズ,57924c09-76eb-4558-9b20-3158526e6c65,BW2-B,ポケモンカードゲームBW 拡張パック「レッドコレクション」,bw2_ja,https://scrydex.com/pokemon/expansions/red-collection/bw2_ja,67,67,Virizion,SR,SR,,https://images.scrydex.com/pokemon/bw2_ja-67/large,66,YES
BWシリーズ,57924c09-76eb-4558-9b20-3158526e6c65,BW2-B,ポケモンカードゲームBW 拡張パック「レッドコレクション」,bw2_ja,https://scrydex.com/pokemon/expansions/red-collection/bw2_ja,68,68,Terrakion,SR,SR,,https://images.scrydex.com/pokemon/bw2_ja-68/large,66,YES
BWシリーズ,57924c09-76eb-4558-9b20-3158526e6c65,BW2-B,ポケモンカードゲームBW 拡張パック「レッドコレクション」,bw2_ja,https://scrydex.com/pokemon/expansions/red-collection/bw2_ja,69,69,Cobalion,SR,SR,,https://images.scrydex.com/pokemon/bw2_ja-69/large,66,YES
BWシリーズ,57924c09-76eb-4558-9b20-3158526e6c65,BW2-B,ポケモンカードゲームBW 拡張パック「レッドコレクション」,bw2_ja,https://scrydex.com/pokemon/expansions/red-collection/bw2_ja,70,70,Victini,SR,SR,,https://images.scrydex.com/pokemon/bw2_ja-70/large,66,YES
BWシリーズ,57924c09-76eb-4558-9b20-3158526e6c65,BW2-B,ポケモンカードゲームBW 拡張パック「レッドコレクション」,bw2_ja,https://scrydex.com/pokemon/expansions/red-collection/bw2_ja,71,71,N,SR,SR,,https://images.scrydex.com/pokemon/bw2_ja-71/large,66,YES
BWシリーズ,57924c09-76eb-4558-9b20-3158526e6c65,BW2-B,ポケモンカードゲームBW 拡張パック「レッドコレクション」,bw2_ja,https://scrydex.com/pokemon/expansions/red-collection/bw2_ja,72,72,Meowth,UR,UR,,https://images.scrydex.com/pokemon/bw2_ja-72/large,66,YES
BWシリーズ,eeb4f01f-3792-421f-9dc9-6a8799cd6a06,BW3-Bh,ポケモンカードゲームBW 拡張パック「ヘイルブリザード」,bw3h_ja,https://scrydex.com/pokemon/expansions/hail-blizzard/bw3h_ja,53,53,Kyurem-EX,SR,SR,,https://images.scrydex.com/pokemon/bw3h_ja-53/large,52,YES
BWシリーズ,eeb4f01f-3792-421f-9dc9-6a8799cd6a06,BW3-Bh,ポケモンカードゲームBW 拡張パック「ヘイルブリザード」,bw3h_ja,https://scrydex.com/pokemon/expansions/hail-blizzard/bw3h_ja,54,54,Groudon-EX,SR,SR,,https://images.scrydex.com/pokemon/bw3h_ja-54/large,52,YES
BWシリーズ,eeb4f01f-3792-421f-9dc9-6a8799cd6a06,BW3-Bh,ポケモンカードゲームBW 拡張パック「ヘイルブリザード」,bw3h_ja,https://scrydex.com/pokemon/expansions/hail-blizzard/bw3h_ja,55,55,Regigigas-EX,SR,SR,,https://images.scrydex.com/pokemon/bw3h_ja-55/large,52,YES
BWシリーズ,eeb4f01f-3792-421f-9dc9-6a8799cd6a06,BW3-Bh,ポケモンカードゲームBW 拡張パック「ヘイルブリザード」,bw3h_ja,https://scrydex.com/pokemon/expansions/hail-blizzard/bw3h_ja,56,56,Emboar,UR,UR,,https://images.scrydex.com/pokemon/bw3h_ja-56/large,52,YES
BWシリーズ,eeb4f01f-3792-421f-9dc9-6a8799cd6a06,BW3-Bh,ポケモンカードゲームBW 拡張パック「ヘイルブリザード」,bw3h_ja,https://scrydex.com/pokemon/expansions/hail-blizzard/bw3h_ja,57,57,Chandelure,UR,UR,,https://images.scrydex.com/pokemon/bw3h_ja-57/large,52,YES
BWシリーズ,b7b434e5-3fee-4321-a856-7cb6afbe5941,BW3-Bp,ポケモンカードゲームBW 拡張パック「サイコドライブ」,bw3p_ja,https://scrydex.com/pokemon/expansions/psycho-drive/bw3p_ja,53,53,Shaymin-EX,SR,SR,,https://images.scrydex.com/pokemon/bw3p_ja-53/large,52,YES
BWシリーズ,b7b434e5-3fee-4321-a856-7cb6afbe5941,BW3-Bp,ポケモンカードゲームBW 拡張パック「サイコドライブ」,bw3p_ja,https://scrydex.com/pokemon/expansions/psycho-drive/bw3p_ja,54,54,Kyogre-EX,SR,SR,,https://images.scrydex.com/pokemon/bw3p_ja-54/large,52,YES
BWシリーズ,b7b434e5-3fee-4321-a856-7cb6afbe5941,BW3-Bp,ポケモンカードゲームBW 拡張パック「サイコドライブ」,bw3p_ja,https://scrydex.com/pokemon/expansions/psycho-drive/bw3p_ja,55,55,Mewtwo-EX,SR,SR,,https://images.scrydex.com/pokemon/bw3p_ja-55/large,52,YES
BWシリーズ,b7b434e5-3fee-4321-a856-7cb6afbe5941,BW3-Bp,ポケモンカードゲームBW 拡張パック「サイコドライブ」,bw3p_ja,https://scrydex.com/pokemon/expansions/psycho-drive/bw3p_ja,56,56,Zoroark,UR,UR,,https://images.scrydex.com/pokemon/bw3p_ja-56/large,52,YES
BWシリーズ,b7b434e5-3fee-4321-a856-7cb6afbe5941,BW3-Bp,ポケモンカードゲームBW 拡張パック「サイコドライブ」,bw3p_ja,https://scrydex.com/pokemon/expansions/psycho-drive/bw3p_ja,57,57,Hydreigon,UR,UR,,https://images.scrydex.com/pokemon/bw3p_ja-57/large,52,YES
BWシリーズ,6b8faf93-bc0b-4539-aca0-5b0cdcba2d41,BW5-Brn,ポケモンカードゲームBW 拡張パック「リューノブレード」,bw5d_ja,https://scrydex.com/pokemon/expansions/dragon-blade/bw5d_ja,51,51,Ho-Oh-EX,SR,SR,,https://images.scrydex.com/pokemon/bw5d_ja-51/large,50,YES
BWシリーズ,6b8faf93-bc0b-4539-aca0-5b0cdcba2d41,BW5-Brn,ポケモンカードゲームBW 拡張パック「リューノブレード」,bw5d_ja,https://scrydex.com/pokemon/expansions/dragon-blade/bw5d_ja,52,52,Registeel-EX,SR,SR,,https://images.scrydex.com/pokemon/bw5d_ja-52/large,50,YES
BWシリーズ,6b8faf93-bc0b-4539-aca0-5b0cdcba2d41,BW5-Brn,ポケモンカードゲームBW 拡張パック「リューノブレード」,bw5d_ja,https://scrydex.com/pokemon/expansions/dragon-blade/bw5d_ja,53,53,Rayquaza-EX,SR,SR,,https://images.scrydex.com/pokemon/bw5d_ja-53/large,50,YES
BWシリーズ,6b8faf93-bc0b-4539-aca0-5b0cdcba2d41,BW5-Brn,ポケモンカードゲームBW 拡張パック「リューノブレード」,bw5d_ja,https://scrydex.com/pokemon/expansions/dragon-blade/bw5d_ja,54,54,Serperior,UR,UR,,https://images.scrydex.com/pokemon/bw5d_ja-54/large,50,YES
BWシリーズ,6b8faf93-bc0b-4539-aca0-5b0cdcba2d41,BW5-Brn,ポケモンカードゲームBW 拡張パック「リューノブレード」,bw5d_ja,https://scrydex.com/pokemon/expansions/dragon-blade/bw5d_ja,55,55,Krookodile,UR,UR,,https://images.scrydex.com/pokemon/bw5d_ja-55/large,50,YES
BWシリーズ,55fb9c24-1735-4a8c-b090-eebabf950f94,BW6-Bc,ポケモンカードゲームBW 拡張パック「コールドフレア」,bw6c_ja,https://scrydex.com/pokemon/expansions/cold-flare/bw6c_ja,60,60,Celebi-EX,SR,SR,,https://images.scrydex.com/pokemon/bw6c_ja-60/large,59,YES
BWシリーズ,55fb9c24-1735-4a8c-b090-eebabf950f94,BW6-Bc,ポケモンカードゲームBW 拡張パック「コールドフレア」,bw6c_ja,https://scrydex.com/pokemon/expansions/cold-flare/bw6c_ja,61,61,Keldeo-EX,SR,SR,,https://images.scrydex.com/pokemon/bw6c_ja-61/large,59,YES
BWシリーズ,55fb9c24-1735-4a8c-b090-eebabf950f94,BW6-Bc,ポケモンカードゲームBW 拡張パック「コールドフレア」,bw6c_ja,https://scrydex.com/pokemon/expansions/cold-flare/bw6c_ja,62,62,White Kyurem-EX,SR,SR,,https://images.scrydex.com/pokemon/bw6c_ja-62/large,59,YES
BWシリーズ,55fb9c24-1735-4a8c-b090-eebabf950f94,BW6-Bc,ポケモンカードゲームBW 拡張パック「コールドフレア」,bw6c_ja,https://scrydex.com/pokemon/expansions/cold-flare/bw6c_ja,63,63,Bianca,SR,SR,,https://images.scrydex.com/pokemon/bw6c_ja-63/large,59,YES
BWシリーズ,55fb9c24-1735-4a8c-b090-eebabf950f94,BW6-Bc,ポケモンカードゲームBW 拡張パック「コールドフレア」,bw6c_ja,https://scrydex.com/pokemon/expansions/cold-flare/bw6c_ja,64,64,Terrakion,UR,UR,,https://images.scrydex.com/pokemon/bw6c_ja-64/large,59,YES
BWシリーズ,55fb9c24-1735-4a8c-b090-eebabf950f94,BW6-Bc,ポケモンカードゲームBW 拡張パック「コールドフレア」,bw6c_ja,https://scrydex.com/pokemon/expansions/cold-flare/bw6c_ja,65,65,Altaria,UR,UR,,https://images.scrydex.com/pokemon/bw6c_ja-65/large,59,YES
BWシリーズ,d80a5f18-cad8-457f-90e6-3fbfd527f8c2,BW7-B,ポケモンカードゲームBW 拡張パック「プラズマゲイル」,bw7_ja,https://scrydex.com/pokemon/expansions/plasma-gale/bw7_ja,71,71,Victini-EX,SR,SR,,https://images.scrydex.com/pokemon/bw7_ja-71/large,70,YES
BWシリーズ,d80a5f18-cad8-457f-90e6-3fbfd527f8c2,BW7-B,ポケモンカードゲームBW 拡張パック「プラズマゲイル」,bw7_ja,https://scrydex.com/pokemon/expansions/plasma-gale/bw7_ja,72,72,Articuno-EX,SR,SR,,https://images.scrydex.com/pokemon/bw7_ja-72/large,70,YES
BWシリーズ,d80a5f18-cad8-457f-90e6-3fbfd527f8c2,BW7-B,ポケモンカードゲームBW 拡張パック「プラズマゲイル」,bw7_ja,https://scrydex.com/pokemon/expansions/plasma-gale/bw7_ja,73,73,Cobalion-EX,SR,SR,,https://images.scrydex.com/pokemon/bw7_ja-73/large,70,YES
BWシリーズ,d80a5f18-cad8-457f-90e6-3fbfd527f8c2,BW7-B,ポケモンカードゲームBW 拡張パック「プラズマゲイル」,bw7_ja,https://scrydex.com/pokemon/expansions/plasma-gale/bw7_ja,74,74,Lugia-EX,SR,SR,,https://images.scrydex.com/pokemon/bw7_ja-74/large,70,YES
BWシリーズ,d80a5f18-cad8-457f-90e6-3fbfd527f8c2,BW7-B,ポケモンカードゲームBW 拡張パック「プラズマゲイル」,bw7_ja,https://scrydex.com/pokemon/expansions/plasma-gale/bw7_ja,75,75,Colress,SR,SR,,https://images.scrydex.com/pokemon/bw7_ja-75/large,70,YES
BWシリーズ,d80a5f18-cad8-457f-90e6-3fbfd527f8c2,BW7-B,ポケモンカードゲームBW 拡張パック「プラズマゲイル」,bw7_ja,https://scrydex.com/pokemon/expansions/plasma-gale/bw7_ja,76,76,Skyla,SR,SR,,https://images.scrydex.com/pokemon/bw7_ja-76/large,70,YES
BWシリーズ,d80a5f18-cad8-457f-90e6-3fbfd527f8c2,BW7-B,ポケモンカードゲームBW 拡張パック「プラズマゲイル」,bw7_ja,https://scrydex.com/pokemon/expansions/plasma-gale/bw7_ja,77,77,Charizard,UR,UR,,https://images.scrydex.com/pokemon/bw7_ja-77/large,70,YES
BWシリーズ,d80a5f18-cad8-457f-90e6-3fbfd527f8c2,BW7-B,ポケモンカードゲームBW 拡張パック「プラズマゲイル」,bw7_ja,https://scrydex.com/pokemon/expansions/plasma-gale/bw7_ja,78,78,Blastoise,UR,UR,,https://images.scrydex.com/pokemon/bw7_ja-78/large,70,YES
BWシリーズ,d80a5f18-cad8-457f-90e6-3fbfd527f8c2,BW7-B,ポケモンカードゲームBW 拡張パック「プラズマゲイル」,bw7_ja,https://scrydex.com/pokemon/expansions/plasma-gale/bw7_ja,79,79,Random Receiver,UR,UR,,https://images.scrydex.com/pokemon/bw7_ja-79/large,70,YES
BWシリーズ,71a210ff-9d68-4eed-900a-43b5f14a70c6,BW8-Brn,ポケモンカードゲームBW 拡張パック「ライデンナックル」,bw8t_ja,https://scrydex.com/pokemon/expansions/thunder-knuckle/bw8t_ja,52,52,Thundurus-EX,SR,SR,,https://images.scrydex.com/pokemon/bw8t_ja-52/large,51,YES
BWシリーズ,71a210ff-9d68-4eed-900a-43b5f14a70c6,BW8-Brn,ポケモンカードゲームBW 拡張パック「ライデンナックル」,bw8t_ja,https://scrydex.com/pokemon/expansions/thunder-knuckle/bw8t_ja,53,53,Latias-EX,SR,SR,,https://images.scrydex.com/pokemon/bw8t_ja-53/large,51,YES
BWシリーズ,71a210ff-9d68-4eed-900a-43b5f14a70c6,BW8-Brn,ポケモンカードゲームBW 拡張パック「ライデンナックル」,bw8t_ja,https://scrydex.com/pokemon/expansions/thunder-knuckle/bw8t_ja,54,54,Tornadus-EX,SR,SR,,https://images.scrydex.com/pokemon/bw8t_ja-54/large,51,YES
BWシリーズ,71a210ff-9d68-4eed-900a-43b5f14a70c6,BW8-Brn,ポケモンカードゲームBW 拡張パック「ライデンナックル」,bw8t_ja,https://scrydex.com/pokemon/expansions/thunder-knuckle/bw8t_ja,55,55,Professor Juniper,SR,SR,,https://images.scrydex.com/pokemon/bw8t_ja-55/large,51,YES
BWシリーズ,71a210ff-9d68-4eed-900a-43b5f14a70c6,BW8-Brn,ポケモンカードゲームBW 拡張パック「ライデンナックル」,bw8t_ja,https://scrydex.com/pokemon/expansions/thunder-knuckle/bw8t_ja,56,56,Garbodor,UR,UR,,https://images.scrydex.com/pokemon/bw8t_ja-56/large,51,YES
BWシリーズ,71a210ff-9d68-4eed-900a-43b5f14a70c6,BW8-Brn,ポケモンカードゲームBW 拡張パック「ライデンナックル」,bw8t_ja,https://scrydex.com/pokemon/expansions/thunder-knuckle/bw8t_ja,57,57,Garchomp,UR,UR,,https://images.scrydex.com/pokemon/bw8t_ja-57/large,51,YES
BWシリーズ,71a210ff-9d68-4eed-900a-43b5f14a70c6,BW8-Brn,ポケモンカードゲームBW 拡張パック「ライデンナックル」,bw8t_ja,https://scrydex.com/pokemon/expansions/thunder-knuckle/bw8t_ja,58,58,Max Potion,UR,UR,,https://images.scrydex.com/pokemon/bw8t_ja-58/large,51,YES
ソード・シールド,519974df-352f-47fe-a03f-04e3e551a5da,S10b,強化拡張パック「Pokémon GO」,swsh10b_ja,https://scrydex.com/pokemon/expansions/pokmon-go/swsh10b_ja,94,94,Grass Energy,,—,,https://images.scrydex.com/pokemon/swsh10b_ja-94/large,93,YES
ソード・シールド,519974df-352f-47fe-a03f-04e3e551a5da,S10b,強化拡張パック「Pokémon GO」,swsh10b_ja,https://scrydex.com/pokemon/expansions/pokmon-go/swsh10b_ja,95,95,Fire Energy,,—,,https://images.scrydex.com/pokemon/swsh10b_ja-95/large,93,YES
ソード・シールド,519974df-352f-47fe-a03f-04e3e551a5da,S10b,強化拡張パック「Pokémon GO」,swsh10b_ja,https://scrydex.com/pokemon/expansions/pokmon-go/swsh10b_ja,96,96,Water Energy,,—,,https://images.scrydex.com/pokemon/swsh10b_ja-96/large,93,YES
ソード・シールド,519974df-352f-47fe-a03f-04e3e551a5da,S10b,強化拡張パック「Pokémon GO」,swsh10b_ja,https://scrydex.com/pokemon/expansions/pokmon-go/swsh10b_ja,97,97,Lightning Energy,,—,,https://images.scrydex.com/pokemon/swsh10b_ja-97/large,93,YES
ソード・シールド,519974df-352f-47fe-a03f-04e3e551a5da,S10b,強化拡張パック「Pokémon GO」,swsh10b_ja,https://scrydex.com/pokemon/expansions/pokmon-go/swsh10b_ja,98,98,Psychic Energy,,—,,https://images.scrydex.com/pokemon/swsh10b_ja-98/large,93,YES
ソード・シールド,519974df-352f-47fe-a03f-04e3e551a5da,S10b,強化拡張パック「Pokémon GO」,swsh10b_ja,https://scrydex.com/pokemon/expansions/pokmon-go/swsh10b_ja,99,99,Fighting Energy,,—,,https://images.scrydex.com/pokemon/swsh10b_ja-99/large,93,YES
ソード・シールド,519974df-352f-47fe-a03f-04e3e551a5da,S10b,強化拡張パック「Pokémon GO」,swsh10b_ja,https://scrydex.com/pokemon/expansions/pokmon-go/swsh10b_ja,100,100,Darkness Energy,,—,,https://images.scrydex.com/pokemon/swsh10b_ja-100/large,93,YES
ソード・シールド,519974df-352f-47fe-a03f-04e3e551a5da,S10b,強化拡張パック「Pokémon GO」,swsh10b_ja,https://scrydex.com/pokemon/expansions/pokmon-go/swsh10b_ja,101,101,Metal Energy,,—,,https://images.scrydex.com/pokemon/swsh10b_ja-101/large,93,YES
ソード・シールド,e7364633-fbf1-400c-8da2-63b129f42c38,S1W,拡張パック「ソード」,swsh1w_ja,https://scrydex.com/pokemon/expansions/sword/swsh1w_ja,69,69,Lapras VMAX,HR,HR,,https://images.scrydex.com/pokemon/swsh1w_ja-69/large,68,YES
ソード・シールド,e7364633-fbf1-400c-8da2-63b129f42c38,S1W,拡張パック「ソード」,swsh1w_ja,https://scrydex.com/pokemon/expansions/sword/swsh1w_ja,70,70,Stonjourner VMAX,HR,HR,,https://images.scrydex.com/pokemon/swsh1w_ja-70/large,68,YES
ソード・シールド,e7364633-fbf1-400c-8da2-63b129f42c38,S1W,拡張パック「ソード」,swsh1w_ja,https://scrydex.com/pokemon/expansions/sword/swsh1w_ja,71,71,Professor's Research,HR,HR,,https://images.scrydex.com/pokemon/swsh1w_ja-71/large,68,YES
ソード・シールド,e7364633-fbf1-400c-8da2-63b129f42c38,S1W,拡張パック「ソード」,swsh1w_ja,https://scrydex.com/pokemon/expansions/sword/swsh1w_ja,72,72,Bede,HR,HR,,https://images.scrydex.com/pokemon/swsh1w_ja-72/large,68,YES
ソード・シールド,e7364633-fbf1-400c-8da2-63b129f42c38,S1W,拡張パック「ソード」,swsh1w_ja,https://scrydex.com/pokemon/expansions/sword/swsh1w_ja,73,73,Zacian V,UR,UR,,https://images.scrydex.com/pokemon/swsh1w_ja-73/large,68,YES
ソード・シールド,e7364633-fbf1-400c-8da2-63b129f42c38,S1W,拡張パック「ソード」,swsh1w_ja,https://scrydex.com/pokemon/expansions/sword/swsh1w_ja,74,74,Ordinary Rod,UR,UR,,https://images.scrydex.com/pokemon/swsh1w_ja-74/large,68,YES
ソード・シールド,e7364633-fbf1-400c-8da2-63b129f42c38,S1W,拡張パック「ソード」,swsh1w_ja,https://scrydex.com/pokemon/expansions/sword/swsh1w_ja,75,75,Air Balloon,UR,UR,,https://images.scrydex.com/pokemon/swsh1w_ja-75/large,68,YES
ソード・シールド,7d28ee74-f539-44c6-9aa1-1af5bf6c65aa,S2,拡張パック「反逆クラッシュ」,swsh2_ja,https://scrydex.com/pokemon/expansions/rebellion-crash/swsh2_ja,107,107,Toxtricity VMAX,HR,HR,,https://images.scrydex.com/pokemon/swsh2_ja-107/large,106,YES
ソード・シールド,7d28ee74-f539-44c6-9aa1-1af5bf6c65aa,S2,拡張パック「反逆クラッシュ」,swsh2_ja,https://scrydex.com/pokemon/expansions/rebellion-crash/swsh2_ja,108,108,Dragapult VMAX,HR,HR,,https://images.scrydex.com/pokemon/swsh2_ja-108/large,106,YES
ソード・シールド,7d28ee74-f539-44c6-9aa1-1af5bf6c65aa,S2,拡張パック「反逆クラッシュ」,swsh2_ja,https://scrydex.com/pokemon/expansions/rebellion-crash/swsh2_ja,109,109,Malamar VMAX,HR,HR,,https://images.scrydex.com/pokemon/swsh2_ja-109/large,106,YES
ソード・シールド,7d28ee74-f539-44c6-9aa1-1af5bf6c65aa,S2,拡張パック「反逆クラッシュ」,swsh2_ja,https://scrydex.com/pokemon/expansions/rebellion-crash/swsh2_ja,110,110,Copperajah VMAX,HR,HR,,https://images.scrydex.com/pokemon/swsh2_ja-110/large,106,YES
ソード・シールド,7d28ee74-f539-44c6-9aa1-1af5bf6c65aa,S2,拡張パック「反逆クラッシュ」,swsh2_ja,https://scrydex.com/pokemon/expansions/rebellion-crash/swsh2_ja,111,111,Oleana,HR,HR,,https://images.scrydex.com/pokemon/swsh2_ja-111/large,106,YES
ソード・シールド,7d28ee74-f539-44c6-9aa1-1af5bf6c65aa,S2,拡張パック「反逆クラッシュ」,swsh2_ja,https://scrydex.com/pokemon/expansions/rebellion-crash/swsh2_ja,112,112,Boss's Orders,HR,HR,,https://images.scrydex.com/pokemon/swsh2_ja-112/large,106,YES
ソード・シールド,7d28ee74-f539-44c6-9aa1-1af5bf6c65aa,S2,拡張パック「反逆クラッシュ」,swsh2_ja,https://scrydex.com/pokemon/expansions/rebellion-crash/swsh2_ja,113,113,Galarian Perrserker,UR,UR,,https://images.scrydex.com/pokemon/swsh2_ja-113/large,106,YES
ソード・シールド,7d28ee74-f539-44c6-9aa1-1af5bf6c65aa,S2,拡張パック「反逆クラッシュ」,swsh2_ja,https://scrydex.com/pokemon/expansions/rebellion-crash/swsh2_ja,114,114,Scoop Up Net,UR,UR,,https://images.scrydex.com/pokemon/swsh2_ja-114/large,106,YES
ソード・シールド,7d28ee74-f539-44c6-9aa1-1af5bf6c65aa,S2,拡張パック「反逆クラッシュ」,swsh2_ja,https://scrydex.com/pokemon/expansions/rebellion-crash/swsh2_ja,115,115,Tool Scrapper,UR,UR,,https://images.scrydex.com/pokemon/swsh2_ja-115/large,106,YES
ソード・シールド,c82f1d3a-3f74-454a-9a22-8ee9ac53e4e8,S3,拡張パック「ムゲンゾーン」,swsh3_ja,https://scrydex.com/pokemon/expansions/infinity-zone/swsh3_ja,111,111,Drednaw VMAX,HR,HR,,https://images.scrydex.com/pokemon/swsh3_ja-111/large,110,YES
ソード・シールド,c82f1d3a-3f74-454a-9a22-8ee9ac53e4e8,S3,拡張パック「ムゲンゾーン」,swsh3_ja,https://scrydex.com/pokemon/expansions/infinity-zone/swsh3_ja,112,112,Eternatus VMAX,HR,HR,,https://images.scrydex.com/pokemon/swsh3_ja-112/large,110,YES
ソード・シールド,c82f1d3a-3f74-454a-9a22-8ee9ac53e4e8,S3,拡張パック「ムゲンゾーン」,swsh3_ja,https://scrydex.com/pokemon/expansions/infinity-zone/swsh3_ja,113,113,Scizor VMAX,HR,HR,,https://images.scrydex.com/pokemon/swsh3_ja-113/large,110,YES
ソード・シールド,c82f1d3a-3f74-454a-9a22-8ee9ac53e4e8,S3,拡張パック「ムゲンゾーン」,swsh3_ja,https://scrydex.com/pokemon/expansions/infinity-zone/swsh3_ja,114,114,Salamence VMAX,HR,HR,,https://images.scrydex.com/pokemon/swsh3_ja-114/large,110,YES
ソード・シールド,c82f1d3a-3f74-454a-9a22-8ee9ac53e4e8,S3,拡張パック「ムゲンゾーン」,swsh3_ja,https://scrydex.com/pokemon/expansions/infinity-zone/swsh3_ja,115,115,Piers,HR,HR,,https://images.scrydex.com/pokemon/swsh3_ja-115/large,110,YES
ソード・シールド,c82f1d3a-3f74-454a-9a22-8ee9ac53e4e8,S3,拡張パック「ムゲンゾーン」,swsh3_ja,https://scrydex.com/pokemon/expansions/infinity-zone/swsh3_ja,116,116,Rose,HR,HR,,https://images.scrydex.com/pokemon/swsh3_ja-116/large,110,YES
ソード・シールド,c82f1d3a-3f74-454a-9a22-8ee9ac53e4e8,S3,拡張パック「ムゲンゾーン」,swsh3_ja,https://scrydex.com/pokemon/expansions/infinity-zone/swsh3_ja,117,117,Coalossal,UR,UR,,https://images.scrydex.com/pokemon/swsh3_ja-117/large,110,YES
ソード・シールド,c82f1d3a-3f74-454a-9a22-8ee9ac53e4e8,S3,拡張パック「ムゲンゾーン」,swsh3_ja,https://scrydex.com/pokemon/expansions/infinity-zone/swsh3_ja,118,118,Turbo Patch,UR,UR,,https://images.scrydex.com/pokemon/swsh3_ja-118/large,110,YES
ソード・シールド,c82f1d3a-3f74-454a-9a22-8ee9ac53e4e8,S3,拡張パック「ムゲンゾーン」,swsh3_ja,https://scrydex.com/pokemon/expansions/infinity-zone/swsh3_ja,119,119,Capture Energy,UR,UR,,https://images.scrydex.com/pokemon/swsh3_ja-119/large,110,YES
ソード・シールド,55532dfc-3744-4734-b6b3-db9157b43812,S4,拡張パック「仰天のボルテッカー」,swsh4_ja,https://scrydex.com/pokemon/expansions/amazing-volt-tackle/swsh4_ja,112,112,Orbeetle VMAX,HR,HR,,https://images.scrydex.com/pokemon/swsh4_ja-112/large,111,YES
ソード・シールド,55532dfc-3744-4734-b6b3-db9157b43812,S4,拡張パック「仰天のボルテッカー」,swsh4_ja,https://scrydex.com/pokemon/expansions/amazing-volt-tackle/swsh4_ja,113,113,Galarian Darmanitan VMAX,HR,HR,,https://images.scrydex.com/pokemon/swsh4_ja-113/large,111,YES
ソード・シールド,55532dfc-3744-4734-b6b3-db9157b43812,S4,拡張パック「仰天のボルテッカー」,swsh4_ja,https://scrydex.com/pokemon/expansions/amazing-volt-tackle/swsh4_ja,114,114,Pikachu VMAX,HR,HR,,https://images.scrydex.com/pokemon/swsh4_ja-114/large,111,YES
ソード・シールド,55532dfc-3744-4734-b6b3-db9157b43812,S4,拡張パック「仰天のボルテッカー」,swsh4_ja,https://scrydex.com/pokemon/expansions/amazing-volt-tackle/swsh4_ja,115,115,Aegislash VMAX,HR,HR,,https://images.scrydex.com/pokemon/swsh4_ja-115/large,111,YES
ソード・シールド,55532dfc-3744-4734-b6b3-db9157b43812,S4,拡張パック「仰天のボルテッカー」,swsh4_ja,https://scrydex.com/pokemon/expansions/amazing-volt-tackle/swsh4_ja,116,116,Bea,HR,HR,,https://images.scrydex.com/pokemon/swsh4_ja-116/large,111,YES
ソード・シールド,55532dfc-3744-4734-b6b3-db9157b43812,S4,拡張パック「仰天のボルテッカー」,swsh4_ja,https://scrydex.com/pokemon/expansions/amazing-volt-tackle/swsh4_ja,117,117,Leon,HR,HR,,https://images.scrydex.com/pokemon/swsh4_ja-117/large,111,YES
ソード・シールド,55532dfc-3744-4734-b6b3-db9157b43812,S4,拡張パック「仰天のボルテッカー」,swsh4_ja,https://scrydex.com/pokemon/expansions/amazing-volt-tackle/swsh4_ja,118,118,Nessa,HR,HR,,https://images.scrydex.com/pokemon/swsh4_ja-118/large,111,YES
ソード・シールド,55532dfc-3744-4734-b6b3-db9157b43812,S4,拡張パック「仰天のボルテッカー」,swsh4_ja,https://scrydex.com/pokemon/expansions/amazing-volt-tackle/swsh4_ja,119,119,Galarian Obstagoon,UR,UR,,https://images.scrydex.com/pokemon/swsh4_ja-119/large,111,YES
ソード・シールド,55532dfc-3744-4734-b6b3-db9157b43812,S4,拡張パック「仰天のボルテッカー」,swsh4_ja,https://scrydex.com/pokemon/expansions/amazing-volt-tackle/swsh4_ja,120,120,Telescopic Sight,UR,UR,,https://images.scrydex.com/pokemon/swsh4_ja-120/large,111,YES
ソード・シールド,55532dfc-3744-4734-b6b3-db9157b43812,S4,拡張パック「仰天のボルテッカー」,swsh4_ja,https://scrydex.com/pokemon/expansions/amazing-volt-tackle/swsh4_ja,121,121,Memory Capsule,UR,UR,,https://images.scrydex.com/pokemon/swsh4_ja-121/large,111,YES
ソード・シールド,b8da2cc6-5a50-4b94-898d-bbb675e70c0a,S5a,強化拡張パック「双璧のファイター」,swsh5a_ja,https://scrydex.com/pokemon/expansions/peerless-fighters/swsh5a_ja,85,85,Blaziken VMAX,HR,HR,,https://images.scrydex.com/pokemon/swsh5a_ja-85/large,84,YES
ソード・シールド,b8da2cc6-5a50-4b94-898d-bbb675e70c0a,S5a,強化拡張パック「双璧のファイター」,swsh5a_ja,https://scrydex.com/pokemon/expansions/peerless-fighters/swsh5a_ja,86,86,Blaziken VMAX,HR,HR,,https://images.scrydex.com/pokemon/swsh5a_ja-86/large,84,YES
ソード・シールド,b8da2cc6-5a50-4b94-898d-bbb675e70c0a,S5a,強化拡張パック「双璧のファイター」,swsh5a_ja,https://scrydex.com/pokemon/expansions/peerless-fighters/swsh5a_ja,87,87,Dracozolt VMAX,HR,HR,,https://images.scrydex.com/pokemon/swsh5a_ja-87/large,84,YES
ソード・シールド,b8da2cc6-5a50-4b94-898d-bbb675e70c0a,S5a,強化拡張パック「双璧のファイター」,swsh5a_ja,https://scrydex.com/pokemon/expansions/peerless-fighters/swsh5a_ja,88,88,Galarian Slowking VMAX,HR,HR,,https://images.scrydex.com/pokemon/swsh5a_ja-88/large,84,YES
ソード・シールド,b8da2cc6-5a50-4b94-898d-bbb675e70c0a,S5a,強化拡張パック「双璧のファイター」,swsh5a_ja,https://scrydex.com/pokemon/expansions/peerless-fighters/swsh5a_ja,89,89,Karen's Conviction,HR,HR,,https://images.scrydex.com/pokemon/swsh5a_ja-89/large,84,YES
ソード・シールド,b8da2cc6-5a50-4b94-898d-bbb675e70c0a,S5a,強化拡張パック「双璧のファイター」,swsh5a_ja,https://scrydex.com/pokemon/expansions/peerless-fighters/swsh5a_ja,90,90,Klara,HR,HR,,https://images.scrydex.com/pokemon/swsh5a_ja-90/large,84,YES
ソード・シールド,b8da2cc6-5a50-4b94-898d-bbb675e70c0a,S5a,強化拡張パック「双璧のファイター」,swsh5a_ja,https://scrydex.com/pokemon/expansions/peerless-fighters/swsh5a_ja,91,91,Avery,HR,HR,,https://images.scrydex.com/pokemon/swsh5a_ja-91/large,84,YES
ソード・シールド,b8da2cc6-5a50-4b94-898d-bbb675e70c0a,S5a,強化拡張パック「双璧のファイター」,swsh5a_ja,https://scrydex.com/pokemon/expansions/peerless-fighters/swsh5a_ja,92,92,Brawly,HR,HR,,https://images.scrydex.com/pokemon/swsh5a_ja-92/large,84,YES
ソード・シールド,b8da2cc6-5a50-4b94-898d-bbb675e70c0a,S5a,強化拡張パック「双璧のファイター」,swsh5a_ja,https://scrydex.com/pokemon/expansions/peerless-fighters/swsh5a_ja,93,93,Snorlax,UR,UR,,https://images.scrydex.com/pokemon/swsh5a_ja-93/large,84,YES
ソード・シールド,b8da2cc6-5a50-4b94-898d-bbb675e70c0a,S5a,強化拡張パック「双璧のファイター」,swsh5a_ja,https://scrydex.com/pokemon/expansions/peerless-fighters/swsh5a_ja,94,94,Fan of Waves,UR,UR,,https://images.scrydex.com/pokemon/swsh5a_ja-94/large,84,YES
ソード・シールド,b8da2cc6-5a50-4b94-898d-bbb675e70c0a,S5a,強化拡張パック「双璧のファイター」,swsh5a_ja,https://scrydex.com/pokemon/expansions/peerless-fighters/swsh5a_ja,95,95,Urn of Vitality,UR,UR,,https://images.scrydex.com/pokemon/swsh5a_ja-95/large,84,YES
ソード・シールド,b8da2cc6-5a50-4b94-898d-bbb675e70c0a,S5a,強化拡張パック「双璧のファイター」,swsh5a_ja,https://scrydex.com/pokemon/expansions/peerless-fighters/swsh5a_ja,96,96,Fighting Energy,UR,UR,,https://images.scrydex.com/pokemon/swsh5a_ja-96/large,84,YES
ソード・シールド,d67a90e5-6bf3-4a5b-8181-26f09eca8a1b,S7R,拡張パック「蒼空ストリーム」,swsh7r_ja,https://scrydex.com/pokemon/expansions/blue-sky-stream/swsh7r_ja,80,80,Trevenant VMAX,HR,HR,,https://images.scrydex.com/pokemon/swsh7r_ja-80/large,79,YES
ソード・シールド,d67a90e5-6bf3-4a5b-8181-26f09eca8a1b,S7R,拡張パック「蒼空ストリーム」,swsh7r_ja,https://scrydex.com/pokemon/expansions/blue-sky-stream/swsh7r_ja,81,81,Gyarados VMAX,HR,HR,,https://images.scrydex.com/pokemon/swsh7r_ja-81/large,79,YES
ソード・シールド,d67a90e5-6bf3-4a5b-8181-26f09eca8a1b,S7R,拡張パック「蒼空ストリーム」,swsh7r_ja,https://scrydex.com/pokemon/expansions/blue-sky-stream/swsh7r_ja,82,82,Rayquaza VMAX,HR,HR,,https://images.scrydex.com/pokemon/swsh7r_ja-82/large,79,YES
ソード・シールド,d67a90e5-6bf3-4a5b-8181-26f09eca8a1b,S7R,拡張パック「蒼空ストリーム」,swsh7r_ja,https://scrydex.com/pokemon/expansions/blue-sky-stream/swsh7r_ja,83,83,Rayquaza VMAX,HR,HR,,https://images.scrydex.com/pokemon/swsh7r_ja-83/large,79,YES
ソード・シールド,d67a90e5-6bf3-4a5b-8181-26f09eca8a1b,S7R,拡張パック「蒼空ストリーム」,swsh7r_ja,https://scrydex.com/pokemon/expansions/blue-sky-stream/swsh7r_ja,84,84,Shauna,HR,HR,,https://images.scrydex.com/pokemon/swsh7r_ja-84/large,79,YES
ソード・シールド,d67a90e5-6bf3-4a5b-8181-26f09eca8a1b,S7R,拡張パック「蒼空ストリーム」,swsh7r_ja,https://scrydex.com/pokemon/expansions/blue-sky-stream/swsh7r_ja,85,85,Schoolboy,HR,HR,,https://images.scrydex.com/pokemon/swsh7r_ja-85/large,79,YES
ソード・シールド,d67a90e5-6bf3-4a5b-8181-26f09eca8a1b,S7R,拡張パック「蒼空ストリーム」,swsh7r_ja,https://scrydex.com/pokemon/expansions/blue-sky-stream/swsh7r_ja,86,86,Zinnia's Resolve,HR,HR,,https://images.scrydex.com/pokemon/swsh7r_ja-86/large,79,YES
ソード・シールド,d67a90e5-6bf3-4a5b-8181-26f09eca8a1b,S7R,拡張パック「蒼空ストリーム」,swsh7r_ja,https://scrydex.com/pokemon/expansions/blue-sky-stream/swsh7r_ja,87,87,Froslass,UR,UR,,https://images.scrydex.com/pokemon/swsh7r_ja-87/large,79,YES
ソード・シールド,d67a90e5-6bf3-4a5b-8181-26f09eca8a1b,S7R,拡張パック「蒼空ストリーム」,swsh7r_ja,https://scrydex.com/pokemon/expansions/blue-sky-stream/swsh7r_ja,88,88,Toy Catcher,UR,UR,,https://images.scrydex.com/pokemon/swsh7r_ja-88/large,79,YES
ソード・シールド,d67a90e5-6bf3-4a5b-8181-26f09eca8a1b,S7R,拡張パック「蒼空ストリーム」,swsh7r_ja,https://scrydex.com/pokemon/expansions/blue-sky-stream/swsh7r_ja,89,89,Stormy Mountains,UR,UR,,https://images.scrydex.com/pokemon/swsh7r_ja-89/large,79,YES
ソード・シールド,d67a90e5-6bf3-4a5b-8181-26f09eca8a1b,S7R,拡張パック「蒼空ストリーム」,swsh7r_ja,https://scrydex.com/pokemon/expansions/blue-sky-stream/swsh7r_ja,90,90,Lightning Energy,UR,UR,,https://images.scrydex.com/pokemon/swsh7r_ja-90/large,79,YES
BWシリーズ,20672802-91f9-40b4-909f-312ffba0dd5b,BW4-B,ポケモンカードゲームBW 拡張パック「ダークラッシュ」,bw4_ja,https://scrydex.com/pokemon/expansions/dark-rush/bw4_ja,70,70,Entei-EX,SR,SR,,https://images.scrydex.com/pokemon/bw4_ja-70/large,69,YES
BWシリーズ,20672802-91f9-40b4-909f-312ffba0dd5b,BW4-B,ポケモンカードゲームBW 拡張パック「ダークラッシュ」,bw4_ja,https://scrydex.com/pokemon/expansions/dark-rush/bw4_ja,71,71,Raikou-EX,SR,SR,,https://images.scrydex.com/pokemon/bw4_ja-71/large,69,YES
BWシリーズ,20672802-91f9-40b4-909f-312ffba0dd5b,BW4-B,ポケモンカードゲームBW 拡張パック「ダークラッシュ」,bw4_ja,https://scrydex.com/pokemon/expansions/dark-rush/bw4_ja,72,72,Darkrai-EX,SR,SR,,https://images.scrydex.com/pokemon/bw4_ja-72/large,69,YES
BWシリーズ,20672802-91f9-40b4-909f-312ffba0dd5b,BW4-B,ポケモンカードゲームBW 拡張パック「ダークラッシュ」,bw4_ja,https://scrydex.com/pokemon/expansions/dark-rush/bw4_ja,73,73,Tornadus-EX,SR,SR,,https://images.scrydex.com/pokemon/bw4_ja-73/large,69,YES
BWシリーズ,20672802-91f9-40b4-909f-312ffba0dd5b,BW4-B,ポケモンカードゲームBW 拡張パック「ダークラッシュ」,bw4_ja,https://scrydex.com/pokemon/expansions/dark-rush/bw4_ja,74,74,Gardevoir,UR,UR,,https://images.scrydex.com/pokemon/bw4_ja-74/large,69,YES
BWシリーズ,20672802-91f9-40b4-909f-312ffba0dd5b,BW4-B,ポケモンカードゲームBW 拡張パック「ダークラッシュ」,bw4_ja,https://scrydex.com/pokemon/expansions/dark-rush/bw4_ja,75,75,Archeops,UR,UR,,https://images.scrydex.com/pokemon/bw4_ja-75/large,69,YES
BWシリーズ,20672802-91f9-40b4-909f-312ffba0dd5b,BW4-B,ポケモンカードゲームBW 拡張パック「ダークラッシュ」,bw4_ja,https://scrydex.com/pokemon/expansions/dark-rush/bw4_ja,76,76,Pokémon Catcher,UR,UR,,https://images.scrydex.com/pokemon/bw4_ja-76/large,69,YES
BWシリーズ,790d2460-b945-4a62-ac80-f5a10254b191,BW5-Brz,ポケモンカードゲームBW　拡張パック「リューズブラスト」,bw5s_ja,https://scrydex.com/pokemon/expansions/dragon-blast/bw5s_ja,51,51,Mew-EX,SR,SR,,https://images.scrydex.com/pokemon/bw5s_ja-51/large,50,YES
BWシリーズ,790d2460-b945-4a62-ac80-f5a10254b191,BW5-Brz,ポケモンカードゲームBW　拡張パック「リューズブラスト」,bw5s_ja,https://scrydex.com/pokemon/expansions/dragon-blast/bw5s_ja,52,52,Terrakion-EX,SR,SR,,https://images.scrydex.com/pokemon/bw5s_ja-52/large,50,YES
BWシリーズ,790d2460-b945-4a62-ac80-f5a10254b191,BW5-Brz,ポケモンカードゲームBW　拡張パック「リューズブラスト」,bw5s_ja,https://scrydex.com/pokemon/expansions/dragon-blast/bw5s_ja,53,53,Giratina-EX,SR,SR,,https://images.scrydex.com/pokemon/bw5s_ja-53/large,50,YES
BWシリーズ,790d2460-b945-4a62-ac80-f5a10254b191,BW5-Brz,ポケモンカードゲームBW　拡張パック「リューズブラスト」,bw5s_ja,https://scrydex.com/pokemon/expansions/dragon-blast/bw5s_ja,54,54,Reuniclus,UR,UR,,https://images.scrydex.com/pokemon/bw5s_ja-54/large,50,YES
BWシリーズ,790d2460-b945-4a62-ac80-f5a10254b191,BW5-Brz,ポケモンカードゲームBW　拡張パック「リューズブラスト」,bw5s_ja,https://scrydex.com/pokemon/expansions/dragon-blast/bw5s_ja,55,55,Rayquaza,UR,UR,,https://images.scrydex.com/pokemon/bw5s_ja-55/large,50,YES
BWシリーズ,b0253502-abfb-4157-a4fc-41821a8bd9f6,BW6-Bf,ポケモンカードゲームBW 拡張パック「フリーズボルト」,bw6f_ja,https://scrydex.com/pokemon/expansions/freeze-bolt/bw6f_ja,60,60,Cresselia-EX,SR,SR,,https://images.scrydex.com/pokemon/bw6f_ja-60/large,59,YES
BWシリーズ,b0253502-abfb-4157-a4fc-41821a8bd9f6,BW6-Bf,ポケモンカードゲームBW 拡張パック「フリーズボルト」,bw6f_ja,https://scrydex.com/pokemon/expansions/freeze-bolt/bw6f_ja,61,61,Landorus-EX,SR,SR,,https://images.scrydex.com/pokemon/bw6f_ja-61/large,59,YES
BWシリーズ,b0253502-abfb-4157-a4fc-41821a8bd9f6,BW6-Bf,ポケモンカードゲームBW 拡張パック「フリーズボルト」,bw6f_ja,https://scrydex.com/pokemon/expansions/freeze-bolt/bw6f_ja,62,62,Black Kyurem-EX,SR,SR,,https://images.scrydex.com/pokemon/bw6f_ja-62/large,59,YES
BWシリーズ,b0253502-abfb-4157-a4fc-41821a8bd9f6,BW6-Bf,ポケモンカードゲームBW 拡張パック「フリーズボルト」,bw6f_ja,https://scrydex.com/pokemon/expansions/freeze-bolt/bw6f_ja,63,63,Cheren,SR,SR,,https://images.scrydex.com/pokemon/bw6f_ja-63/large,59,YES
BWシリーズ,b0253502-abfb-4157-a4fc-41821a8bd9f6,BW6-Bf,ポケモンカードゲームBW 拡張パック「フリーズボルト」,bw6f_ja,https://scrydex.com/pokemon/expansions/freeze-bolt/bw6f_ja,64,64,Golurk,UR,UR,,https://images.scrydex.com/pokemon/bw6f_ja-64/large,59,YES
BWシリーズ,b0253502-abfb-4157-a4fc-41821a8bd9f6,BW6-Bf,ポケモンカードゲームBW 拡張パック「フリーズボルト」,bw6f_ja,https://scrydex.com/pokemon/expansions/freeze-bolt/bw6f_ja,65,65,Rocky Helmet,UR,UR,,https://images.scrydex.com/pokemon/bw6f_ja-65/large,59,YES
BWシリーズ,3b23961b-060c-4eec-b215-11dcd659f7a9,BW8-Brf,ポケモンカードゲームBW 拡張パック「ラセンフォース」,bw8s_ja,https://scrydex.com/pokemon/expansions/spiral-force/bw8s_ja,52,52,Heatran-EX,SR,SR,,https://images.scrydex.com/pokemon/bw8s_ja-52/large,51,YES
BWシリーズ,3b23961b-060c-4eec-b215-11dcd659f7a9,BW8-Brf,ポケモンカードゲームBW 拡張パック「ラセンフォース」,bw8s_ja,https://scrydex.com/pokemon/expansions/spiral-force/bw8s_ja,53,53,Deoxys-EX,SR,SR,,https://images.scrydex.com/pokemon/bw8s_ja-53/large,51,YES
BWシリーズ,3b23961b-060c-4eec-b215-11dcd659f7a9,BW8-Brf,ポケモンカードゲームBW 拡張パック「ラセンフォース」,bw8s_ja,https://scrydex.com/pokemon/expansions/spiral-force/bw8s_ja,54,54,Latios-EX,SR,SR,,https://images.scrydex.com/pokemon/bw8s_ja-54/large,51,YES
BWシリーズ,3b23961b-060c-4eec-b215-11dcd659f7a9,BW8-Brf,ポケモンカードゲームBW 拡張パック「ラセンフォース」,bw8s_ja,https://scrydex.com/pokemon/expansions/spiral-force/bw8s_ja,55,55,Ghetsis,SR,SR,,https://images.scrydex.com/pokemon/bw8s_ja-55/large,51,YES
BWシリーズ,3b23961b-060c-4eec-b215-11dcd659f7a9,BW8-Brf,ポケモンカードゲームBW 拡張パック「ラセンフォース」,bw8s_ja,https://scrydex.com/pokemon/expansions/spiral-force/bw8s_ja,56,56,Empoleon,UR,UR,,https://images.scrydex.com/pokemon/bw8s_ja-56/large,51,YES
BWシリーズ,3b23961b-060c-4eec-b215-11dcd659f7a9,BW8-Brf,ポケモンカードゲームBW 拡張パック「ラセンフォース」,bw8s_ja,https://scrydex.com/pokemon/expansions/spiral-force/bw8s_ja,57,57,Sigilyph,UR,UR,,https://images.scrydex.com/pokemon/bw8s_ja-57/large,51,YES
BWシリーズ,3b23961b-060c-4eec-b215-11dcd659f7a9,BW8-Brf,ポケモンカードゲームBW 拡張パック「ラセンフォース」,bw8s_ja,https://scrydex.com/pokemon/expansions/spiral-force/bw8s_ja,58,58,Ultra Ball,UR,UR,,https://images.scrydex.com/pokemon/bw8s_ja-58/large,51,YES
BWシリーズ,2f7aa653-531c-4744-b532-e3fead1dfa1f,BW9-B,ポケモンカードゲームBW 拡張パック「メガロキャノン」,bw9_ja,https://scrydex.com/pokemon/expansions/megalo-cannon/bw9_ja,77,77,Virizion-EX,SR,SR,,https://images.scrydex.com/pokemon/bw9_ja-77/large,76,YES
BWシリーズ,2f7aa653-531c-4744-b532-e3fead1dfa1f,BW9-B,ポケモンカードゲームBW 拡張パック「メガロキャノン」,bw9_ja,https://scrydex.com/pokemon/expansions/megalo-cannon/bw9_ja,78,78,Genesect-EX,SR,SR,,https://images.scrydex.com/pokemon/bw9_ja-78/large,76,YES
BWシリーズ,2f7aa653-531c-4744-b532-e3fead1dfa1f,BW9-B,ポケモンカードゲームBW 拡張パック「メガロキャノン」,bw9_ja,https://scrydex.com/pokemon/expansions/megalo-cannon/bw9_ja,79,79,Jirachi-EX,SR,SR,,https://images.scrydex.com/pokemon/bw9_ja-79/large,76,YES
BWシリーズ,2f7aa653-531c-4744-b532-e3fead1dfa1f,BW9-B,ポケモンカードゲームBW 拡張パック「メガロキャノン」,bw9_ja,https://scrydex.com/pokemon/expansions/megalo-cannon/bw9_ja,80,80,Dialga-EX,SR,SR,,https://images.scrydex.com/pokemon/bw9_ja-80/large,76,YES
BWシリーズ,2f7aa653-531c-4744-b532-e3fead1dfa1f,BW9-B,ポケモンカードゲームBW 拡張パック「メガロキャノン」,bw9_ja,https://scrydex.com/pokemon/expansions/megalo-cannon/bw9_ja,81,81,Palkia-EX,SR,SR,,https://images.scrydex.com/pokemon/bw9_ja-81/large,76,YES
BWシリーズ,2f7aa653-531c-4744-b532-e3fead1dfa1f,BW9-B,ポケモンカードゲームBW 拡張パック「メガロキャノン」,bw9_ja,https://scrydex.com/pokemon/expansions/megalo-cannon/bw9_ja,82,82,Iris,SR,SR,,https://images.scrydex.com/pokemon/bw9_ja-82/large,76,YES
BWシリーズ,2f7aa653-531c-4744-b532-e3fead1dfa1f,BW9-B,ポケモンカードゲームBW 拡張パック「メガロキャノン」,bw9_ja,https://scrydex.com/pokemon/expansions/megalo-cannon/bw9_ja,83,83,Exeggcute,UR,UR,,https://images.scrydex.com/pokemon/bw9_ja-83/large,76,YES
BWシリーズ,2f7aa653-531c-4744-b532-e3fead1dfa1f,BW9-B,ポケモンカードゲームBW 拡張パック「メガロキャノン」,bw9_ja,https://scrydex.com/pokemon/expansions/megalo-cannon/bw9_ja,84,84,Virizion,UR,UR,,https://images.scrydex.com/pokemon/bw9_ja-84/large,76,YES
BWシリーズ,2f7aa653-531c-4744-b532-e3fead1dfa1f,BW9-B,ポケモンカードゲームBW 拡張パック「メガロキャノン」,bw9_ja,https://scrydex.com/pokemon/expansions/megalo-cannon/bw9_ja,85,85,Dusknoir,UR,UR,,https://images.scrydex.com/pokemon/bw9_ja-85/large,76,YES
BWシリーズ,2f7aa653-531c-4744-b532-e3fead1dfa1f,BW9-B,ポケモンカードゲームBW 拡張パック「メガロキャノン」,bw9_ja,https://scrydex.com/pokemon/expansions/megalo-cannon/bw9_ja,86,86,Rare Candy,UR,UR,,https://images.scrydex.com/pokemon/bw9_ja-86/large,76,YES
XYシリーズ,a0688785-c0ff-43fa-84fa-48d14432b701,XY,ハイクラスパック「THE BEST OF XY」,xy_ja,https://scrydex.com/pokemon/expansions/the-best-of-xy/xy_ja,1,1,Oddish,,—,,https://images.scrydex.com/pokemon/xy_ja-1/large,186,NO
XYシリーズ,a0688785-c0ff-43fa-84fa-48d14432b701,XY,ハイクラスパック「THE BEST OF XY」,xy_ja,https://scrydex.com/pokemon/expansions/the-best-of-xy/xy_ja,2,2,Gloom,,—,,https://images.scrydex.com/pokemon/xy_ja-2/large,186,NO
XYシリーズ,a0688785-c0ff-43fa-84fa-48d14432b701,XY,ハイクラスパック「THE BEST OF XY」,xy_ja,https://scrydex.com/pokemon/expansions/the-best-of-xy/xy_ja,3,3,Vileplume,,—,,https://images.scrydex.com/pokemon/xy_ja-3/large,186,NO
XYシリーズ,a0688785-c0ff-43fa-84fa-48d14432b701,XY,ハイクラスパック「THE BEST OF XY」,xy_ja,https://scrydex.com/pokemon/expansions/the-best-of-xy/xy_ja,4,4,Spinarak,,—,,https://images.scrydex.com/pokemon/xy_ja-4/large,186,NO
XYシリーズ,a0688785-c0ff-43fa-84fa-48d14432b701,XY,ハイクラスパック「THE BEST OF XY」,xy_ja,https://scrydex.com/pokemon/expansions/the-best-of-xy/xy_ja,5,5,Ariados,,—,,https://images.scrydex.com/pokemon/xy_ja-5/large,186,NO
XYシリーズ,a0688785-c0ff-43fa-84fa-48d14432b701,XY,ハイクラスパック「THE BEST OF XY」,xy_ja,https://scrydex.com/pokemon/expansions/the-best-of-xy/xy_ja,6,6,Sceptile-EX,,—,,https://images.scrydex.com/pokemon/xy_ja-6/large,186,NO
XYシリーズ,a0688785-c0ff-43fa-84fa-48d14432b701,XY,ハイクラスパック「THE BEST OF XY」,xy_ja,https://scrydex.com/pokemon/expansions/the-best-of-xy/xy_ja,7,7,M Sceptile-EX,,—,,https://images.scrydex.com/pokemon/xy_ja-7/large,186,NO
XYシリーズ,a0688785-c0ff-43fa-84fa-48d14432b701,XY,ハイクラスパック「THE BEST OF XY」,xy_ja,https://scrydex.com/pokemon/expansions/the-best-of-xy/xy_ja,8,8,Combee,,—,,https://images.scrydex.com/pokemon/xy_ja-8/large,186,NO
XYシリーズ,a0688785-c0ff-43fa-84fa-48d14432b701,XY,ハイクラスパック「THE BEST OF XY」,xy_ja,https://scrydex.com/pokemon/expansions/the-best-of-xy/xy_ja,9,9,Vespiquen,,—,,https://images.scrydex.com/pokemon/xy_ja-9/large,186,NO
XYシリーズ,a0688785-c0ff-43fa-84fa-48d14432b701,XY,ハイクラスパック「THE BEST OF XY」,xy_ja,https://scrydex.com/pokemon/expansions/the-best-of-xy/xy_ja,10,10,Flareon,,—,,https://images.scrydex.com/pokemon/xy_ja-10/large,186,NO
XYシリーズ,a0688785-c0ff-43fa-84fa-48d14432b701,XY,ハイクラスパック「THE BEST OF XY」,xy_ja,https://scrydex.com/pokemon/expansions/the-best-of-xy/xy_ja,11,11,Entei,,—,,https://images.scrydex.com/pokemon/xy_ja-11/large,186,NO
XYシリーズ,a0688785-c0ff-43fa-84fa-48d14432b701,XY,ハイクラスパック「THE BEST OF XY」,xy_ja,https://scrydex.com/pokemon/expansions/the-best-of-xy/xy_ja,13,13,M Camerupt-EX,,—,,https://images.scrydex.com/pokemon/xy_ja-13/large,186,NO
XYシリーズ,a0688785-c0ff-43fa-84fa-48d14432b701,XY,ハイクラスパック「THE BEST OF XY」,xy_ja,https://scrydex.com/pokemon/expansions/the-best-of-xy/xy_ja,14,14,Volcanion,,—,,https://images.scrydex.com/pokemon/xy_ja-14/large,186,NO
XYシリーズ,a0688785-c0ff-43fa-84fa-48d14432b701,XY,ハイクラスパック「THE BEST OF XY」,xy_ja,https://scrydex.com/pokemon/expansions/the-best-of-xy/xy_ja,15,15,Volcanion-EX,,—,,https://images.scrydex.com/pokemon/xy_ja-15/large,186,NO
XYシリーズ,a0688785-c0ff-43fa-84fa-48d14432b701,XY,ハイクラスパック「THE BEST OF XY」,xy_ja,https://scrydex.com/pokemon/expansions/the-best-of-xy/xy_ja,16,16,Vaporeon,,—,,https://images.scrydex.com/pokemon/xy_ja-16/large,186,NO
XYシリーズ,a0688785-c0ff-43fa-84fa-48d14432b701,XY,ハイクラスパック「THE BEST OF XY」,xy_ja,https://scrydex.com/pokemon/expansions/the-best-of-xy/xy_ja,17,17,Articuno,,—,,https://images.scrydex.com/pokemon/xy_ja-17/large,186,NO
XYシリーズ,a0688785-c0ff-43fa-84fa-48d14432b701,XY,ハイクラスパック「THE BEST OF XY」,xy_ja,https://scrydex.com/pokemon/expansions/the-best-of-xy/xy_ja,18,18,Remoraid,,—,,https://images.scrydex.com/pokemon/xy_ja-18/large,186,NO
XYシリーズ,a0688785-c0ff-43fa-84fa-48d14432b701,XY,ハイクラスパック「THE BEST OF XY」,xy_ja,https://scrydex.com/pokemon/expansions/the-best-of-xy/xy_ja,19,19,Octillery,,—,,https://images.scrydex.com/pokemon/xy_ja-19/large,186,NO
XYシリーズ,a0688785-c0ff-43fa-84fa-48d14432b701,XY,ハイクラスパック「THE BEST OF XY」,xy_ja,https://scrydex.com/pokemon/expansions/the-best-of-xy/xy_ja,20,20,Glaceon-EX,,—,,https://images.scrydex.com/pokemon/xy_ja-20/large,186,NO
XYシリーズ,a0688785-c0ff-43fa-84fa-48d14432b701,XY,ハイクラスパック「THE BEST OF XY」,xy_ja,https://scrydex.com/pokemon/expansions/the-best-of-xy/xy_ja,21,21,Manaphy-EX,,—,,https://images.scrydex.com/pokemon/xy_ja-21/large,186,NO
XYシリーズ,a0688785-c0ff-43fa-84fa-48d14432b701,XY,ハイクラスパック「THE BEST OF XY」,xy_ja,https://scrydex.com/pokemon/expansions/the-best-of-xy/xy_ja,22,22,Seismitoad-EX,,—,,https://images.scrydex.com/pokemon/xy_ja-22/large,186,NO
XYシリーズ,a0688785-c0ff-43fa-84fa-48d14432b701,XY,ハイクラスパック「THE BEST OF XY」,xy_ja,https://scrydex.com/pokemon/expansions/the-best-of-xy/xy_ja,23,23,White Kyurem,,—,,https://images.scrydex.com/pokemon/xy_ja-23/large,186,NO
XYシリーズ,a0688785-c0ff-43fa-84fa-48d14432b701,XY,ハイクラスパック「THE BEST OF XY」,xy_ja,https://scrydex.com/pokemon/expansions/the-best-of-xy/xy_ja,24,24,Froakie,,—,,https://images.scrydex.com/pokemon/xy_ja-24/large,186,NO
XYシリーズ,a0688785-c0ff-43fa-84fa-48d14432b701,XY,ハイクラスパック「THE BEST OF XY」,xy_ja,https://scrydex.com/pokemon/expansions/the-best-of-xy/xy_ja,25,25,Frogadier,,—,,https://images.scrydex.com/pokemon/xy_ja-25/large,186,NO
XYシリーズ,a0688785-c0ff-43fa-84fa-48d14432b701,XY,ハイクラスパック「THE BEST OF XY」,xy_ja,https://scrydex.com/pokemon/expansions/the-best-of-xy/xy_ja,26,26,Greninja,,—,,https://images.scrydex.com/pokemon/xy_ja-26/large,186,NO
XYシリーズ,a0688785-c0ff-43fa-84fa-48d14432b701,XY,ハイクラスパック「THE BEST OF XY」,xy_ja,https://scrydex.com/pokemon/expansions/the-best-of-xy/xy_ja,27,27,Greninja,,—,,https://images.scrydex.com/pokemon/xy_ja-27/large,186,NO
XYシリーズ,a0688785-c0ff-43fa-84fa-48d14432b701,XY,ハイクラスパック「THE BEST OF XY」,xy_ja,https://scrydex.com/pokemon/expansions/the-best-of-xy/xy_ja,28,28,Greninja BREAK,,—,,https://images.scrydex.com/pokemon/xy_ja-28/large,186,NO
XYシリーズ,a0688785-c0ff-43fa-84fa-48d14432b701,XY,ハイクラスパック「THE BEST OF XY」,xy_ja,https://scrydex.com/pokemon/expansions/the-best-of-xy/xy_ja,29,29,Pikachu,,—,,https://images.scrydex.com/pokemon/xy_ja-29/large,186,NO
XYシリーズ,a0688785-c0ff-43fa-84fa-48d14432b701,XY,ハイクラスパック「THE BEST OF XY」,xy_ja,https://scrydex.com/pokemon/expansions/the-best-of-xy/xy_ja,30,30,Raichu,,—,,https://images.scrydex.com/pokemon/xy_ja-30/large,186,NO
XYシリーズ,a0688785-c0ff-43fa-84fa-48d14432b701,XY,ハイクラスパック「THE BEST OF XY」,xy_ja,https://scrydex.com/pokemon/expansions/the-best-of-xy/xy_ja,31,31,Jolteon,,—,,https://images.scrydex.com/pokemon/xy_ja-31/large,186,NO
XYシリーズ,a0688785-c0ff-43fa-84fa-48d14432b701,XY,ハイクラスパック「THE BEST OF XY」,xy_ja,https://scrydex.com/pokemon/expansions/the-best-of-xy/xy_ja,32,32,Jolteon-EX,,—,,https://images.scrydex.com/pokemon/xy_ja-32/large,186,NO
XYシリーズ,a0688785-c0ff-43fa-84fa-48d14432b701,XY,ハイクラスパック「THE BEST OF XY」,xy_ja,https://scrydex.com/pokemon/expansions/the-best-of-xy/xy_ja,33,33,Raikou,,—,,https://images.scrydex.com/pokemon/xy_ja-33/large,186,NO
XYシリーズ,a0688785-c0ff-43fa-84fa-48d14432b701,XY,ハイクラスパック「THE BEST OF XY」,xy_ja,https://scrydex.com/pokemon/expansions/the-best-of-xy/xy_ja,34,34,Manectric-EX,,—,,https://images.scrydex.com/pokemon/xy_ja-34/large,186,NO
XYシリーズ,a0688785-c0ff-43fa-84fa-48d14432b701,XY,ハイクラスパック「THE BEST OF XY」,xy_ja,https://scrydex.com/pokemon/expansions/the-best-of-xy/xy_ja,35,35,M Manectric-EX,,—,,https://images.scrydex.com/pokemon/xy_ja-35/large,186,NO
XYシリーズ,a0688785-c0ff-43fa-84fa-48d14432b701,XY,ハイクラスパック「THE BEST OF XY」,xy_ja,https://scrydex.com/pokemon/expansions/the-best-of-xy/xy_ja,36,36,Joltik,,—,,https://images.scrydex.com/pokemon/xy_ja-36/large,186,NO
XYシリーズ,a0688785-c0ff-43fa-84fa-48d14432b701,XY,ハイクラスパック「THE BEST OF XY」,xy_ja,https://scrydex.com/pokemon/expansions/the-best-of-xy/xy_ja,37,37,Zubat,,—,,https://images.scrydex.com/pokemon/xy_ja-37/large,186,NO
XYシリーズ,a0688785-c0ff-43fa-84fa-48d14432b701,XY,ハイクラスパック「THE BEST OF XY」,xy_ja,https://scrydex.com/pokemon/expansions/the-best-of-xy/xy_ja,38,38,Golbat,,—,,https://images.scrydex.com/pokemon/xy_ja-38/large,186,NO
XYシリーズ,a0688785-c0ff-43fa-84fa-48d14432b701,XY,ハイクラスパック「THE BEST OF XY」,xy_ja,https://scrydex.com/pokemon/expansions/the-best-of-xy/xy_ja,39,39,Crobat,,—,,https://images.scrydex.com/pokemon/xy_ja-39/large,186,NO
XYシリーズ,a0688785-c0ff-43fa-84fa-48d14432b701,XY,ハイクラスパック「THE BEST OF XY」,xy_ja,https://scrydex.com/pokemon/expansions/the-best-of-xy/xy_ja,40,40,Alakazam-EX,,—,,https://images.scrydex.com/pokemon/xy_ja-40/large,186,NO
XYシリーズ,a0688785-c0ff-43fa-84fa-48d14432b701,XY,ハイクラスパック「THE BEST OF XY」,xy_ja,https://scrydex.com/pokemon/expansions/the-best-of-xy/xy_ja,41,41,M Alakazam-EX,,—,,https://images.scrydex.com/pokemon/xy_ja-41/large,186,NO
XYシリーズ,a0688785-c0ff-43fa-84fa-48d14432b701,XY,ハイクラスパック「THE BEST OF XY」,xy_ja,https://scrydex.com/pokemon/expansions/the-best-of-xy/xy_ja,42,42,Mewtwo-EX,,—,,https://images.scrydex.com/pokemon/xy_ja-42/large,186,NO
XYシリーズ,a0688785-c0ff-43fa-84fa-48d14432b701,XY,ハイクラスパック「THE BEST OF XY」,xy_ja,https://scrydex.com/pokemon/expansions/the-best-of-xy/xy_ja,43,43,M Mewtwo-EX,,—,,https://images.scrydex.com/pokemon/xy_ja-43/large,186,NO
XYシリーズ,a0688785-c0ff-43fa-84fa-48d14432b701,XY,ハイクラスパック「THE BEST OF XY」,xy_ja,https://scrydex.com/pokemon/expansions/the-best-of-xy/xy_ja,44,44,Mew,,—,,https://images.scrydex.com/pokemon/xy_ja-44/large,186,NO
XYシリーズ,a0688785-c0ff-43fa-84fa-48d14432b701,XY,ハイクラスパック「THE BEST OF XY」,xy_ja,https://scrydex.com/pokemon/expansions/the-best-of-xy/xy_ja,45,45,Espeon-EX,,—,,https://images.scrydex.com/pokemon/xy_ja-45/large,186,NO
XYシリーズ,a0688785-c0ff-43fa-84fa-48d14432b701,XY,ハイクラスパック「THE BEST OF XY」,xy_ja,https://scrydex.com/pokemon/expansions/the-best-of-xy/xy_ja,46,46,Unown,,—,,https://images.scrydex.com/pokemon/xy_ja-46/large,186,NO
XYシリーズ,a0688785-c0ff-43fa-84fa-48d14432b701,XY,ハイクラスパック「THE BEST OF XY」,xy_ja,https://scrydex.com/pokemon/expansions/the-best-of-xy/xy_ja,47,47,Wobbuffet,,—,,https://images.scrydex.com/pokemon/xy_ja-47/large,186,NO
XYシリーズ,a0688785-c0ff-43fa-84fa-48d14432b701,XY,ハイクラスパック「THE BEST OF XY」,xy_ja,https://scrydex.com/pokemon/expansions/the-best-of-xy/xy_ja,48,48,Giratina,,—,,https://images.scrydex.com/pokemon/xy_ja-48/large,186,NO
XYシリーズ,a0688785-c0ff-43fa-84fa-48d14432b701,XY,ハイクラスパック「THE BEST OF XY」,xy_ja,https://scrydex.com/pokemon/expansions/the-best-of-xy/xy_ja,49,49,Trubbish,,—,,https://images.scrydex.com/pokemon/xy_ja-49/large,186,NO
XYシリーズ,a0688785-c0ff-43fa-84fa-48d14432b701,XY,ハイクラスパック「THE BEST OF XY」,xy_ja,https://scrydex.com/pokemon/expansions/the-best-of-xy/xy_ja,50,50,Garbodor,,—,,https://images.scrydex.com/pokemon/xy_ja-50/large,186,NO
XYシリーズ,a0688785-c0ff-43fa-84fa-48d14432b701,XY,ハイクラスパック「THE BEST OF XY」,xy_ja,https://scrydex.com/pokemon/expansions/the-best-of-xy/xy_ja,51,51,Litwick,,—,,https://images.scrydex.com/pokemon/xy_ja-51/large,186,NO
XYシリーズ,a0688785-c0ff-43fa-84fa-48d14432b701,XY,ハイクラスパック「THE BEST OF XY」,xy_ja,https://scrydex.com/pokemon/expansions/the-best-of-xy/xy_ja,52,52,Lampent,,—,,https://images.scrydex.com/pokemon/xy_ja-52/large,186,NO
XYシリーズ,a0688785-c0ff-43fa-84fa-48d14432b701,XY,ハイクラスパック「THE BEST OF XY」,xy_ja,https://scrydex.com/pokemon/expansions/the-best-of-xy/xy_ja,53,53,Phantump,,—,,https://images.scrydex.com/pokemon/xy_ja-53/large,186,NO
XYシリーズ,a0688785-c0ff-43fa-84fa-48d14432b701,XY,ハイクラスパック「THE BEST OF XY」,xy_ja,https://scrydex.com/pokemon/expansions/the-best-of-xy/xy_ja,54,54,Trevenant,,—,,https://images.scrydex.com/pokemon/xy_ja-54/large,186,NO
XYシリーズ,a0688785-c0ff-43fa-84fa-48d14432b701,XY,ハイクラスパック「THE BEST OF XY」,xy_ja,https://scrydex.com/pokemon/expansions/the-best-of-xy/xy_ja,56,56,Pumpkaboo,,—,,https://images.scrydex.com/pokemon/xy_ja-56/large,186,NO
XYシリーズ,a0688785-c0ff-43fa-84fa-48d14432b701,XY,ハイクラスパック「THE BEST OF XY」,xy_ja,https://scrydex.com/pokemon/expansions/the-best-of-xy/xy_ja,57,57,Hoopa,,—,,https://images.scrydex.com/pokemon/xy_ja-57/large,186,NO
XYシリーズ,a0688785-c0ff-43fa-84fa-48d14432b701,XY,ハイクラスパック「THE BEST OF XY」,xy_ja,https://scrydex.com/pokemon/expansions/the-best-of-xy/xy_ja,59,59,Meditite,,—,,https://images.scrydex.com/pokemon/xy_ja-59/large,186,NO
XYシリーズ,a0688785-c0ff-43fa-84fa-48d14432b701,XY,ハイクラスパック「THE BEST OF XY」,xy_ja,https://scrydex.com/pokemon/expansions/the-best-of-xy/xy_ja,60,60,Medicham,,—,,https://images.scrydex.com/pokemon/xy_ja-60/large,186,NO
XYシリーズ,a0688785-c0ff-43fa-84fa-48d14432b701,XY,ハイクラスパック「THE BEST OF XY」,xy_ja,https://scrydex.com/pokemon/expansions/the-best-of-xy/xy_ja,64,64,Landorus,,—,,https://images.scrydex.com/pokemon/xy_ja-64/large,186,NO
XYシリーズ,a0688785-c0ff-43fa-84fa-48d14432b701,XY,ハイクラスパック「THE BEST OF XY」,xy_ja,https://scrydex.com/pokemon/expansions/the-best-of-xy/xy_ja,65,65,Carbink,,—,,https://images.scrydex.com/pokemon/xy_ja-65/large,186,NO
XYシリーズ,a0688785-c0ff-43fa-84fa-48d14432b701,XY,ハイクラスパック「THE BEST OF XY」,xy_ja,https://scrydex.com/pokemon/expansions/the-best-of-xy/xy_ja,66,66,Carbink,,—,,https://images.scrydex.com/pokemon/xy_ja-66/large,186,NO
XYシリーズ,a0688785-c0ff-43fa-84fa-48d14432b701,XY,ハイクラスパック「THE BEST OF XY」,xy_ja,https://scrydex.com/pokemon/expansions/the-best-of-xy/xy_ja,68,68,Zygarde,,—,,https://images.scrydex.com/pokemon/xy_ja-68/large,186,NO
XYシリーズ,a0688785-c0ff-43fa-84fa-48d14432b701,XY,ハイクラスパック「THE BEST OF XY」,xy_ja,https://scrydex.com/pokemon/expansions/the-best-of-xy/xy_ja,73,73,Zorua,,—,,https://images.scrydex.com/pokemon/xy_ja-73/large,186,NO
XYシリーズ,a0688785-c0ff-43fa-84fa-48d14432b701,XY,ハイクラスパック「THE BEST OF XY」,xy_ja,https://scrydex.com/pokemon/expansions/the-best-of-xy/xy_ja,74,74,Zoroark,,—,,https://images.scrydex.com/pokemon/xy_ja-74/large,186,NO
XYシリーズ,a0688785-c0ff-43fa-84fa-48d14432b701,XY,ハイクラスパック「THE BEST OF XY」,xy_ja,https://scrydex.com/pokemon/expansions/the-best-of-xy/xy_ja,77,77,Yveltal,,—,,https://images.scrydex.com/pokemon/xy_ja-77/large,186,NO
XYシリーズ,a0688785-c0ff-43fa-84fa-48d14432b701,XY,ハイクラスパック「THE BEST OF XY」,xy_ja,https://scrydex.com/pokemon/expansions/the-best-of-xy/xy_ja,78,78,Yveltal,,—,,https://images.scrydex.com/pokemon/xy_ja-78/large,186,NO
XYシリーズ,a0688785-c0ff-43fa-84fa-48d14432b701,XY,ハイクラスパック「THE BEST OF XY」,xy_ja,https://scrydex.com/pokemon/expansions/the-best-of-xy/xy_ja,80,80,Jirachi,,—,,https://images.scrydex.com/pokemon/xy_ja-80/large,186,NO
XYシリーズ,a0688785-c0ff-43fa-84fa-48d14432b701,XY,ハイクラスパック「THE BEST OF XY」,xy_ja,https://scrydex.com/pokemon/expansions/the-best-of-xy/xy_ja,81,81,Bronzor,,—,,https://images.scrydex.com/pokemon/xy_ja-81/large,186,NO
XYシリーズ,a0688785-c0ff-43fa-84fa-48d14432b701,XY,ハイクラスパック「THE BEST OF XY」,xy_ja,https://scrydex.com/pokemon/expansions/the-best-of-xy/xy_ja,82,82,Bronzong,,—,,https://images.scrydex.com/pokemon/xy_ja-82/large,186,NO
XYシリーズ,a0688785-c0ff-43fa-84fa-48d14432b701,XY,ハイクラスパック「THE BEST OF XY」,xy_ja,https://scrydex.com/pokemon/expansions/the-best-of-xy/xy_ja,84,84,Heatran,,—,,https://images.scrydex.com/pokemon/xy_ja-84/large,186,NO
XYシリーズ,a0688785-c0ff-43fa-84fa-48d14432b701,XY,ハイクラスパック「THE BEST OF XY」,xy_ja,https://scrydex.com/pokemon/expansions/the-best-of-xy/xy_ja,85,85,Cobalion,,—,,https://images.scrydex.com/pokemon/xy_ja-85/large,186,NO
XYシリーズ,a0688785-c0ff-43fa-84fa-48d14432b701,XY,ハイクラスパック「THE BEST OF XY」,xy_ja,https://scrydex.com/pokemon/expansions/the-best-of-xy/xy_ja,88,88,Magearna,,—,,https://images.scrydex.com/pokemon/xy_ja-88/large,186,NO
XYシリーズ,a0688785-c0ff-43fa-84fa-48d14432b701,XY,ハイクラスパック「THE BEST OF XY」,xy_ja,https://scrydex.com/pokemon/expansions/the-best-of-xy/xy_ja,90,90,Mr. Mime,,—,,https://images.scrydex.com/pokemon/xy_ja-90/large,186,NO
XYシリーズ,a0688785-c0ff-43fa-84fa-48d14432b701,XY,ハイクラスパック「THE BEST OF XY」,xy_ja,https://scrydex.com/pokemon/expansions/the-best-of-xy/xy_ja,93,93,Spritzee,,—,,https://images.scrydex.com/pokemon/xy_ja-93/large,186,NO
XYシリーズ,a0688785-c0ff-43fa-84fa-48d14432b701,XY,ハイクラスパック「THE BEST OF XY」,xy_ja,https://scrydex.com/pokemon/expansions/the-best-of-xy/xy_ja,94,94,Aromatisse,,—,,https://images.scrydex.com/pokemon/xy_ja-94/large,186,NO
XYシリーズ,a0688785-c0ff-43fa-84fa-48d14432b701,XY,ハイクラスパック「THE BEST OF XY」,xy_ja,https://scrydex.com/pokemon/expansions/the-best-of-xy/xy_ja,95,95,Xerneas,,—,,https://images.scrydex.com/pokemon/xy_ja-95/large,186,NO
XYシリーズ,a0688785-c0ff-43fa-84fa-48d14432b701,XY,ハイクラスパック「THE BEST OF XY」,xy_ja,https://scrydex.com/pokemon/expansions/the-best-of-xy/xy_ja,96,96,Xerneas,,—,,https://images.scrydex.com/pokemon/xy_ja-96/large,186,NO
XYシリーズ,a0688785-c0ff-43fa-84fa-48d14432b701,XY,ハイクラスパック「THE BEST OF XY」,xy_ja,https://scrydex.com/pokemon/expansions/the-best-of-xy/xy_ja,100,100,Eevee,,—,,https://images.scrydex.com/pokemon/xy_ja-100/large,186,NO
XYシリーズ,a0688785-c0ff-43fa-84fa-48d14432b701,XY,ハイクラスパック「THE BEST OF XY」,xy_ja,https://scrydex.com/pokemon/expansions/the-best-of-xy/xy_ja,101,101,Miltank,,—,,https://images.scrydex.com/pokemon/xy_ja-101/large,186,NO
XYシリーズ,a0688785-c0ff-43fa-84fa-48d14432b701,XY,ハイクラスパック「THE BEST OF XY」,xy_ja,https://scrydex.com/pokemon/expansions/the-best-of-xy/xy_ja,102,102,Lugia,,—,,https://images.scrydex.com/pokemon/xy_ja-102/large,186,NO
XYシリーズ,a0688785-c0ff-43fa-84fa-48d14432b701,XY,ハイクラスパック「THE BEST OF XY」,xy_ja,https://scrydex.com/pokemon/expansions/the-best-of-xy/xy_ja,107,107,Bunnelby,,—,,https://images.scrydex.com/pokemon/xy_ja-107/large,186,NO
XYシリーズ,a0688785-c0ff-43fa-84fa-48d14432b701,XY,ハイクラスパック「THE BEST OF XY」,xy_ja,https://scrydex.com/pokemon/expansions/the-best-of-xy/xy_ja,108,108,Special Charge,,—,,https://images.scrydex.com/pokemon/xy_ja-108/large,186,NO
XYシリーズ,a0688785-c0ff-43fa-84fa-48d14432b701,XY,ハイクラスパック「THE BEST OF XY」,xy_ja,https://scrydex.com/pokemon/expansions/the-best-of-xy/xy_ja,109,109,Target Whistle,,—,,https://images.scrydex.com/pokemon/xy_ja-109/large,186,NO
XYシリーズ,a0688785-c0ff-43fa-84fa-48d14432b701,XY,ハイクラスパック「THE BEST OF XY」,xy_ja,https://scrydex.com/pokemon/expansions/the-best-of-xy/xy_ja,110,110,Acro Bike,,—,,https://images.scrydex.com/pokemon/xy_ja-110/large,186,NO
XYシリーズ,a0688785-c0ff-43fa-84fa-48d14432b701,XY,ハイクラスパック「THE BEST OF XY」,xy_ja,https://scrydex.com/pokemon/expansions/the-best-of-xy/xy_ja,111,111,Dive Ball,,—,,https://images.scrydex.com/pokemon/xy_ja-111/large,186,NO
XYシリーズ,a0688785-c0ff-43fa-84fa-48d14432b701,XY,ハイクラスパック「THE BEST OF XY」,xy_ja,https://scrydex.com/pokemon/expansions/the-best-of-xy/xy_ja,112,112,Puzzle of Time,,—,,https://images.scrydex.com/pokemon/xy_ja-112/large,186,NO
XYシリーズ,a0688785-c0ff-43fa-84fa-48d14432b701,XY,ハイクラスパック「THE BEST OF XY」,xy_ja,https://scrydex.com/pokemon/expansions/the-best-of-xy/xy_ja,113,113,Trainers' Mail,,—,,https://images.scrydex.com/pokemon/xy_ja-113/large,186,NO
XYシリーズ,a0688785-c0ff-43fa-84fa-48d14432b701,XY,ハイクラスパック「THE BEST OF XY」,xy_ja,https://scrydex.com/pokemon/expansions/the-best-of-xy/xy_ja,114,114,Battle Compressor,,—,,https://images.scrydex.com/pokemon/xy_ja-114/large,186,NO
XYシリーズ,a0688785-c0ff-43fa-84fa-48d14432b701,XY,ハイクラスパック「THE BEST OF XY」,xy_ja,https://scrydex.com/pokemon/expansions/the-best-of-xy/xy_ja,115,115,VS Seeker,,—,,https://images.scrydex.com/pokemon/xy_ja-115/large,186,NO
XYシリーズ,a0688785-c0ff-43fa-84fa-48d14432b701,XY,ハイクラスパック「THE BEST OF XY」,xy_ja,https://scrydex.com/pokemon/expansions/the-best-of-xy/xy_ja,116,116,Max Elixir,,—,,https://images.scrydex.com/pokemon/xy_ja-116/large,186,NO
XYシリーズ,a0688785-c0ff-43fa-84fa-48d14432b701,XY,ハイクラスパック「THE BEST OF XY」,xy_ja,https://scrydex.com/pokemon/expansions/the-best-of-xy/xy_ja,117,117,Fairy Drop,,—,,https://images.scrydex.com/pokemon/xy_ja-117/large,186,NO
XYシリーズ,a0688785-c0ff-43fa-84fa-48d14432b701,XY,ハイクラスパック「THE BEST OF XY」,xy_ja,https://scrydex.com/pokemon/expansions/the-best-of-xy/xy_ja,118,118,Heavy Ball,,—,,https://images.scrydex.com/pokemon/xy_ja-118/large,186,NO
XYシリーズ,a0688785-c0ff-43fa-84fa-48d14432b701,XY,ハイクラスパック「THE BEST OF XY」,xy_ja,https://scrydex.com/pokemon/expansions/the-best-of-xy/xy_ja,119,119,Robo Substitute,,—,,https://images.scrydex.com/pokemon/xy_ja-119/large,186,NO
XYシリーズ,a0688785-c0ff-43fa-84fa-48d14432b701,XY,ハイクラスパック「THE BEST OF XY」,xy_ja,https://scrydex.com/pokemon/expansions/the-best-of-xy/xy_ja,120,120,Mega Turbo,,—,,https://images.scrydex.com/pokemon/xy_ja-120/large,186,NO
XYシリーズ,a0688785-c0ff-43fa-84fa-48d14432b701,XY,ハイクラスパック「THE BEST OF XY」,xy_ja,https://scrydex.com/pokemon/expansions/the-best-of-xy/xy_ja,121,121,Level Ball,,—,,https://images.scrydex.com/pokemon/xy_ja-121/large,186,NO
XYシリーズ,a0688785-c0ff-43fa-84fa-48d14432b701,XY,ハイクラスパック「THE BEST OF XY」,xy_ja,https://scrydex.com/pokemon/expansions/the-best-of-xy/xy_ja,122,122,Hard Charm,,—,,https://images.scrydex.com/pokemon/xy_ja-122/large,186,NO
XYシリーズ,a0688785-c0ff-43fa-84fa-48d14432b701,XY,ハイクラスパック「THE BEST OF XY」,xy_ja,https://scrydex.com/pokemon/expansions/the-best-of-xy/xy_ja,123,123,Focus Sash,,—,,https://images.scrydex.com/pokemon/xy_ja-123/large,186,NO
XYシリーズ,a0688785-c0ff-43fa-84fa-48d14432b701,XY,ハイクラスパック「THE BEST OF XY」,xy_ja,https://scrydex.com/pokemon/expansions/the-best-of-xy/xy_ja,124,124,Bursting Balloon,,—,,https://images.scrydex.com/pokemon/xy_ja-124/large,186,NO
XYシリーズ,a0688785-c0ff-43fa-84fa-48d14432b701,XY,ハイクラスパック「THE BEST OF XY」,xy_ja,https://scrydex.com/pokemon/expansions/the-best-of-xy/xy_ja,125,125,Muscle Band,,—,,https://images.scrydex.com/pokemon/xy_ja-125/large,186,NO
XYシリーズ,a0688785-c0ff-43fa-84fa-48d14432b701,XY,ハイクラスパック「THE BEST OF XY」,xy_ja,https://scrydex.com/pokemon/expansions/the-best-of-xy/xy_ja,126,126,Fighting Fury Belt,,—,,https://images.scrydex.com/pokemon/xy_ja-126/large,186,NO
XYシリーズ,a0688785-c0ff-43fa-84fa-48d14432b701,XY,ハイクラスパック「THE BEST OF XY」,xy_ja,https://scrydex.com/pokemon/expansions/the-best-of-xy/xy_ja,127,127,Power Memory,,—,,https://images.scrydex.com/pokemon/xy_ja-127/large,186,NO
XYシリーズ,a0688785-c0ff-43fa-84fa-48d14432b701,XY,ハイクラスパック「THE BEST OF XY」,xy_ja,https://scrydex.com/pokemon/expansions/the-best-of-xy/xy_ja,128,128,Gardevoir Spirit Link,,—,,https://images.scrydex.com/pokemon/xy_ja-128/large,186,NO
XYシリーズ,a0688785-c0ff-43fa-84fa-48d14432b701,XY,ハイクラスパック「THE BEST OF XY」,xy_ja,https://scrydex.com/pokemon/expansions/the-best-of-xy/xy_ja,129,129,Sharpedo Spirit Link,,—,,https://images.scrydex.com/pokemon/xy_ja-129/large,186,NO
XYシリーズ,a0688785-c0ff-43fa-84fa-48d14432b701,XY,ハイクラスパック「THE BEST OF XY」,xy_ja,https://scrydex.com/pokemon/expansions/the-best-of-xy/xy_ja,130,130,Sceptile Spirit Link,,—,,https://images.scrydex.com/pokemon/xy_ja-130/large,186,NO
XYシリーズ,a0688785-c0ff-43fa-84fa-48d14432b701,XY,ハイクラスパック「THE BEST OF XY」,xy_ja,https://scrydex.com/pokemon/expansions/the-best-of-xy/xy_ja,131,131,Camerupt Spirit Link,,—,,https://images.scrydex.com/pokemon/xy_ja-131/large,186,NO
XYシリーズ,a0688785-c0ff-43fa-84fa-48d14432b701,XY,ハイクラスパック「THE BEST OF XY」,xy_ja,https://scrydex.com/pokemon/expansions/the-best-of-xy/xy_ja,132,132,Alakazam Spirit Link,,—,,https://images.scrydex.com/pokemon/xy_ja-132/large,186,NO
XYシリーズ,a0688785-c0ff-43fa-84fa-48d14432b701,XY,ハイクラスパック「THE BEST OF XY」,xy_ja,https://scrydex.com/pokemon/expansions/the-best-of-xy/xy_ja,133,133,Mewtwo Spirit Link,,—,,https://images.scrydex.com/pokemon/xy_ja-133/large,186,NO
XYシリーズ,a0688785-c0ff-43fa-84fa-48d14432b701,XY,ハイクラスパック「THE BEST OF XY」,xy_ja,https://scrydex.com/pokemon/expansions/the-best-of-xy/xy_ja,134,134,Manectric Spirit Link,,—,,https://images.scrydex.com/pokemon/xy_ja-134/large,186,NO
XYシリーズ,a0688785-c0ff-43fa-84fa-48d14432b701,XY,ハイクラスパック「THE BEST OF XY」,xy_ja,https://scrydex.com/pokemon/expansions/the-best-of-xy/xy_ja,135,135,Lucario Spirit Link,,—,,https://images.scrydex.com/pokemon/xy_ja-135/large,186,NO
XYシリーズ,a0688785-c0ff-43fa-84fa-48d14432b701,XY,ハイクラスパック「THE BEST OF XY」,xy_ja,https://scrydex.com/pokemon/expansions/the-best-of-xy/xy_ja,136,136,Rayquaza Spirit Link,,—,,https://images.scrydex.com/pokemon/xy_ja-136/large,186,NO
XYシリーズ,a0688785-c0ff-43fa-84fa-48d14432b701,XY,ハイクラスパック「THE BEST OF XY」,xy_ja,https://scrydex.com/pokemon/expansions/the-best-of-xy/xy_ja,137,137,Brigette,,—,,https://images.scrydex.com/pokemon/xy_ja-137/large,186,NO
XYシリーズ,a0688785-c0ff-43fa-84fa-48d14432b701,XY,ハイクラスパック「THE BEST OF XY」,xy_ja,https://scrydex.com/pokemon/expansions/the-best-of-xy/xy_ja,138,138,AZ,,—,,https://images.scrydex.com/pokemon/xy_ja-138/large,186,NO
XYシリーズ,a0688785-c0ff-43fa-84fa-48d14432b701,XY,ハイクラスパック「THE BEST OF XY」,xy_ja,https://scrydex.com/pokemon/expansions/the-best-of-xy/xy_ja,139,139,N,,—,,https://images.scrydex.com/pokemon/xy_ja-139/large,186,NO
XYシリーズ,a0688785-c0ff-43fa-84fa-48d14432b701,XY,ハイクラスパック「THE BEST OF XY」,xy_ja,https://scrydex.com/pokemon/expansions/the-best-of-xy/xy_ja,140,140,Hex Maniac,,—,,https://images.scrydex.com/pokemon/xy_ja-140/large,186,NO
XYシリーズ,a0688785-c0ff-43fa-84fa-48d14432b701,XY,ハイクラスパック「THE BEST OF XY」,xy_ja,https://scrydex.com/pokemon/expansions/the-best-of-xy/xy_ja,141,141,Blacksmith,,—,,https://images.scrydex.com/pokemon/xy_ja-141/large,186,NO
XYシリーズ,a0688785-c0ff-43fa-84fa-48d14432b701,XY,ハイクラスパック「THE BEST OF XY」,xy_ja,https://scrydex.com/pokemon/expansions/the-best-of-xy/xy_ja,142,142,Karen,,—,,https://images.scrydex.com/pokemon/xy_ja-142/large,186,NO
XYシリーズ,a0688785-c0ff-43fa-84fa-48d14432b701,XY,ハイクラスパック「THE BEST OF XY」,xy_ja,https://scrydex.com/pokemon/expansions/the-best-of-xy/xy_ja,143,143,Xerosic,,—,,https://images.scrydex.com/pokemon/xy_ja-143/large,186,NO
XYシリーズ,a0688785-c0ff-43fa-84fa-48d14432b701,XY,ハイクラスパック「THE BEST OF XY」,xy_ja,https://scrydex.com/pokemon/expansions/the-best-of-xy/xy_ja,144,144,Korrina,,—,,https://images.scrydex.com/pokemon/xy_ja-144/large,186,NO
XYシリーズ,a0688785-c0ff-43fa-84fa-48d14432b701,XY,ハイクラスパック「THE BEST OF XY」,xy_ja,https://scrydex.com/pokemon/expansions/the-best-of-xy/xy_ja,145,145,Delinquent,,—,,https://images.scrydex.com/pokemon/xy_ja-145/large,186,NO
XYシリーズ,a0688785-c0ff-43fa-84fa-48d14432b701,XY,ハイクラスパック「THE BEST OF XY」,xy_ja,https://scrydex.com/pokemon/expansions/the-best-of-xy/xy_ja,146,146,Shauna,,—,,https://images.scrydex.com/pokemon/xy_ja-146/large,186,NO
XYシリーズ,a0688785-c0ff-43fa-84fa-48d14432b701,XY,ハイクラスパック「THE BEST OF XY」,xy_ja,https://scrydex.com/pokemon/expansions/the-best-of-xy/xy_ja,147,147,Teammates,,—,,https://images.scrydex.com/pokemon/xy_ja-147/large,186,NO
XYシリーズ,a0688785-c0ff-43fa-84fa-48d14432b701,XY,ハイクラスパック「THE BEST OF XY」,xy_ja,https://scrydex.com/pokemon/expansions/the-best-of-xy/xy_ja,148,148,Skyla,,—,,https://images.scrydex.com/pokemon/xy_ja-148/large,186,NO
XYシリーズ,a0688785-c0ff-43fa-84fa-48d14432b701,XY,ハイクラスパック「THE BEST OF XY」,xy_ja,https://scrydex.com/pokemon/expansions/the-best-of-xy/xy_ja,149,149,Professor Sycamore,,—,,https://images.scrydex.com/pokemon/xy_ja-149/large,186,NO
XYシリーズ,a0688785-c0ff-43fa-84fa-48d14432b701,XY,ハイクラスパック「THE BEST OF XY」,xy_ja,https://scrydex.com/pokemon/expansions/the-best-of-xy/xy_ja,150,150,Lysandre,,—,,https://images.scrydex.com/pokemon/xy_ja-150/large,186,NO
XYシリーズ,a0688785-c0ff-43fa-84fa-48d14432b701,XY,ハイクラスパック「THE BEST OF XY」,xy_ja,https://scrydex.com/pokemon/expansions/the-best-of-xy/xy_ja,151,151,Team Flare Grunt,,—,,https://images.scrydex.com/pokemon/xy_ja-151/large,186,NO
XYシリーズ,a0688785-c0ff-43fa-84fa-48d14432b701,XY,ハイクラスパック「THE BEST OF XY」,xy_ja,https://scrydex.com/pokemon/expansions/the-best-of-xy/xy_ja,152,152,Pokémon Ranger,,—,,https://images.scrydex.com/pokemon/xy_ja-152/large,186,NO
XYシリーズ,a0688785-c0ff-43fa-84fa-48d14432b701,XY,ハイクラスパック「THE BEST OF XY」,xy_ja,https://scrydex.com/pokemon/expansions/the-best-of-xy/xy_ja,153,153,Rough Seas,,—,,https://images.scrydex.com/pokemon/xy_ja-153/large,186,NO
XYシリーズ,a0688785-c0ff-43fa-84fa-48d14432b701,XY,ハイクラスパック「THE BEST OF XY」,xy_ja,https://scrydex.com/pokemon/expansions/the-best-of-xy/xy_ja,154,154,Forest of Giant Plants,,—,,https://images.scrydex.com/pokemon/xy_ja-154/large,186,NO
XYシリーズ,a0688785-c0ff-43fa-84fa-48d14432b701,XY,ハイクラスパック「THE BEST OF XY」,xy_ja,https://scrydex.com/pokemon/expansions/the-best-of-xy/xy_ja,155,155,Silent Lab,,—,,https://images.scrydex.com/pokemon/xy_ja-155/large,186,NO
XYシリーズ,a0688785-c0ff-43fa-84fa-48d14432b701,XY,ハイクラスパック「THE BEST OF XY」,xy_ja,https://scrydex.com/pokemon/expansions/the-best-of-xy/xy_ja,156,156,Dimension Valley,,—,,https://images.scrydex.com/pokemon/xy_ja-156/large,186,NO
XYシリーズ,a0688785-c0ff-43fa-84fa-48d14432b701,XY,ハイクラスパック「THE BEST OF XY」,xy_ja,https://scrydex.com/pokemon/expansions/the-best-of-xy/xy_ja,157,157,Scorched Earth,,—,,https://images.scrydex.com/pokemon/xy_ja-157/large,186,NO
XYシリーズ,a0688785-c0ff-43fa-84fa-48d14432b701,XY,ハイクラスパック「THE BEST OF XY」,xy_ja,https://scrydex.com/pokemon/expansions/the-best-of-xy/xy_ja,158,158,Sky Field,,—,,https://images.scrydex.com/pokemon/xy_ja-158/large,186,NO
XYシリーズ,a0688785-c0ff-43fa-84fa-48d14432b701,XY,ハイクラスパック「THE BEST OF XY」,xy_ja,https://scrydex.com/pokemon/expansions/the-best-of-xy/xy_ja,159,159,Parallel City,,—,,https://images.scrydex.com/pokemon/xy_ja-159/large,186,NO
XYシリーズ,a0688785-c0ff-43fa-84fa-48d14432b701,XY,ハイクラスパック「THE BEST OF XY」,xy_ja,https://scrydex.com/pokemon/expansions/the-best-of-xy/xy_ja,160,160,Fairy Garden,,—,,https://images.scrydex.com/pokemon/xy_ja-160/large,186,NO
XYシリーズ,a0688785-c0ff-43fa-84fa-48d14432b701,XY,ハイクラスパック「THE BEST OF XY」,xy_ja,https://scrydex.com/pokemon/expansions/the-best-of-xy/xy_ja,161,161,Reverse Valley,,—,,https://images.scrydex.com/pokemon/xy_ja-161/large,186,NO
XYシリーズ,a0688785-c0ff-43fa-84fa-48d14432b701,XY,ハイクラスパック「THE BEST OF XY」,xy_ja,https://scrydex.com/pokemon/expansions/the-best-of-xy/xy_ja,162,162,Herbal Energy,,—,,https://images.scrydex.com/pokemon/xy_ja-162/large,186,NO
XYシリーズ,a0688785-c0ff-43fa-84fa-48d14432b701,XY,ハイクラスパック「THE BEST OF XY」,xy_ja,https://scrydex.com/pokemon/expansions/the-best-of-xy/xy_ja,163,163,Burning Energy,,—,,https://images.scrydex.com/pokemon/xy_ja-163/large,186,NO
XYシリーズ,a0688785-c0ff-43fa-84fa-48d14432b701,XY,ハイクラスパック「THE BEST OF XY」,xy_ja,https://scrydex.com/pokemon/expansions/the-best-of-xy/xy_ja,164,164,Splash Energy,,—,,https://images.scrydex.com/pokemon/xy_ja-164/large,186,NO
XYシリーズ,a0688785-c0ff-43fa-84fa-48d14432b701,XY,ハイクラスパック「THE BEST OF XY」,xy_ja,https://scrydex.com/pokemon/expansions/the-best-of-xy/xy_ja,165,165,Flash Energy,,—,,https://images.scrydex.com/pokemon/xy_ja-165/large,186,NO
XYシリーズ,a0688785-c0ff-43fa-84fa-48d14432b701,XY,ハイクラスパック「THE BEST OF XY」,xy_ja,https://scrydex.com/pokemon/expansions/the-best-of-xy/xy_ja,166,166,Mystery Energy,,—,,https://images.scrydex.com/pokemon/xy_ja-166/large,186,NO
XYシリーズ,a0688785-c0ff-43fa-84fa-48d14432b701,XY,ハイクラスパック「THE BEST OF XY」,xy_ja,https://scrydex.com/pokemon/expansions/the-best-of-xy/xy_ja,167,167,Strong Energy,,—,,https://images.scrydex.com/pokemon/xy_ja-167/large,186,NO
XYシリーズ,a0688785-c0ff-43fa-84fa-48d14432b701,XY,ハイクラスパック「THE BEST OF XY」,xy_ja,https://scrydex.com/pokemon/expansions/the-best-of-xy/xy_ja,168,168,Dangerous Energy,,—,,https://images.scrydex.com/pokemon/xy_ja-168/large,186,NO
XYシリーズ,a0688785-c0ff-43fa-84fa-48d14432b701,XY,ハイクラスパック「THE BEST OF XY」,xy_ja,https://scrydex.com/pokemon/expansions/the-best-of-xy/xy_ja,169,169,Shield Energy,,—,,https://images.scrydex.com/pokemon/xy_ja-169/large,186,NO
XYシリーズ,a0688785-c0ff-43fa-84fa-48d14432b701,XY,ハイクラスパック「THE BEST OF XY」,xy_ja,https://scrydex.com/pokemon/expansions/the-best-of-xy/xy_ja,170,170,Wonder Energy,,—,,https://images.scrydex.com/pokemon/xy_ja-170/large,186,NO
XYシリーズ,a0688785-c0ff-43fa-84fa-48d14432b701,XY,ハイクラスパック「THE BEST OF XY」,xy_ja,https://scrydex.com/pokemon/expansions/the-best-of-xy/xy_ja,171,171,Double Dragon Energy,,—,,https://images.scrydex.com/pokemon/xy_ja-171/large,186,NO
XYシリーズ,a0688785-c0ff-43fa-84fa-48d14432b701,XY,ハイクラスパック「THE BEST OF XY」,xy_ja,https://scrydex.com/pokemon/expansions/the-best-of-xy/xy_ja,187,187,Yveltal-EX,,—,,https://images.scrydex.com/pokemon/xy_ja-187/large,186,YES
XYシリーズ,a0688785-c0ff-43fa-84fa-48d14432b701,XY,ハイクラスパック「THE BEST OF XY」,xy_ja,https://scrydex.com/pokemon/expansions/the-best-of-xy/xy_ja,188,188,Shaymin-EX,,—,,https://images.scrydex.com/pokemon/xy_ja-188/large,186,YES
ソード・シールド,92b1b2b5-1413-4667-96da-f6302db14a80,S1H,拡張パック「シールド」,swsh1h_ja,https://scrydex.com/pokemon/expansions/shield/swsh1h_ja,69,69,Morpeko VMAX,HR,HR,,https://images.scrydex.com/pokemon/swsh1h_ja-69/large,68,YES
ソード・シールド,92b1b2b5-1413-4667-96da-f6302db14a80,S1H,拡張パック「シールド」,swsh1h_ja,https://scrydex.com/pokemon/expansions/shield/swsh1h_ja,70,70,Snorlax VMAX,HR,HR,,https://images.scrydex.com/pokemon/swsh1h_ja-70/large,68,YES
ソード・シールド,92b1b2b5-1413-4667-96da-f6302db14a80,S1H,拡張パック「シールド」,swsh1h_ja,https://scrydex.com/pokemon/expansions/shield/swsh1h_ja,71,71,Team Yell Grunt,HR,HR,,https://images.scrydex.com/pokemon/swsh1h_ja-71/large,68,YES
ソード・シールド,92b1b2b5-1413-4667-96da-f6302db14a80,S1H,拡張パック「シールド」,swsh1h_ja,https://scrydex.com/pokemon/expansions/shield/swsh1h_ja,72,72,Marnie,HR,HR,,https://images.scrydex.com/pokemon/swsh1h_ja-72/large,68,YES
ソード・シールド,92b1b2b5-1413-4667-96da-f6302db14a80,S1H,拡張パック「シールド」,swsh1h_ja,https://scrydex.com/pokemon/expansions/shield/swsh1h_ja,73,73,Zamazenta V,UR,UR,,https://images.scrydex.com/pokemon/swsh1h_ja-73/large,68,YES
ソード・シールド,92b1b2b5-1413-4667-96da-f6302db14a80,S1H,拡張パック「シールド」,swsh1h_ja,https://scrydex.com/pokemon/expansions/shield/swsh1h_ja,74,74,Quick Ball,UR,UR,,https://images.scrydex.com/pokemon/swsh1h_ja-74/large,68,YES
ソード・シールド,92b1b2b5-1413-4667-96da-f6302db14a80,S1H,拡張パック「シールド」,swsh1h_ja,https://scrydex.com/pokemon/expansions/shield/swsh1h_ja,75,75,Metal Saucer,UR,UR,,https://images.scrydex.com/pokemon/swsh1h_ja-75/large,68,YES
ソード・シールド,692e5d4f-0da6-4011-a12c-ffdb1309cba4,S1a,強化拡張パック「VMAXライジング」,swsh1a_ja,https://scrydex.com/pokemon/expansions/vmax-rising/swsh1a_ja,79,79,Rillaboom VMAX,HR,HR,,https://images.scrydex.com/pokemon/swsh1a_ja-79/large,78,YES
ソード・シールド,692e5d4f-0da6-4011-a12c-ffdb1309cba4,S1a,強化拡張パック「VMAXライジング」,swsh1a_ja,https://scrydex.com/pokemon/expansions/vmax-rising/swsh1a_ja,80,80,Cinderace VMAX,HR,HR,,https://images.scrydex.com/pokemon/swsh1a_ja-80/large,78,YES
ソード・シールド,692e5d4f-0da6-4011-a12c-ffdb1309cba4,S1a,強化拡張パック「VMAXライジング」,swsh1a_ja,https://scrydex.com/pokemon/expansions/vmax-rising/swsh1a_ja,81,81,Inteleon VMAX,HR,HR,,https://images.scrydex.com/pokemon/swsh1a_ja-81/large,78,YES
ソード・シールド,692e5d4f-0da6-4011-a12c-ffdb1309cba4,S1a,強化拡張パック「VMAXライジング」,swsh1a_ja,https://scrydex.com/pokemon/expansions/vmax-rising/swsh1a_ja,82,82,Sonia,HR,HR,,https://images.scrydex.com/pokemon/swsh1a_ja-82/large,78,YES
ソード・シールド,692e5d4f-0da6-4011-a12c-ffdb1309cba4,S1a,強化拡張パック「VMAXライジング」,swsh1a_ja,https://scrydex.com/pokemon/expansions/vmax-rising/swsh1a_ja,83,83,Milo,HR,HR,,https://images.scrydex.com/pokemon/swsh1a_ja-83/large,78,YES
ソード・シールド,692e5d4f-0da6-4011-a12c-ffdb1309cba4,S1a,強化拡張パック「VMAXライジング」,swsh1a_ja,https://scrydex.com/pokemon/expansions/vmax-rising/swsh1a_ja,84,84,Frosmoth,UR,UR,,https://images.scrydex.com/pokemon/swsh1a_ja-84/large,78,YES
ソード・シールド,692e5d4f-0da6-4011-a12c-ffdb1309cba4,S1a,強化拡張パック「VMAXライジング」,swsh1a_ja,https://scrydex.com/pokemon/expansions/vmax-rising/swsh1a_ja,85,85,Big Charm,UR,UR,,https://images.scrydex.com/pokemon/swsh1a_ja-85/large,78,YES
ソード・シールド,692e5d4f-0da6-4011-a12c-ffdb1309cba4,S1a,強化拡張パック「VMAXライジング」,swsh1a_ja,https://scrydex.com/pokemon/expansions/vmax-rising/swsh1a_ja,86,86,Twin Energy,UR,UR,,https://images.scrydex.com/pokemon/swsh1a_ja-86/large,78,YES
ソード・シールド,34f34ce8-d9b4-4c63-9460-a26290607bc5,S2a,強化拡張パック「爆炎ウォーカー」,swsh2a_ja,https://scrydex.com/pokemon/expansions/explosive-walker/swsh2a_ja,79,79,Butterfree VMAX,HR,HR,,https://images.scrydex.com/pokemon/swsh2a_ja-79/large,78,YES
ソード・シールド,34f34ce8-d9b4-4c63-9460-a26290607bc5,S2a,強化拡張パック「爆炎ウォーカー」,swsh2a_ja,https://scrydex.com/pokemon/expansions/explosive-walker/swsh2a_ja,80,80,Centiskorch VMAX,HR,HR,,https://images.scrydex.com/pokemon/swsh2a_ja-80/large,78,YES
ソード・シールド,34f34ce8-d9b4-4c63-9460-a26290607bc5,S2a,強化拡張パック「爆炎ウォーカー」,swsh2a_ja,https://scrydex.com/pokemon/expansions/explosive-walker/swsh2a_ja,81,81,Gardevoir VMAX,HR,HR,,https://images.scrydex.com/pokemon/swsh2a_ja-81/large,78,YES
ソード・シールド,34f34ce8-d9b4-4c63-9460-a26290607bc5,S2a,強化拡張パック「爆炎ウォーカー」,swsh2a_ja,https://scrydex.com/pokemon/expansions/explosive-walker/swsh2a_ja,82,82,Kabu,HR,HR,,https://images.scrydex.com/pokemon/swsh2a_ja-82/large,78,YES
ソード・シールド,34f34ce8-d9b4-4c63-9460-a26290607bc5,S2a,強化拡張パック「爆炎ウォーカー」,swsh2a_ja,https://scrydex.com/pokemon/expansions/explosive-walker/swsh2a_ja,83,83,Pokémon Breeder's Nurturing,HR,HR,,https://images.scrydex.com/pokemon/swsh2a_ja-83/large,78,YES
ソード・シールド,34f34ce8-d9b4-4c63-9460-a26290607bc5,S2a,強化拡張パック「爆炎ウォーカー」,swsh2a_ja,https://scrydex.com/pokemon/expansions/explosive-walker/swsh2a_ja,84,84,Rillaboom,UR,UR,,https://images.scrydex.com/pokemon/swsh2a_ja-84/large,78,YES
ソード・シールド,34f34ce8-d9b4-4c63-9460-a26290607bc5,S2a,強化拡張パック「爆炎ウォーカー」,swsh2a_ja,https://scrydex.com/pokemon/expansions/explosive-walker/swsh2a_ja,85,85,Suspicious Food Tin,UR,UR,,https://images.scrydex.com/pokemon/swsh2a_ja-85/large,78,YES
ソード・シールド,34f34ce8-d9b4-4c63-9460-a26290607bc5,S2a,強化拡張パック「爆炎ウォーカー」,swsh2a_ja,https://scrydex.com/pokemon/expansions/explosive-walker/swsh2a_ja,86,86,Big Parasol,UR,UR,,https://images.scrydex.com/pokemon/swsh2a_ja-86/large,78,YES
ソード・シールド,5ef17897-aa4b-47b6-ba3f-437267d27a85,S3a,強化拡張パック「伝説の鼓動」,swsh3a_ja,https://scrydex.com/pokemon/expansions/legendary-heartbeat/swsh3a_ja,86,86,Alcremie VMAX,HR,HR,,https://images.scrydex.com/pokemon/swsh3a_ja-86/large,85,YES
ソード・シールド,5ef17897-aa4b-47b6-ba3f-437267d27a85,S3a,強化拡張パック「伝説の鼓動」,swsh3a_ja,https://scrydex.com/pokemon/expansions/legendary-heartbeat/swsh3a_ja,87,87,Coalossal VMAX,HR,HR,,https://images.scrydex.com/pokemon/swsh3a_ja-87/large,85,YES
ソード・シールド,5ef17897-aa4b-47b6-ba3f-437267d27a85,S3a,強化拡張パック「伝説の鼓動」,swsh3a_ja,https://scrydex.com/pokemon/expansions/legendary-heartbeat/swsh3a_ja,88,88,Togekiss VMAX,HR,HR,,https://images.scrydex.com/pokemon/swsh3a_ja-88/large,85,YES
ソード・シールド,5ef17897-aa4b-47b6-ba3f-437267d27a85,S3a,強化拡張パック「伝説の鼓動」,swsh3a_ja,https://scrydex.com/pokemon/expansions/legendary-heartbeat/swsh3a_ja,89,89,Beauty,HR,HR,,https://images.scrydex.com/pokemon/swsh3a_ja-89/large,85,YES
ソード・シールド,5ef17897-aa4b-47b6-ba3f-437267d27a85,S3a,強化拡張パック「伝説の鼓動」,swsh3a_ja,https://scrydex.com/pokemon/expansions/legendary-heartbeat/swsh3a_ja,90,90,Allister,HR,HR,,https://images.scrydex.com/pokemon/swsh3a_ja-90/large,85,YES
ソード・シールド,5ef17897-aa4b-47b6-ba3f-437267d27a85,S3a,強化拡張パック「伝説の鼓動」,swsh3a_ja,https://scrydex.com/pokemon/expansions/legendary-heartbeat/swsh3a_ja,91,91,Opal,HR,HR,,https://images.scrydex.com/pokemon/swsh3a_ja-91/large,85,YES
ソード・シールド,5ef17897-aa4b-47b6-ba3f-437267d27a85,S3a,強化拡張パック「伝説の鼓動」,swsh3a_ja,https://scrydex.com/pokemon/expansions/legendary-heartbeat/swsh3a_ja,92,92,Oranguru,UR,UR,,https://images.scrydex.com/pokemon/swsh3a_ja-92/large,85,YES
ソード・シールド,5ef17897-aa4b-47b6-ba3f-437267d27a85,S3a,強化拡張パック「伝説の鼓動」,swsh3a_ja,https://scrydex.com/pokemon/expansions/legendary-heartbeat/swsh3a_ja,93,93,Hero's Medal,UR,UR,,https://images.scrydex.com/pokemon/swsh3a_ja-93/large,85,YES
ソード・シールド,5ef17897-aa4b-47b6-ba3f-437267d27a85,S3a,強化拡張パック「伝説の鼓動」,swsh3a_ja,https://scrydex.com/pokemon/expansions/legendary-heartbeat/swsh3a_ja,94,94,Cape of Toughness,UR,UR,,https://images.scrydex.com/pokemon/swsh3a_ja-94/large,85,YES
ソード・シールド,db89ab0e-03c2-433a-bbc0-771d17066a54,S5R,拡張パック「連撃マスター」,swsh5r_ja,https://scrydex.com/pokemon/expansions/rapid-strike-master/swsh5r_ja,82,82,Victini VMAX,HR,HR,,https://images.scrydex.com/pokemon/swsh5r_ja-82/large,81,YES
ソード・シールド,db89ab0e-03c2-433a-bbc0-771d17066a54,S5R,拡張パック「連撃マスター」,swsh5r_ja,https://scrydex.com/pokemon/expansions/rapid-strike-master/swsh5r_ja,83,83,Rapid Strike Urshifu VMAX,HR,HR,,https://images.scrydex.com/pokemon/swsh5r_ja-83/large,81,YES
ソード・シールド,db89ab0e-03c2-433a-bbc0-771d17066a54,S5R,拡張パック「連撃マスター」,swsh5r_ja,https://scrydex.com/pokemon/expansions/rapid-strike-master/swsh5r_ja,84,84,Rapid Strike Urshifu VMAX,HR,HR,,https://images.scrydex.com/pokemon/swsh5r_ja-84/large,81,YES
ソード・シールド,db89ab0e-03c2-433a-bbc0-771d17066a54,S5R,拡張パック「連撃マスター」,swsh5r_ja,https://scrydex.com/pokemon/expansions/rapid-strike-master/swsh5r_ja,85,85,Corviknight VMAX,HR,HR,,https://images.scrydex.com/pokemon/swsh5r_ja-85/large,81,YES
ソード・シールド,db89ab0e-03c2-433a-bbc0-771d17066a54,S5R,拡張パック「連撃マスター」,swsh5r_ja,https://scrydex.com/pokemon/expansions/rapid-strike-master/swsh5r_ja,86,86,Korrina's Focus,HR,HR,,https://images.scrydex.com/pokemon/swsh5r_ja-86/large,81,YES
ソード・シールド,db89ab0e-03c2-433a-bbc0-771d17066a54,S5R,拡張パック「連撃マスター」,swsh5r_ja,https://scrydex.com/pokemon/expansions/rapid-strike-master/swsh5r_ja,87,87,Rapid Strike Style Mustard,HR,HR,,https://images.scrydex.com/pokemon/swsh5r_ja-87/large,81,YES
ソード・シールド,db89ab0e-03c2-433a-bbc0-771d17066a54,S5R,拡張パック「連撃マスター」,swsh5r_ja,https://scrydex.com/pokemon/expansions/rapid-strike-master/swsh5r_ja,88,88,Cheryl,HR,HR,,https://images.scrydex.com/pokemon/swsh5r_ja-88/large,81,YES
ソード・シールド,db89ab0e-03c2-433a-bbc0-771d17066a54,S5R,拡張パック「連撃マスター」,swsh5r_ja,https://scrydex.com/pokemon/expansions/rapid-strike-master/swsh5r_ja,89,89,Octillery,UR,UR,,https://images.scrydex.com/pokemon/swsh5r_ja-89/large,81,YES
ソード・シールド,db89ab0e-03c2-433a-bbc0-771d17066a54,S5R,拡張パック「連撃マスター」,swsh5r_ja,https://scrydex.com/pokemon/expansions/rapid-strike-master/swsh5r_ja,90,90,Level Ball,UR,UR,,https://images.scrydex.com/pokemon/swsh5r_ja-90/large,81,YES
ソード・シールド,db89ab0e-03c2-433a-bbc0-771d17066a54,S5R,拡張パック「連撃マスター」,swsh5r_ja,https://scrydex.com/pokemon/expansions/rapid-strike-master/swsh5r_ja,91,91,Rapid Strike Energy,UR,UR,,https://images.scrydex.com/pokemon/swsh5r_ja-91/large,81,YES
ソード・シールド,a29ec842-6bdb-4f63-9b66-6d63ca4e67cf,S6a,強化拡張パック「イーブイヒーローズ」,swsh6a_ja,https://scrydex.com/pokemon/expansions/eevee-heroes/swsh6a_ja,88,88,Leafeon VMAX,HR,HR,,https://images.scrydex.com/pokemon/swsh6a_ja-88/large,87,YES
ソード・シールド,a29ec842-6bdb-4f63-9b66-6d63ca4e67cf,S6a,強化拡張パック「イーブイヒーローズ」,swsh6a_ja,https://scrydex.com/pokemon/expansions/eevee-heroes/swsh6a_ja,89,89,Leafeon VMAX,HR,HR,,https://images.scrydex.com/pokemon/swsh6a_ja-89/large,87,YES
ソード・シールド,a29ec842-6bdb-4f63-9b66-6d63ca4e67cf,S6a,強化拡張パック「イーブイヒーローズ」,swsh6a_ja,https://scrydex.com/pokemon/expansions/eevee-heroes/swsh6a_ja,90,90,Glaceon VMAX,HR,HR,,https://images.scrydex.com/pokemon/swsh6a_ja-90/large,87,YES
ソード・シールド,a29ec842-6bdb-4f63-9b66-6d63ca4e67cf,S6a,強化拡張パック「イーブイヒーローズ」,swsh6a_ja,https://scrydex.com/pokemon/expansions/eevee-heroes/swsh6a_ja,91,91,Glaceon VMAX,HR,HR,,https://images.scrydex.com/pokemon/swsh6a_ja-91/large,87,YES
ソード・シールド,a29ec842-6bdb-4f63-9b66-6d63ca4e67cf,S6a,強化拡張パック「イーブイヒーローズ」,swsh6a_ja,https://scrydex.com/pokemon/expansions/eevee-heroes/swsh6a_ja,92,92,Sylveon VMAX,HR,HR,,https://images.scrydex.com/pokemon/swsh6a_ja-92/large,87,YES
ソード・シールド,a29ec842-6bdb-4f63-9b66-6d63ca4e67cf,S6a,強化拡張パック「イーブイヒーローズ」,swsh6a_ja,https://scrydex.com/pokemon/expansions/eevee-heroes/swsh6a_ja,93,93,Sylveon VMAX,HR,HR,,https://images.scrydex.com/pokemon/swsh6a_ja-93/large,87,YES
ソード・シールド,a29ec842-6bdb-4f63-9b66-6d63ca4e67cf,S6a,強化拡張パック「イーブイヒーローズ」,swsh6a_ja,https://scrydex.com/pokemon/expansions/eevee-heroes/swsh6a_ja,94,94,Umbreon VMAX,HR,HR,,https://images.scrydex.com/pokemon/swsh6a_ja-94/large,87,YES
ソード・シールド,a29ec842-6bdb-4f63-9b66-6d63ca4e67cf,S6a,強化拡張パック「イーブイヒーローズ」,swsh6a_ja,https://scrydex.com/pokemon/expansions/eevee-heroes/swsh6a_ja,95,95,Umbreon VMAX,HR,HR,,https://images.scrydex.com/pokemon/swsh6a_ja-95/large,87,YES
ソード・シールド,a29ec842-6bdb-4f63-9b66-6d63ca4e67cf,S6a,強化拡張パック「イーブイヒーローズ」,swsh6a_ja,https://scrydex.com/pokemon/expansions/eevee-heroes/swsh6a_ja,96,96,Aroma Lady,HR,HR,,https://images.scrydex.com/pokemon/swsh6a_ja-96/large,87,YES
ソード・シールド,a29ec842-6bdb-4f63-9b66-6d63ca4e67cf,S6a,強化拡張パック「イーブイヒーローズ」,swsh6a_ja,https://scrydex.com/pokemon/expansions/eevee-heroes/swsh6a_ja,97,97,Gordie,HR,HR,,https://images.scrydex.com/pokemon/swsh6a_ja-97/large,87,YES
ソード・シールド,a29ec842-6bdb-4f63-9b66-6d63ca4e67cf,S6a,強化拡張パック「イーブイヒーローズ」,swsh6a_ja,https://scrydex.com/pokemon/expansions/eevee-heroes/swsh6a_ja,98,98,Inteleon,UR,UR,,https://images.scrydex.com/pokemon/swsh6a_ja-98/large,87,YES
ソード・シールド,a29ec842-6bdb-4f63-9b66-6d63ca4e67cf,S6a,強化拡張パック「イーブイヒーローズ」,swsh6a_ja,https://scrydex.com/pokemon/expansions/eevee-heroes/swsh6a_ja,99,99,Boost Shake,UR,UR,,https://images.scrydex.com/pokemon/swsh6a_ja-99/large,87,YES
ソード・シールド,a29ec842-6bdb-4f63-9b66-6d63ca4e67cf,S6a,強化拡張パック「イーブイヒーローズ」,swsh6a_ja,https://scrydex.com/pokemon/expansions/eevee-heroes/swsh6a_ja,100,100,Turffield Stadium,UR,UR,,https://images.scrydex.com/pokemon/swsh6a_ja-100/large,87,YES
ソード・シールド,a29ec842-6bdb-4f63-9b66-6d63ca4e67cf,S6a,強化拡張パック「イーブイヒーローズ」,swsh6a_ja,https://scrydex.com/pokemon/expansions/eevee-heroes/swsh6a_ja,101,101,Darkness Energy,UR,UR,,https://images.scrydex.com/pokemon/swsh6a_ja-101/large,87,YES
ソード・シールド,798983eb-5b45-49ab-b90a-339a8fd22b4a,S8a,拡張パック「25th ANNIVERSARY COLLECTION」,swsh8a_ja,https://scrydex.com/pokemon/expansions/25th-anniversary-collection/swsh8a_ja,26,26,Pikachu V-UNION,RRR,RRR,,https://images.scrydex.com/pokemon/swsh8a_ja-26/large,29,NO
ソード・シールド,798983eb-5b45-49ab-b90a-339a8fd22b4a,S8a,拡張パック「25th ANNIVERSARY COLLECTION」,swsh8a_ja,https://scrydex.com/pokemon/expansions/25th-anniversary-collection/swsh8a_ja,27,27,Pikachu V-UNION,RRR,RRR,,https://images.scrydex.com/pokemon/swsh8a_ja-27/large,29,NO
ソード・シールド,798983eb-5b45-49ab-b90a-339a8fd22b4a,S8a,拡張パック「25th ANNIVERSARY COLLECTION」,swsh8a_ja,https://scrydex.com/pokemon/expansions/25th-anniversary-collection/swsh8a_ja,28,28,Pikachu V-UNION,RRR,RRR,,https://images.scrydex.com/pokemon/swsh8a_ja-28/large,29,NO
ソード・シールド,798983eb-5b45-49ab-b90a-339a8fd22b4a,S8a,拡張パック「25th ANNIVERSARY COLLECTION」,swsh8a_ja,https://scrydex.com/pokemon/expansions/25th-anniversary-collection/swsh8a_ja,30,30,Mew,UR,UR,,https://images.scrydex.com/pokemon/swsh8a_ja-30/large,29,YES
ソード・シールド,798983eb-5b45-49ab-b90a-339a8fd22b4a,S8a,拡張パック「25th ANNIVERSARY COLLECTION」,swsh8a_ja,https://scrydex.com/pokemon/expansions/25th-anniversary-collection/swsh8a_ja,31,31,Grass Energy,,—,,https://images.scrydex.com/pokemon/swsh8a_ja-31/large,29,YES
ソード・シールド,798983eb-5b45-49ab-b90a-339a8fd22b4a,S8a,拡張パック「25th ANNIVERSARY COLLECTION」,swsh8a_ja,https://scrydex.com/pokemon/expansions/25th-anniversary-collection/swsh8a_ja,32,32,Fire Energy,,—,,https://images.scrydex.com/pokemon/swsh8a_ja-32/large,29,YES
ソード・シールド,798983eb-5b45-49ab-b90a-339a8fd22b4a,S8a,拡張パック「25th ANNIVERSARY COLLECTION」,swsh8a_ja,https://scrydex.com/pokemon/expansions/25th-anniversary-collection/swsh8a_ja,33,33,Water Energy,,—,,https://images.scrydex.com/pokemon/swsh8a_ja-33/large,29,YES
ソード・シールド,798983eb-5b45-49ab-b90a-339a8fd22b4a,S8a,拡張パック「25th ANNIVERSARY COLLECTION」,swsh8a_ja,https://scrydex.com/pokemon/expansions/25th-anniversary-collection/swsh8a_ja,34,34,Lightning Energy,,—,,https://images.scrydex.com/pokemon/swsh8a_ja-34/large,29,YES
ソード・シールド,798983eb-5b45-49ab-b90a-339a8fd22b4a,S8a,拡張パック「25th ANNIVERSARY COLLECTION」,swsh8a_ja,https://scrydex.com/pokemon/expansions/25th-anniversary-collection/swsh8a_ja,35,35,Psychic Energy,,—,,https://images.scrydex.com/pokemon/swsh8a_ja-35/large,29,YES
ソード・シールド,798983eb-5b45-49ab-b90a-339a8fd22b4a,S8a,拡張パック「25th ANNIVERSARY COLLECTION」,swsh8a_ja,https://scrydex.com/pokemon/expansions/25th-anniversary-collection/swsh8a_ja,36,36,Fighting Energy,,—,,https://images.scrydex.com/pokemon/swsh8a_ja-36/large,29,YES
ソード・シールド,798983eb-5b45-49ab-b90a-339a8fd22b4a,S8a,拡張パック「25th ANNIVERSARY COLLECTION」,swsh8a_ja,https://scrydex.com/pokemon/expansions/25th-anniversary-collection/swsh8a_ja,37,37,Darkness Energy,,—,,https://images.scrydex.com/pokemon/swsh8a_ja-37/large,29,YES
ソード・シールド,798983eb-5b45-49ab-b90a-339a8fd22b4a,S8a,拡張パック「25th ANNIVERSARY COLLECTION」,swsh8a_ja,https://scrydex.com/pokemon/expansions/25th-anniversary-collection/swsh8a_ja,38,38,Metal Energy,,—,,https://images.scrydex.com/pokemon/swsh8a_ja-38/large,29,YES
ソード・シールド,259f0e66-c9f7-4fa0-909c-b6c3006b37b8,SGG,ハイクラスデッキ「ゲンガーVMAX」,sgg_ja,https://scrydex.com/pokemon/expansions/gengar-vmax-high-class-deck/sgg_ja,21,21,Darkness Energy,,—,,https://images.scrydex.com/pokemon/sgg_ja-21/large,20,YES
XYシリーズ,6ba347c2-db70-4a00-bd67-01f48ceff2f5,XY2,ポケモンカードゲームXY 拡張パック「ワイルドブレイズ」,xy2_ja,https://scrydex.com/pokemon/expansions/wild-blaze/xy2_ja,88,88,M Charizard-EX,UR,UR,,https://images.scrydex.com/pokemon/xy2_ja-88/large,87,YES
XYシリーズ,6ba347c2-db70-4a00-bd67-01f48ceff2f5,XY2,ポケモンカードゲームXY 拡張パック「ワイルドブレイズ」,xy2_ja,https://scrydex.com/pokemon/expansions/wild-blaze/xy2_ja,89,89,M Charizard-EX,UR,UR,,https://images.scrydex.com/pokemon/xy2_ja-89/large,87,YES
XYシリーズ,6ba347c2-db70-4a00-bd67-01f48ceff2f5,XY2,ポケモンカードゲームXY 拡張パック「ワイルドブレイズ」,xy2_ja,https://scrydex.com/pokemon/expansions/wild-blaze/xy2_ja,90,90,M Kangaskhan-EX,UR,UR,,https://images.scrydex.com/pokemon/xy2_ja-90/large,87,YES
XYシリーズ,c5895636-5372-42da-a880-777a0a52416a,XY4,ポケモンカードゲームXY 拡張パック「ファントムゲート」,xy4_ja,https://scrydex.com/pokemon/expansions/phantom-gate/xy4_ja,96,96,M Manectric-EX,UR,UR,,https://images.scrydex.com/pokemon/xy4_ja-96/large,95,YES
XYシリーズ,c5895636-5372-42da-a880-777a0a52416a,XY4,ポケモンカードゲームXY 拡張パック「ファントムゲート」,xy4_ja,https://scrydex.com/pokemon/expansions/phantom-gate/xy4_ja,97,97,M Gengar-EX,UR,UR,,https://images.scrydex.com/pokemon/xy4_ja-97/large,95,YES
XYシリーズ,a03039bf-3a15-4b15-9d4f-634488fa9e48,XY5-Bt,ポケモンカードゲームXY 拡張パック「タイダルストーム」,xy5t_ja,https://scrydex.com/pokemon/expansions/tidal-storm/xy5t_ja,79,79,Enhanced Hammer,UR,UR,,https://images.scrydex.com/pokemon/xy5t_ja-79/large,78,YES
XYシリーズ,a03039bf-3a15-4b15-9d4f-634488fa9e48,XY5-Bt,ポケモンカードゲームXY 拡張パック「タイダルストーム」,xy5t_ja,https://scrydex.com/pokemon/expansions/tidal-storm/xy5t_ja,80,80,Dive Ball,UR,UR,,https://images.scrydex.com/pokemon/xy5t_ja-80/large,78,YES
XYシリーズ,ef6bc45c-08a8-4349-8017-1717b108d3c8,XY8-Br,ポケモンカードゲームXY BREAK　拡張パック「赤い閃光」,xy8r_ja,https://scrydex.com/pokemon/expansions/red-flash/xy8r_ja,65,65,Mewtwo-EX,UR,UR,,https://images.scrydex.com/pokemon/xy8r_ja-65/large,64,YES
XYシリーズ,738567d0-701f-448b-bba6-70a6b90dbcc4,XY10-B,ポケモンカードゲームXY BREAK 拡張パック「めざめる超王」,xy10_ja,https://scrydex.com/pokemon/expansions/awakening-psychic-king/xy10_ja,88,88,Alakazam-EX,UR,UR,,https://images.scrydex.com/pokemon/xy10_ja-88/large,87,YES
XYシリーズ,18513f31-8b41-4783-9b7b-43ea49365192,XY3,ポケモンカードゲームXY 拡張パック「ライジングフィスト」,xy3_ja,https://scrydex.com/pokemon/expansions/rising-fist/xy3_ja,104,104,M Heracross-EX,UR,UR,,https://images.scrydex.com/pokemon/xy3_ja-104/large,103,YES
XYシリーズ,18513f31-8b41-4783-9b7b-43ea49365192,XY3,ポケモンカードゲームXY 拡張パック「ライジングフィスト」,xy3_ja,https://scrydex.com/pokemon/expansions/rising-fist/xy3_ja,105,105,M Lucario-EX,UR,UR,,https://images.scrydex.com/pokemon/xy3_ja-105/large,103,YES
XYシリーズ,e249c6c7-6f19-4de0-b421-1d7bce8e588d,XY5-Bg,ポケモンカードゲームXY 拡張パック「ガイアボルケーノ」,xy5g_ja,https://scrydex.com/pokemon/expansions/gaia-volcano/xy5g_ja,79,79,Switch,UR,UR,,https://images.scrydex.com/pokemon/xy5g_ja-79/large,78,YES
XYシリーズ,e249c6c7-6f19-4de0-b421-1d7bce8e588d,XY5-Bg,ポケモンカードゲームXY 拡張パック「ガイアボルケーノ」,xy5g_ja,https://scrydex.com/pokemon/expansions/gaia-volcano/xy5g_ja,80,80,Weakness Policy,UR,UR,,https://images.scrydex.com/pokemon/xy5g_ja-80/large,78,YES
XYシリーズ,75574306-ef8d-4e8e-b8a5-5d485286a968,XY6,ポケモンカードゲームXY 拡張パック「エメラルドブレイク」,xy6_ja,https://scrydex.com/pokemon/expansions/emerald-break/xy6_ja,1,1,Exeggcute,C,C,,https://images.scrydex.com/pokemon/xy6_ja-1/large,89,NO
XYシリーズ,75574306-ef8d-4e8e-b8a5-5d485286a968,XY6,ポケモンカードゲームXY 拡張パック「エメラルドブレイク」,xy6_ja,https://scrydex.com/pokemon/expansions/emerald-break/xy6_ja,2,2,Exeggutor,C,C,,https://images.scrydex.com/pokemon/xy6_ja-2/large,89,NO
XYシリーズ,75574306-ef8d-4e8e-b8a5-5d485286a968,XY6,ポケモンカードゲームXY 拡張パック「エメラルドブレイク」,xy6_ja,https://scrydex.com/pokemon/expansions/emerald-break/xy6_ja,3,3,Wurmple,C,C,,https://images.scrydex.com/pokemon/xy6_ja-3/large,89,NO
XYシリーズ,75574306-ef8d-4e8e-b8a5-5d485286a968,XY6,ポケモンカードゲームXY 拡張パック「エメラルドブレイク」,xy6_ja,https://scrydex.com/pokemon/expansions/emerald-break/xy6_ja,4,4,Silcoon,C,C,,https://images.scrydex.com/pokemon/xy6_ja-4/large,89,NO
XYシリーズ,75574306-ef8d-4e8e-b8a5-5d485286a968,XY6,ポケモンカードゲームXY 拡張パック「エメラルドブレイク」,xy6_ja,https://scrydex.com/pokemon/expansions/emerald-break/xy6_ja,5,5,Beautifly,R,R,,https://images.scrydex.com/pokemon/xy6_ja-5/large,89,NO
XYシリーズ,75574306-ef8d-4e8e-b8a5-5d485286a968,XY6,ポケモンカードゲームXY 拡張パック「エメラルドブレイク」,xy6_ja,https://scrydex.com/pokemon/expansions/emerald-break/xy6_ja,6,6,Cascoon,C,C,,https://images.scrydex.com/pokemon/xy6_ja-6/large,89,NO
XYシリーズ,75574306-ef8d-4e8e-b8a5-5d485286a968,XY6,ポケモンカードゲームXY 拡張パック「エメラルドブレイク」,xy6_ja,https://scrydex.com/pokemon/expansions/emerald-break/xy6_ja,7,7,Dustox,C,C,,https://images.scrydex.com/pokemon/xy6_ja-7/large,89,NO
XYシリーズ,75574306-ef8d-4e8e-b8a5-5d485286a968,XY6,ポケモンカードゲームXY 拡張パック「エメラルドブレイク」,xy6_ja,https://scrydex.com/pokemon/expansions/emerald-break/xy6_ja,8,8,Dustox,C,C,,https://images.scrydex.com/pokemon/xy6_ja-8/large,89,NO
XYシリーズ,75574306-ef8d-4e8e-b8a5-5d485286a968,XY6,ポケモンカードゲームXY 拡張パック「エメラルドブレイク」,xy6_ja,https://scrydex.com/pokemon/expansions/emerald-break/xy6_ja,9,9,Nincada,C,C,,https://images.scrydex.com/pokemon/xy6_ja-9/large,89,NO
XYシリーズ,75574306-ef8d-4e8e-b8a5-5d485286a968,XY6,ポケモンカードゲームXY 拡張パック「エメラルドブレイク」,xy6_ja,https://scrydex.com/pokemon/expansions/emerald-break/xy6_ja,10,10,Ninjask,C,C,,https://images.scrydex.com/pokemon/xy6_ja-10/large,89,NO
XYシリーズ,75574306-ef8d-4e8e-b8a5-5d485286a968,XY6,ポケモンカードゲームXY 拡張パック「エメラルドブレイク」,xy6_ja,https://scrydex.com/pokemon/expansions/emerald-break/xy6_ja,11,11,Shedinja,U,U,,https://images.scrydex.com/pokemon/xy6_ja-11/large,89,NO
XYシリーズ,75574306-ef8d-4e8e-b8a5-5d485286a968,XY6,ポケモンカードゲームXY 拡張パック「エメラルドブレイク」,xy6_ja,https://scrydex.com/pokemon/expansions/emerald-break/xy6_ja,12,12,Tropius,C,C,,https://images.scrydex.com/pokemon/xy6_ja-12/large,89,NO
XYシリーズ,75574306-ef8d-4e8e-b8a5-5d485286a968,XY6,ポケモンカードゲームXY 拡張パック「エメラルドブレイク」,xy6_ja,https://scrydex.com/pokemon/expansions/emerald-break/xy6_ja,13,13,Fletchinder,C,C,,https://images.scrydex.com/pokemon/xy6_ja-13/large,89,NO
XYシリーズ,75574306-ef8d-4e8e-b8a5-5d485286a968,XY6,ポケモンカードゲームXY 拡張パック「エメラルドブレイク」,xy6_ja,https://scrydex.com/pokemon/expansions/emerald-break/xy6_ja,14,14,Talonflame,U,U,,https://images.scrydex.com/pokemon/xy6_ja-14/large,89,NO
XYシリーズ,75574306-ef8d-4e8e-b8a5-5d485286a968,XY6,ポケモンカードゲームXY 拡張パック「エメラルドブレイク」,xy6_ja,https://scrydex.com/pokemon/expansions/emerald-break/xy6_ja,15,15,Articuno,U,U,,https://images.scrydex.com/pokemon/xy6_ja-15/large,89,NO
XYシリーズ,75574306-ef8d-4e8e-b8a5-5d485286a968,XY6,ポケモンカードゲームXY 拡張パック「エメラルドブレイク」,xy6_ja,https://scrydex.com/pokemon/expansions/emerald-break/xy6_ja,16,16,Articuno,U,U,,https://images.scrydex.com/pokemon/xy6_ja-16/large,89,NO
XYシリーズ,75574306-ef8d-4e8e-b8a5-5d485286a968,XY6,ポケモンカードゲームXY 拡張パック「エメラルドブレイク」,xy6_ja,https://scrydex.com/pokemon/expansions/emerald-break/xy6_ja,17,17,Wingull,C,C,,https://images.scrydex.com/pokemon/xy6_ja-17/large,89,NO
XYシリーズ,75574306-ef8d-4e8e-b8a5-5d485286a968,XY6,ポケモンカードゲームXY 拡張パック「エメラルドブレイク」,xy6_ja,https://scrydex.com/pokemon/expansions/emerald-break/xy6_ja,18,18,Pelipper,C,C,,https://images.scrydex.com/pokemon/xy6_ja-18/large,89,NO
XYシリーズ,75574306-ef8d-4e8e-b8a5-5d485286a968,XY6,ポケモンカードゲームXY 拡張パック「エメラルドブレイク」,xy6_ja,https://scrydex.com/pokemon/expansions/emerald-break/xy6_ja,19,19,Voltorb,C,C,,https://images.scrydex.com/pokemon/xy6_ja-19/large,89,NO
XYシリーズ,75574306-ef8d-4e8e-b8a5-5d485286a968,XY6,ポケモンカードゲームXY 拡張パック「エメラルドブレイク」,xy6_ja,https://scrydex.com/pokemon/expansions/emerald-break/xy6_ja,20,20,Electrode,C,C,,https://images.scrydex.com/pokemon/xy6_ja-20/large,89,NO
XYシリーズ,75574306-ef8d-4e8e-b8a5-5d485286a968,XY6,ポケモンカードゲームXY 拡張パック「エメラルドブレイク」,xy6_ja,https://scrydex.com/pokemon/expansions/emerald-break/xy6_ja,21,21,Zapdos,U,U,,https://images.scrydex.com/pokemon/xy6_ja-21/large,89,NO
XYシリーズ,75574306-ef8d-4e8e-b8a5-5d485286a968,XY6,ポケモンカードゲームXY 拡張パック「エメラルドブレイク」,xy6_ja,https://scrydex.com/pokemon/expansions/emerald-break/xy6_ja,22,22,Thundurus-EX,RR,RR,,https://images.scrydex.com/pokemon/xy6_ja-22/large,89,NO
XYシリーズ,75574306-ef8d-4e8e-b8a5-5d485286a968,XY6,ポケモンカードゲームXY 拡張パック「エメラルドブレイク」,xy6_ja,https://scrydex.com/pokemon/expansions/emerald-break/xy6_ja,23,23,Natu,C,C,,https://images.scrydex.com/pokemon/xy6_ja-23/large,89,NO
XYシリーズ,75574306-ef8d-4e8e-b8a5-5d485286a968,XY6,ポケモンカードゲームXY 拡張パック「エメラルドブレイク」,xy6_ja,https://scrydex.com/pokemon/expansions/emerald-break/xy6_ja,24,24,Natu,C,C,,https://images.scrydex.com/pokemon/xy6_ja-24/large,89,NO
XYシリーズ,75574306-ef8d-4e8e-b8a5-5d485286a968,XY6,ポケモンカードゲームXY 拡張パック「エメラルドブレイク」,xy6_ja,https://scrydex.com/pokemon/expansions/emerald-break/xy6_ja,25,25,Xatu,C,C,,https://images.scrydex.com/pokemon/xy6_ja-25/large,89,NO
XYシリーズ,75574306-ef8d-4e8e-b8a5-5d485286a968,XY6,ポケモンカードゲームXY 拡張パック「エメラルドブレイク」,xy6_ja,https://scrydex.com/pokemon/expansions/emerald-break/xy6_ja,26,26,Shuppet,C,C,,https://images.scrydex.com/pokemon/xy6_ja-26/large,89,NO
XYシリーズ,75574306-ef8d-4e8e-b8a5-5d485286a968,XY6,ポケモンカードゲームXY 拡張パック「エメラルドブレイク」,xy6_ja,https://scrydex.com/pokemon/expansions/emerald-break/xy6_ja,27,27,Banette,U,U,,https://images.scrydex.com/pokemon/xy6_ja-27/large,89,NO
XYシリーズ,75574306-ef8d-4e8e-b8a5-5d485286a968,XY6,ポケモンカードゲームXY 拡張パック「エメラルドブレイク」,xy6_ja,https://scrydex.com/pokemon/expansions/emerald-break/xy6_ja,28,28,Banette,U,U,,https://images.scrydex.com/pokemon/xy6_ja-28/large,89,NO
XYシリーズ,75574306-ef8d-4e8e-b8a5-5d485286a968,XY6,ポケモンカードゲームXY 拡張パック「エメラルドブレイク」,xy6_ja,https://scrydex.com/pokemon/expansions/emerald-break/xy6_ja,29,29,Deoxys,R,R,,https://images.scrydex.com/pokemon/xy6_ja-29/large,89,NO
XYシリーズ,75574306-ef8d-4e8e-b8a5-5d485286a968,XY6,ポケモンカードゲームXY 拡張パック「エメラルドブレイク」,xy6_ja,https://scrydex.com/pokemon/expansions/emerald-break/xy6_ja,30,30,Gallade-EX,RR,RR,,https://images.scrydex.com/pokemon/xy6_ja-30/large,89,NO
XYシリーズ,75574306-ef8d-4e8e-b8a5-5d485286a968,XY6,ポケモンカードゲームXY 拡張パック「エメラルドブレイク」,xy6_ja,https://scrydex.com/pokemon/expansions/emerald-break/xy6_ja,31,31,M Gallade-EX,RR,RR,,https://images.scrydex.com/pokemon/xy6_ja-31/large,89,NO
XYシリーズ,75574306-ef8d-4e8e-b8a5-5d485286a968,XY6,ポケモンカードゲームXY 拡張パック「エメラルドブレイク」,xy6_ja,https://scrydex.com/pokemon/expansions/emerald-break/xy6_ja,32,32,Gligar,C,C,,https://images.scrydex.com/pokemon/xy6_ja-32/large,89,NO
XYシリーズ,75574306-ef8d-4e8e-b8a5-5d485286a968,XY6,ポケモンカードゲームXY 拡張パック「エメラルドブレイク」,xy6_ja,https://scrydex.com/pokemon/expansions/emerald-break/xy6_ja,33,33,Gliscor,C,C,,https://images.scrydex.com/pokemon/xy6_ja-33/large,89,NO
XYシリーズ,75574306-ef8d-4e8e-b8a5-5d485286a968,XY6,ポケモンカードゲームXY 拡張パック「エメラルドブレイク」,xy6_ja,https://scrydex.com/pokemon/expansions/emerald-break/xy6_ja,34,34,Absol,R,R,,https://images.scrydex.com/pokemon/xy6_ja-34/large,89,NO
XYシリーズ,75574306-ef8d-4e8e-b8a5-5d485286a968,XY6,ポケモンカードゲームXY 拡張パック「エメラルドブレイク」,xy6_ja,https://scrydex.com/pokemon/expansions/emerald-break/xy6_ja,35,35,Jirachi,R,R,,https://images.scrydex.com/pokemon/xy6_ja-35/large,89,NO
XYシリーズ,75574306-ef8d-4e8e-b8a5-5d485286a968,XY6,ポケモンカードゲームXY 拡張パック「エメラルドブレイク」,xy6_ja,https://scrydex.com/pokemon/expansions/emerald-break/xy6_ja,36,36,Togepi,C,C,,https://images.scrydex.com/pokemon/xy6_ja-36/large,89,NO
XYシリーズ,75574306-ef8d-4e8e-b8a5-5d485286a968,XY6,ポケモンカードゲームXY 拡張パック「エメラルドブレイク」,xy6_ja,https://scrydex.com/pokemon/expansions/emerald-break/xy6_ja,37,37,Togetic,C,C,,https://images.scrydex.com/pokemon/xy6_ja-37/large,89,NO
XYシリーズ,75574306-ef8d-4e8e-b8a5-5d485286a968,XY6,ポケモンカードゲームXY 拡張パック「エメラルドブレイク」,xy6_ja,https://scrydex.com/pokemon/expansions/emerald-break/xy6_ja,38,38,Togekiss,U,U,,https://images.scrydex.com/pokemon/xy6_ja-38/large,89,NO
XYシリーズ,75574306-ef8d-4e8e-b8a5-5d485286a968,XY6,ポケモンカードゲームXY 拡張パック「エメラルドブレイク」,xy6_ja,https://scrydex.com/pokemon/expansions/emerald-break/xy6_ja,39,39,Togekiss,R,R,,https://images.scrydex.com/pokemon/xy6_ja-39/large,89,NO
XYシリーズ,75574306-ef8d-4e8e-b8a5-5d485286a968,XY6,ポケモンカードゲームXY 拡張パック「エメラルドブレイク」,xy6_ja,https://scrydex.com/pokemon/expansions/emerald-break/xy6_ja,40,40,Dratini,C,C,,https://images.scrydex.com/pokemon/xy6_ja-40/large,89,NO
XYシリーズ,75574306-ef8d-4e8e-b8a5-5d485286a968,XY6,ポケモンカードゲームXY 拡張パック「エメラルドブレイク」,xy6_ja,https://scrydex.com/pokemon/expansions/emerald-break/xy6_ja,41,41,Dragonair,C,C,,https://images.scrydex.com/pokemon/xy6_ja-41/large,89,NO
XYシリーズ,75574306-ef8d-4e8e-b8a5-5d485286a968,XY6,ポケモンカードゲームXY 拡張パック「エメラルドブレイク」,xy6_ja,https://scrydex.com/pokemon/expansions/emerald-break/xy6_ja,42,42,Dragonite,U,U,,https://images.scrydex.com/pokemon/xy6_ja-42/large,89,NO
XYシリーズ,75574306-ef8d-4e8e-b8a5-5d485286a968,XY6,ポケモンカードゲームXY 拡張パック「エメラルドブレイク」,xy6_ja,https://scrydex.com/pokemon/expansions/emerald-break/xy6_ja,43,43,Dragonite,R,R,,https://images.scrydex.com/pokemon/xy6_ja-43/large,89,NO
XYシリーズ,75574306-ef8d-4e8e-b8a5-5d485286a968,XY6,ポケモンカードゲームXY 拡張パック「エメラルドブレイク」,xy6_ja,https://scrydex.com/pokemon/expansions/emerald-break/xy6_ja,44,44,Altaria,C,C,,https://images.scrydex.com/pokemon/xy6_ja-44/large,89,NO
XYシリーズ,75574306-ef8d-4e8e-b8a5-5d485286a968,XY6,ポケモンカードゲームXY 拡張パック「エメラルドブレイク」,xy6_ja,https://scrydex.com/pokemon/expansions/emerald-break/xy6_ja,45,45,Bagon,C,C,,https://images.scrydex.com/pokemon/xy6_ja-45/large,89,NO
XYシリーズ,75574306-ef8d-4e8e-b8a5-5d485286a968,XY6,ポケモンカードゲームXY 拡張パック「エメラルドブレイク」,xy6_ja,https://scrydex.com/pokemon/expansions/emerald-break/xy6_ja,46,46,Shelgon,U,U,,https://images.scrydex.com/pokemon/xy6_ja-46/large,89,NO
XYシリーズ,75574306-ef8d-4e8e-b8a5-5d485286a968,XY6,ポケモンカードゲームXY 拡張パック「エメラルドブレイク」,xy6_ja,https://scrydex.com/pokemon/expansions/emerald-break/xy6_ja,47,47,Salamence,R,R,,https://images.scrydex.com/pokemon/xy6_ja-47/large,89,NO
XYシリーズ,75574306-ef8d-4e8e-b8a5-5d485286a968,XY6,ポケモンカードゲームXY 拡張パック「エメラルドブレイク」,xy6_ja,https://scrydex.com/pokemon/expansions/emerald-break/xy6_ja,48,48,Latios-EX,RR,RR,,https://images.scrydex.com/pokemon/xy6_ja-48/large,89,NO
XYシリーズ,75574306-ef8d-4e8e-b8a5-5d485286a968,XY6,ポケモンカードゲームXY 拡張パック「エメラルドブレイク」,xy6_ja,https://scrydex.com/pokemon/expansions/emerald-break/xy6_ja,49,49,M Latios-EX,RR,RR,,https://images.scrydex.com/pokemon/xy6_ja-49/large,89,NO
XYシリーズ,75574306-ef8d-4e8e-b8a5-5d485286a968,XY6,ポケモンカードゲームXY 拡張パック「エメラルドブレイク」,xy6_ja,https://scrydex.com/pokemon/expansions/emerald-break/xy6_ja,50,50,Hydreigon-EX,RR,RR,,https://images.scrydex.com/pokemon/xy6_ja-50/large,89,NO
XYシリーズ,75574306-ef8d-4e8e-b8a5-5d485286a968,XY6,ポケモンカードゲームXY 拡張パック「エメラルドブレイク」,xy6_ja,https://scrydex.com/pokemon/expansions/emerald-break/xy6_ja,51,51,Reshiram,R,R,,https://images.scrydex.com/pokemon/xy6_ja-51/large,89,NO
XYシリーズ,75574306-ef8d-4e8e-b8a5-5d485286a968,XY6,ポケモンカードゲームXY 拡張パック「エメラルドブレイク」,xy6_ja,https://scrydex.com/pokemon/expansions/emerald-break/xy6_ja,52,52,Spearow,C,C,,https://images.scrydex.com/pokemon/xy6_ja-52/large,89,NO
XYシリーズ,75574306-ef8d-4e8e-b8a5-5d485286a968,XY6,ポケモンカードゲームXY 拡張パック「エメラルドブレイク」,xy6_ja,https://scrydex.com/pokemon/expansions/emerald-break/xy6_ja,53,53,Fearow,C,C,,https://images.scrydex.com/pokemon/xy6_ja-53/large,89,NO
XYシリーズ,75574306-ef8d-4e8e-b8a5-5d485286a968,XY6,ポケモンカードゲームXY 拡張パック「エメラルドブレイク」,xy6_ja,https://scrydex.com/pokemon/expansions/emerald-break/xy6_ja,54,54,Dunsparce,C,C,,https://images.scrydex.com/pokemon/xy6_ja-54/large,89,NO
XYシリーズ,75574306-ef8d-4e8e-b8a5-5d485286a968,XY6,ポケモンカードゲームXY 拡張パック「エメラルドブレイク」,xy6_ja,https://scrydex.com/pokemon/expansions/emerald-break/xy6_ja,55,55,Skarmory,C,C,,https://images.scrydex.com/pokemon/xy6_ja-55/large,89,NO
XYシリーズ,75574306-ef8d-4e8e-b8a5-5d485286a968,XY6,ポケモンカードゲームXY 拡張パック「エメラルドブレイク」,xy6_ja,https://scrydex.com/pokemon/expansions/emerald-break/xy6_ja,56,56,Taillow,C,C,,https://images.scrydex.com/pokemon/xy6_ja-56/large,89,NO
XYシリーズ,75574306-ef8d-4e8e-b8a5-5d485286a968,XY6,ポケモンカードゲームXY 拡張パック「エメラルドブレイク」,xy6_ja,https://scrydex.com/pokemon/expansions/emerald-break/xy6_ja,57,57,Swellow,C,C,,https://images.scrydex.com/pokemon/xy6_ja-57/large,89,NO
XYシリーズ,75574306-ef8d-4e8e-b8a5-5d485286a968,XY6,ポケモンカードゲームXY 拡張パック「エメラルドブレイク」,xy6_ja,https://scrydex.com/pokemon/expansions/emerald-break/xy6_ja,58,58,Swellow,R,R,,https://images.scrydex.com/pokemon/xy6_ja-58/large,89,NO
XYシリーズ,75574306-ef8d-4e8e-b8a5-5d485286a968,XY6,ポケモンカードゲームXY 拡張パック「エメラルドブレイク」,xy6_ja,https://scrydex.com/pokemon/expansions/emerald-break/xy6_ja,59,59,Swablu,C,C,,https://images.scrydex.com/pokemon/xy6_ja-59/large,89,NO
XYシリーズ,75574306-ef8d-4e8e-b8a5-5d485286a968,XY6,ポケモンカードゲームXY 拡張パック「エメラルドブレイク」,xy6_ja,https://scrydex.com/pokemon/expansions/emerald-break/xy6_ja,60,60,Altaria,U,U,,https://images.scrydex.com/pokemon/xy6_ja-60/large,89,NO
XYシリーズ,75574306-ef8d-4e8e-b8a5-5d485286a968,XY6,ポケモンカードゲームXY 拡張パック「エメラルドブレイク」,xy6_ja,https://scrydex.com/pokemon/expansions/emerald-break/xy6_ja,61,61,Rayquaza-EX,RR,RR,,https://images.scrydex.com/pokemon/xy6_ja-61/large,89,NO
XYシリーズ,75574306-ef8d-4e8e-b8a5-5d485286a968,XY6,ポケモンカードゲームXY 拡張パック「エメラルドブレイク」,xy6_ja,https://scrydex.com/pokemon/expansions/emerald-break/xy6_ja,62,62,M Rayquaza-EX,RR,RR,,https://images.scrydex.com/pokemon/xy6_ja-62/large,89,NO
XYシリーズ,75574306-ef8d-4e8e-b8a5-5d485286a968,XY6,ポケモンカードゲームXY 拡張パック「エメラルドブレイク」,xy6_ja,https://scrydex.com/pokemon/expansions/emerald-break/xy6_ja,63,63,Shaymin-EX,RR,RR,,https://images.scrydex.com/pokemon/xy6_ja-63/large,89,NO
XYシリーズ,75574306-ef8d-4e8e-b8a5-5d485286a968,XY6,ポケモンカードゲームXY 拡張パック「エメラルドブレイク」,xy6_ja,https://scrydex.com/pokemon/expansions/emerald-break/xy6_ja,64,64,Pidove,C,C,,https://images.scrydex.com/pokemon/xy6_ja-64/large,89,NO
XYシリーズ,75574306-ef8d-4e8e-b8a5-5d485286a968,XY6,ポケモンカードゲームXY 拡張パック「エメラルドブレイク」,xy6_ja,https://scrydex.com/pokemon/expansions/emerald-break/xy6_ja,65,65,Tranquill,C,C,,https://images.scrydex.com/pokemon/xy6_ja-65/large,89,NO
XYシリーズ,75574306-ef8d-4e8e-b8a5-5d485286a968,XY6,ポケモンカードゲームXY 拡張パック「エメラルドブレイク」,xy6_ja,https://scrydex.com/pokemon/expansions/emerald-break/xy6_ja,66,66,Unfezant,U,U,,https://images.scrydex.com/pokemon/xy6_ja-66/large,89,NO
XYシリーズ,75574306-ef8d-4e8e-b8a5-5d485286a968,XY6,ポケモンカードゲームXY 拡張パック「エメラルドブレイク」,xy6_ja,https://scrydex.com/pokemon/expansions/emerald-break/xy6_ja,67,67,Unfezant,U,U,,https://images.scrydex.com/pokemon/xy6_ja-67/large,89,NO
XYシリーズ,75574306-ef8d-4e8e-b8a5-5d485286a968,XY6,ポケモンカードゲームXY 拡張パック「エメラルドブレイク」,xy6_ja,https://scrydex.com/pokemon/expansions/emerald-break/xy6_ja,68,68,Fletchling,C,C,,https://images.scrydex.com/pokemon/xy6_ja-68/large,89,NO
XYシリーズ,75574306-ef8d-4e8e-b8a5-5d485286a968,XY6,ポケモンカードゲームXY 拡張パック「エメラルドブレイク」,xy6_ja,https://scrydex.com/pokemon/expansions/emerald-break/xy6_ja,69,69,Revive,U,U,,https://images.scrydex.com/pokemon/xy6_ja-69/large,89,NO
XYシリーズ,75574306-ef8d-4e8e-b8a5-5d485286a968,XY6,ポケモンカードゲームXY 拡張パック「エメラルドブレイク」,xy6_ja,https://scrydex.com/pokemon/expansions/emerald-break/xy6_ja,70,70,Trainers' Mail,U,U,,https://images.scrydex.com/pokemon/xy6_ja-70/large,89,NO
XYシリーズ,75574306-ef8d-4e8e-b8a5-5d485286a968,XY6,ポケモンカードゲームXY 拡張パック「エメラルドブレイク」,xy6_ja,https://scrydex.com/pokemon/expansions/emerald-break/xy6_ja,71,71,Mega Turbo,U,U,,https://images.scrydex.com/pokemon/xy6_ja-71/large,89,NO
XYシリーズ,75574306-ef8d-4e8e-b8a5-5d485286a968,XY6,ポケモンカードゲームXY 拡張パック「エメラルドブレイク」,xy6_ja,https://scrydex.com/pokemon/expansions/emerald-break/xy6_ja,72,72,Wide Lens,U,U,,https://images.scrydex.com/pokemon/xy6_ja-72/large,89,NO
XYシリーズ,75574306-ef8d-4e8e-b8a5-5d485286a968,XY6,ポケモンカードゲームXY 拡張パック「エメラルドブレイク」,xy6_ja,https://scrydex.com/pokemon/expansions/emerald-break/xy6_ja,73,73,Gallade Spirit Link,U,U,,https://images.scrydex.com/pokemon/xy6_ja-73/large,89,NO
XYシリーズ,75574306-ef8d-4e8e-b8a5-5d485286a968,XY6,ポケモンカードゲームXY 拡張パック「エメラルドブレイク」,xy6_ja,https://scrydex.com/pokemon/expansions/emerald-break/xy6_ja,74,74,Latios Spirit Link,U,U,,https://images.scrydex.com/pokemon/xy6_ja-74/large,89,NO
XYシリーズ,75574306-ef8d-4e8e-b8a5-5d485286a968,XY6,ポケモンカードゲームXY 拡張パック「エメラルドブレイク」,xy6_ja,https://scrydex.com/pokemon/expansions/emerald-break/xy6_ja,75,75,Winona,U,U,,https://images.scrydex.com/pokemon/xy6_ja-75/large,89,NO
XYシリーズ,75574306-ef8d-4e8e-b8a5-5d485286a968,XY6,ポケモンカードゲームXY 拡張パック「エメラルドブレイク」,xy6_ja,https://scrydex.com/pokemon/expansions/emerald-break/xy6_ja,76,76,Wally,U,U,,https://images.scrydex.com/pokemon/xy6_ja-76/large,89,NO
XYシリーズ,75574306-ef8d-4e8e-b8a5-5d485286a968,XY6,ポケモンカードゲームXY 拡張パック「エメラルドブレイク」,xy6_ja,https://scrydex.com/pokemon/expansions/emerald-break/xy6_ja,77,77,Sky Field,U,U,,https://images.scrydex.com/pokemon/xy6_ja-77/large,89,NO
XYシリーズ,75574306-ef8d-4e8e-b8a5-5d485286a968,XY6,ポケモンカードゲームXY 拡張パック「エメラルドブレイク」,xy6_ja,https://scrydex.com/pokemon/expansions/emerald-break/xy6_ja,78,78,Double Dragon Energy,U,U,,https://images.scrydex.com/pokemon/xy6_ja-78/large,89,NO
XYシリーズ,75574306-ef8d-4e8e-b8a5-5d485286a968,XY6,ポケモンカードゲームXY 拡張パック「エメラルドブレイク」,xy6_ja,https://scrydex.com/pokemon/expansions/emerald-break/xy6_ja,90,90,Energy Switch,UR,UR,,https://images.scrydex.com/pokemon/xy6_ja-90/large,89,YES
XYシリーズ,75574306-ef8d-4e8e-b8a5-5d485286a968,XY6,ポケモンカードゲームXY 拡張パック「エメラルドブレイク」,xy6_ja,https://scrydex.com/pokemon/expansions/emerald-break/xy6_ja,91,91,VS Seeker,UR,UR,,https://images.scrydex.com/pokemon/xy6_ja-91/large,89,YES
XYシリーズ,e19dcfd0-93f5-498e-bc42-b724ceb38c83,XY7,ポケモンカードゲームXY 拡張パック「バンデットリング」,xy7_ja,https://scrydex.com/pokemon/expansions/bandit-ring/xy7_ja,1,1,Oddish,C,C,,https://images.scrydex.com/pokemon/xy7_ja-1/large,92,NO
XYシリーズ,e19dcfd0-93f5-498e-bc42-b724ceb38c83,XY7,ポケモンカードゲームXY 拡張パック「バンデットリング」,xy7_ja,https://scrydex.com/pokemon/expansions/bandit-ring/xy7_ja,2,2,Gloom,C,C,,https://images.scrydex.com/pokemon/xy7_ja-2/large,92,NO
XYシリーズ,e19dcfd0-93f5-498e-bc42-b724ceb38c83,XY7,ポケモンカードゲームXY 拡張パック「バンデットリング」,xy7_ja,https://scrydex.com/pokemon/expansions/bandit-ring/xy7_ja,3,3,Vileplume,U,U,,https://images.scrydex.com/pokemon/xy7_ja-3/large,92,NO
XYシリーズ,e19dcfd0-93f5-498e-bc42-b724ceb38c83,XY7,ポケモンカードゲームXY 拡張パック「バンデットリング」,xy7_ja,https://scrydex.com/pokemon/expansions/bandit-ring/xy7_ja,4,4,Bellossom,C,C,,https://images.scrydex.com/pokemon/xy7_ja-4/large,92,NO
XYシリーズ,e19dcfd0-93f5-498e-bc42-b724ceb38c83,XY7,ポケモンカードゲームXY 拡張パック「バンデットリング」,xy7_ja,https://scrydex.com/pokemon/expansions/bandit-ring/xy7_ja,5,5,Spinarak,C,C,,https://images.scrydex.com/pokemon/xy7_ja-5/large,92,NO
XYシリーズ,e19dcfd0-93f5-498e-bc42-b724ceb38c83,XY7,ポケモンカードゲームXY 拡張パック「バンデットリング」,xy7_ja,https://scrydex.com/pokemon/expansions/bandit-ring/xy7_ja,6,6,Ariados,C,C,,https://images.scrydex.com/pokemon/xy7_ja-6/large,92,NO
XYシリーズ,e19dcfd0-93f5-498e-bc42-b724ceb38c83,XY7,ポケモンカードゲームXY 拡張パック「バンデットリング」,xy7_ja,https://scrydex.com/pokemon/expansions/bandit-ring/xy7_ja,7,7,Sceptile-EX,RR,RR,,https://images.scrydex.com/pokemon/xy7_ja-7/large,92,NO
XYシリーズ,e19dcfd0-93f5-498e-bc42-b724ceb38c83,XY7,ポケモンカードゲームXY 拡張パック「バンデットリング」,xy7_ja,https://scrydex.com/pokemon/expansions/bandit-ring/xy7_ja,8,8,M Sceptile-EX,RR,RR,,https://images.scrydex.com/pokemon/xy7_ja-8/large,92,NO
XYシリーズ,e19dcfd0-93f5-498e-bc42-b724ceb38c83,XY7,ポケモンカードゲームXY 拡張パック「バンデットリング」,xy7_ja,https://scrydex.com/pokemon/expansions/bandit-ring/xy7_ja,9,9,Combee,C,C,,https://images.scrydex.com/pokemon/xy7_ja-9/large,92,NO
XYシリーズ,e19dcfd0-93f5-498e-bc42-b724ceb38c83,XY7,ポケモンカードゲームXY 拡張パック「バンデットリング」,xy7_ja,https://scrydex.com/pokemon/expansions/bandit-ring/xy7_ja,10,10,Vespiquen,C,C,,https://images.scrydex.com/pokemon/xy7_ja-10/large,92,NO
XYシリーズ,e19dcfd0-93f5-498e-bc42-b724ceb38c83,XY7,ポケモンカードゲームXY 拡張パック「バンデットリング」,xy7_ja,https://scrydex.com/pokemon/expansions/bandit-ring/xy7_ja,11,11,Vespiquen,C,C,,https://images.scrydex.com/pokemon/xy7_ja-11/large,92,NO
XYシリーズ,e19dcfd0-93f5-498e-bc42-b724ceb38c83,XY7,ポケモンカードゲームXY 拡張パック「バンデットリング」,xy7_ja,https://scrydex.com/pokemon/expansions/bandit-ring/xy7_ja,12,12,Virizion,R,R,,https://images.scrydex.com/pokemon/xy7_ja-12/large,92,NO
XYシリーズ,e19dcfd0-93f5-498e-bc42-b724ceb38c83,XY7,ポケモンカードゲームXY 拡張パック「バンデットリング」,xy7_ja,https://scrydex.com/pokemon/expansions/bandit-ring/xy7_ja,13,13,Flareon,C,C,,https://images.scrydex.com/pokemon/xy7_ja-13/large,92,NO
XYシリーズ,e19dcfd0-93f5-498e-bc42-b724ceb38c83,XY7,ポケモンカードゲームXY 拡張パック「バンデットリング」,xy7_ja,https://scrydex.com/pokemon/expansions/bandit-ring/xy7_ja,14,14,Entei,U,U,,https://images.scrydex.com/pokemon/xy7_ja-14/large,92,NO
XYシリーズ,e19dcfd0-93f5-498e-bc42-b724ceb38c83,XY7,ポケモンカードゲームXY 拡張パック「バンデットリング」,xy7_ja,https://scrydex.com/pokemon/expansions/bandit-ring/xy7_ja,15,15,Entei,R,R,,https://images.scrydex.com/pokemon/xy7_ja-15/large,92,NO
XYシリーズ,e19dcfd0-93f5-498e-bc42-b724ceb38c83,XY7,ポケモンカードゲームXY 拡張パック「バンデットリング」,xy7_ja,https://scrydex.com/pokemon/expansions/bandit-ring/xy7_ja,16,16,Larvesta,C,C,,https://images.scrydex.com/pokemon/xy7_ja-16/large,92,NO
XYシリーズ,e19dcfd0-93f5-498e-bc42-b724ceb38c83,XY7,ポケモンカードゲームXY 拡張パック「バンデットリング」,xy7_ja,https://scrydex.com/pokemon/expansions/bandit-ring/xy7_ja,17,17,Volcarona,R,R,,https://images.scrydex.com/pokemon/xy7_ja-17/large,92,NO
XYシリーズ,e19dcfd0-93f5-498e-bc42-b724ceb38c83,XY7,ポケモンカードゲームXY 拡張パック「バンデットリング」,xy7_ja,https://scrydex.com/pokemon/expansions/bandit-ring/xy7_ja,18,18,Volcarona,U,U,,https://images.scrydex.com/pokemon/xy7_ja-18/large,92,NO
XYシリーズ,e19dcfd0-93f5-498e-bc42-b724ceb38c83,XY7,ポケモンカードゲームXY 拡張パック「バンデットリング」,xy7_ja,https://scrydex.com/pokemon/expansions/bandit-ring/xy7_ja,19,19,Magikarp,C,C,,https://images.scrydex.com/pokemon/xy7_ja-19/large,92,NO
XYシリーズ,e19dcfd0-93f5-498e-bc42-b724ceb38c83,XY7,ポケモンカードゲームXY 拡張パック「バンデットリング」,xy7_ja,https://scrydex.com/pokemon/expansions/bandit-ring/xy7_ja,20,20,Gyarados,U,U,,https://images.scrydex.com/pokemon/xy7_ja-20/large,92,NO
XYシリーズ,e19dcfd0-93f5-498e-bc42-b724ceb38c83,XY7,ポケモンカードゲームXY 拡張パック「バンデットリング」,xy7_ja,https://scrydex.com/pokemon/expansions/bandit-ring/xy7_ja,21,21,Gyarados,R,R,,https://images.scrydex.com/pokemon/xy7_ja-21/large,92,NO
XYシリーズ,e19dcfd0-93f5-498e-bc42-b724ceb38c83,XY7,ポケモンカードゲームXY 拡張パック「バンデットリング」,xy7_ja,https://scrydex.com/pokemon/expansions/bandit-ring/xy7_ja,22,22,Vaporeon,C,C,,https://images.scrydex.com/pokemon/xy7_ja-22/large,92,NO
XYシリーズ,e19dcfd0-93f5-498e-bc42-b724ceb38c83,XY7,ポケモンカードゲームXY 拡張パック「バンデットリング」,xy7_ja,https://scrydex.com/pokemon/expansions/bandit-ring/xy7_ja,23,23,Relicanth,C,C,,https://images.scrydex.com/pokemon/xy7_ja-23/large,92,NO
XYシリーズ,e19dcfd0-93f5-498e-bc42-b724ceb38c83,XY7,ポケモンカードゲームXY 拡張パック「バンデットリング」,xy7_ja,https://scrydex.com/pokemon/expansions/bandit-ring/xy7_ja,24,24,Regice,U,U,,https://images.scrydex.com/pokemon/xy7_ja-24/large,92,NO
XYシリーズ,e19dcfd0-93f5-498e-bc42-b724ceb38c83,XY7,ポケモンカードゲームXY 拡張パック「バンデットリング」,xy7_ja,https://scrydex.com/pokemon/expansions/bandit-ring/xy7_ja,25,25,Kyurem-EX,RR,RR,,https://images.scrydex.com/pokemon/xy7_ja-25/large,92,NO
XYシリーズ,e19dcfd0-93f5-498e-bc42-b724ceb38c83,XY7,ポケモンカードゲームXY 拡張パック「バンデットリング」,xy7_ja,https://scrydex.com/pokemon/expansions/bandit-ring/xy7_ja,26,26,Jolteon,R,R,,https://images.scrydex.com/pokemon/xy7_ja-26/large,92,NO
XYシリーズ,e19dcfd0-93f5-498e-bc42-b724ceb38c83,XY7,ポケモンカードゲームXY 拡張パック「バンデットリング」,xy7_ja,https://scrydex.com/pokemon/expansions/bandit-ring/xy7_ja,27,27,Ampharos-EX,RR,RR,,https://images.scrydex.com/pokemon/xy7_ja-27/large,92,NO
XYシリーズ,e19dcfd0-93f5-498e-bc42-b724ceb38c83,XY7,ポケモンカードゲームXY 拡張パック「バンデットリング」,xy7_ja,https://scrydex.com/pokemon/expansions/bandit-ring/xy7_ja,28,28,M Ampharos-EX,RR,RR,,https://images.scrydex.com/pokemon/xy7_ja-28/large,92,NO
XYシリーズ,e19dcfd0-93f5-498e-bc42-b724ceb38c83,XY7,ポケモンカードゲームXY 拡張パック「バンデットリング」,xy7_ja,https://scrydex.com/pokemon/expansions/bandit-ring/xy7_ja,29,29,Rotom,C,C,,https://images.scrydex.com/pokemon/xy7_ja-29/large,92,NO
XYシリーズ,e19dcfd0-93f5-498e-bc42-b724ceb38c83,XY7,ポケモンカードゲームXY 拡張パック「バンデットリング」,xy7_ja,https://scrydex.com/pokemon/expansions/bandit-ring/xy7_ja,30,30,Unown,C,C,,https://images.scrydex.com/pokemon/xy7_ja-30/large,92,NO
XYシリーズ,e19dcfd0-93f5-498e-bc42-b724ceb38c83,XY7,ポケモンカードゲームXY 拡張パック「バンデットリング」,xy7_ja,https://scrydex.com/pokemon/expansions/bandit-ring/xy7_ja,31,31,Baltoy,C,C,,https://images.scrydex.com/pokemon/xy7_ja-31/large,92,NO
XYシリーズ,e19dcfd0-93f5-498e-bc42-b724ceb38c83,XY7,ポケモンカードゲームXY 拡張パック「バンデットリング」,xy7_ja,https://scrydex.com/pokemon/expansions/bandit-ring/xy7_ja,32,32,Baltoy,C,C,,https://images.scrydex.com/pokemon/xy7_ja-32/large,92,NO
XYシリーズ,e19dcfd0-93f5-498e-bc42-b724ceb38c83,XY7,ポケモンカードゲームXY 拡張パック「バンデットリング」,xy7_ja,https://scrydex.com/pokemon/expansions/bandit-ring/xy7_ja,33,33,Claydol,U,U,,https://images.scrydex.com/pokemon/xy7_ja-33/large,92,NO
XYシリーズ,e19dcfd0-93f5-498e-bc42-b724ceb38c83,XY7,ポケモンカードゲームXY 拡張パック「バンデットリング」,xy7_ja,https://scrydex.com/pokemon/expansions/bandit-ring/xy7_ja,34,34,Golett,C,C,,https://images.scrydex.com/pokemon/xy7_ja-34/large,92,NO
XYシリーズ,e19dcfd0-93f5-498e-bc42-b724ceb38c83,XY7,ポケモンカードゲームXY 拡張パック「バンデットリング」,xy7_ja,https://scrydex.com/pokemon/expansions/bandit-ring/xy7_ja,35,35,Golurk,U,U,,https://images.scrydex.com/pokemon/xy7_ja-35/large,92,NO
XYシリーズ,e19dcfd0-93f5-498e-bc42-b724ceb38c83,XY7,ポケモンカードゲームXY 拡張パック「バンデットリング」,xy7_ja,https://scrydex.com/pokemon/expansions/bandit-ring/xy7_ja,36,36,Hoopa-EX,RR,RR,,https://images.scrydex.com/pokemon/xy7_ja-36/large,92,NO
XYシリーズ,e19dcfd0-93f5-498e-bc42-b724ceb38c83,XY7,ポケモンカードゲームXY 拡張パック「バンデットリング」,xy7_ja,https://scrydex.com/pokemon/expansions/bandit-ring/xy7_ja,37,37,Machamp-EX,RR,RR,,https://images.scrydex.com/pokemon/xy7_ja-37/large,92,NO
XYシリーズ,e19dcfd0-93f5-498e-bc42-b724ceb38c83,XY7,ポケモンカードゲームXY 拡張パック「バンデットリング」,xy7_ja,https://scrydex.com/pokemon/expansions/bandit-ring/xy7_ja,38,38,Wooper,C,C,,https://images.scrydex.com/pokemon/xy7_ja-38/large,92,NO
XYシリーズ,e19dcfd0-93f5-498e-bc42-b724ceb38c83,XY7,ポケモンカードゲームXY 拡張パック「バンデットリング」,xy7_ja,https://scrydex.com/pokemon/expansions/bandit-ring/xy7_ja,39,39,Quagsire,C,C,,https://images.scrydex.com/pokemon/xy7_ja-39/large,92,NO
XYシリーズ,e19dcfd0-93f5-498e-bc42-b724ceb38c83,XY7,ポケモンカードゲームXY 拡張パック「バンデットリング」,xy7_ja,https://scrydex.com/pokemon/expansions/bandit-ring/xy7_ja,40,40,Regirock,U,U,,https://images.scrydex.com/pokemon/xy7_ja-40/large,92,NO
XYシリーズ,e19dcfd0-93f5-498e-bc42-b724ceb38c83,XY7,ポケモンカードゲームXY 拡張パック「バンデットリング」,xy7_ja,https://scrydex.com/pokemon/expansions/bandit-ring/xy7_ja,41,41,Golurk,C,C,,https://images.scrydex.com/pokemon/xy7_ja-41/large,92,NO
XYシリーズ,e19dcfd0-93f5-498e-bc42-b724ceb38c83,XY7,ポケモンカードゲームXY 拡張パック「バンデットリング」,xy7_ja,https://scrydex.com/pokemon/expansions/bandit-ring/xy7_ja,42,42,Tyranitar-EX,RR,RR,,https://images.scrydex.com/pokemon/xy7_ja-42/large,92,NO
XYシリーズ,e19dcfd0-93f5-498e-bc42-b724ceb38c83,XY7,ポケモンカードゲームXY 拡張パック「バンデットリング」,xy7_ja,https://scrydex.com/pokemon/expansions/bandit-ring/xy7_ja,43,43,M Tyranitar-EX,RR,RR,,https://images.scrydex.com/pokemon/xy7_ja-43/large,92,NO
XYシリーズ,e19dcfd0-93f5-498e-bc42-b724ceb38c83,XY7,ポケモンカードゲームXY 拡張パック「バンデットリング」,xy7_ja,https://scrydex.com/pokemon/expansions/bandit-ring/xy7_ja,44,44,Sableye,C,C,,https://images.scrydex.com/pokemon/xy7_ja-44/large,92,NO
XYシリーズ,e19dcfd0-93f5-498e-bc42-b724ceb38c83,XY7,ポケモンカードゲームXY 拡張パック「バンデットリング」,xy7_ja,https://scrydex.com/pokemon/expansions/bandit-ring/xy7_ja,45,45,Inkay,C,C,,https://images.scrydex.com/pokemon/xy7_ja-45/large,92,NO
XYシリーズ,e19dcfd0-93f5-498e-bc42-b724ceb38c83,XY7,ポケモンカードゲームXY 拡張パック「バンデットリング」,xy7_ja,https://scrydex.com/pokemon/expansions/bandit-ring/xy7_ja,46,46,Malamar,C,C,,https://images.scrydex.com/pokemon/xy7_ja-46/large,92,NO
XYシリーズ,e19dcfd0-93f5-498e-bc42-b724ceb38c83,XY7,ポケモンカードゲームXY 拡張パック「バンデットリング」,xy7_ja,https://scrydex.com/pokemon/expansions/bandit-ring/xy7_ja,47,47,Beldum,C,C,,https://images.scrydex.com/pokemon/xy7_ja-47/large,92,NO
XYシリーズ,e19dcfd0-93f5-498e-bc42-b724ceb38c83,XY7,ポケモンカードゲームXY 拡張パック「バンデットリング」,xy7_ja,https://scrydex.com/pokemon/expansions/bandit-ring/xy7_ja,48,48,Metang,C,C,,https://images.scrydex.com/pokemon/xy7_ja-48/large,92,NO
XYシリーズ,e19dcfd0-93f5-498e-bc42-b724ceb38c83,XY7,ポケモンカードゲームXY 拡張パック「バンデットリング」,xy7_ja,https://scrydex.com/pokemon/expansions/bandit-ring/xy7_ja,49,49,Metagross,R,R,,https://images.scrydex.com/pokemon/xy7_ja-49/large,92,NO
XYシリーズ,e19dcfd0-93f5-498e-bc42-b724ceb38c83,XY7,ポケモンカードゲームXY 拡張パック「バンデットリング」,xy7_ja,https://scrydex.com/pokemon/expansions/bandit-ring/xy7_ja,50,50,Metagross,U,U,,https://images.scrydex.com/pokemon/xy7_ja-50/large,92,NO
XYシリーズ,e19dcfd0-93f5-498e-bc42-b724ceb38c83,XY7,ポケモンカードゲームXY 拡張パック「バンデットリング」,xy7_ja,https://scrydex.com/pokemon/expansions/bandit-ring/xy7_ja,51,51,Registeel,U,U,,https://images.scrydex.com/pokemon/xy7_ja-51/large,92,NO
XYシリーズ,e19dcfd0-93f5-498e-bc42-b724ceb38c83,XY7,ポケモンカードゲームXY 拡張パック「バンデットリング」,xy7_ja,https://scrydex.com/pokemon/expansions/bandit-ring/xy7_ja,52,52,Ralts,C,C,,https://images.scrydex.com/pokemon/xy7_ja-52/large,92,NO
XYシリーズ,e19dcfd0-93f5-498e-bc42-b724ceb38c83,XY7,ポケモンカードゲームXY 拡張パック「バンデットリング」,xy7_ja,https://scrydex.com/pokemon/expansions/bandit-ring/xy7_ja,53,53,Kirlia,C,C,,https://images.scrydex.com/pokemon/xy7_ja-53/large,92,NO
XYシリーズ,e19dcfd0-93f5-498e-bc42-b724ceb38c83,XY7,ポケモンカードゲームXY 拡張パック「バンデットリング」,xy7_ja,https://scrydex.com/pokemon/expansions/bandit-ring/xy7_ja,54,54,Gardevoir,R,R,,https://images.scrydex.com/pokemon/xy7_ja-54/large,92,NO
XYシリーズ,e19dcfd0-93f5-498e-bc42-b724ceb38c83,XY7,ポケモンカードゲームXY 拡張パック「バンデットリング」,xy7_ja,https://scrydex.com/pokemon/expansions/bandit-ring/xy7_ja,55,55,Cottonee,C,C,,https://images.scrydex.com/pokemon/xy7_ja-55/large,92,NO
XYシリーズ,e19dcfd0-93f5-498e-bc42-b724ceb38c83,XY7,ポケモンカードゲームXY 拡張パック「バンデットリング」,xy7_ja,https://scrydex.com/pokemon/expansions/bandit-ring/xy7_ja,56,56,Whimsicott,C,C,,https://images.scrydex.com/pokemon/xy7_ja-56/large,92,NO
XYシリーズ,e19dcfd0-93f5-498e-bc42-b724ceb38c83,XY7,ポケモンカードゲームXY 拡張パック「バンデットリング」,xy7_ja,https://scrydex.com/pokemon/expansions/bandit-ring/xy7_ja,57,57,Giratina-EX,RR,RR,,https://images.scrydex.com/pokemon/xy7_ja-57/large,92,NO
XYシリーズ,e19dcfd0-93f5-498e-bc42-b724ceb38c83,XY7,ポケモンカードゲームXY 拡張パック「バンデットリング」,xy7_ja,https://scrydex.com/pokemon/expansions/bandit-ring/xy7_ja,58,58,Goomy,C,C,,https://images.scrydex.com/pokemon/xy7_ja-58/large,92,NO
XYシリーズ,e19dcfd0-93f5-498e-bc42-b724ceb38c83,XY7,ポケモンカードゲームXY 拡張パック「バンデットリング」,xy7_ja,https://scrydex.com/pokemon/expansions/bandit-ring/xy7_ja,59,59,Sliggoo,C,C,,https://images.scrydex.com/pokemon/xy7_ja-59/large,92,NO
XYシリーズ,e19dcfd0-93f5-498e-bc42-b724ceb38c83,XY7,ポケモンカードゲームXY 拡張パック「バンデットリング」,xy7_ja,https://scrydex.com/pokemon/expansions/bandit-ring/xy7_ja,60,60,Goodra,R,R,,https://images.scrydex.com/pokemon/xy7_ja-60/large,92,NO
XYシリーズ,e19dcfd0-93f5-498e-bc42-b724ceb38c83,XY7,ポケモンカードゲームXY 拡張パック「バンデットリング」,xy7_ja,https://scrydex.com/pokemon/expansions/bandit-ring/xy7_ja,61,61,Meowth,C,C,,https://images.scrydex.com/pokemon/xy7_ja-61/large,92,NO
XYシリーズ,e19dcfd0-93f5-498e-bc42-b724ceb38c83,XY7,ポケモンカードゲームXY 拡張パック「バンデットリング」,xy7_ja,https://scrydex.com/pokemon/expansions/bandit-ring/xy7_ja,62,62,Persian,C,C,,https://images.scrydex.com/pokemon/xy7_ja-62/large,92,NO
XYシリーズ,e19dcfd0-93f5-498e-bc42-b724ceb38c83,XY7,ポケモンカードゲームXY 拡張パック「バンデットリング」,xy7_ja,https://scrydex.com/pokemon/expansions/bandit-ring/xy7_ja,63,63,Eevee,C,C,,https://images.scrydex.com/pokemon/xy7_ja-63/large,92,NO
XYシリーズ,e19dcfd0-93f5-498e-bc42-b724ceb38c83,XY7,ポケモンカードゲームXY 拡張パック「バンデットリング」,xy7_ja,https://scrydex.com/pokemon/expansions/bandit-ring/xy7_ja,64,64,Porygon,C,C,,https://images.scrydex.com/pokemon/xy7_ja-64/large,92,NO
XYシリーズ,e19dcfd0-93f5-498e-bc42-b724ceb38c83,XY7,ポケモンカードゲームXY 拡張パック「バンデットリング」,xy7_ja,https://scrydex.com/pokemon/expansions/bandit-ring/xy7_ja,65,65,Porygon2,C,C,,https://images.scrydex.com/pokemon/xy7_ja-65/large,92,NO
XYシリーズ,e19dcfd0-93f5-498e-bc42-b724ceb38c83,XY7,ポケモンカードゲームXY 拡張パック「バンデットリング」,xy7_ja,https://scrydex.com/pokemon/expansions/bandit-ring/xy7_ja,66,66,Porygon-Z,U,U,,https://images.scrydex.com/pokemon/xy7_ja-66/large,92,NO
XYシリーズ,e19dcfd0-93f5-498e-bc42-b724ceb38c83,XY7,ポケモンカードゲームXY 拡張パック「バンデットリング」,xy7_ja,https://scrydex.com/pokemon/expansions/bandit-ring/xy7_ja,67,67,Porygon-Z,R,R,,https://images.scrydex.com/pokemon/xy7_ja-67/large,92,NO
XYシリーズ,e19dcfd0-93f5-498e-bc42-b724ceb38c83,XY7,ポケモンカードゲームXY 拡張パック「バンデットリング」,xy7_ja,https://scrydex.com/pokemon/expansions/bandit-ring/xy7_ja,68,68,Lugia-EX,RR,RR,,https://images.scrydex.com/pokemon/xy7_ja-68/large,92,NO
XYシリーズ,e19dcfd0-93f5-498e-bc42-b724ceb38c83,XY7,ポケモンカードゲームXY 拡張パック「バンデットリング」,xy7_ja,https://scrydex.com/pokemon/expansions/bandit-ring/xy7_ja,69,69,Eco Arm,U,U,,https://images.scrydex.com/pokemon/xy7_ja-69/large,92,NO
XYシリーズ,e19dcfd0-93f5-498e-bc42-b724ceb38c83,XY7,ポケモンカードゲームXY 拡張パック「バンデットリング」,xy7_ja,https://scrydex.com/pokemon/expansions/bandit-ring/xy7_ja,70,70,Paint Roller,U,U,,https://images.scrydex.com/pokemon/xy7_ja-70/large,92,NO
XYシリーズ,e19dcfd0-93f5-498e-bc42-b724ceb38c83,XY7,ポケモンカードゲームXY 拡張パック「バンデットリング」,xy7_ja,https://scrydex.com/pokemon/expansions/bandit-ring/xy7_ja,71,71,Level Ball,U,U,,https://images.scrydex.com/pokemon/xy7_ja-71/large,92,NO
XYシリーズ,e19dcfd0-93f5-498e-bc42-b724ceb38c83,XY7,ポケモンカードゲームXY 拡張パック「バンデットリング」,xy7_ja,https://scrydex.com/pokemon/expansions/bandit-ring/xy7_ja,72,72,Lucky Helmet,U,U,,https://images.scrydex.com/pokemon/xy7_ja-72/large,92,NO
XYシリーズ,e19dcfd0-93f5-498e-bc42-b724ceb38c83,XY7,ポケモンカードゲームXY 拡張パック「バンデットリング」,xy7_ja,https://scrydex.com/pokemon/expansions/bandit-ring/xy7_ja,73,73,Sceptile Spirit Link,U,U,,https://images.scrydex.com/pokemon/xy7_ja-73/large,92,NO
XYシリーズ,e19dcfd0-93f5-498e-bc42-b724ceb38c83,XY7,ポケモンカードゲームXY 拡張パック「バンデットリング」,xy7_ja,https://scrydex.com/pokemon/expansions/bandit-ring/xy7_ja,74,74,Ampharos Spirit Link,U,U,,https://images.scrydex.com/pokemon/xy7_ja-74/large,92,NO
XYシリーズ,e19dcfd0-93f5-498e-bc42-b724ceb38c83,XY7,ポケモンカードゲームXY 拡張パック「バンデットリング」,xy7_ja,https://scrydex.com/pokemon/expansions/bandit-ring/xy7_ja,75,75,Tyranitar Spirit Link,U,U,,https://images.scrydex.com/pokemon/xy7_ja-75/large,92,NO
XYシリーズ,e19dcfd0-93f5-498e-bc42-b724ceb38c83,XY7,ポケモンカードゲームXY 拡張パック「バンデットリング」,xy7_ja,https://scrydex.com/pokemon/expansions/bandit-ring/xy7_ja,76,76,Ace Trainer,U,U,,https://images.scrydex.com/pokemon/xy7_ja-76/large,92,NO
XYシリーズ,e19dcfd0-93f5-498e-bc42-b724ceb38c83,XY7,ポケモンカードゲームXY 拡張パック「バンデットリング」,xy7_ja,https://scrydex.com/pokemon/expansions/bandit-ring/xy7_ja,77,77,Hex Maniac,U,U,,https://images.scrydex.com/pokemon/xy7_ja-77/large,92,NO
XYシリーズ,e19dcfd0-93f5-498e-bc42-b724ceb38c83,XY7,ポケモンカードゲームXY 拡張パック「バンデットリング」,xy7_ja,https://scrydex.com/pokemon/expansions/bandit-ring/xy7_ja,78,78,Faded Town,U,U,,https://images.scrydex.com/pokemon/xy7_ja-78/large,92,NO
XYシリーズ,e19dcfd0-93f5-498e-bc42-b724ceb38c83,XY7,ポケモンカードゲームXY 拡張パック「バンデットリング」,xy7_ja,https://scrydex.com/pokemon/expansions/bandit-ring/xy7_ja,79,79,Forest of Giant Plants,U,U,,https://images.scrydex.com/pokemon/xy7_ja-79/large,92,NO
XYシリーズ,e19dcfd0-93f5-498e-bc42-b724ceb38c83,XY7,ポケモンカードゲームXY 拡張パック「バンデットリング」,xy7_ja,https://scrydex.com/pokemon/expansions/bandit-ring/xy7_ja,80,80,Flash Energy,U,U,,https://images.scrydex.com/pokemon/xy7_ja-80/large,92,NO
XYシリーズ,e19dcfd0-93f5-498e-bc42-b724ceb38c83,XY7,ポケモンカードゲームXY 拡張パック「バンデットリング」,xy7_ja,https://scrydex.com/pokemon/expansions/bandit-ring/xy7_ja,81,81,Dangerous Energy,U,U,,https://images.scrydex.com/pokemon/xy7_ja-81/large,92,NO
XYシリーズ,e19dcfd0-93f5-498e-bc42-b724ceb38c83,XY7,ポケモンカードゲームXY 拡張パック「バンデットリング」,xy7_ja,https://scrydex.com/pokemon/expansions/bandit-ring/xy7_ja,93,93,Primal Kyogre-EX,UR,UR,,https://images.scrydex.com/pokemon/xy7_ja-93/large,92,YES
XYシリーズ,e19dcfd0-93f5-498e-bc42-b724ceb38c83,XY7,ポケモンカードゲームXY 拡張パック「バンデットリング」,xy7_ja,https://scrydex.com/pokemon/expansions/bandit-ring/xy7_ja,94,94,Primal Groudon-EX,UR,UR,,https://images.scrydex.com/pokemon/xy7_ja-94/large,92,YES
XYシリーズ,e19dcfd0-93f5-498e-bc42-b724ceb38c83,XY7,ポケモンカードゲームXY 拡張パック「バンデットリング」,xy7_ja,https://scrydex.com/pokemon/expansions/bandit-ring/xy7_ja,95,95,M Rayquaza-EX,UR,UR,,https://images.scrydex.com/pokemon/xy7_ja-95/large,92,YES
XYシリーズ,e19dcfd0-93f5-498e-bc42-b724ceb38c83,XY7,ポケモンカードゲームXY 拡張パック「バンデットリング」,xy7_ja,https://scrydex.com/pokemon/expansions/bandit-ring/xy7_ja,96,96,Energy Retrieval,UR,UR,,https://images.scrydex.com/pokemon/xy7_ja-96/large,92,YES
XYシリーズ,e19dcfd0-93f5-498e-bc42-b724ceb38c83,XY7,ポケモンカードゲームXY 拡張パック「バンデットリング」,xy7_ja,https://scrydex.com/pokemon/expansions/bandit-ring/xy7_ja,97,97,Trainers' Mail,UR,UR,,https://images.scrydex.com/pokemon/xy7_ja-97/large,92,YES
XYシリーズ,e2a21580-e660-4e87-921d-56dea35352aa,XY8-Bb,ポケモンカードゲームXY BREAK　拡張パック「青い衝撃」,xy8b_ja,https://scrydex.com/pokemon/expansions/blue-shock/xy8b_ja,65,65,Mewtwo-EX,UR,UR,,https://images.scrydex.com/pokemon/xy8b_ja-65/large,64,YES
XYシリーズ,76c58458-b473-4806-9bb6-903a2d2a9b45,XY9-B,ポケモンカードゲームXY BREAK　拡張パック「破天の怒り」,xy9_ja,https://scrydex.com/pokemon/expansions/rage-of-the-broken-heavens/xy9_ja,89,89,Gyarados-EX,UR,UR,,https://images.scrydex.com/pokemon/xy9_ja-89/large,88,YES
XYシリーズ,a4b22717-7318-403a-8743-77bfda0624d7,CP4,ポケモンカードゲームXY BREAK プレミアムチャンピオンパック「EX×M×BREAK」,cp4_ja,https://scrydex.com/pokemon/expansions/premium-champion-pack/cp4_ja,132,132,Grass Energy,,—,,https://images.scrydex.com/pokemon/cp4_ja-132/large,131,YES
XYシリーズ,a4b22717-7318-403a-8743-77bfda0624d7,CP4,ポケモンカードゲームXY BREAK プレミアムチャンピオンパック「EX×M×BREAK」,cp4_ja,https://scrydex.com/pokemon/expansions/premium-champion-pack/cp4_ja,133,133,Fire Energy,,—,,https://images.scrydex.com/pokemon/cp4_ja-133/large,131,YES
XYシリーズ,a4b22717-7318-403a-8743-77bfda0624d7,CP4,ポケモンカードゲームXY BREAK プレミアムチャンピオンパック「EX×M×BREAK」,cp4_ja,https://scrydex.com/pokemon/expansions/premium-champion-pack/cp4_ja,134,134,Water Energy,,—,,https://images.scrydex.com/pokemon/cp4_ja-134/large,131,YES
XYシリーズ,a4b22717-7318-403a-8743-77bfda0624d7,CP4,ポケモンカードゲームXY BREAK プレミアムチャンピオンパック「EX×M×BREAK」,cp4_ja,https://scrydex.com/pokemon/expansions/premium-champion-pack/cp4_ja,135,135,Lightning Energy,,—,,https://images.scrydex.com/pokemon/cp4_ja-135/large,131,YES
XYシリーズ,a4b22717-7318-403a-8743-77bfda0624d7,CP4,ポケモンカードゲームXY BREAK プレミアムチャンピオンパック「EX×M×BREAK」,cp4_ja,https://scrydex.com/pokemon/expansions/premium-champion-pack/cp4_ja,136,136,Psychic Energy,,—,,https://images.scrydex.com/pokemon/cp4_ja-136/large,131,YES
XYシリーズ,a4b22717-7318-403a-8743-77bfda0624d7,CP4,ポケモンカードゲームXY BREAK プレミアムチャンピオンパック「EX×M×BREAK」,cp4_ja,https://scrydex.com/pokemon/expansions/premium-champion-pack/cp4_ja,137,137,Fighting Energy,,—,,https://images.scrydex.com/pokemon/cp4_ja-137/large,131,YES
XYシリーズ,a4b22717-7318-403a-8743-77bfda0624d7,CP4,ポケモンカードゲームXY BREAK プレミアムチャンピオンパック「EX×M×BREAK」,cp4_ja,https://scrydex.com/pokemon/expansions/premium-champion-pack/cp4_ja,138,138,Darkness Energy,,—,,https://images.scrydex.com/pokemon/cp4_ja-138/large,131,YES
XYシリーズ,a4b22717-7318-403a-8743-77bfda0624d7,CP4,ポケモンカードゲームXY BREAK プレミアムチャンピオンパック「EX×M×BREAK」,cp4_ja,https://scrydex.com/pokemon/expansions/premium-champion-pack/cp4_ja,139,139,Colorless Energy,,—,,https://images.scrydex.com/pokemon/cp4_ja-139/large,131,YES
XYシリーズ,a4b22717-7318-403a-8743-77bfda0624d7,CP4,ポケモンカードゲームXY BREAK プレミアムチャンピオンパック「EX×M×BREAK」,cp4_ja,https://scrydex.com/pokemon/expansions/premium-champion-pack/cp4_ja,140,140,Fairy Energy,,—,,https://images.scrydex.com/pokemon/cp4_ja-140/large,131,YES
