id,set_id,name,name_normalized,card_number,rarity,variant,image_url,image_source_note,is_active,created_at,updated_at,tcgdex_id,hp,category,types,stage,illustrator,regulation_mark,description_ja,attacks,abilities,weaknesses,resistances,retreat,dex_ids,set_order,pokedex_number,_numkey,numeric_card_number
7f71ebea-2083-4dc9-aada-53082739b2f0,2e3e2cf1-be86-4808-87f7-fe01973f0325,タイカイデン,タイカイデン,251,,holo,"https://images.scrydex.com/magicthegathering/HOB-251/small"",""medium"":""https://images.scrydex.com/magicthegathering/HOB-251/medium"",""large"":""https://images.scrydex.com/magicthegathering/HOB-251/large""}],""rulings"":[],""printings"":[""HOB""],""availability"":[""arena"",""mtgo"",""paper""],""expansion"":{""id"":""HOB"",""name"":""The",Scrydex public web image / rescue 2026-08-29,True,2026-08-28 04:31:24.823418+00:00,2026-08-29 14:06:15.492862+00:00,SV4a-251,120,Pokemon,"[""Lightning""]",Stage1,Nisota Niso,G,のど袋を ふくらませて 電気を 増幅させる。 風に 乗って １日で ７００キロを 飛行する。,"[{""cost"":[""Colorless""],""damage"":null,""nameJa"":""だんけつサンダー"",""effectJa"":""相手のベンチポケモン1匹に、自分のトラッシュにある、ワザ「だんけつのつばさ」を持つポケモンの枚数×10ダメージ。［ベンチは弱点・抵抗力を計算しない。］""},{""cost"":[""Lightning"",""Colorless"",""Colorless""],""damage"":90,""nameJa"":""スピードウイング"",""effectJa"":null}]",[],"[{""type"":""Lightning"",""value"":""×2""}]","[{""type"":""Fighting"",""value"":""-30""}]",0,[941],,,251,251
51fae3e5-fe8f-4b90-bf08-3c259b2ba90e,2e3e2cf1-be86-4808-87f7-fe01973f0325,プクリン,プクリン,252,,holo,"https://images.scrydex.com/magicthegathering/HOB-252/small"",""medium"":""https://images.scrydex.com/magicthegathering/HOB-252/medium"",""large"":""https://images.scrydex.com/magicthegathering/HOB-252/large""}],""rulings"":[],""printings"":[""HOB""],""availability"":[""arena"",""mtgo"",""paper""],""expansion"":{""id"":""HOB"",""name"":""The",Scrydex public web image / rescue 2026-08-29,True,2026-08-28 04:31:24.823418+00:00,2026-08-29 14:06:15.492862+00:00,SV4a-252,110,Pokemon,"[""Psychic""]",Stage1,Kagemaru Himeno,G,キメ細やかな 毛皮の 持ち主。 怒らせると どんどん ふくらみ のしかかってくるので 注意。,"[{""cost"":[""Psychic"",""Colorless"",""Colorless""],""damage"":100,""nameJa"":""マジカルショット"",""effectJa"":null}]","[{""type"":""Ability"",""nameJa"":""バルーンセラピー"",""effectJa"":""自分の番に1回使える。自分の手札から「セラピーエネルギー」を1枚選び、自分のポケモンにつける。""}]","[{""type"":""Metal"",""value"":""×2""}]",[],2,[40],,,252,252
c8c91916-0f2e-4ad8-bf42-969c4c040662,2e3e2cf1-be86-4808-87f7-fe01973f0325,ケーシィ,ケーシィ,253,,holo,"https://images.scrydex.com/magicthegathering/HOB-253/small"",""medium"":""https://images.scrydex.com/magicthegathering/HOB-253/medium"",""large"":""https://images.scrydex.com/magicthegathering/HOB-253/large""}],""rulings"":[],""printings"":[""HOB""],""availability"":[""arena"",""mtgo"",""paper""],""expansion"":{""id"":""HOB"",""name"":""The",Scrydex public web image / rescue 2026-08-29,True,2026-08-28 04:31:24.823418+00:00,2026-08-29 14:06:15.492862+00:00,SV4a-253,50,Pokemon,"[""Psychic""]",Basic,Kouki Saitou,G,眠ったまま テレポート できる。 眠りが 深いほど 離れた 場所に 移動する という。,"[{""cost"":[""Psychic""],""damage"":20,""nameJa"":""サイコショット"",""effectJa"":null}]",[],"[{""type"":""Darkness"",""value"":""×2""}]","[{""type"":""Fighting"",""value"":""-30""}]",1,[63],,,253,253
8c51160f-e16a-4d0c-adeb-19d7fb3c0666,2e3e2cf1-be86-4808-87f7-fe01973f0325,ユンゲラー,ユンゲラー,254,,holo,"https://images.scrydex.com/magicthegathering/HOB-254/small"",""medium"":""https://images.scrydex.com/magicthegathering/HOB-254/medium"",""large"":""https://images.scrydex.com/magicthegathering/HOB-254/large""}],""rulings"":[],""printings"":[""HOB"",""PW26""],""availability"":[""arena"",""mtgo"",""paper""],""expansion"":{""id"":""HOB"",""name"":""The",Scrydex public web image / rescue 2026-08-29,True,2026-08-28 04:31:24.823418+00:00,2026-08-29 14:06:15.492862+00:00,SV4a-254,80,Pokemon,"[""Psychic""]",Stage1,Souichirou Gunjima,G,念力の 威力は 絶大。 進化に 備えて 額の 星に サイコパワーを 蓄えている。,"[{""cost"":[""Psychic""],""damage"":30,""nameJa"":""テレポートアタック"",""effectJa"":""このポケモンをベンチポケモンと入れ替える。""}]",[],"[{""type"":""Darkness"",""value"":""×2""}]","[{""type"":""Fighting"",""value"":""-30""}]",1,[64],,,254,254
8bd06a67-7af0-475b-8e87-a8bc220ae435,2e3e2cf1-be86-4808-87f7-fe01973f0325,ピィ,ピィ,255,,holo,"https://images.scrydex.com/magicthegathering/HOB-255/small"",""medium"":""https://images.scrydex.com/magicthegathering/HOB-255/medium"",""large"":""https://images.scrydex.com/magicthegathering/HOB-255/large""}],""rulings"":[],""printings"":[""HOB""],""availability"":[""arena"",""mtgo"",""paper""],""expansion"":{""id"":""HOB"",""name"":""The",Scrydex public web image / rescue 2026-08-29,True,2026-08-28 04:31:24.823418+00:00,2026-08-29 14:06:15.492862+00:00,SV4a-255,30,Pokemon,"[""Psychic""]",Basic,Mizue,G,お星さまのような シルエット。 その姿から 流れ星に乗って やって来ると 信じられている。,"[{""cost"":[],""damage"":null,""nameJa"":""にぎにぎドロー"",""effectJa"":""自分の手札が7枚になるように、山札を引く。""}]",[],"[{""type"":""Metal"",""value"":""×2""}]",[],0,[173],,,255,255
7ca176e5-b1d3-411e-b640-baf663d37126,2e3e2cf1-be86-4808-87f7-fe01973f0325,ネイティ,ネイティ,256,,holo,"https://images.scrydex.com/magicthegathering/HOB-256/small"",""medium"":""https://images.scrydex.com/magicthegathering/HOB-256/medium"",""large"":""https://images.scrydex.com/magicthegathering/HOB-256/large""}],""rulings"":[],""printings"":[""HOB""],""availability"":[""arena"",""mtgo"",""paper""],""expansion"":{""id"":""HOB"",""name"":""The",Scrydex public web image / rescue 2026-08-29,True,2026-08-28 04:31:24.823418+00:00,2026-08-29 14:06:15.492862+00:00,SV4a-256,50,Pokemon,"[""Psychic""]",Basic,sowsow,G,羽が 育ちきって おらず 飛び跳ねるようにして 移動する。 いつも なにかを 見つめている。,"[{""cost"":[""Psychic""],""damage"":""10×"",""nameJa"":""さんれんづき"",""effectJa"":""コインを3回投げ、オモテの数×10ダメージ。""}]",[],"[{""type"":""Darkness"",""value"":""×2""}]","[{""type"":""Fighting"",""value"":""-30""}]",1,[177],,,256,256
5d276c04-ce18-4b94-89e0-8701b751ab96,2e3e2cf1-be86-4808-87f7-fe01973f0325,ネイティオ,ネイティオ,257,,holo,"https://images.scrydex.com/magicthegathering/HOB-257/small"",""medium"":""https://images.scrydex.com/magicthegathering/HOB-257/medium"",""large"":""https://images.scrydex.com/magicthegathering/HOB-257/large""}],""rulings"":[],""printings"":[""HOB""],""availability"":[""arena"",""mtgo"",""paper""],""expansion"":{""id"":""HOB"",""name"":""The",Scrydex public web image / rescue 2026-08-29,True,2026-08-28 04:31:24.823418+00:00,2026-08-29 14:06:15.492862+00:00,SV4a-257,100,Pokemon,"[""Psychic""]",Stage1,nagimiso,G,過去と 未来を 見通せる。 毎日 太陽の 動きを 見続けている 不思議な ポケモン。,"[{""cost"":[""Psychic"",""Colorless"",""Colorless""],""damage"":80,""nameJa"":""ちょうねんりき"",""effectJa"":null}]","[{""type"":""Ability"",""nameJa"":""アカシックセンス"",""effectJa"":""自分の番に1回使える。自分の手札から「基本エネルギー」を1枚選び、ベンチポケモンにつける。その後、自分の山札を2枚引く。""}]","[{""type"":""Darkness"",""value"":""×2""}]","[{""type"":""Fighting"",""value"":""-30""}]",1,[178],,,257,257
c93fe0c5-69c4-47dc-9120-92d8ee8e3c05,2e3e2cf1-be86-4808-87f7-fe01973f0325,ラルトス,ラルトス,258,,holo,"https://images.scrydex.com/magicthegathering/HOB-258/small"",""medium"":""https://images.scrydex.com/magicthegathering/HOB-258/medium"",""large"":""https://images.scrydex.com/magicthegathering/HOB-258/large""}],""rulings"":[],""printings"":[""HOB""],""availability"":[""arena"",""mtgo"",""paper""],""expansion"":{""id"":""HOB"",""name"":""The",Scrydex public web image / rescue 2026-08-29,True,2026-08-28 04:31:24.823418+00:00,2026-08-29 14:06:15.492862+00:00,SV4a-258,70,Pokemon,"[""Psychic""]",Basic,yuu,G,人の 感情を 頭の 赤い ツノで 敏感に キャッチする 力を 持つ。,"[{""cost"":[""Psychic"",""Colorless""],""damage"":30,""nameJa"":""サイコショット"",""effectJa"":null}]",[],"[{""type"":""Darkness"",""value"":""×2""}]","[{""type"":""Fighting"",""value"":""-30""}]",1,[280],,,258,258
dc5854dd-c3dd-4046-81bc-c3b0f837dd6c,2e3e2cf1-be86-4808-87f7-fe01973f0325,キルリア,キルリア,259,,holo,"https://images.scrydex.com/magicthegathering/HOB-259/small"",""medium"":""https://images.scrydex.com/magicthegathering/HOB-259/medium"",""large"":""https://images.scrydex.com/magicthegathering/HOB-259/large""}],""rulings"":[],""printings"":[""HOB""],""availability"":[""arena"",""mtgo"",""paper""],""expansion"":{""id"":""HOB"",""name"":""The",Scrydex public web image / rescue 2026-08-29,True,2026-08-28 04:31:24.823418+00:00,2026-08-29 14:06:15.492862+00:00,SV4a-259,90,Pokemon,"[""Psychic""]",Stage1,Ryuta Fuse,G,サイコパワーを 操り まわりの 空間を ねじ曲げることで 未来を 見通すことができる。,"[{""cost"":[""Psychic"",""Colorless""],""damage"":30,""nameJa"":""マジカルショット"",""effectJa"":null},{""cost"":[""Psychic"",""Psychic"",""Colorless""],""damage"":""60+"",""nameJa"":""サイコキネシス"",""effectJa"":""相手のバトルポケモンについているエネルギーの数×20ダメージ追加。""}]",[],"[{""type"":""Darkness"",""value"":""×2""}]","[{""type"":""Fighting"",""value"":""-30""}]",1,[281],,,259,259
0a474b01-ed13-418e-851d-c51244e7bdaa,2e3e2cf1-be86-4808-87f7-fe01973f0325,フワンテ,フワンテ,260,,holo,"https://images.scrydex.com/magicthegathering/HOB-260/small"",""medium"":""https://images.scrydex.com/magicthegathering/HOB-260/medium"",""large"":""https://images.scrydex.com/magicthegathering/HOB-260/large""}],""rulings"":[],""printings"":[""HOB""],""availability"":[""arena"",""mtgo"",""paper""],""expansion"":{""id"":""HOB"",""name"":""The",Scrydex public web image / rescue 2026-08-29,True,2026-08-28 04:31:24.823418+00:00,2026-08-29 14:06:15.492862+00:00,SV4a-260,70,Pokemon,"[""Psychic""]",Basic,Kyoko Umemoto,G,風船と 間違えて フワンテを 持っていた 小さな 子どもが 消えてしまうことが あるという。,"[{""cost"":[""Colorless"",""Colorless""],""damage"":10,""nameJa"":""かぜおこし"",""effectJa"":null},{""cost"":[""Psychic"",""Psychic""],""damage"":""30×"",""nameJa"":""バルーンボム"",""effectJa"":""このポケモンにのっているダメカンの数×30ダメージ。""}]",[],"[{""type"":""Darkness"",""value"":""×2""}]","[{""type"":""Fighting"",""value"":""-30""}]",1,[425],,,260,260
73c6f4df-d9f3-4443-be90-388cc320adcb,2e3e2cf1-be86-4808-87f7-fe01973f0325,フワライド,フワライド,261,,holo,"https://images.scrydex.com/magicthegathering/HOB-261/small"",""medium"":""https://images.scrydex.com/magicthegathering/HOB-261/medium"",""large"":""https://images.scrydex.com/magicthegathering/HOB-261/large""}],""rulings"":[],""printings"":[""HOB""],""availability"":[""arena"",""mtgo"",""paper""],""expansion"":{""id"":""HOB"",""name"":""The",Scrydex public web image / rescue 2026-08-29,True,2026-08-28 04:31:24.823418+00:00,2026-08-29 14:06:15.492862+00:00,SV4a-261,110,Pokemon,"[""Psychic""]",Stage1,otumami,G,体の 中で ガスを 作ったり 吐き出したり することで 空を 飛ぶ 高さを 調節する。,"[{""cost"":[""Colorless"",""Colorless""],""damage"":30,""nameJa"":""かぜおこし"",""effectJa"":null},{""cost"":[""Psychic"",""Psychic"",""Psychic""],""damage"":null,""nameJa"":""のろいをばらまく"",""effectJa"":""ダメカン8個を、相手のポケモンに好きなようにのせる。""}]",[],"[{""type"":""Darkness"",""value"":""×2""}]","[{""type"":""Fighting"",""value"":""-30""}]",1,[426],,,261,261
ccd2635d-b8d8-4cc3-90eb-dfbe0e2b1fb1,2e3e2cf1-be86-4808-87f7-fe01973f0325,マネネ,マネネ,262,,holo,"https://images.scrydex.com/magicthegathering/HOB-262/small"",""medium"":""https://images.scrydex.com/magicthegathering/HOB-262/medium"",""large"":""https://images.scrydex.com/magicthegathering/HOB-262/large""}],""rulings"":[],""printings"":[""HOB""],""availability"":[""arena"",""mtgo"",""paper""],""expansion"":{""id"":""HOB"",""name"":""The",Scrydex public web image / rescue 2026-08-29,True,2026-08-28 04:31:24.823418+00:00,2026-08-29 14:06:15.492862+00:00,SV4a-262,30,Pokemon,"[""Psychic""]",Basic,Saya Tsuruta,G,相手の 動きを そっくりに 真似を して 戸惑わせている あいだに さっさと 逃げるのだ。,"[{""cost"":[],""damage"":null,""nameJa"":""マネマネごっこ"",""effectJa"":""相手は相手自身の場のポケモンが持っているワザを1つ選ぶ。選ばれたワザをこのワザとして使う。""}]",[],"[{""type"":""Darkness"",""value"":""×2""}]","[{""type"":""Fighting"",""value"":""-30""}]",0,[439],,,262,262
3a37166f-03b1-446f-9848-7494700ee737,2e3e2cf1-be86-4808-87f7-fe01973f0325,ミカルゲ,ミカルゲ,263,,holo,"https://images.scrydex.com/magicthegathering/HOB-263/small"",""medium"":""https://images.scrydex.com/magicthegathering/HOB-263/medium"",""large"":""https://images.scrydex.com/magicthegathering/HOB-263/large""}],""rulings"":[],""printings"":[""HOB""],""availability"":[""arena"",""mtgo"",""paper""],""expansion"":{""id"":""HOB"",""name"":""The",Scrydex public web image / rescue 2026-08-29,True,2026-08-28 04:31:24.823418+00:00,2026-08-29 14:06:15.492862+00:00,SV4a-263,60,Pokemon,"[""Psychic""]",Basic,MAHOU,G,いつも 悪さばかり していたら 不思議な 術で 本体を 要石に 縛りつけられた。,"[{""cost"":[""Colorless""],""damage"":10,""nameJa"":""ぱっときえる"",""effectJa"":""このポケモンと、ついているすべてのカードを、手札にもどす。""}]","[{""type"":""Ability"",""nameJa"":""しっこくのわざわい"",""effectJa"":""このポケモンがいるかぎり、おたがいの場のたねポケモンの「ポケモンV」の特性は、すべてなくなる。""}]","[{""type"":""Darkness"",""value"":""×2""}]","[{""type"":""Fighting"",""value"":""-30""}]",1,[442],,,263,263
9e175bd8-73e1-437d-adda-bef0c91887c9,2e3e2cf1-be86-4808-87f7-fe01973f0325,クレッフィ,クレッフィ,264,,holo,"https://images.scrydex.com/pokemon/swsh8-264/small"",""medium"":""https://images.scrydex.com/pokemon/swsh8-264/medium"",""large"":""https://images.scrydex.com/pokemon/swsh8-264/large""}],""expansion"":{""id"":""swsh8"",""name"":""Fusion",Scrydex public web image / rescue 2026-08-29,True,2026-08-28 04:31:24.823418+00:00,2026-08-29 14:06:15.492862+00:00,SV4a-264,70,Pokemon,"[""Psychic""]",Basic,yuu,G,昔の 貴族は 金庫の カギを 管理させる クレッフィを 代々 引き継ぎ 大切に 扱った。,"[{""cost"":[""Colorless""],""damage"":10,""nameJa"":""ねらいおとす"",""effectJa"":""ダメージを与える前に、相手のバトルポケモンについている「ポケモンのどうぐ」をトラッシュする。""}]","[{""type"":""Ability"",""nameJa"":""いたずらロック"",""effectJa"":""このポケモンがバトル場にいるかぎり、おたがいの場のたねポケモンの特性（「いたずらロック」をのぞく）は、すべてなくなる。""}]","[{""type"":""Metal"",""value"":""×2""}]",[],1,[707],,,264,264
10f880e9-c447-4924-bf4d-d7e4b2ee38b8,2e3e2cf1-be86-4808-87f7-fe01973f0325,ミミッキュ,ミミッキュ,265,,holo,"https://images.scrydex.com/magicthegathering/HOB-265/small"",""medium"":""https://images.scrydex.com/magicthegathering/HOB-265/medium"",""large"":""https://images.scrydex.com/magicthegathering/HOB-265/large""}],""rulings"":[],""printings"":[""HOB""],""availability"":[""arena"",""mtgo"",""paper""],""expansion"":{""id"":""HOB"",""name"":""The",Scrydex public web image / rescue 2026-08-29,True,2026-08-28 04:31:24.823418+00:00,2026-08-29 14:06:15.492862+00:00,SV4a-265,70,Pokemon,"[""Psychic""]",Basic,Nelnal,G,陽の 当たらない 暗がりに 棲む。 人前に 出るときは ピカチュウに 似せた 布で 全身を 隠す。,"[{""cost"":[""Psychic"",""Colorless""],""damage"":null,""nameJa"":""ゴーストアイ"",""effectJa"":""相手のバトルポケモンに、ダメカンを7個のせる。""}]","[{""type"":""Ability"",""nameJa"":""しんぴのまもり"",""effectJa"":""このポケモンは、相手の「ポケモンex・V」からワザのダメージを受けない。""}]","[{""type"":""Metal"",""value"":""×2""}]",[],1,[778],,,265,265
988e8687-f50a-41eb-bee3-6a7c016fb6f1,2e3e2cf1-be86-4808-87f7-fe01973f0325,パピモッチ,パピモッチ,266,,holo,"https://images.scrydex.com/magicthegathering/HOB-266/small"",""medium"":""https://images.scrydex.com/magicthegathering/HOB-266/medium"",""large"":""https://images.scrydex.com/magicthegathering/HOB-266/large""}],""rulings"":[],""printings"":[""HOB""],""availability"":[""arena"",""mtgo"",""paper""],""expansion"":{""id"":""HOB"",""name"":""The",Scrydex public web image / rescue 2026-08-29,True,2026-08-28 04:31:24.823418+00:00,2026-08-29 14:06:15.492862+00:00,SV4a-266,50,Pokemon,"[""Psychic""]",Basic,sowsow,G,しっとり すべすべの 触り心地。 吐息に 含まれている 酵母で まわりのものを 発酵させる。,"[{""cost"":[""Colorless"",""Colorless""],""damage"":20,""nameJa"":""うしろげり"",""effectJa"":null}]",[],"[{""type"":""Metal"",""value"":""×2""}]",[],1,[926],,,266,266
939ccbbc-f46e-492e-b4c0-37f0d449c85f,2e3e2cf1-be86-4808-87f7-fe01973f0325,バウッツェル,バウッツェル,267,,holo,"https://images.scrydex.com/magicthegathering/HOB-267/small"",""medium"":""https://images.scrydex.com/magicthegathering/HOB-267/medium"",""large"":""https://images.scrydex.com/magicthegathering/HOB-267/large""}],""rulings"":[],""printings"":[""HOB""],""availability"":[""arena"",""mtgo"",""paper""],""expansion"":{""id"":""HOB"",""name"":""The",Scrydex public web image / rescue 2026-08-29,True,2026-08-28 04:31:24.823418+00:00,2026-08-29 14:06:15.492862+00:00,SV4a-267,90,Pokemon,"[""Psychic""]",Stage1,Sanosuke Sakuma,G,体から 放つ 良い香りが 小麦の 成長を 助けるため 農村で 大切にされてきた。,"[{""cost"":[""Psychic"",""Colorless"",""Colorless""],""damage"":100,""nameJa"":""とびだしヘッド"",""effectJa"":null}]","[{""type"":""Ability"",""nameJa"":""こんがりボディ"",""effectJa"":""このポケモンは、相手のポケモンからワザのダメージを受けず、やけどにならない。""}]","[{""type"":""Metal"",""value"":""×2""}]",[],1,[927],,,267,267
9e733405-1262-491b-88e9-5f99e7f19d02,2e3e2cf1-be86-4808-87f7-fe01973f0325,ソウブレイズ,ソウブレイズ,268,,holo,"https://images.scrydex.com/magicthegathering/HOB-268/small"",""medium"":""https://images.scrydex.com/magicthegathering/HOB-268/medium"",""large"":""https://images.scrydex.com/magicthegathering/HOB-268/large""}],""rulings"":[],""printings"":[""HOB""],""availability"":[""arena"",""mtgo"",""paper""],""expansion"":{""id"":""HOB"",""name"":""The",Scrydex public web image / rescue 2026-08-29,True,2026-08-28 04:31:24.823418+00:00,2026-08-29 14:06:15.492862+00:00,SV4a-268,140,Pokemon,"[""Psychic""]",Stage1,Kouki Saitou,G,両腕の 炎の剣は 志半ばで 力つきた 剣士の 怨念で 燃え上がる。,"[{""cost"":[""Colorless"",""Colorless""],""damage"":50,""nameJa"":""ライフサッカー"",""effectJa"":""このポケモンのHPを「30」回復する。""},{""cost"":[""Psychic"",""Colorless"",""Colorless""],""damage"":""100+"",""nameJa"":""とうしのたいけん"",""effectJa"":""相手のバトルポケモンが「ポケモンex・V」なら、100ダメージ追加。""}]",[],"[{""type"":""Darkness"",""value"":""×2""}]","[{""type"":""Fighting"",""value"":""-30""}]",2,[937],,,268,268
2782789d-6a74-4864-8a9e-64933914222e,2e3e2cf1-be86-4808-87f7-fe01973f0325,ベラカス,ベラカス,269,,holo,"https://images.scrydex.com/magicthegathering/HOB-269/small"",""medium"":""https://images.scrydex.com/magicthegathering/HOB-269/medium"",""large"":""https://images.scrydex.com/magicthegathering/HOB-269/large""}],""rulings"":[],""printings"":[""HOB""],""availability"":[""arena"",""mtgo"",""paper""],""expansion"":{""id"":""HOB"",""name"":""The",Scrydex public web image / rescue 2026-08-29,True,2026-08-28 04:31:24.823418+00:00,2026-08-29 14:06:15.492862+00:00,SV4a-269,70,Pokemon,"[""Psychic""]",Stage1,Nelnal,G,玉を 支える 体は ほとんど 動かないため 本体は 玉の中にいると 考えられている。,"[{""cost"":[""Colorless""],""damage"":null,""nameJa"":""さいきのいのり"",""effectJa"":""自分のトラッシュからポケモンを1枚選び、ベンチに出す。""},{""cost"":[""Psychic"",""Psychic""],""damage"":50,""nameJa"":""サイケこうせん"",""effectJa"":""相手のバトルポケモンをこんらんにする。""}]",[],"[{""type"":""Darkness"",""value"":""×2""}]","[{""type"":""Fighting"",""value"":""-30""}]",1,[954],,,269,269
b8cdb0c4-2c77-4959-8a50-47be07c25101,2e3e2cf1-be86-4808-87f7-fe01973f0325,ヒラヒナ,ヒラヒナ,270,,holo,"https://images.scrydex.com/magicthegathering/HOB-270/small"",""medium"":""https://images.scrydex.com/magicthegathering/HOB-270/medium"",""large"":""https://images.scrydex.com/magicthegathering/HOB-270/large""}],""rulings"":[],""printings"":[""HOB""],""availability"":[""arena"",""mtgo"",""paper""],""expansion"":{""id"":""HOB"",""name"":""The",Scrydex public web image / rescue 2026-08-29,True,2026-08-28 04:31:24.823418+00:00,2026-08-29 14:06:15.492862+00:00,SV4a-270,30,Pokemon,"[""Psychic""]",Basic,Kyoko Umemoto,G,お腹の ヒラヒラから 放射する サイコパワーで わずか １センチだけ つま先が 地面から 浮いている。,"[{""cost"":[""Psychic"",""Colorless""],""damage"":20,""nameJa"":""ねんりき"",""effectJa"":""コインを1回投げオモテなら、相手のバトルポケモンをマヒにする。""}]",[],"[{""type"":""Darkness"",""value"":""×2""}]","[{""type"":""Fighting"",""value"":""-30""}]",1,[955],,,270,270
39483c05-cd0f-4077-8852-2765c40f1944,2e3e2cf1-be86-4808-87f7-fe01973f0325,カヌチャン,カヌチャン,271,,holo,"https://images.scrydex.com/magicthegathering/HOB-271/small"",""medium"":""https://images.scrydex.com/magicthegathering/HOB-271/medium"",""large"":""https://images.scrydex.com/magicthegathering/HOB-271/large""}],""rulings"":[],""printings"":[""HOB""],""availability"":[""arena"",""mtgo"",""paper""],""expansion"":{""id"":""HOB"",""name"":""The",Scrydex public web image / rescue 2026-08-29,True,2026-08-28 04:31:24.823418+00:00,2026-08-29 14:06:15.492862+00:00,SV4a-271,60,Pokemon,"[""Psychic""]",Basic,yuu,G,手作りの ハンマーを 振りまわして 身を 守るが 金属を 食べる ポケモンには よく 奪われる。,"[{""cost"":[""Colorless""],""damage"":null,""nameJa"":""てつクズひろい"",""effectJa"":""自分のトラッシュからグッズを1枚選び、相手に見せて、手札に加える。""},{""cost"":[""Psychic"",""Colorless"",""Colorless""],""damage"":30,""nameJa"":""ようせいのかぜ"",""effectJa"":null}]",[],"[{""type"":""Metal"",""value"":""×2""}]",[],1,[957],,,271,271
e4d837f8-d98a-44d1-9994-132dc41565d7,2e3e2cf1-be86-4808-87f7-fe01973f0325,ナカヌチャン,ナカヌチャン,272,,holo,"https://images.scrydex.com/magicthegathering/HOB-272/small"",""medium"":""https://images.scrydex.com/magicthegathering/HOB-272/medium"",""large"":""https://images.scrydex.com/magicthegathering/HOB-272/large""}],""rulings"":[],""printings"":[""HOB""],""availability"":[""arena"",""mtgo"",""paper""],""expansion"":{""id"":""HOB"",""name"":""The",Scrydex public web image / rescue 2026-08-29,True,2026-08-28 04:31:24.823418+00:00,2026-08-29 14:06:15.492862+00:00,SV4a-272,90,Pokemon,"[""Psychic""]",Stage1,Yuu Nishida,G,大きくて 頑丈な ハンマーを 作るために キリキザンの 群れを 襲って 金属を 集める。,"[{""cost"":[""Colorless"",""Colorless""],""damage"":""30+"",""nameJa"":""じゃれつく"",""effectJa"":""コインを1回投げオモテなら、30ダメージ追加。""},{""cost"":[""Psychic"",""Colorless"",""Colorless""],""damage"":60,""nameJa"":""ふんさいプレス"",""effectJa"":""このワザのダメージは、相手のバトルポケモンにかかっている効果を計算しない。""}]",[],"[{""type"":""Metal"",""value"":""×2""}]",[],2,[958],,,272,272
7b4e92d4-ae6b-4448-aec7-8790116150f6,2e3e2cf1-be86-4808-87f7-fe01973f0325,デカヌチャン,デカヌチャン,273,,holo,"https://images.scrydex.com/magicthegathering/HOB-273/small"",""medium"":""https://images.scrydex.com/magicthegathering/HOB-273/medium"",""large"":""https://images.scrydex.com/magicthegathering/HOB-273/large""}],""rulings"":[],""printings"":[""HOB""],""availability"":[""arena"",""mtgo"",""paper""],""expansion"":{""id"":""HOB"",""name"":""The",Scrydex public web image / rescue 2026-08-29,True,2026-08-28 04:31:24.823418+00:00,2026-08-29 14:06:15.492862+00:00,SV4a-273,140,Pokemon,"[""Psychic""]",Stage2,Kagemaru Himeno,G,知能が 高く とても 豪快。 ハンマーで 岩を 殴り飛ばして 空飛ぶ アーマーガアを 狙う。,"[{""cost"":[""Psychic"",""Colorless""],""damage"":""90+"",""nameJa"":""スペシャルハンマー"",""effectJa"":""このポケモンに特殊エネルギーがついているなら、90ダメージ追加。""}]","[{""type"":""Ability"",""nameJa"":""そざいあつめ"",""effectJa"":""自分の番に、自分の手札を1枚トラッシュするなら、1回使える。自分の山札を3枚引く。""}]","[{""type"":""Metal"",""value"":""×2""}]",[],2,[959],,,273,273
88eefe2b-fbb6-45bf-9a7a-c23ca60a1897,2e3e2cf1-be86-4808-87f7-fe01973f0325,ボチ,ボチ,274,,holo,"https://images.scrydex.com/magicthegathering/HOB-274/small"",""medium"":""https://images.scrydex.com/magicthegathering/HOB-274/medium"",""large"":""https://images.scrydex.com/magicthegathering/HOB-274/large""}],""rulings"":[],""printings"":[""HOB""],""availability"":[""arena"",""mtgo"",""paper""],""expansion"":{""id"":""HOB"",""name"":""The",Scrydex public web image / rescue 2026-08-29,True,2026-08-28 04:31:24.823418+00:00,2026-08-29 14:06:15.492862+00:00,SV4a-274,70,Pokemon,"[""Psychic""]",Basic,Nisota Niso,G,人懐っこくて 寂しがり。 ちょっと かまっただけでも いつまでも 後を ついてくるぞ。,"[{""cost"":[""Psychic""],""damage"":""10×"",""nameJa"":""おはかであそぶ"",""effectJa"":""自分のトラッシュにあるポケモンの枚数×10ダメージ。""}]",[],"[{""type"":""Darkness"",""value"":""×2""}]","[{""type"":""Fighting"",""value"":""-30""}]",2,[971],,,274,274
69cd924e-349f-416a-b2a3-4b4c4676b952,2e3e2cf1-be86-4808-87f7-fe01973f0325,ハカドッグ,ハカドッグ,275,,holo,"https://images.scrydex.com/magicthegathering/HOB-275/small"",""medium"":""https://images.scrydex.com/magicthegathering/HOB-275/medium"",""large"":""https://images.scrydex.com/magicthegathering/HOB-275/large""}],""rulings"":[],""printings"":[""HOB""],""availability"":[""arena"",""mtgo"",""paper""],""expansion"":{""id"":""HOB"",""name"":""The",Scrydex public web image / rescue 2026-08-29,True,2026-08-28 04:31:24.823418+00:00,2026-08-29 14:06:15.492862+00:00,SV4a-275,140,Pokemon,"[""Psychic""]",Stage1,Shin Nagasawa,G,大切に 弔われた ポケモンが 生まれ変わった 姿。 頭の 突起を 触られるのは 嫌い。,"[{""cost"":[""Psychic"",""Psychic""],""damage"":""80+"",""nameJa"":""おはかまいり"",""effectJa"":""自分のトラッシュにあるポケモンの枚数×10ダメージ追加。""}]",[],"[{""type"":""Darkness"",""value"":""×2""}]","[{""type"":""Fighting"",""value"":""-30""}]",3,[972],,,275,275
bfca9079-86b5-488c-afc2-309dbf8721b8,2e3e2cf1-be86-4808-87f7-fe01973f0325,マンキー,マンキー,276,,holo,"https://images.scrydex.com/magicthegathering/HOB-276/small"",""medium"":""https://images.scrydex.com/magicthegathering/HOB-276/medium"",""large"":""https://images.scrydex.com/magicthegathering/HOB-276/large""}],""rulings"":[],""printings"":[""HOB""],""availability"":[""arena"",""mtgo"",""paper""],""expansion"":{""id"":""HOB"",""name"":""The",Scrydex public web image / rescue 2026-08-29,True,2026-08-28 04:31:24.823418+00:00,2026-08-29 14:06:15.492862+00:00,SV4a-276,60,Pokemon,"[""Fighting""]",Basic,nagimiso,G,普段は 機嫌が 良くても ちょっとしたことで いきなり 暴れだすから 怖いのだ。,"[{""cost"":[""Fighting""],""damage"":30,""nameJa"":""さるなぐり"",""effectJa"":""このポケモンにも10ダメージ。""}]",[],"[{""type"":""Psychic"",""value"":""×2""}]",[],1,[56],,,276,276
e61b430d-7ba9-410a-adb4-f4110cc8445f,2e3e2cf1-be86-4808-87f7-fe01973f0325,オコリザル,オコリザル,277,,holo,"https://images.scrydex.com/magicthegathering/HOB-277/small"",""medium"":""https://images.scrydex.com/magicthegathering/HOB-277/medium"",""large"":""https://images.scrydex.com/magicthegathering/HOB-277/large""}],""rulings"":[],""printings"":[""HOB""],""availability"":[""arena"",""mtgo"",""paper""],""expansion"":{""id"":""HOB"",""name"":""The",Scrydex public web image / rescue 2026-08-29,True,2026-08-28 04:31:24.823418+00:00,2026-08-29 14:06:15.492862+00:00,SV4a-277,90,Pokemon,"[""Fighting""]",Stage1,Scav,G,ある研究者の 学説では モンスターボールの 中でも オコリザルは 怒っているらしい。,"[{""cost"":[""Fighting""],""damage"":70,""nameJa"":null,""effectJa"":""このポケモンにも20ダメージ。""}]",[],"[{""type"":""Psychic"",""value"":""×2""}]",[],1,[57],,,277,277
c854c37f-bab3-46c4-8992-17dce1017ec1,2e3e2cf1-be86-4808-87f7-fe01973f0325,コノヨザル,コノヨザル,278,,holo,"https://images.scrydex.com/magicthegathering/HOB-278/small"",""medium"":""https://images.scrydex.com/magicthegathering/HOB-278/medium"",""large"":""https://images.scrydex.com/magicthegathering/HOB-278/large""}],""rulings"":[],""printings"":[""HOB""],""availability"":[""arena"",""mtgo"",""paper""],""expansion"":{""id"":""HOB"",""name"":""The",Scrydex public web image / rescue 2026-08-29,True,2026-08-28 04:31:24.823418+00:00,2026-08-29 14:06:15.492862+00:00,SV4a-278,140,Pokemon,"[""Fighting""]",Stage2,Hitoshi Ariga,G,心に 秘めた 怒りのパワーを こぶしに 込めて 叩きつけると 相手を 骨の髄から 砕く。,"[{""cost"":[""Fighting""],""damage"":""70×"",""nameJa"":""ふんどのこぶし"",""effectJa"":""相手がすでにとったサイドの枚数×70ダメージ。""},{""cost"":[""Fighting"",""Fighting""],""damage"":170,""nameJa"":""ダイナマイトパンチ"",""effectJa"":""このポケモンにも50ダメージ。""}]",[],"[{""type"":""Psychic"",""value"":""×2""}]",[],2,[979],,,278,278
81a5aa36-02a8-48ef-a337-2344d83663c6,2e3e2cf1-be86-4808-87f7-fe01973f0325,パルデア ケンタロス,パルデアケンタロス,279,,holo,"https://images.scrydex.com/magicthegathering/HOB-279/small"",""medium"":""https://images.scrydex.com/magicthegathering/HOB-279/medium"",""large"":""https://images.scrydex.com/magicthegathering/HOB-279/large""}],""rulings"":[],""printings"":[""HOB""],""availability"":[""arena"",""mtgo"",""paper""],""expansion"":{""id"":""HOB"",""name"":""The",Scrydex public web image / rescue 2026-08-29,True,2026-08-28 04:31:24.823418+00:00,2026-08-29 14:06:15.492862+00:00,SV4a-279,130,Pokemon,"[""Fighting""]",Basic,nagimiso,G,ぶ厚く 力強い 筋肉と 気性の 荒さが 特徴。 コンバット種と 呼ばれる。,"[{""cost"":[""Colorless"",""Colorless""],""damage"":""20+"",""nameJa"":""いかりのつの"",""effectJa"":""このポケモンにのっているダメカンの数×10ダメージ追加。""},{""cost"":[""Fighting"",""Fighting"",""Colorless""],""damage"":130,""nameJa"":""コンバットタックル"",""effectJa"":""このポケモンにも30ダメージ。""}]",[],"[{""type"":""Psychic"",""value"":""×2""}]",[],2,[128],,,279,279
a385c5c2-6e95-47dc-b43e-8999eda110d6,2e3e2cf1-be86-4808-87f7-fe01973f0325,リオル,リオル,280,,holo,"https://images.scrydex.com/magicthegathering/HOB-280/small"",""medium"":""https://images.scrydex.com/magicthegathering/HOB-280/medium"",""large"":""https://images.scrydex.com/magicthegathering/HOB-280/large""}],""rulings"":[],""printings"":[""HOB""],""availability"":[""arena"",""mtgo"",""paper""],""expansion"":{""id"":""HOB"",""name"":""The",Scrydex public web image / rescue 2026-08-29,True,2026-08-28 04:31:24.823418+00:00,2026-08-29 14:06:15.492862+00:00,SV4a-280,70,Pokemon,"[""Fighting""]",Basic,sowsow,G,仲間同士で 波動を 出して コミュニケーションを とっている。 一晩中 走り続けられる。,"[{""cost"":[""Fighting""],""damage"":10,""nameJa"":""パンチ"",""effectJa"":null},{""cost"":[""Fighting"",""Colorless""],""damage"":50,""nameJa"":""とつげき"",""effectJa"":""このポケモンにも20ダメージ。""}]",[],"[{""type"":""Psychic"",""value"":""×2""}]",[],1,[447],,,280,280
3d5bb2d4-84b3-4d7d-9b51-c0d06b6195ca,2e3e2cf1-be86-4808-87f7-fe01973f0325,ルカリオ,ルカリオ,281,,holo,"https://images.scrydex.com/magicthegathering/HOB-281/small"",""medium"":""https://images.scrydex.com/magicthegathering/HOB-281/medium"",""large"":""https://images.scrydex.com/magicthegathering/HOB-281/large""}],""rulings"":[],""printings"":[""HOB""],""availability"":[""arena"",""mtgo"",""paper""],""expansion"":{""id"":""HOB"",""name"":""The",Scrydex public web image / rescue 2026-08-29,True,2026-08-28 04:31:24.823418+00:00,2026-08-29 14:06:15.492862+00:00,SV4a-281,130,Pokemon,"[""Fighting""]",Stage1,Shin Nagasawa,G,波動を キャッチすることで 見えない 相手の 姿でも 見えると 言われている。,"[{""cost"":[""Fighting""],""damage"":""30+"",""nameJa"":""アベンジナックル"",""effectJa"":""前の相手の番に、ワザのダメージで、自分のポケモンがきぜつしていたなら、120ダメージ追加。""},{""cost"":[""Fighting"",""Colorless"",""Colorless""],""damage"":120,""nameJa"":""かそくづき"",""effectJa"":""次の自分の番、このポケモンは「かそくづき」が使えない。""}]",[],"[{""type"":""Psychic"",""value"":""×2""}]",[],2,[448],,,281,281
2011a608-996a-4d31-98c0-85018548aed0,2e3e2cf1-be86-4808-87f7-fe01973f0325,ルチャブル,ルチャブル,282,,holo,"https://images.scrydex.com/magicthegathering/HOB-282/small"",""medium"":""https://images.scrydex.com/magicthegathering/HOB-282/medium"",""large"":""https://images.scrydex.com/magicthegathering/HOB-282/large""}],""rulings"":[],""printings"":[""HOB""],""availability"":[""arena"",""mtgo"",""paper""],""expansion"":{""id"":""HOB"",""name"":""The",Scrydex public web image / rescue 2026-08-29,True,2026-08-28 04:31:24.823418+00:00,2026-08-29 14:06:15.492862+00:00,SV4a-282,70,Pokemon,"[""Fighting""]",Basic,Souichirou Gunjima,G,翼を 使い 軽やかに 跳び 相手を 華麗に 仕留める 技は 生まれ育った 森で 磨かれる。,"[{""cost"":[""Fighting"",""Colorless"",""Colorless""],""damage"":70,""nameJa"":""つばさでうつ"",""effectJa"":null}]","[{""type"":""Ability"",""nameJa"":""フライングエントリー"",""effectJa"":""自分の番に、このカードを手札からベンチに出したとき、1回使える。相手のベンチポケモン2匹に、それぞれダメカンを1個のせる。""}]","[{""type"":""Psychic"",""value"":""×2""}]",[],1,[701],,,282,282
0d5db5d9-72a8-4c6c-b18a-ea1045f8b579,2e3e2cf1-be86-4808-87f7-fe01973f0325,コジオ,コジオ,283,,holo,"https://images.scrydex.com/magicthegathering/HOB-283/small"",""medium"":""https://images.scrydex.com/magicthegathering/HOB-283/medium"",""large"":""https://images.scrydex.com/magicthegathering/HOB-283/large""}],""rulings"":[],""printings"":[""HOB""],""availability"":[""arena"",""mtgo"",""paper""],""expansion"":{""id"":""HOB"",""name"":""The",Scrydex public web image / rescue 2026-08-29,True,2026-08-28 04:31:24.823418+00:00,2026-08-29 14:06:15.492862+00:00,SV4a-283,70,Pokemon,"[""Fighting""]",Basic,Yuu Nishida,G,地底の 岩塩層で 生まれた。 貴重な 塩を 分けてくれるため 昔は とくに 大事にされた。,"[{""cost"":[""Fighting""],""damage"":null,""nameJa"":""しおぬり"",""effectJa"":""自分のポケモン1匹のHPを「20」回復する。""},{""cost"":[""Fighting"",""Fighting""],""damage"":30,""nameJa"":""たいあたり"",""effectJa"":null}]",[],"[{""type"":""Grass"",""value"":""×2""}]",[],3,[932],,,283,283
e2e79925-0c16-419f-a3d7-ab7b2f80a80e,2e3e2cf1-be86-4808-87f7-fe01973f0325,ジオヅム,ジオヅム,284,,holo,"https://images.scrydex.com/magicthegathering/HOB-284/small"",""medium"":""https://images.scrydex.com/magicthegathering/HOB-284/medium"",""large"":""https://images.scrydex.com/magicthegathering/HOB-284/large""}],""rulings"":[],""printings"":[""HOB""],""availability"":[""arena"",""mtgo"",""paper""],""expansion"":{""id"":""HOB"",""name"":""The",Scrydex public web image / rescue 2026-08-29,True,2026-08-28 04:31:24.823418+00:00,2026-08-29 14:06:15.492862+00:00,SV4a-284,100,Pokemon,"[""Fighting""]",Stage1,otumami,G,塩を 噴き出して 獲物に 浴びせ 塩漬けにしてしまう。 体内の 水分を 奪ってしまうのだ。,"[{""cost"":[""Fighting"",""Fighting""],""damage"":""60×"",""nameJa"":""しおキャノン"",""effectJa"":""コインを3回投げ、オモテの数×60ダメージ。""}]",[],"[{""type"":""Grass"",""value"":""×2""}]",[],3,[933],,,284,284
92b3fc15-99f7-4ce9-9811-fd7b42caa83b,2e3e2cf1-be86-4808-87f7-fe01973f0325,キョジオーン,キョジオーン,285,,holo,"https://images.scrydex.com/magicthegathering/HOB-285/small"",""medium"":""https://images.scrydex.com/magicthegathering/HOB-285/medium"",""large"":""https://images.scrydex.com/magicthegathering/HOB-285/large""}],""rulings"":[],""printings"":[""HOB""],""availability"":[""arena"",""mtgo"",""paper""],""expansion"":{""id"":""HOB"",""name"":""The",Scrydex public web image / rescue 2026-08-29,True,2026-08-28 04:31:24.823418+00:00,2026-08-29 14:06:15.492862+00:00,SV4a-285,180,Pokemon,"[""Fighting""]",Stage2,Kouki Saitou,G,指先を 擦りあわせて 塩を ケガした ポケモンに 振りかけると ひどい 傷も たちまち 治る。,"[{""cost"":[""Fighting"",""Fighting""],""damage"":130,""nameJa"":""ノックハンマー"",""effectJa"":""相手の山札を上から1枚トラッシュする。""}]","[{""type"":""Ability"",""nameJa"":""めぐみのしお"",""effectJa"":""このポケモンがいるかぎり、ポケモンチェックのたび、自分のポケモン全員のHPを、それぞれ「20」回復する。""}]","[{""type"":""Grass"",""value"":""×2""}]",[],3,[934],,,285,285
29cea58d-d9b9-4460-a475-8a56563f6515,2e3e2cf1-be86-4808-87f7-fe01973f0325,キラーメ,キラーメ,286,,holo,"https://images.scrydex.com/magicthegathering/HOB-286/small"",""medium"":""https://images.scrydex.com/magicthegathering/HOB-286/medium"",""large"":""https://images.scrydex.com/magicthegathering/HOB-286/large""}],""rulings"":[],""printings"":[""HOB""],""availability"":[""arena"",""mtgo"",""paper""],""expansion"":{""id"":""HOB"",""name"":""The",Scrydex public web image / rescue 2026-08-29,True,2026-08-28 04:31:24.823418+00:00,2026-08-29 14:06:15.492862+00:00,SV4a-286,40,Pokemon,"[""Fighting""]",Basic,nagimiso,G,洞窟の 壁から 栄養分を 吸収。 毒の 結晶で できた 花びらを 身にまとう。,"[{""cost"":[""Fighting""],""damage"":null,""nameJa"":""かくせい"",""effectJa"":""このポケモンから進化するカードを、自分の山札から1枚選び、このポケモンにのせて進化させる。そして山札を切る。""}]",[],"[{""type"":""Grass"",""value"":""×2""}]",[],1,[969],,,286,286
793adc72-cc7f-4913-b735-85648e66e20c,2e3e2cf1-be86-4808-87f7-fe01973f0325,パルデア ウパー,パルデアウパー,287,,holo,"https://images.scrydex.com/magicthegathering/HOB-287/small"",""medium"":""https://images.scrydex.com/magicthegathering/HOB-287/medium"",""large"":""https://images.scrydex.com/magicthegathering/HOB-287/large""}],""rulings"":[],""printings"":[""HOB""],""availability"":[""arena"",""mtgo"",""paper""],""expansion"":{""id"":""HOB"",""name"":""The",Scrydex public web image / rescue 2026-08-29,True,2026-08-28 04:31:24.823418+00:00,2026-08-29 14:06:15.492862+00:00,SV4a-287,60,Pokemon,"[""Darkness""]",Basic,Nisota Niso,G,縄張り争いに 敗れて 陸で 暮らすうちに 毒の 粘膜で 体を 保護するように 変わった。,"[{""cost"":[""Colorless""],""damage"":null,""nameJa"":""すみかをさがす"",""effectJa"":""自分の山札からスタジアムを1枚選び、相手に見せて、手札に加える。そして山札を切る。""},{""cost"":[""Darkness""],""damage"":10,""nameJa"":""ぶつかる"",""effectJa"":null}]",[],"[{""type"":""Fighting"",""value"":""×2""}]",[],2,[194],,,287,287
f6fd5616-9bcc-46ae-9c43-d72ac506d913,2e3e2cf1-be86-4808-87f7-fe01973f0325,ヤミカラス,ヤミカラス,288,,holo,"https://images.scrydex.com/magicthegathering/HOB-288/small"",""medium"":""https://images.scrydex.com/magicthegathering/HOB-288/medium"",""large"":""https://images.scrydex.com/magicthegathering/HOB-288/large""}],""rulings"":[{""date"":""2017/09/29"",""text"":""Settle",Scrydex public web image / rescue 2026-08-29,True,2026-08-28 04:31:24.823418+00:00,2026-08-29 14:06:15.492862+00:00,SV4a-288,60,Pokemon,"[""Darkness""]",Basic,Hitoshi Ariga,G,夜 姿を 見かけると 不吉なことが 起きると 信じられ 忌み嫌われている ポケモン。,"[{""cost"":[""Colorless""],""damage"":10,""nameJa"":""スピンターン"",""effectJa"":""このポケモンをベンチポケモンと入れ替える。""},{""cost"":[""Darkness""],""damage"":""20×"",""nameJa"":""だんけつのつばさ"",""effectJa"":""自分のトラッシュにある、ワザ「だんけつのつばさ」を持つポケモンの枚数×20ダメージ。""}]",[],"[{""type"":""Lightning"",""value"":""×2""}]","[{""type"":""Fighting"",""value"":""-30""}]",1,[198],,,288,288
f7e8eb85-51ac-4d15-9b3c-f837cf039bdd,2e3e2cf1-be86-4808-87f7-fe01973f0325,ニューラ,ニューラ,289,,holo,"https://images.scrydex.com/magicthegathering/HOB-289/small"",""medium"":""https://images.scrydex.com/magicthegathering/HOB-289/medium"",""large"":""https://images.scrydex.com/magicthegathering/HOB-289/large""}],""rulings"":[],""printings"":[""HOB"",""PW26""],""availability"":[""arena"",""mtgo"",""paper""],""expansion"":{""id"":""HOB"",""name"":""The",Scrydex public web image / rescue 2026-08-29,True,2026-08-28 04:31:24.823418+00:00,2026-08-29 14:06:15.492862+00:00,SV4a-289,70,Pokemon,"[""Darkness""]",Basic,Kagemaru Himeno,G,自分が 目立たないよう 暗闇に まぎれて 獲物に 襲いかかる とても ずる賢い ポケモン。,"[{""cost"":[""Darkness""],""damage"":20,""nameJa"":""ツメをたてる"",""effectJa"":null}]",[],"[{""type"":""Grass"",""value"":""×2""}]",[],1,[215],,,289,289
33330e95-57c7-4c2b-8a4e-22314eb7c602,2e3e2cf1-be86-4808-87f7-fe01973f0325,マニューラ,マニューラ,290,,holo,"https://images.scrydex.com/magicthegathering/HOB-290/small"",""medium"":""https://images.scrydex.com/magicthegathering/HOB-290/medium"",""large"":""https://images.scrydex.com/magicthegathering/HOB-290/large""}],""rulings"":[],""printings"":[""HOB""],""availability"":[""arena"",""mtgo"",""paper""],""expansion"":{""id"":""HOB"",""name"":""The",Scrydex public web image / rescue 2026-08-29,True,2026-08-28 04:31:24.823418+00:00,2026-08-29 14:06:15.492862+00:00,SV4a-290,110,Pokemon,"[""Darkness""]",Stage1,Shin Nagasawa,G,進化して さらに ずる賢くなり ツメで 石に サインをつけて コミュニケーションを はかっている。,"[{""cost"":[""Darkness"",""Colorless""],""damage"":70,""nameJa"":""スラッシュクロー"",""effectJa"":null}]","[{""type"":""Ability"",""nameJa"":""アサルトハント"",""effectJa"":""自分の番に、このポケモンがベンチからバトル場に出たとき、1回使える。相手のベンチのたねポケモンを1匹選び、バトルポケモンと入れ替える。""}]","[{""type"":""Grass"",""value"":""×2""}]",[],1,[461],,,290,290
4f5af842-6c84-45c4-b70e-e1c1c38ce2cf,2e3e2cf1-be86-4808-87f7-fe01973f0325,ヤミラミ,ヤミラミ,291,,holo,"https://images.scrydex.com/magicthegathering/HOB-291/small"",""medium"":""https://images.scrydex.com/magicthegathering/HOB-291/medium"",""large"":""https://images.scrydex.com/magicthegathering/HOB-291/large""}],""rulings"":[],""printings"":[""HOB""],""availability"":[""arena"",""mtgo"",""paper""],""expansion"":{""id"":""HOB"",""name"":""The",Scrydex public web image / rescue 2026-08-29,True,2026-08-28 04:31:24.823418+00:00,2026-08-29 14:06:15.492862+00:00,SV4a-291,70,Pokemon,"[""Darkness""]",Basic,nagimiso,G,暗い 洞窟に 棲み処を 作り 鋭い ツメを 使って 宝石を 掘り出しては 食べる。,"[{""cost"":[""Colorless""],""damage"":null,""nameJa"":""やみのひとみ"",""effectJa"":""相手のバトルポケモンをねむりにする。""},{""cost"":[""Darkness""],""damage"":""20+"",""nameJa"":""アサシンクロー"",""effectJa"":""相手のバトルポケモンが特殊状態なら、70ダメージ追加。""}]",[],"[{""type"":""Grass"",""value"":""×2""}]",[],1,[302],,,291,291
7bf03cab-c9d0-4b1d-a81f-bc28816634ff,2e3e2cf1-be86-4808-87f7-fe01973f0325,コマタナ,コマタナ,292,,holo,"https://images.scrydex.com/magicthegathering/HOB-292/small"",""medium"":""https://images.scrydex.com/magicthegathering/HOB-292/medium"",""large"":""https://images.scrydex.com/magicthegathering/HOB-292/large""}],""rulings"":[],""printings"":[""HOB"",""PSPL""],""availability"":[""arena"",""mtgo"",""paper""],""expansion"":{""id"":""HOB"",""name"":""The",Scrydex public web image / rescue 2026-08-29,True,2026-08-28 04:31:24.823418+00:00,2026-08-29 14:06:15.492862+00:00,SV4a-292,70,Pokemon,"[""Darkness""]",Basic,Misa Tsutsui,G,強敵にも 恐れず 挑む。 いざとなると 相手に しがみつき 体中の 刃で 貫く。,"[{""cost"":[""Colorless""],""damage"":10,""nameJa"":""ひっかく"",""effectJa"":null},{""cost"":[""Darkness"",""Colorless""],""damage"":20,""nameJa"":""つきさす"",""effectJa"":null}]",[],"[{""type"":""Grass"",""value"":""×2""}]",[],1,[624],,,292,292
dfdb8c18-eecc-4dd1-b0bb-09a80ff6a059,2e3e2cf1-be86-4808-87f7-fe01973f0325,キリキザン,キリキザン,293,,holo,"https://images.scrydex.com/magicthegathering/HOB-293/small"",""medium"":""https://images.scrydex.com/magicthegathering/HOB-293/medium"",""large"":""https://images.scrydex.com/magicthegathering/HOB-293/large""}],""rulings"":[],""printings"":[""HOB""],""availability"":[""arena"",""mtgo"",""paper""],""expansion"":{""id"":""HOB"",""name"":""The",Scrydex public web image / rescue 2026-08-29,True,2026-08-28 04:31:24.823418+00:00,2026-08-29 14:06:15.492862+00:00,SV4a-293,120,Pokemon,"[""Darkness""]",Stage1,Souichirou Gunjima,G,コマタナを 率いて 群れを 成す。 縄張りを 賭けて 争い 負けた 群れは 吸収されていくのだ。,"[{""cost"":[""Darkness""],""damage"":40,""nameJa"":""ダークカッター"",""effectJa"":null},{""cost"":[""Darkness"",""Colorless""],""damage"":120,""nameJa"":""もろはぎり"",""effectJa"":""このポケモンにも30ダメージ。""}]",[],"[{""type"":""Grass"",""value"":""×2""}]",[],1,[625],,,293,293
2e80e7c7-670e-401f-a09c-65f11e28b86e,2e3e2cf1-be86-4808-87f7-fe01973f0325,ドドゲザン,ドドゲザン,294,,holo,"https://images.scrydex.com/magicthegathering/HOB-294/small"",""medium"":""https://images.scrydex.com/magicthegathering/HOB-294/medium"",""large"":""https://images.scrydex.com/magicthegathering/HOB-294/large""}],""rulings"":[],""printings"":[""HOB""],""availability"":[""arena"",""mtgo"",""paper""],""expansion"":{""id"":""HOB"",""name"":""The",Scrydex public web image / rescue 2026-08-29,True,2026-08-28 04:31:24.823418+00:00,2026-08-29 14:06:15.492862+00:00,SV4a-294,170,Pokemon,"[""Darkness""]",Stage2,Shin Nagasawa,G,ドドゲザンに 進化できるのは 大軍勢の 頂点に 立った １匹の キリキザンだけなのだ。,"[{""cost"":[""Darkness"",""Colorless"",""Colorless""],""damage"":160,""nameJa"":""ぶったぎり"",""effectJa"":null}]","[{""type"":""Ability"",""nameJa"":""とうそつりょく"",""effectJa"":""このポケモンがいるかぎり、自分のたねポケモンが使うワザの、相手のバトルポケモンへのダメージは「+30」される。""}]","[{""type"":""Grass"",""value"":""×2""}]",[],3,[983],,,294,294
40d6e638-0686-47df-971c-4f515c9330a3,2e3e2cf1-be86-4808-87f7-fe01973f0325,オラチフ,オラチフ,295,,holo,"https://images.scrydex.com/magicthegathering/HOB-295/small"",""medium"":""https://images.scrydex.com/magicthegathering/HOB-295/medium"",""large"":""https://images.scrydex.com/magicthegathering/HOB-295/large""}],""rulings"":[],""printings"":[""HOB""],""availability"":[""arena"",""mtgo"",""paper""],""expansion"":{""id"":""HOB"",""name"":""The",Scrydex public web image / rescue 2026-08-29,True,2026-08-28 04:31:24.823418+00:00,2026-08-29 14:06:15.492862+00:00,SV4a-295,60,Pokemon,"[""Darkness""]",Basic,Kagemaru Himeno,G,相手に 嘗められないように いつも しかめっ面をしているが 泣いている 子どもは その顔で 笑いだす。,"[{""cost"":[""Darkness""],""damage"":""10+"",""nameJa"":""おそいかかる"",""effectJa"":""コインを1回投げオモテなら、20ダメージ追加。""}]",[],"[{""type"":""Grass"",""value"":""×2""}]",[],1,[942],,,295,295
fcf8448a-907b-40bc-bdbf-4e9a3e27dc6b,2e3e2cf1-be86-4808-87f7-fe01973f0325,マフィティフ,マフィティフ,296,,holo,"https://images.scrydex.com/magicthegathering/HOB-296/small"",""medium"":""https://images.scrydex.com/magicthegathering/HOB-296/medium"",""large"":""https://images.scrydex.com/magicthegathering/HOB-296/large""}],""rulings"":[],""printings"":[""HOB""],""availability"":[""arena"",""mtgo"",""paper""],""expansion"":{""id"":""HOB"",""name"":""The",Scrydex public web image / rescue 2026-08-29,True,2026-08-28 04:31:24.823418+00:00,2026-08-29 14:06:15.492862+00:00,SV4a-296,130,Pokemon,"[""Darkness""]",Stage1,Hitoshi Ariga,G,子どもと 遊ぶことが 大好き。 普段は 温厚だが 家族を 守るとき 形相が 変わる。,"[{""cost"":[""Darkness"",""Darkness"",""Colorless""],""damage"":160,""nameJa"":""ワイルドタックル"",""effectJa"":""このポケモンにも30ダメージ。""}]","[{""type"":""Ability"",""nameJa"":""いかくのとおぼえ"",""effectJa"":""自分の番に1回使える。相手のバトルポケモンをベンチポケモンと入れ替える。［バトル場に出すポケモンは相手が選ぶ。］""}]","[{""type"":""Grass"",""value"":""×2""}]",[],3,[943],,,296,296
7f0742a2-baba-4e75-9e79-914d2ca2dc26,2e3e2cf1-be86-4808-87f7-fe01973f0325,シルシュルー,シルシュルー,297,,holo,"https://images.scrydex.com/magicthegathering/HOB-297/small"",""medium"":""https://images.scrydex.com/magicthegathering/HOB-297/medium"",""large"":""https://images.scrydex.com/magicthegathering/HOB-297/large""}],""rulings"":[],""printings"":[""HOB""],""availability"":[""arena"",""mtgo"",""paper""],""expansion"":{""id"":""HOB"",""name"":""The",Scrydex public web image / rescue 2026-08-29,True,2026-08-28 04:31:24.823418+00:00,2026-08-29 14:06:15.492862+00:00,SV4a-297,50,Pokemon,"[""Darkness""]",Basic,otumami,G,温厚だが 怒らせると 毒が 染みこんだ 鋭い 前歯で 咬みつき 痺れさせてくるぞ。,"[{""cost"":[""Colorless""],""damage"":null,""nameJa"":""きのみさがし"",""effectJa"":""自分のトラッシュから基本エネルギーを1枚選び、相手に見せて、手札に加える。""},{""cost"":[""Darkness""],""damage"":10,""nameJa"":""ひっかく"",""effectJa"":null}]",[],"[{""type"":""Fighting"",""value"":""×2""}]",[],1,[944],,,297,297
28dc70d0-d142-4d53-b2dd-e9ef5abcc635,2e3e2cf1-be86-4808-87f7-fe01973f0325,タギングル,タギングル,298,,holo,"https://images.scrydex.com/riftbound/OGN-298/small"",""medium"":""https://images.scrydex.com/riftbound/OGN-298/medium"",""large"":""https://images.scrydex.com/riftbound/OGN-298/large""}],""expansion"":{""id"":""OGN"",""name"":""Origins"",""type"":""Main"",""code"":""OGN"",""total"":352,""printed_total"":298,""release_date"":""2025/10/31"",""logo"":""https://images.scrydex.com/riftbound/OGN-logo/logo"",""symbol"":null,""language"":""English"",""language_code"":""EN""},""language"":""English"",""language_code"":""EN"",""expansion_sort_order"":328,""variants"":[{""name"":""normal"",""images"":[],""marketplaces"":[{""name"":""tcgplayer"",""product_id"":""653092"",""purchase_url"":""https://scrydex.com/riftbound/cards/OGN-298/purchase?type=tcgplayer",Scrydex public web image / rescue 2026-08-29,True,2026-08-28 04:31:24.823418+00:00,2026-08-29 14:06:15.492862+00:00,SV4a-298,90,Pokemon,"[""Darkness""]",Stage1,Scav,G,エサによって 色が 変化する 毒の 唾液を 指に 塗して 森の 木々に 模様を 描く。,"[{""cost"":[""Darkness""],""damage"":null,""nameJa"":""どくえき"",""effectJa"":""相手のバトルポケモンをどくにする。""},{""cost"":[""Darkness""],""damage"":""40×"",""nameJa"":""カラフルグラフィティ"",""effectJa"":""自分の手札から基本エネルギーを好きなだけトラッシュし、トラッシュした基本エネルギーのタイプの数×40ダメージ。""}]",[],"[{""type"":""Fighting"",""value"":""×2""}]",[],1,[945],,,298,298
f7c7a983-ff29-4161-a021-e6ad04f0bb0b,2e3e2cf1-be86-4808-87f7-fe01973f0325,ハッサム,ハッサム,299,,holo,"https://images.scrydex.com/magicthegathering/HOB-299/small"",""medium"":""https://images.scrydex.com/magicthegathering/HOB-299/medium"",""large"":""https://images.scrydex.com/magicthegathering/HOB-299/large""}],""rulings"":[],""printings"":[""HOB""],""availability"":[""arena"",""mtgo"",""paper""],""expansion"":{""id"":""HOB"",""name"":""The",Scrydex public web image / rescue 2026-08-29,True,2026-08-28 04:31:24.823418+00:00,2026-08-29 14:06:15.492862+00:00,SV4a-299,140,Pokemon,"[""Metal""]",Stage1,GOSSAN,G,鋼鉄を 含んでいる ハサミで 捕らえたものは どんなに 硬くても コナゴナに 砕く。,"[{""cost"":[""Metal""],""damage"":""10+"",""nameJa"":""パニッシュシザー"",""effectJa"":""相手の場の特性を持つポケモンの数×50ダメージ追加。""},{""cost"":[""Metal"",""Metal""],""damage"":70,""nameJa"":""いあいぎり"",""effectJa"":null}]",[],"[{""type"":""Fire"",""value"":""×2""}]","[{""type"":""Grass"",""value"":""-30""}]",2,[212],,,299,299
101e8dda-a85f-4df7-9fc0-abdbe62ca1aa,2e3e2cf1-be86-4808-87f7-fe01973f0325,ブロロン,ブロロン,300,,holo,"https://images.scrydex.com/magicthegathering/HOB-300/small"",""medium"":""https://images.scrydex.com/magicthegathering/HOB-300/medium"",""large"":""https://images.scrydex.com/magicthegathering/HOB-300/large""}],""rulings"":[],""printings"":[""HOB""],""availability"":[""arena"",""mtgo"",""paper""],""expansion"":{""id"":""HOB"",""name"":""The",Scrydex public web image / rescue 2026-08-29,True,2026-08-28 04:31:24.823418+00:00,2026-08-29 14:06:15.492862+00:00,SV4a-300,60,Pokemon,"[""Metal""]",Basic,Masakazu Fukuda,G,スクラップ工場に 放置された エンジンに 謎の 毒ポケモンが 入り込んで 生まれたと 言われる。,"[{""cost"":[""Colorless""],""damage"":null,""nameJa"":""ふかす"",""effectJa"":""自分のトラッシュから基本エネルギーを2枚まで選び、相手に見せて、手札に加える。""},{""cost"":[""Metal"",""Colorless""],""damage"":20,""nameJa"":""ずつき"",""effectJa"":null}]",[],"[{""type"":""Fire"",""value"":""×2""}]","[{""type"":""Grass"",""value"":""-30""}]",1,[965],,,300,300
c0b83a10-8bf9-42ed-a6b1-24771515e647,2e3e2cf1-be86-4808-87f7-fe01973f0325,ブロロローム,ブロロローム,301,,holo,"https://images.scrydex.com/magicthegathering/HOB-301/small"",""medium"":""https://images.scrydex.com/magicthegathering/HOB-301/medium"",""large"":""https://images.scrydex.com/magicthegathering/HOB-301/large""}],""rulings"":[],""printings"":[""HOB""],""availability"":[""arena"",""mtgo"",""paper""],""expansion"":{""id"":""HOB"",""name"":""The",Scrydex public web image / rescue 2026-08-29,True,2026-08-28 04:31:24.823418+00:00,2026-08-29 14:06:15.492862+00:00,SV4a-301,140,Pokemon,"[""Metal""]",Stage1,GOSSAN,G,毒素と 岩の 成分を 混ぜた ガスを ８つに 増えた シリンダーで 爆発させ エネルギーを 作る。,"[{""cost"":[""Metal"",""Colorless"",""Colorless"",""Colorless""],""damage"":""90+"",""nameJa"":""はねとばす"",""effectJa"":""コインを1回投げオモテなら、90ダメージ追加。""}]","[{""type"":""Ability"",""nameJa"":""ランブルエンジン"",""effectJa"":""自分の番に、自分の手札からエネルギーを1枚トラッシュするなら、1回使える。自分の手札が6枚になるように、山札を引く。""}]","[{""type"":""Fire"",""value"":""×2""}]","[{""type"":""Grass"",""value"":""-30""}]",2,[966],,,301,301
1a572b00-3bf2-4cc9-bb13-d4ec361f0016,2e3e2cf1-be86-4808-87f7-fe01973f0325,オンバット,オンバット,302,,holo,"https://images.scrydex.com/magicthegathering/HOB-302/small"",""medium"":""https://images.scrydex.com/magicthegathering/HOB-302/medium"",""large"":""https://images.scrydex.com/magicthegathering/HOB-302/large""}],""rulings"":[],""printings"":[""HOB"",""PMEI""],""availability"":[""arena"",""mtgo"",""paper""],""expansion"":{""id"":""HOB"",""name"":""The",Scrydex public web image / rescue 2026-08-29,True,2026-08-28 04:31:24.823418+00:00,2026-08-29 14:06:15.492862+00:00,SV4a-302,70,Pokemon,"[""Dragon""]",Basic,Nelnal,G,大きな 耳から 超音波を 出して エサの 果物を 探す。 カジッチュを エサと 間違える。,"[{""cost"":[""Psychic"",""Darkness""],""damage"":40,""nameJa"":""かぜおこし"",""effectJa"":null}]",[],[],[],1,[714],,,302,302
c49256cc-a179-4d58-93e6-18157897201f,2e3e2cf1-be86-4808-87f7-fe01973f0325,モトトカゲ,モトトカゲ,303,,holo,"https://images.scrydex.com/magicthegathering/HOB-303/small"",""medium"":""https://images.scrydex.com/magicthegathering/HOB-303/medium"",""large"":""https://images.scrydex.com/magicthegathering/HOB-303/large""}],""rulings"":[],""printings"":[""HOB""],""availability"":[""arena"",""mtgo"",""paper""],""expansion"":{""id"":""HOB"",""name"":""The",Scrydex public web image / rescue 2026-08-29,True,2026-08-28 04:31:24.823418+00:00,2026-08-29 14:06:15.492862+00:00,SV4a-303,120,Pokemon,"[""Dragon""]",Basic,Souichirou Gunjima,G,大昔から 人を 背中に 乗せていたらしい。 １万年前の 壁画に 様子が 描かれている。,"[{""cost"":[""Grass"",""Darkness"",""Colorless""],""damage"":100,""nameJa"":""こうそくドライブ"",""effectJa"":""コインを1回投げオモテなら、次の相手の番、このポケモンはワザのダメージや効果を受けない。""}]",[],[],[],1,[967],,,303,303
886101e6-1619-4b73-a801-2e58eb796198,2e3e2cf1-be86-4808-87f7-fe01973f0325,ポッポ,ポッポ,304,,holo,"https://images.scrydex.com/magicthegathering/HOB-304/small"",""medium"":""https://images.scrydex.com/magicthegathering/HOB-304/medium"",""large"":""https://images.scrydex.com/magicthegathering/HOB-304/large""}],""rulings"":[],""printings"":[""HOB""],""availability"":[""arena"",""mtgo"",""paper""],""expansion"":{""id"":""HOB"",""name"":""The",Scrydex public web image / rescue 2026-08-29,True,2026-08-28 04:31:24.823418+00:00,2026-08-29 14:06:15.492862+00:00,SV4a-304,50,Pokemon,"[""Colorless""]",Basic,sowsow,G,戦いを 好まない おとなしい 性格だが 下手に 手を 出すと 強烈に 反撃されるぞ。,"[{""cost"":[""Colorless""],""damage"":null,""nameJa"":""なかまをよぶ"",""effectJa"":""自分の山札からたねポケモンを2枚まで選び、ベンチに出す。そして山札を切る。""},{""cost"":[""Colorless"",""Colorless""],""damage"":20,""nameJa"":""たいあたり"",""effectJa"":null}]",[],"[{""type"":""Lightning"",""value"":""×2""}]","[{""type"":""Fighting"",""value"":""-30""}]",1,[16],,,304,304
f4090c9f-c3b9-4427-838d-e14d0e61431b,2e3e2cf1-be86-4808-87f7-fe01973f0325,ピジョン,ピジョン,305,,holo,"https://images.scrydex.com/magicthegathering/HOB-305/small"",""medium"":""https://images.scrydex.com/magicthegathering/HOB-305/medium"",""large"":""https://images.scrydex.com/magicthegathering/HOB-305/large""}],""rulings"":[],""printings"":[""HOB""],""availability"":[""arena"",""mtgo"",""paper""],""expansion"":{""id"":""HOB"",""name"":""The",Scrydex public web image / rescue 2026-08-29,True,2026-08-28 04:31:24.823418+00:00,2026-08-29 14:06:15.492862+00:00,SV4a-305,80,Pokemon,"[""Colorless""]",Stage1,Kouki Saitou,G,広い 縄張りを 持っており 侵入する 邪魔者は 徹底的に つつかれてしまう。,"[{""cost"":[""Colorless""],""damage"":20,""nameJa"":""はばたく"",""effectJa"":null}]",[],"[{""type"":""Lightning"",""value"":""×2""}]","[{""type"":""Fighting"",""value"":""-30""}]",0,[17],,,305,305
15ae91ce-dc2c-4060-b375-2d34f1b0f9ae,2e3e2cf1-be86-4808-87f7-fe01973f0325,プリン,プリン,306,,holo,"https://images.scrydex.com/magicthegathering/HOB-306/small"",""medium"":""https://images.scrydex.com/magicthegathering/HOB-306/medium"",""large"":""https://images.scrydex.com/magicthegathering/HOB-306/large""}],""rulings"":[],""printings"":[""HOB""],""availability"":[""arena"",""mtgo"",""paper""],""expansion"":{""id"":""HOB"",""name"":""The",Scrydex public web image / rescue 2026-08-29,True,2026-08-28 04:31:24.823418+00:00,2026-08-29 14:06:15.492862+00:00,SV4a-306,70,Pokemon,"[""Colorless""]",Basic,Misa Tsutsui,G,つぶらな 瞳が 揺れるとき 眠たくなるような 不思議で 気持ちのいい 歌を 歌う。,"[{""cost"":[""Colorless""],""damage"":null,""nameJa"":""みちびく"",""effectJa"":""自分の山札からサポートを1枚選び、相手に見せて、手札に加える。そして山札を切る。""},{""cost"":[""Colorless"",""Colorless""],""damage"":""20×"",""nameJa"":""ふみふみ"",""effectJa"":""コインを2回投げ、オモテの数×20ダメージ。""}]",[],"[{""type"":""Fighting"",""value"":""×2""}]",[],1,[39],,,306,306
71ec6223-0d6f-4c8d-a2d8-75ff62b9e9b7,2e3e2cf1-be86-4808-87f7-fe01973f0325,ドードー,ドードー,307,,holo,"https://images.scrydex.com/magicthegathering/HOB-307/small"",""medium"":""https://images.scrydex.com/magicthegathering/HOB-307/medium"",""large"":""https://images.scrydex.com/magicthegathering/HOB-307/large""}],""rulings"":[],""printings"":[""HOB""],""availability"":[""arena"",""mtgo"",""paper""],""expansion"":{""id"":""HOB"",""name"":""The",Scrydex public web image / rescue 2026-08-29,True,2026-08-28 04:31:24.823418+00:00,2026-08-29 14:06:15.492862+00:00,SV4a-307,70,Pokemon,"[""Colorless""]",Basic,Saya Tsuruta,G,２つの 頭の 脳みそは テレパシーのような 力で 気持ちを 通じ合わせているらしい。,"[{""cost"":[""Colorless""],""damage"":30,""nameJa"":""とつげき"",""effectJa"":""このポケモンにも10ダメージ。""}]",[],"[{""type"":""Lightning"",""value"":""×2""}]","[{""type"":""Fighting"",""value"":""-30""}]",1,[84],,,307,307
ed471045-c2ff-4ec8-8030-346aad6e09b7,2e3e2cf1-be86-4808-87f7-fe01973f0325,ドードリオ,ドードリオ,308,,holo,"https://images.scrydex.com/magicthegathering/HOB-308/small"",""medium"":""https://images.scrydex.com/magicthegathering/HOB-308/medium"",""large"":""https://images.scrydex.com/magicthegathering/HOB-308/large""}],""rulings"":[],""printings"":[""HOB""],""availability"":[""arena"",""mtgo"",""paper""],""expansion"":{""id"":""HOB"",""name"":""The",Scrydex public web image / rescue 2026-08-29,True,2026-08-28 04:31:24.823418+00:00,2026-08-29 14:06:15.492862+00:00,SV4a-308,100,Pokemon,"[""Colorless""]",Stage1,nagimiso,G,めったに 見つからない 珍種。 ３つの 頭は 喜び 悲しみ 怒りの 感情を 表す。,"[{""cost"":[""Colorless""],""damage"":""10+"",""nameJa"":""いかりのくちばし"",""effectJa"":""このポケモンにのっているダメカンの数×30ダメージ追加。""}]","[{""type"":""Ability"",""nameJa"":""ばくそうドロー"",""effectJa"":""自分の番に1回使える。このポケモンにダメカンを1個のせる。その後、自分の山札を1枚引く。""}]","[{""type"":""Lightning"",""value"":""×2""}]","[{""type"":""Fighting"",""value"":""-30""}]",1,[85],,,308,308
ebcb84c0-4f9a-4b77-bb9e-caae3ea7a273,2e3e2cf1-be86-4808-87f7-fe01973f0325,メタモン,メタモン,309,,holo,"https://images.scrydex.com/magicthegathering/HOB-309/small"",""medium"":""https://images.scrydex.com/magicthegathering/HOB-309/medium"",""large"":""https://images.scrydex.com/magicthegathering/HOB-309/large""}],""rulings"":[],""printings"":[""HOB""],""availability"":[""arena"",""mtgo"",""paper""],""expansion"":{""id"":""HOB"",""name"":""The",Scrydex public web image / rescue 2026-08-29,True,2026-08-28 04:31:24.823418+00:00,2026-08-29 14:06:15.492862+00:00,SV4a-309,60,Pokemon,"[""Colorless""]",Basic,0313,G,変身は 完璧なのだが 笑わされて 力が 抜けると 変身は 解けてしまう。,"[{""cost"":[""Colorless""],""damage"":10,""nameJa"":""ぺとっ"",""effectJa"":null}]","[{""type"":""Ability"",""nameJa"":""へんしんスタート"",""effectJa"":""このポケモンがバトル場にいるなら、最初の自分の番にだけ1回使える。自分の山札からたねポケモン（「メタモン」をのぞく）を1枚選ぶ。その後、このポケモンと、ついているすべてのカードをトラッシュし、このポケモンがいた場所に、選んだポケモンを出す。そして山札を切る。""}]","[{""type"":""Fighting"",""value"":""×2""}]",[],1,[132],,,309,309
538e0611-c088-4b77-abe5-316389a4a2d7,2e3e2cf1-be86-4808-87f7-fe01973f0325,カビゴン,カビゴン,310,,holo,"https://images.scrydex.com/magicthegathering/HOB-310/small"",""medium"":""https://images.scrydex.com/magicthegathering/HOB-310/medium"",""large"":""https://images.scrydex.com/magicthegathering/HOB-310/large""}],""rulings"":[],""printings"":[""HOB""],""availability"":[""arena"",""mtgo"",""paper""],""expansion"":{""id"":""HOB"",""name"":""The",Scrydex public web image / rescue 2026-08-29,True,2026-08-28 04:31:24.823418+00:00,2026-08-29 14:06:15.492862+00:00,SV4a-310,150,Pokemon,"[""Colorless""]",Basic,Shigenori Negishi,G,頑丈な 胃袋は カビの 生えたものや 腐ったものを 食べても 壊れることはない。,"[{""cost"":[""Colorless"",""Colorless"",""Colorless""],""damage"":130,""nameJa"":""バッタンプレス"",""effectJa"":""このポケモンにも30ダメージ。""}]","[{""type"":""Ability"",""nameJa"":""くいいじ"",""effectJa"":""自分の番に1回使える。自分のトラッシュから「たべのこし」を2枚まで選び、相手に見せて、手札に加える。""}]","[{""type"":""Fighting"",""value"":""×2""}]",[],4,[143],,,310,310
6cc03142-6a52-48d0-adcd-3ac50f84f8ba,2e3e2cf1-be86-4808-87f7-fe01973f0325,キャモメ,キャモメ,311,,holo,"https://images.scrydex.com/magicthegathering/HOB-311/small"",""medium"":""https://images.scrydex.com/magicthegathering/HOB-311/medium"",""large"":""https://images.scrydex.com/magicthegathering/HOB-311/large""}],""rulings"":[],""printings"":[""HOB""],""availability"":[""arena"",""mtgo"",""paper""],""expansion"":{""id"":""HOB"",""name"":""The",Scrydex public web image / rescue 2026-08-29,True,2026-08-28 04:31:24.823418+00:00,2026-08-29 14:06:15.492862+00:00,SV4a-311,70,Pokemon,"[""Colorless""]",Basic,kurumitsu,G,上昇 気流に 乗って グライダーのように 大空を 舞い くちばしに 挟んだ エサを運ぶ。,"[{""cost"":[""Colorless"",""Colorless""],""damage"":30,""nameJa"":""かぜおこし"",""effectJa"":null}]",[],"[{""type"":""Lightning"",""value"":""×2""}]","[{""type"":""Fighting"",""value"":""-30""}]",1,[278],,,311,311
e7df8302-78aa-4e29-8eb5-f61d653665b8,2e3e2cf1-be86-4808-87f7-fe01973f0325,ペリッパー,ペリッパー,312,,holo,"https://images.scrydex.com/magicthegathering/HOB-312/small"",""medium"":""https://images.scrydex.com/magicthegathering/HOB-312/medium"",""large"":""https://images.scrydex.com/magicthegathering/HOB-312/large""}],""rulings"":[],""printings"":[""HOB"",""PURL""],""availability"":[""arena"",""mtgo"",""paper""],""expansion"":{""id"":""HOB"",""name"":""The",Scrydex public web image / rescue 2026-08-29,True,2026-08-28 04:31:24.823418+00:00,2026-08-29 14:06:15.492862+00:00,SV4a-312,120,Pokemon,"[""Colorless""]",Stage1,Masakazu Fukuda,G,くちばしに 小さな ポケモンを 入れて 飛ぶ 空の 配達屋。 海に 浮かんで 羽を 休める。,"[{""cost"":[""Colorless"",""Colorless"",""Colorless""],""damage"":90,""nameJa"":""つばさでうつ"",""effectJa"":null}]","[{""type"":""Ability"",""nameJa"":""かぜのたより"",""effectJa"":""自分の番に、このカードを手札から出して進化させたとき、1回使える。自分の山札またはトラッシュのどちらかを選ぶ。その中からサポートを1枚選び、相手に見せて、手札に加える。山札を見たなら、山札を切る。""}]","[{""type"":""Lightning"",""value"":""×2""}]","[{""type"":""Fighting"",""value"":""-30""}]",2,[279],,,312,312
037d52a0-62e5-4b01-a796-d2dc251c9884,2e3e2cf1-be86-4808-87f7-fe01973f0325,ホシガリス,ホシガリス,313,,holo,"https://images.scrydex.com/magicthegathering/HOB-313/small"",""medium"":""https://images.scrydex.com/magicthegathering/HOB-313/medium"",""large"":""https://images.scrydex.com/magicthegathering/HOB-313/large""}],""rulings"":[],""printings"":[""10E"",""2ED"",""2XM"",""30A"",""3ED"",""40K"",""4BB"",""4ED"",""5ED"",""6ED"",""7ED"",""8ED"",""9ED"",""ACR"",""AFR"",""AKH"",""AKR"",""ALA"",""ANA"",""ANB"",""ARC"",""ATH"",""AVR"",""BBD"",""BFZ"",""BLB"",""BRB"",""BRC"",""BRO"",""C13"",""C14"",""C15"",""C16"",""C17"",""C18"",""C19"",""CED"",""CEI"",""CHK"",""CLB"",""CLU"",""CM2"",""CMA"",""CMD"",""CMM"",""CMR"",""CST"",""DDC"",""DDE"",""DDF"",""DDG"",""DDH"",""DDI"",""DDK"",""DDL"",""DDN"",""DDO"",""DDP"",""DDQ"",""DFT"",""DMR"",""DMU"",""DOM"",""DSK"",""DTK"",""DVD"",""E01"",""ECL"",""ELD"",""EOE"",""FBB"",""FDN"",""FIC"",""FIN"",""FRF"",""G17"",""GK1"",""GK2"",""GN2"",""GN3"",""GNT"",""GRN"",""GS1"",""H09"",""HBG"",""HOB"",""HOP"",""HOU"",""ICE"",""IKO"",""INR"",""INV"",""ISD"",""ITP"",""J14"",""J22"",""J25"",""JMP"",""KHM"",""KLD"",""KLR"",""KTK"",""LCI"",""LEA"",""LEB"",""LRW"",""LTR"",""M10"",""M11"",""M12"",""M13"",""M14"",""M15"",""M19"",""M20"",""M21"",""MBS"",""MD1"",""ME1"",""ME3"",""MH2"",""MH3"",""MID"",""MIR"",""MKM"",""MMQ"",""MOM"",""MRD"",""MSC"",""MSH"",""NEO"",""NPH"",""ODY"",""OLEP"",""ONE"",""ONS"",""ORI"",""OTJ"",""P02"",""P23"",""PAL00"",""PAL01"",""PAL03"",""PAL04"",""PAL05"",""PAL06"",""PAL99"",""PALP"",""PANA"",""PARL"",""PC2"",""PCA"",""PDGM"",""PELP"",""PF19"",""PF20"",""PGPX"",""PGRU"",""PIP"",""PL26"",""PLST"",""PMPS"",""PMPS06"",""PMPS07"",""PMPS08"",""PMPS09"",""PMPS10"",""PMPS11"",""POR"",""PPP1"",""PRM"",""PRW2"",""PRWK"",""PS11"",""PSAL"",""PSS2"",""PSS3"",""PSS4"",""PTC"",""PTK"",""PZ2"",""RAV"",""REX"",""RIX"",""RNA"",""ROE"",""RQS"",""RTR"",""S99"",""SCD"",""SHM"",""SIR"",""SLD"",""SLP"",""SNC"",""SOI"",""SOM"",""SOS"",""SPM"",""STX"",""SUM"",""TD0"",""TD2"",""TDM"",""THB"",""THS"",""TLA"",""TLE"",""TMP"",""TMT"",""TPR"",""TSP"",""UGL"",""UND"",""UNF"",""UNH"",""USG"",""UST"",""VOW"",""WAR"",""WC00"",""WC02"",""WC03"",""WC04"",""WC97"",""WC98"",""WHO"",""WOE"",""XANA"",""XLN"",""ZEN"",""ZNR""],""availability"":[""arena"",""mtgo"",""paper""],""expansion"":{""id"":""HOB"",""name"":""The",Scrydex public web image / rescue 2026-08-29,True,2026-08-28 04:31:24.823418+00:00,2026-08-29 14:06:15.492862+00:00,SV4a-313,60,Pokemon,"[""Colorless""]",Basic,Sanosuke Sakuma,G,どんなに お腹いっぱい 食べても また 腹ペコになるのが 不安で 頬と 尻尾に 木の実を 溜める。,"[{""cost"":[""Colorless"",""Colorless""],""damage"":20,""nameJa"":""かみつく"",""effectJa"":null}]","[{""type"":""Ability"",""nameJa"":""すあなにかくす"",""effectJa"":""自分の番に1回使える。自分の手札をすべてウラにして切り、山札の下にもどす。その後、山札を1枚引く。""}]","[{""type"":""Fighting"",""value"":""×2""}]",[],1,[819],,,313,313
bfa579fe-5b06-47fa-9d8d-4d3687e214d5,2e3e2cf1-be86-4808-87f7-fe01973f0325,ヨクバリス,ヨクバリス,314,,holo,"https://images.scrydex.com/magicthegathering/HOB-314/small"",""medium"":""https://images.scrydex.com/magicthegathering/HOB-314/medium"",""large"":""https://images.scrydex.com/magicthegathering/HOB-314/large""}],""rulings"":[],""printings"":[""10E"",""2ED"",""2XM"",""30A"",""3ED"",""40K"",""4BB"",""4ED"",""5ED"",""6ED"",""7ED"",""8ED"",""9ED"",""ACR"",""AFR"",""AKH"",""AKR"",""ALA"",""ANA"",""ANB"",""ARC"",""ATH"",""AVR"",""BBD"",""BFZ"",""BLB"",""BRB"",""BRC"",""BRO"",""C13"",""C14"",""C15"",""C16"",""C17"",""C18"",""C19"",""CED"",""CEI"",""CHK"",""CLB"",""CLU"",""CM2"",""CMA"",""CMD"",""CMM"",""CMR"",""CST"",""DDC"",""DDE"",""DDF"",""DDG"",""DDH"",""DDI"",""DDK"",""DDL"",""DDN"",""DDO"",""DDP"",""DDQ"",""DFT"",""DMR"",""DMU"",""DOM"",""DSK"",""DTK"",""DVD"",""E01"",""ECL"",""ELD"",""EOE"",""FBB"",""FDN"",""FIC"",""FIN"",""FRF"",""G17"",""GK1"",""GK2"",""GN2"",""GN3"",""GNT"",""GRN"",""GS1"",""H09"",""HBG"",""HOB"",""HOP"",""HOU"",""ICE"",""IKO"",""INR"",""INV"",""ISD"",""ITP"",""J14"",""J22"",""J25"",""JMP"",""KHM"",""KLD"",""KLR"",""KTK"",""LCI"",""LEA"",""LEB"",""LRW"",""LTR"",""M10"",""M11"",""M12"",""M13"",""M14"",""M15"",""M19"",""M20"",""M21"",""MBS"",""MD1"",""ME1"",""ME3"",""MH2"",""MH3"",""MID"",""MIR"",""MKM"",""MMQ"",""MOM"",""MRD"",""MSC"",""MSH"",""NEO"",""NPH"",""ODY"",""OLEP"",""ONE"",""ONS"",""ORI"",""OTJ"",""P02"",""P23"",""PAL00"",""PAL01"",""PAL03"",""PAL04"",""PAL05"",""PAL06"",""PAL99"",""PALP"",""PANA"",""PARL"",""PC2"",""PCA"",""PDGM"",""PELP"",""PF19"",""PF20"",""PGPX"",""PGRU"",""PIP"",""PL26"",""PLST"",""PMPS"",""PMPS06"",""PMPS07"",""PMPS08"",""PMPS09"",""PMPS10"",""PMPS11"",""POR"",""PPP1"",""PRM"",""PRW2"",""PRWK"",""PS11"",""PSAL"",""PSS2"",""PSS3"",""PSS4"",""PTC"",""PTK"",""PZ2"",""RAV"",""REX"",""RIX"",""RNA"",""ROE"",""RQS"",""RTR"",""S99"",""SCD"",""SHM"",""SIR"",""SLD"",""SLP"",""SNC"",""SOI"",""SOM"",""SOS"",""SPM"",""STX"",""SUM"",""TD0"",""TD2"",""TDM"",""THB"",""THS"",""TLA"",""TLE"",""TMP"",""TMT"",""TPR"",""TSP"",""UGL"",""UND"",""UNF"",""UNH"",""USG"",""UST"",""VOW"",""WAR"",""WC00"",""WC02"",""WC03"",""WC04"",""WC97"",""WC98"",""WHO"",""WOE"",""XANA"",""XLN"",""ZEN"",""ZNR""],""availability"":[""arena"",""mtgo"",""paper""],""expansion"":{""id"":""HOB"",""name"":""The",Scrydex public web image / rescue 2026-08-29,True,2026-08-28 04:31:24.823418+00:00,2026-08-29 14:06:15.492862+00:00,SV4a-314,120,Pokemon,"[""Colorless""]",Stage1,Kagemaru Himeno,G,体の 約２倍の 長さの 尻尾で 木から 落とした 木の実を ごっそり 包んで 持ち去るぞ。,"[{""cost"":[""Colorless"",""Colorless""],""damage"":50,""nameJa"":""かみつく"",""effectJa"":null},{""cost"":[""Colorless"",""Colorless"",""Colorless""],""damage"":""80+"",""nameJa"":""きょうかまえば"",""effectJa"":""このポケモンに「ポケモンのどうぐ」がついているなら、80ダメージ追加。""}]",[],"[{""type"":""Fighting"",""value"":""×2""}]",[],2,[820],,,314,314
cf51e28c-af55-4529-8fc2-c2170875fccc,2e3e2cf1-be86-4808-87f7-fe01973f0325,グルトン,グルトン,315,,holo,"https://images.scrydex.com/magicthegathering/HOB-315/small"",""medium"":""https://images.scrydex.com/magicthegathering/HOB-315/medium"",""large"":""https://images.scrydex.com/magicthegathering/HOB-315/large""}],""rulings"":[],""printings"":[""10E"",""2ED"",""2XM"",""30A"",""3ED"",""40K"",""4BB"",""4ED"",""5ED"",""6ED"",""7ED"",""8ED"",""9ED"",""ACR"",""AFR"",""AKH"",""AKR"",""ALA"",""ANA"",""ANB"",""ARC"",""ATH"",""AVR"",""BBD"",""BFZ"",""BLB"",""BRB"",""BRC"",""BRO"",""C13"",""C14"",""C15"",""C16"",""C17"",""C18"",""C19"",""CED"",""CEI"",""CHK"",""CLB"",""CLU"",""CM2"",""CMA"",""CMD"",""CMM"",""CMR"",""CST"",""DDC"",""DDE"",""DDF"",""DDG"",""DDH"",""DDI"",""DDK"",""DDL"",""DDN"",""DDO"",""DDP"",""DDQ"",""DFT"",""DMR"",""DMU"",""DOM"",""DSK"",""DTK"",""DVD"",""E01"",""ECL"",""ELD"",""EOE"",""FBB"",""FDN"",""FIC"",""FIN"",""FRF"",""G17"",""GK1"",""GK2"",""GN2"",""GN3"",""GNT"",""GRN"",""GS1"",""H09"",""HBG"",""HOB"",""HOP"",""HOU"",""ICE"",""IKO"",""INR"",""INV"",""ISD"",""ITP"",""J14"",""J22"",""J25"",""JMP"",""KHM"",""KLD"",""KLR"",""KTK"",""LCI"",""LEA"",""LEB"",""LRW"",""LTR"",""M10"",""M11"",""M12"",""M13"",""M14"",""M15"",""M19"",""M20"",""M21"",""MBS"",""MD1"",""ME1"",""ME3"",""MH2"",""MH3"",""MID"",""MIR"",""MKM"",""MMQ"",""MOM"",""MRD"",""MSC"",""MSH"",""NEO"",""NPH"",""ODY"",""OLEP"",""ONE"",""ONS"",""ORI"",""OTJ"",""P02"",""P23"",""PAL00"",""PAL01"",""PAL03"",""PAL04"",""PAL05"",""PAL06"",""PAL99"",""PALP"",""PANA"",""PARL"",""PC2"",""PCA"",""PDGM"",""PELP"",""PF19"",""PF20"",""PGPX"",""PGRU"",""PIP"",""PL26"",""PLST"",""PMPS"",""PMPS06"",""PMPS07"",""PMPS08"",""PMPS09"",""PMPS10"",""PMPS11"",""POR"",""PPP1"",""PRM"",""PRW2"",""PRWK"",""PS11"",""PSAL"",""PSS2"",""PSS3"",""PSS4"",""PTC"",""PTK"",""PZ2"",""RAV"",""REX"",""RIX"",""RNA"",""ROE"",""RQS"",""RTR"",""S99"",""SCD"",""SHM"",""SIR"",""SLD"",""SLP"",""SNC"",""SOI"",""SOM"",""SOS"",""SPM"",""STX"",""SUM"",""TD0"",""TD2"",""TDM"",""THB"",""THS"",""TLA"",""TLE"",""TMP"",""TMT"",""TPR"",""TSP"",""UGL"",""UND"",""UNF"",""UNH"",""USG"",""UST"",""VOW"",""WAR"",""WC00"",""WC02"",""WC03"",""WC04"",""WC97"",""WC98"",""WHO"",""WOE"",""XANA"",""XLN"",""ZEN"",""ZNR""],""availability"":[""arena"",""mtgo"",""paper""],""expansion"":{""id"":""HOB"",""name"":""The",Scrydex public web image / rescue 2026-08-29,True,2026-08-28 04:31:24.823418+00:00,2026-08-29 14:06:15.492862+00:00,SV4a-315,70,Pokemon,"[""Colorless""]",Basic,Akira Komayama,G,一日中 エサを 探す。 優れた 嗅覚を 持つが エサ探し 以外に 使わない。,"[{""cost"":[""Colorless"",""Colorless"",""Colorless""],""damage"":70,""nameJa"":""きまぐれタックル"",""effectJa"":""コインを1回投げウラなら、このワザは失敗。""}]",[],"[{""type"":""Fighting"",""value"":""×2""}]",[],1,[915],,,315,315
95ad697a-e39a-48b7-98e7-b436a2f736b7,2e3e2cf1-be86-4808-87f7-fe01973f0325,パフュートン,パフュートン,316,,holo,"https://images.scrydex.com/magicthegathering/HOB-316/small"",""medium"":""https://images.scrydex.com/magicthegathering/HOB-316/medium"",""large"":""https://images.scrydex.com/magicthegathering/HOB-316/large""}],""rulings"":[],""printings"":[""10E"",""2ED"",""2XM"",""30A"",""3ED"",""40K"",""4BB"",""4ED"",""5ED"",""6ED"",""7ED"",""8ED"",""9ED"",""ACR"",""AFR"",""AKH"",""AKR"",""ALA"",""ANA"",""ANB"",""ARC"",""ATH"",""AVR"",""BBD"",""BFZ"",""BLB"",""BRB"",""BRC"",""BRO"",""C13"",""C14"",""C15"",""C16"",""C17"",""C18"",""C19"",""CED"",""CEI"",""CHK"",""CLB"",""CLU"",""CM2"",""CMA"",""CMD"",""CMM"",""CMR"",""CST"",""DDC"",""DDE"",""DDF"",""DDG"",""DDH"",""DDI"",""DDK"",""DDL"",""DDN"",""DDO"",""DDP"",""DDQ"",""DFT"",""DMR"",""DMU"",""DOM"",""DSK"",""DTK"",""DVD"",""E01"",""ECL"",""ELD"",""EOE"",""FBB"",""FDN"",""FIC"",""FIN"",""FRF"",""G17"",""GK1"",""GK2"",""GN2"",""GN3"",""GNT"",""GRN"",""GS1"",""H09"",""HBG"",""HOB"",""HOP"",""HOU"",""ICE"",""IKO"",""INR"",""INV"",""ISD"",""ITP"",""J14"",""J22"",""J25"",""JMP"",""KHM"",""KLD"",""KLR"",""KTK"",""LCI"",""LEA"",""LEB"",""LRW"",""LTR"",""M10"",""M11"",""M12"",""M13"",""M14"",""M15"",""M19"",""M20"",""M21"",""MBS"",""MD1"",""ME1"",""ME3"",""MH2"",""MH3"",""MID"",""MIR"",""MKM"",""MMQ"",""MOM"",""MRD"",""MSC"",""MSH"",""NEO"",""NPH"",""ODY"",""OLEP"",""ONE"",""ONS"",""ORI"",""OTJ"",""P02"",""P23"",""PAL00"",""PAL01"",""PAL03"",""PAL04"",""PAL05"",""PAL06"",""PAL99"",""PALP"",""PANA"",""PARL"",""PC2"",""PCA"",""PDGM"",""PELP"",""PF19"",""PF20"",""PGPX"",""PGRU"",""PIP"",""PL26"",""PLST"",""PMPS"",""PMPS06"",""PMPS07"",""PMPS08"",""PMPS09"",""PMPS10"",""PMPS11"",""POR"",""PPP1"",""PRM"",""PRW2"",""PRWK"",""PS11"",""PSAL"",""PSS2"",""PSS3"",""PSS4"",""PTC"",""PTK"",""PZ2"",""RAV"",""REX"",""RIX"",""RNA"",""ROE"",""RQS"",""RTR"",""S99"",""SCD"",""SHM"",""SIR"",""SLD"",""SLP"",""SNC"",""SOI"",""SOM"",""SOS"",""SPM"",""STX"",""SUM"",""TD0"",""TD2"",""TDM"",""THB"",""THS"",""TLA"",""TLE"",""TMP"",""TMT"",""TPR"",""TSP"",""UGL"",""UND"",""UNF"",""UNH"",""USG"",""UST"",""VOW"",""WAR"",""WC00"",""WC02"",""WC03"",""WC04"",""WC97"",""WC98"",""WHO"",""WOE"",""XANA"",""XLN"",""ZEN"",""ZNR""],""availability"":[""arena"",""mtgo"",""paper""],""expansion"":{""id"":""HOB"",""name"":""The",Scrydex public web image / rescue 2026-08-29,True,2026-08-28 04:31:24.823418+00:00,2026-08-29 14:06:15.492862+00:00,SV4a-316,130,Pokemon,"[""Colorless""]",Stage1,Misa Tsutsui,G,花のような 香りを 振りまく。 筋肉が 発達した 脚は 軽く ５メートルを 飛び越える。,"[{""cost"":[""Colorless"",""Colorless""],""damage"":null,""nameJa"":""えりすぐり"",""effectJa"":""コインを3回投げ、オモテの数ぶんまで、自分のトラッシュから好きなカードを選び、相手に見せて、手札に加える。""},{""cost"":[""Colorless"",""Colorless"",""Colorless""],""damage"":70,""nameJa"":""パフュームプレス"",""effectJa"":""相手のバトルポケモンをこんらんにする。""}]",[],"[{""type"":""Fighting"",""value"":""×2""}]",[],2,[916],,,316,316
afe9dcfa-a5c5-48a3-9400-c3e731f6b5fd,2e3e2cf1-be86-4808-87f7-fe01973f0325,ワッカネズミ,ワッカネズミ,317,,holo,"https://images.scrydex.com/magicthegathering/HOB-317/small"",""medium"":""https://images.scrydex.com/magicthegathering/HOB-317/medium"",""large"":""https://images.scrydex.com/magicthegathering/HOB-317/large""}],""rulings"":[],""printings"":[""10E"",""2ED"",""2XM"",""30A"",""3ED"",""40K"",""4BB"",""4ED"",""5ED"",""6ED"",""7ED"",""8ED"",""9ED"",""ACR"",""AFR"",""AKH"",""AKR"",""ALA"",""ANA"",""ANB"",""ARC"",""ATH"",""AVR"",""BBD"",""BFZ"",""BLB"",""BRB"",""BRC"",""BRO"",""C13"",""C14"",""C15"",""C16"",""C17"",""C18"",""C19"",""CED"",""CEI"",""CHK"",""CLB"",""CLU"",""CM2"",""CMA"",""CMD"",""CMM"",""CMR"",""CST"",""DDC"",""DDE"",""DDF"",""DDG"",""DDH"",""DDI"",""DDK"",""DDL"",""DDN"",""DDO"",""DDP"",""DDQ"",""DFT"",""DMR"",""DMU"",""DOM"",""DSK"",""DTK"",""DVD"",""E01"",""ECL"",""ELD"",""EOE"",""FBB"",""FDN"",""FIC"",""FIN"",""FRF"",""G17"",""GK1"",""GK2"",""GN2"",""GN3"",""GNT"",""GRN"",""GS1"",""H09"",""HBG"",""HOB"",""HOP"",""HOU"",""ICE"",""IKO"",""INR"",""INV"",""ISD"",""ITP"",""J14"",""J22"",""J25"",""JMP"",""KHM"",""KLD"",""KLR"",""KTK"",""LCI"",""LEA"",""LEB"",""LRW"",""LTR"",""M10"",""M11"",""M12"",""M13"",""M14"",""M15"",""M19"",""M20"",""M21"",""MBS"",""MD1"",""ME1"",""ME3"",""MH2"",""MH3"",""MID"",""MIR"",""MKM"",""MMQ"",""MOM"",""MRD"",""MSC"",""MSH"",""NEO"",""NPH"",""ODY"",""OLEP"",""ONE"",""ONS"",""ORI"",""OTJ"",""P02"",""P23"",""PAL00"",""PAL01"",""PAL03"",""PAL04"",""PAL05"",""PAL06"",""PAL99"",""PALP"",""PANA"",""PARL"",""PC2"",""PCA"",""PDGM"",""PELP"",""PF19"",""PF20"",""PGPX"",""PGRU"",""PIP"",""PL26"",""PLST"",""PMPS"",""PMPS06"",""PMPS07"",""PMPS08"",""PMPS09"",""PMPS10"",""PMPS11"",""POR"",""PPP1"",""PRM"",""PRW2"",""PRWK"",""PS11"",""PSAL"",""PSS2"",""PSS3"",""PSS4"",""PTC"",""PTK"",""PZ2"",""RAV"",""REX"",""RIX"",""RNA"",""ROE"",""RQS"",""RTR"",""S99"",""SCD"",""SHM"",""SIR"",""SLD"",""SLP"",""SNC"",""SOI"",""SOM"",""SOS"",""SPM"",""STX"",""SUM"",""TD0"",""TD2"",""TDM"",""THB"",""THS"",""TLA"",""TLE"",""TMP"",""TMT"",""TPR"",""TSP"",""UGL"",""UND"",""UNF"",""UNH"",""USG"",""UST"",""VOW"",""WAR"",""WC00"",""WC02"",""WC03"",""WC04"",""WC97"",""WC98"",""WHO"",""WOE"",""XANA"",""XLN"",""ZEN"",""ZNR""],""availability"":[""arena"",""mtgo"",""paper""],""expansion"":{""id"":""HOB"",""name"":""The",Scrydex public web image / rescue 2026-08-29,True,2026-08-28 04:31:24.823418+00:00,2026-08-29 14:06:15.492862+00:00,SV4a-317,30,Pokemon,"[""Colorless""]",Basic,Lee HyunJung,G,息の合った コンビネーションで 巣の 材料に なりそうなものを 前歯で 切り出して 運び去る。,"[{""cost"":[""Colorless""],""damage"":null,""nameJa"":""もってくる"",""effectJa"":""自分の山札を2枚引く。""},{""cost"":[""Colorless"",""Colorless"",""Colorless""],""damage"":30,""nameJa"":""ひっぱたく"",""effectJa"":null}]",[],"[{""type"":""Fighting"",""value"":""×2""}]",[],1,[924],,,317,317
12da38b7-afa3-4dcf-a641-4dc00756ab06,2e3e2cf1-be86-4808-87f7-fe01973f0325,イッカネズミ,イッカネズミ,318,,holo,"https://images.scrydex.com/magicthegathering/HOB-318/small"",""medium"":""https://images.scrydex.com/magicthegathering/HOB-318/medium"",""large"":""https://images.scrydex.com/magicthegathering/HOB-318/large""}],""rulings"":[],""printings"":[""10E"",""2ED"",""2XM"",""30A"",""3ED"",""40K"",""4BB"",""4ED"",""5ED"",""6ED"",""7ED"",""8ED"",""9ED"",""ACR"",""AFR"",""AKH"",""AKR"",""ALA"",""ANA"",""ANB"",""ARC"",""ATH"",""AVR"",""BBD"",""BFZ"",""BLB"",""BRB"",""BRC"",""BRO"",""C13"",""C14"",""C15"",""C16"",""C17"",""C18"",""C19"",""CED"",""CEI"",""CHK"",""CLB"",""CLU"",""CM2"",""CMA"",""CMD"",""CMM"",""CMR"",""CST"",""DDC"",""DDE"",""DDF"",""DDG"",""DDH"",""DDI"",""DDK"",""DDL"",""DDN"",""DDO"",""DDP"",""DDQ"",""DFT"",""DMR"",""DMU"",""DOM"",""DSK"",""DTK"",""DVD"",""E01"",""ECL"",""ELD"",""EOE"",""FBB"",""FDN"",""FIC"",""FIN"",""FRF"",""G17"",""GK1"",""GK2"",""GN2"",""GN3"",""GNT"",""GRN"",""GS1"",""H09"",""HBG"",""HOB"",""HOP"",""HOU"",""ICE"",""IKO"",""INR"",""INV"",""ISD"",""ITP"",""J14"",""J22"",""J25"",""JMP"",""KHM"",""KLD"",""KLR"",""KTK"",""LCI"",""LEA"",""LEB"",""LRW"",""LTR"",""M10"",""M11"",""M12"",""M13"",""M14"",""M15"",""M19"",""M20"",""M21"",""MBS"",""MD1"",""ME1"",""ME3"",""MH2"",""MH3"",""MID"",""MIR"",""MKM"",""MMQ"",""MOM"",""MRD"",""MSC"",""MSH"",""NEO"",""NPH"",""ODY"",""OLEP"",""ONE"",""ONS"",""ORI"",""OTJ"",""P02"",""P23"",""PAL00"",""PAL01"",""PAL03"",""PAL04"",""PAL05"",""PAL06"",""PAL99"",""PALP"",""PANA"",""PARL"",""PC2"",""PCA"",""PDGM"",""PELP"",""PF19"",""PF20"",""PGPX"",""PGRU"",""PIP"",""PL26"",""PLST"",""PMPS"",""PMPS06"",""PMPS07"",""PMPS08"",""PMPS09"",""PMPS10"",""PMPS11"",""POR"",""PPP1"",""PRM"",""PRW2"",""PRWK"",""PS11"",""PSAL"",""PSS2"",""PSS3"",""PSS4"",""PTC"",""PTK"",""PZ2"",""RAV"",""REX"",""RIX"",""RNA"",""ROE"",""RQS"",""RTR"",""S99"",""SCD"",""SHM"",""SIR"",""SLD"",""SLP"",""SNC"",""SOI"",""SOM"",""SOS"",""SPM"",""STX"",""SUM"",""TD0"",""TD2"",""TDM"",""THB"",""THS"",""TLA"",""TLE"",""TMP"",""TMT"",""TPR"",""TSP"",""UGL"",""UND"",""UNF"",""UNH"",""USG"",""UST"",""VOW"",""WAR"",""WC00"",""WC02"",""WC03"",""WC04"",""WC97"",""WC98"",""WHO"",""WOE"",""XANA"",""XLN"",""ZEN"",""ZNR""],""availability"":[""arena"",""mtgo"",""paper""],""expansion"":{""id"":""HOB"",""name"":""The",Scrydex public web image / rescue 2026-08-29,True,2026-08-28 04:31:24.823418+00:00,2026-08-29 14:06:15.492862+00:00,SV4a-318,70,Pokemon,"[""Colorless""]",Stage1,Shigenori Negishi,G,大きな ２匹が 子どもたちを 守りながら 戦う。 強い 相手には 全員で 立ち向かう。,"[{""cost"":[""Colorless""],""damage"":40,""nameJa"":""ビンタ"",""effectJa"":null},{""cost"":[""Colorless"",""Colorless""],""damage"":""70×"",""nameJa"":""ファミリーアタック"",""effectJa"":""自分の場の「イッカネズミ」の数×70ダメージ。""}]",[],"[{""type"":""Fighting"",""value"":""×2""}]",[],1,[925],,,318,318
7ecee3ef-fe5a-4c70-9c14-9d980d58a138,2e3e2cf1-be86-4808-87f7-fe01973f0325,カラミンゴ,カラミンゴ,319,,holo,"https://images.scrydex.com/magicthegathering/HOB-319/small"",""medium"":""https://images.scrydex.com/magicthegathering/HOB-319/medium"",""large"":""https://images.scrydex.com/magicthegathering/HOB-319/large""}],""rulings"":[],""printings"":[""10E"",""2ED"",""2XM"",""30A"",""3ED"",""40K"",""4BB"",""4ED"",""5ED"",""6ED"",""7ED"",""8ED"",""9ED"",""ACR"",""AFR"",""AKH"",""AKR"",""ALA"",""ANA"",""ANB"",""ARC"",""ATH"",""AVR"",""BBD"",""BFZ"",""BLB"",""BRB"",""BRC"",""BRO"",""C13"",""C14"",""C15"",""C16"",""C17"",""C18"",""C19"",""CED"",""CEI"",""CHK"",""CLB"",""CLU"",""CM2"",""CMA"",""CMD"",""CMM"",""CMR"",""CST"",""DDC"",""DDE"",""DDF"",""DDG"",""DDH"",""DDI"",""DDK"",""DDL"",""DDN"",""DDO"",""DDP"",""DDQ"",""DFT"",""DMR"",""DMU"",""DOM"",""DSK"",""DTK"",""DVD"",""E01"",""ECL"",""ELD"",""EOE"",""FBB"",""FDN"",""FIC"",""FIN"",""FRF"",""G17"",""GK1"",""GK2"",""GN2"",""GN3"",""GNT"",""GRN"",""GS1"",""H09"",""HBG"",""HOB"",""HOP"",""HOU"",""ICE"",""IKO"",""INR"",""INV"",""ISD"",""ITP"",""J14"",""J22"",""J25"",""JMP"",""KHM"",""KLD"",""KLR"",""KTK"",""LCI"",""LEA"",""LEB"",""LRW"",""LTR"",""M10"",""M11"",""M12"",""M13"",""M14"",""M15"",""M19"",""M20"",""M21"",""MBS"",""MD1"",""ME1"",""ME3"",""MH2"",""MH3"",""MID"",""MIR"",""MKM"",""MMQ"",""MOM"",""MRD"",""MSC"",""MSH"",""NEO"",""NPH"",""ODY"",""OLEP"",""ONE"",""ONS"",""ORI"",""OTJ"",""P02"",""P23"",""PAL00"",""PAL01"",""PAL03"",""PAL04"",""PAL05"",""PAL06"",""PAL99"",""PALP"",""PANA"",""PARL"",""PC2"",""PCA"",""PDGM"",""PELP"",""PF19"",""PF20"",""PGPX"",""PGRU"",""PIP"",""PL26"",""PLST"",""PMPS"",""PMPS06"",""PMPS07"",""PMPS08"",""PMPS09"",""PMPS10"",""PMPS11"",""POR"",""PPP1"",""PRM"",""PRW2"",""PRWK"",""PS11"",""PSAL"",""PSS2"",""PSS3"",""PSS4"",""PTC"",""PTK"",""PZ2"",""RAV"",""REX"",""RIX"",""RNA"",""ROE"",""RQS"",""RTR"",""S99"",""SCD"",""SHM"",""SIR"",""SLD"",""SLP"",""SNC"",""SOI"",""SOM"",""SOS"",""SPM"",""STX"",""SUM"",""TD0"",""TD2"",""TDM"",""THB"",""THS"",""TLA"",""TLE"",""TMP"",""TMT"",""TPR"",""TSP"",""UGL"",""UND"",""UNF"",""UNH"",""USG"",""UST"",""VOW"",""WAR"",""WC00"",""WC02"",""WC03"",""WC04"",""WC97"",""WC98"",""WHO"",""WOE"",""XANA"",""XLN"",""ZEN"",""ZNR""],""availability"":[""arena"",""mtgo"",""paper""],""expansion"":{""id"":""HOB"",""name"":""The",Scrydex public web image / rescue 2026-08-29,True,2026-08-28 04:31:24.823418+00:00,2026-08-29 14:06:15.492862+00:00,SV4a-319,110,Pokemon,"[""Colorless""]",Basic,Akira Komayama,G,お腹に 溜めた エネルギーが くちばしから 漏れないように 首を 根元で 結んでいるらしい。,"[{""cost"":[""Colorless"",""Colorless""],""damage"":""20×"",""nameJa"":""だんけつのつばさ"",""effectJa"":""自分のトラッシュにある、ワザ「だんけつのつばさ」を持つポケモンの枚数×20ダメージ。""}]","[{""type"":""Ability"",""nameJa"":""いっきにむれる"",""effectJa"":""自分の番に、このカードを手札からベンチに出したとき、1回使える。自分の山札から「カラミンゴ」を3枚まで選び、相手に見せて、手札に加える。そして山札を切る。""}]","[{""type"":""Lightning"",""value"":""×2""}]","[{""type"":""Fighting"",""value"":""-30""}]",1,[973],,,319,319
54e65dd5-21a2-43ad-91ce-caa06ffc5453,2e3e2cf1-be86-4808-87f7-fe01973f0325,フォレトスex,フォレトスex,320,,holo,"https://images.scrydex.com/magicthegathering/HOB-320/small"",""medium"":""https://images.scrydex.com/magicthegathering/HOB-320/medium"",""large"":""https://images.scrydex.com/magicthegathering/HOB-320/large""}],""rulings"":[],""printings"":[""10E"",""2ED"",""2XM"",""30A"",""3ED"",""40K"",""4BB"",""4ED"",""5ED"",""6ED"",""7ED"",""8ED"",""9ED"",""ACR"",""AFR"",""AKH"",""AKR"",""ALA"",""ANA"",""ANB"",""ARC"",""ATH"",""AVR"",""BBD"",""BFZ"",""BLB"",""BRB"",""BRC"",""BRO"",""C13"",""C14"",""C15"",""C16"",""C17"",""C18"",""C19"",""CED"",""CEI"",""CHK"",""CLB"",""CLU"",""CM2"",""CMA"",""CMD"",""CMM"",""CMR"",""CST"",""DDC"",""DDE"",""DDF"",""DDG"",""DDH"",""DDI"",""DDK"",""DDL"",""DDN"",""DDO"",""DDP"",""DDQ"",""DFT"",""DMR"",""DMU"",""DOM"",""DSK"",""DTK"",""DVD"",""E01"",""ECL"",""ELD"",""EOE"",""FBB"",""FDN"",""FIC"",""FIN"",""FRF"",""G17"",""GK1"",""GK2"",""GN2"",""GN3"",""GNT"",""GRN"",""GS1"",""H09"",""HBG"",""HOB"",""HOP"",""HOU"",""ICE"",""IKO"",""INR"",""INV"",""ISD"",""ITP"",""J14"",""J22"",""J25"",""JMP"",""KHM"",""KLD"",""KLR"",""KTK"",""LCI"",""LEA"",""LEB"",""LRW"",""LTR"",""M10"",""M11"",""M12"",""M13"",""M14"",""M15"",""M19"",""M20"",""M21"",""MBS"",""MD1"",""ME1"",""ME3"",""MH2"",""MH3"",""MID"",""MIR"",""MKM"",""MMQ"",""MOM"",""MRD"",""MSC"",""MSH"",""NEO"",""NPH"",""ODY"",""OLEP"",""ONE"",""ONS"",""ORI"",""OTJ"",""P02"",""P23"",""PAL00"",""PAL01"",""PAL03"",""PAL04"",""PAL05"",""PAL06"",""PAL99"",""PALP"",""PANA"",""PARL"",""PC2"",""PCA"",""PDGM"",""PELP"",""PF19"",""PF20"",""PGPX"",""PGRU"",""PIP"",""PL26"",""PLST"",""PMPS"",""PMPS06"",""PMPS07"",""PMPS08"",""PMPS09"",""PMPS10"",""PMPS11"",""POR"",""PPP1"",""PRM"",""PRW2"",""PRWK"",""PS11"",""PSAL"",""PSS2"",""PSS3"",""PSS4"",""PTC"",""PTK"",""PZ2"",""RAV"",""REX"",""RIX"",""RNA"",""ROE"",""RQS"",""RTR"",""S99"",""SCD"",""SHM"",""SIR"",""SLD"",""SLP"",""SNC"",""SOI"",""SOM"",""SOS"",""SPM"",""STX"",""SUM"",""TD0"",""TD2"",""TDM"",""THB"",""THS"",""TLA"",""TLE"",""TMP"",""TMT"",""TPR"",""TSP"",""UGL"",""UND"",""UNF"",""UNH"",""USG"",""UST"",""VOW"",""WAR"",""WC00"",""WC02"",""WC03"",""WC04"",""WC97"",""WC98"",""WHO"",""WOE"",""XANA"",""XLN"",""ZEN"",""ZNR""],""availability"":[""arena"",""mtgo"",""paper""],""expansion"":{""id"":""HOB"",""name"":""The",Scrydex public web image / rescue 2026-08-29,True,2026-08-28 04:31:24.823418+00:00,2026-08-29 14:06:15.492862+00:00,SV4a-320,270,Pokemon,"[""Grass""]",Stage1,5ban Graphics,G,,"[{""cost"":[""Grass"",""Grass""],""damage"":120,""nameJa"":""ガードプレス"",""effectJa"":""次の相手の番、このポケモンが受けるワザのダメージは「-30」される。""}]","[{""type"":""Ability"",""nameJa"":""ばくれつエナジー"",""effectJa"":""自分の番に1回使えて、使ったなら、このポケモンをきぜつさせる。自分の山札から「基本エネルギー」を5枚まで選び、自分のポケモンに好きなようにつける。そして山札を切る。""}]","[{""type"":""Fire"",""value"":""×2""}]",[],3,[],,,320,320
5e4fd77d-e801-4fe8-aacb-e051c4ace774,2e3e2cf1-be86-4808-87f7-fe01973f0325,マスカーニャex,マスカーニャex,321,,holo,"https://images.scrydex.com/magicthegathering/HOB-321/small"",""medium"":""https://images.scrydex.com/magicthegathering/HOB-321/medium"",""large"":""https://images.scrydex.com/magicthegathering/HOB-321/large""}],""rulings"":[],""printings"":[""HOB""],""availability"":[""arena"",""mtgo"",""paper""],""expansion"":{""id"":""HOB"",""name"":""The",Scrydex public web image / rescue 2026-08-29,True,2026-08-28 04:31:24.823418+00:00,2026-08-29 14:06:15.492862+00:00,SV4a-321,310,Pokemon,"[""Grass""]",Stage2,5ban Graphics,G,,"[{""cost"":[""Colorless"",""Colorless""],""damage"":""100+"",""nameJa"":""スクラッチネイル"",""effectJa"":""相手のバトルポケモンにダメカンがのっているなら、120ダメージ追加。""}]","[{""type"":""Ability"",""nameJa"":""ブーケマジック"",""effectJa"":""自分の番に、自分の手札から「基本エネルギー」を1枚トラッシュするなら、1回使える。相手のベンチポケモン1匹に、ダメカンを3個のせる。""}]","[{""type"":""Fire"",""value"":""×2""}]",[],2,[],,,321,321
ceac7555-d6eb-49cb-9575-96b5595f7976,2e3e2cf1-be86-4808-87f7-fe01973f0325,リククラゲex,リククラゲex,322,,holo,"https://images.scrydex.com/magicthegathering/MSH-322/small"",""medium"":""https://images.scrydex.com/magicthegathering/MSH-322/medium"",""large"":""https://images.scrydex.com/magicthegathering/MSH-322/large""}],""rulings"":[],""printings"":[""MSH""],""availability"":[""mtgo"",""paper""],""expansion"":{""id"":""MSH"",""name"":""Marvel",Scrydex public web image / rescue 2026-08-29,True,2026-08-28 04:31:24.823418+00:00,2026-08-29 14:06:15.492862+00:00,SV4a-322,270,Pokemon,"[""Grass""]",Stage1,5ban Graphics,G,,"[{""cost"":[""Grass"",""Grass""],""damage"":""80+"",""nameJa"":""コロニーラッシュ"",""effectJa"":""自分のベンチのエネルギーがついているポケモンの数×40ダメージ追加。""}]","[{""type"":""Ability"",""nameJa"":""まもりのきんし"",""effectJa"":""このポケモンがいるかぎり、エネルギーがついている自分のポケモン全員は、相手のポケモンが使うワザの効果を受けない。（すでに受けている効果は、なくならない。）""}]","[{""type"":""Fire"",""value"":""×2""}]",[],2,[],,,322,322
ec2ad8c6-d4ff-4faa-b0b8-44be7918e72e,2e3e2cf1-be86-4808-87f7-fe01973f0325,クエスパトラex,クエスパトラex,323,,holo,"https://images.scrydex.com/magicthegathering/MSH-323/small"",""medium"":""https://images.scrydex.com/magicthegathering/MSH-323/medium"",""large"":""https://images.scrydex.com/magicthegathering/MSH-323/large""}],""rulings"":[],""printings"":[""MSH""],""availability"":[""mtgo"",""paper""],""expansion"":{""id"":""MSH"",""name"":""Marvel",Scrydex public web image / rescue 2026-08-29,True,2026-08-28 04:31:24.823418+00:00,2026-08-29 14:06:15.492862+00:00,SV4a-323,260,Pokemon,"[""Grass""]",Stage1,takuyoa,G,,"[{""cost"":[""Psychic""],""damage"":""30+"",""nameJa"":""サイコボール"",""effectJa"":""おたがいのバトルポケモンについているエネルギーの数×30ダメージ追加。""}]","[{""type"":""Ability"",""nameJa"":""まばゆいしせん"",""effectJa"":""このポケモンがバトル場にいるかぎり、相手のバトルポケモンは、ワザを使うためのエネルギーが、エネルギー1個ぶん多くなる。""}]","[{""type"":""Fire"",""value"":""×2""}]",[],1,[],,,323,323
0b4d1c9b-b617-4fe3-a07f-818d35aa24d7,2e3e2cf1-be86-4808-87f7-fe01973f0325,ラウドボーンex,ラウドボーンex,324,,holo,"https://images.scrydex.com/magicthegathering/MSH-324/small"",""medium"":""https://images.scrydex.com/magicthegathering/MSH-324/medium"",""large"":""https://images.scrydex.com/magicthegathering/MSH-324/large""}],""rulings"":[],""printings"":[""MSH""],""availability"":[""mtgo"",""paper""],""expansion"":{""id"":""MSH"",""name"":""Marvel",Scrydex public web image / rescue 2026-08-29,True,2026-08-28 04:31:24.823418+00:00,2026-08-29 14:06:15.492862+00:00,SV4a-324,340,Pokemon,"[""Fire""]",Stage2,5ban Graphics,G,,"[{""cost"":[""Fire""],""damage"":50,""nameJa"":""かつりょくのうた"",""effectJa"":""自分のポケモン全員のHPを、それぞれ「30」回復する。""},{""cost"":[""Fire"",""Fire""],""damage"":""270-"",""nameJa"":""バーニングボイス"",""effectJa"":""このポケモンにのっているダメカンの数×10ダメージぶん、このワザのダメージは小さくなる。""}]",[],"[{""type"":""Water"",""value"":""×2""}]",[],3,[],,,324,324
eff67dcf-260d-4872-b896-c4cbf214fe7e,2e3e2cf1-be86-4808-87f7-fe01973f0325,ウェーニバルex,ウェーニバルex,325,,holo,"https://images.scrydex.com/magicthegathering/MSH-325/small"",""medium"":""https://images.scrydex.com/magicthegathering/MSH-325/medium"",""large"":""https://images.scrydex.com/magicthegathering/MSH-325/large""}],""rulings"":[],""printings"":[""MSH""],""availability"":[""mtgo"",""paper""],""expansion"":{""id"":""MSH"",""name"":""Marvel",Scrydex public web image / rescue 2026-08-29,True,2026-08-28 04:31:24.823418+00:00,2026-08-29 14:06:15.492862+00:00,SV4a-325,320,Pokemon,"[""Water""]",Stage2,5ban Graphics,G,,"[{""cost"":[""Water""],""damage"":60,""nameJa"":""エキサイトサンバ"",""effectJa"":""このポケモンをベンチポケモンと入れ替える。その後、相手は相手自身のバトルポケモンをベンチポケモンと入れ替える。""},{""cost"":[""Water"",""Colorless""],""damage"":230,""nameJa"":""スクリューシュート"",""effectJa"":""このポケモンについているエネルギーを2個選び、手札にもどす。""}]",[],"[{""type"":""Lightning"",""value"":""×2""}]",[],2,[],,,325,325
069d91a7-f600-4e71-92d5-b69612193352,2e3e2cf1-be86-4808-87f7-fe01973f0325,フーディンex,フーディンex,326,,holo,"https://images.scrydex.com/magicthegathering/MSH-326/small"",""medium"":""https://images.scrydex.com/magicthegathering/MSH-326/medium"",""large"":""https://images.scrydex.com/magicthegathering/MSH-326/large""}],""rulings"":[],""printings"":[""MSH"",""PSPL""],""availability"":[""mtgo"",""paper""],""expansion"":{""id"":""MSH"",""name"":""Marvel",Scrydex public web image / rescue 2026-08-29,True,2026-08-28 04:31:24.823418+00:00,2026-08-29 14:06:15.492862+00:00,SV4a-326,310,Pokemon,"[""Psychic""]",Stage2,PLANETA Tsuji,G,,"[{""cost"":[""Colorless"",""Colorless""],""damage"":""90+"",""nameJa"":""マインドジャック"",""effectJa"":""相手のベンチポケモンの数×30ダメージ追加。""},{""cost"":[""Psychic"",""Psychic""],""damage"":120,""nameJa"":""ディメンションハンド"",""effectJa"":""このワザは、このポケモンがベンチにいても使える。""}]",[],"[{""type"":""Darkness"",""value"":""×2""}]","[{""type"":""Fighting"",""value"":""-30""}]",1,[],,,326,326
2dddcada-5e42-4abf-9416-ded83772c2cc,2e3e2cf1-be86-4808-87f7-fe01973f0325,ミュウex,ミュウex,327,,holo,"https://images.scrydex.com/magicthegathering/MSH-327/small"",""medium"":""https://images.scrydex.com/magicthegathering/MSH-327/medium"",""large"":""https://images.scrydex.com/magicthegathering/MSH-327/large""}],""rulings"":[],""printings"":[""MSH""],""availability"":[""mtgo"",""paper""],""expansion"":{""id"":""MSH"",""name"":""Marvel",Scrydex public web image / rescue 2026-08-29,True,2026-08-28 04:31:24.823418+00:00,2026-08-29 14:06:15.492862+00:00,SV4a-327,180,Pokemon,"[""Psychic""]",Basic,aky CG Works,G,,"[{""cost"":[""Colorless"",""Colorless"",""Colorless""],""damage"":null,""nameJa"":""ゲノムハック"",""effectJa"":""相手のバトルポケモンが持っているワザを1つ選び、このワザとして使う。""}]","[{""type"":""Ability"",""nameJa"":""リスタート"",""effectJa"":""自分の番に1回使える。自分の手札が3枚になるように、山札を引く。""}]","[{""type"":""Darkness"",""value"":""×2""}]","[{""type"":""Fighting"",""value"":""-30""}]",0,[],,,327,327
b3bacd15-354c-4a2a-9e86-79379245fc4d,2e3e2cf1-be86-4808-87f7-fe01973f0325,サーナイトex,サーナイトex,328,,holo,"https://images.scrydex.com/magicthegathering/MSH-328/small"",""medium"":""https://images.scrydex.com/magicthegathering/MSH-328/medium"",""large"":""https://images.scrydex.com/magicthegathering/MSH-328/large""},{""type"":""back"",""small"":""https://images.scrydex.com/magicthegathering/MSH-328A/small"",""medium"":""https://images.scrydex.com/magicthegathering/MSH-328A/medium"",""large"":""https://images.scrydex.com/magicthegathering/MSH-328A/large""}],""rulings"":[],""printings"":[""MSH""],""availability"":[""mtgo"",""paper""],""expansion"":{""id"":""MSH"",""name"":""Marvel",Scrydex public web image / rescue 2026-08-29,True,2026-08-28 04:31:24.823418+00:00,2026-08-29 14:06:15.492862+00:00,SV4a-328,310,Pokemon,"[""Psychic""]",Stage2,N-DESIGN Inc.,G,,"[{""cost"":[""Psychic"",""Psychic"",""Colorless""],""damage"":190,""nameJa"":""ミラクルフォース"",""effectJa"":""このポケモンの特殊状態を、すべて回復する。""}]","[{""type"":""Ability"",""nameJa"":""サイコエンブレイス"",""effectJa"":""自分の番に何回でも使える。自分のトラッシュから「基本エネルギー」を1枚選び、自分のポケモンにつける。その後、つけたポケモンにダメカンを2個のせる。（きぜつするポケモンに、この特性は使えない。）""}]","[{""type"":""Darkness"",""value"":""×2""}]","[{""type"":""Fighting"",""value"":""-30""}]",2,[],,,328,328
6bed662b-52ea-41c2-8ac7-24c6bb0c018d,2e3e2cf1-be86-4808-87f7-fe01973f0325,キラフロルex,キラフロルex,329,,holo,"https://images.scrydex.com/magicthegathering/MSH-329/small"",""medium"":""https://images.scrydex.com/magicthegathering/MSH-329/medium"",""large"":""https://images.scrydex.com/magicthegathering/MSH-329/large""}],""rulings"":[],""printings"":[""MSH""],""availability"":[""mtgo"",""paper""],""expansion"":{""id"":""MSH"",""name"":""Marvel",Scrydex public web image / rescue 2026-08-29,True,2026-08-28 04:31:24.823418+00:00,2026-08-29 14:06:15.492862+00:00,SV4a-329,270,Pokemon,"[""Fighting""]",Stage1,5ban Graphics,G,,"[{""cost"":[""Fighting"",""Fighting""],""damage"":140,""nameJa"":""ポイズンジェム"",""effectJa"":""相手のバトルポケモンをどくにする。""}]","[{""type"":""Ability"",""nameJa"":""ダストフィールド"",""effectJa"":""このポケモンがバトル場にいるかぎり、相手がベンチに出せるポケモンの数は3匹になる。相手のベンチに4匹以上いるなら、相手はベンチが3匹になるまでポケモンをトラッシュする。［ベンチの数を変更する効果は、少ない数が優先される。］""}]","[{""type"":""Grass"",""value"":""×2""}]",[],3,[],,,329,329
7a4e81f4-2821-4f5c-a86e-a21177c9b53f,2e3e2cf1-be86-4808-87f7-fe01973f0325,イダイナキバex,イダイナキバex,330,,holo,"https://images.scrydex.com/magicthegathering/MSH-330/small"",""medium"":""https://images.scrydex.com/magicthegathering/MSH-330/medium"",""large"":""https://images.scrydex.com/magicthegathering/MSH-330/large""}],""rulings"":[],""printings"":[""MSH""],""availability"":[""mtgo"",""paper""],""expansion"":{""id"":""MSH"",""name"":""Marvel",Scrydex public web image / rescue 2026-08-29,True,2026-08-28 04:31:24.823418+00:00,2026-08-29 14:06:15.492862+00:00,SV4a-330,250,Pokemon,"[""Fighting""]",Basic,5ban Graphics,G,,"[{""cost"":[""Fighting"",""Colorless"",""Colorless"",""Colorless""],""damage"":260,""nameJa"":""グレートバッシュ"",""effectJa"":""このワザのダメージは、相手のバトルポケモンにかかっている効果を計算しない。""}]","[{""type"":""Ability"",""nameJa"":""ゆさぶりくずす"",""effectJa"":""自分の番の終わりに、このポケモンがバトル場にいるなら、必ず1回使う。自分の山札を上から5枚トラッシュする。""}]","[{""type"":""Psychic"",""value"":""×2""}]",[],4,[],,,330,330
c0f93694-cb6a-4774-9dc1-7715c1cbdb88,2e3e2cf1-be86-4808-87f7-fe01973f0325,リザードンex,リザードンex,331,,holo,"https://images.scrydex.com/magicthegathering/MSH-331/small"",""medium"":""https://images.scrydex.com/magicthegathering/MSH-331/medium"",""large"":""https://images.scrydex.com/magicthegathering/MSH-331/large""},{""type"":""back"",""small"":""https://images.scrydex.com/magicthegathering/MSH-331A/small"",""medium"":""https://images.scrydex.com/magicthegathering/MSH-331A/medium"",""large"":""https://images.scrydex.com/magicthegathering/MSH-331A/large""}],""rulings"":[],""printings"":[""MSH""],""availability"":[""mtgo"",""paper""],""expansion"":{""id"":""MSH"",""name"":""Marvel",Scrydex public web image / rescue 2026-08-29,True,2026-08-28 04:31:24.823418+00:00,2026-08-29 14:06:15.492862+00:00,SV4a-331,330,Pokemon,"[""Darkness""]",Stage2,5ban Graphics,G,,"[{""cost"":[""Fire"",""Fire""],""damage"":""180+"",""nameJa"":""バーニングダーク"",""effectJa"":""相手がすでにとったサイドの枚数×30ダメージ追加。""}]","[{""type"":""Ability"",""nameJa"":""れんごくしはい"",""effectJa"":""自分の番に、このカードを手札から出して進化させたとき、1回使える。自分の山札から「基本エネルギー」を3枚まで選び、自分のポケモンに好きなようにつける。そして山札を切る。""}]","[{""type"":""Grass"",""value"":""×2""}]",[],2,[],,,331,331
69972291-f9e0-4a2a-aedf-7fda90fafd9f,2e3e2cf1-be86-4808-87f7-fe01973f0325,パルデア ドオーex,パルデアドオーex,332,,holo,"https://images.scrydex.com/magicthegathering/MSH-332/small"",""medium"":""https://images.scrydex.com/magicthegathering/MSH-332/medium"",""large"":""https://images.scrydex.com/magicthegathering/MSH-332/large""}],""rulings"":[],""printings"":[""MSH""],""availability"":[""mtgo"",""paper""],""expansion"":{""id"":""MSH"",""name"":""Marvel",Scrydex public web image / rescue 2026-08-29,True,2026-08-28 04:31:24.823418+00:00,2026-08-29 14:06:15.492862+00:00,SV4a-332,280,Pokemon,"[""Darkness""]",Stage1,PLANETA Mochizuki,G,,"[{""cost"":[""Darkness"",""Colorless"",""Colorless""],""damage"":200,""nameJa"":""ニードルボーン"",""effectJa"":""コインを1回投げウラなら、次の自分の番、このポケモンはワザが使えない。""}]","[{""type"":""Ability"",""nameJa"":""どくのぬまち"",""effectJa"":""場にスタジアムが出ているなら、自分の番に1回使える。相手のバトルポケモンをどくにする。""}]","[{""type"":""Fighting"",""value"":""×2""}]",[],3,[],,,332,332
b9585ef4-e0f1-4ecd-93e1-c6b245afb14f,2e3e2cf1-be86-4808-87f7-fe01973f0325,テツノワダチex,テツノワダチex,333,,holo,"https://images.scrydex.com/magicthegathering/MSH-333/small"",""medium"":""https://images.scrydex.com/magicthegathering/MSH-333/medium"",""large"":""https://images.scrydex.com/magicthegathering/MSH-333/large""}],""rulings"":[],""printings"":[""MSH""],""availability"":[""mtgo"",""paper""],""expansion"":{""id"":""MSH"",""name"":""Marvel",Scrydex public web image / rescue 2026-08-29,True,2026-08-28 04:31:24.823418+00:00,2026-08-29 14:06:15.492862+00:00,SV4a-333,220,Pokemon,"[""Metal""]",Basic,5ban Graphics,G,,"[{""cost"":[""Metal"",""Metal"",""Colorless""],""damage"":150,""nameJa"":""クラッドローリング"",""effectJa"":""のぞむなら、ダメージを与えたあとに、このポケモンについている「ブーストエナジー 未来」をトラッシュする。その場合、次の相手の番、このポケモンが受けるワザのダメージは「-150」される。""}]",[],"[{""type"":""Fire"",""value"":""×2""}]","[{""type"":""Grass"",""value"":""-30""}]",3,[],,,333,333
fd379046-f403-4507-b67b-4015de7d0637,2e3e2cf1-be86-4808-87f7-fe01973f0325,オンバーンex,オンバーンex,334,,holo,"https://images.scrydex.com/magicthegathering/MSH-334/small"",""medium"":""https://images.scrydex.com/magicthegathering/MSH-334/medium"",""large"":""https://images.scrydex.com/magicthegathering/MSH-334/large""}],""rulings"":[],""printings"":[""MSH""],""availability"":[""mtgo"",""paper""],""expansion"":{""id"":""MSH"",""name"":""Marvel",Scrydex public web image / rescue 2026-08-29,True,2026-08-28 04:31:24.823418+00:00,2026-08-29 14:06:15.492862+00:00,SV4a-334,260,Pokemon,"[""Dragon""]",Stage1,Eske Yoshinob,G,,"[{""cost"":[""Colorless"",""Colorless""],""damage"":70,""nameJa"":""おんみつひこう"",""effectJa"":""次の相手の番、このポケモンはたねポケモンからワザのダメージを受けない。""},{""cost"":[""Psychic"",""Darkness""],""damage"":140,""nameJa"":""ドミネートエコー"",""effectJa"":""次の相手の番、相手は手札から特殊エネルギーを出してつけられず、スタジアムも出せない。""}]",[],[],[],0,[],,,334,334
80f6a266-8ecd-4f01-927a-dfba3b897d4d,2e3e2cf1-be86-4808-87f7-fe01973f0325,ピジョットex,ピジョットex,335,,holo,"https://images.scrydex.com/magicthegathering/MSH-335/small"",""medium"":""https://images.scrydex.com/magicthegathering/MSH-335/medium"",""large"":""https://images.scrydex.com/magicthegathering/MSH-335/large""}],""rulings"":[],""printings"":[""MSH""],""availability"":[""mtgo"",""paper""],""expansion"":{""id"":""MSH"",""name"":""Marvel",Scrydex public web image / rescue 2026-08-29,True,2026-08-28 04:31:24.823418+00:00,2026-08-29 14:06:15.492862+00:00,SV4a-335,280,Pokemon,"[""Colorless""]",Stage2,takuyoa,G,,"[{""cost"":[""Colorless"",""Colorless""],""damage"":120,""nameJa"":""ふきすさぶ"",""effectJa"":""のぞむなら、場に出ているスタジアムをトラッシュする。""}]","[{""type"":""Ability"",""nameJa"":""マッハサーチ"",""effectJa"":""自分の番に1回使える。自分の山札から好きなカードを1枚選び、手札に加える。そして山札を切る。この番、すでに別の「マッハサーチ」を使っていたなら、この特性は使えない。""}]","[{""type"":""Lightning"",""value"":""×2""}]","[{""type"":""Fighting"",""value"":""-30""}]",0,[],,,335,335
d3d51724-5865-401b-96c2-a8c4343c6f7e,2e3e2cf1-be86-4808-87f7-fe01973f0325,プクリンex,プクリンex,336,,holo,"https://images.scrydex.com/magicthegathering/MSH-336/small"",""medium"":""https://images.scrydex.com/magicthegathering/MSH-336/medium"",""large"":""https://images.scrydex.com/magicthegathering/MSH-336/large""}],""rulings"":[],""printings"":[""MSH""],""availability"":[""mtgo"",""paper""],""expansion"":{""id"":""MSH"",""name"":""Marvel",Scrydex public web image / rescue 2026-08-29,True,2026-08-28 04:31:24.823418+00:00,2026-08-29 14:06:15.492862+00:00,SV4a-336,250,Pokemon,"[""Colorless""]",Stage1,Saki Hayashiro,G,,"[{""cost"":[""Colorless"",""Colorless"",""Colorless""],""damage"":""90+"",""nameJa"":""フレンドタックル"",""effectJa"":""この番、手札からサポートを出して使っていたなら、90ダメージ追加。""}]","[{""type"":""Ability"",""nameJa"":""ふくらむボディ"",""effectJa"":""このポケモンに特殊エネルギーがついているなら、このポケモンの最大HPは「＋100」される。""}]","[{""type"":""Fighting"",""value"":""×2""}]",[],3,[],,,336,336
2105a5e6-8a1a-4133-89e6-8a45dfab8d57,2e3e2cf1-be86-4808-87f7-fe01973f0325,イキリンコex,イキリンコex,337,,holo,"https://images.scrydex.com/magicthegathering/MSH-337/small"",""medium"":""https://images.scrydex.com/magicthegathering/MSH-337/medium"",""large"":""https://images.scrydex.com/magicthegathering/MSH-337/large""}],""rulings"":[],""printings"":[""MSH""],""availability"":[""mtgo"",""paper""],""expansion"":{""id"":""MSH"",""name"":""Marvel",Scrydex public web image / rescue 2026-08-29,True,2026-08-28 04:31:24.823418+00:00,2026-08-29 14:06:15.492862+00:00,SV4a-337,160,Pokemon,"[""Colorless""]",Basic,PLANETA Mochizuki,G,,"[{""cost"":[""Colorless""],""damage"":20,""nameJa"":""きあいをいれる"",""effectJa"":""自分のトラッシュから基本エネルギーを2枚まで選び、ベンチポケモン1匹につける。""}]","[{""type"":""Ability"",""nameJa"":""イキリテイク"",""effectJa"":""最初の自分の番にだけ1回使える。自分の手札をすべてトラッシュし、山札を6枚引く。この番、すでに別の「イキリテイク」を使っていたなら、この特性は使えない。""}]","[{""type"":""Lightning"",""value"":""×2""}]","[{""type"":""Fighting"",""value"":""-30""}]",1,[],,,337,337
c6c468e5-010f-4794-86ec-a65f6cae5851,2e3e2cf1-be86-4808-87f7-fe01973f0325,ウミトリオ,ウミトリオ,338,,holo,"https://images.scrydex.com/magicthegathering/MSH-338/small"",""medium"":""https://images.scrydex.com/magicthegathering/MSH-338/medium"",""large"":""https://images.scrydex.com/magicthegathering/MSH-338/large""}],""rulings"":[],""printings"":[""MSH""],""availability"":[""mtgo"",""paper""],""expansion"":{""id"":""MSH"",""name"":""Marvel",Scrydex public web image / rescue 2026-08-29,True,2026-08-28 04:31:24.823418+00:00,2026-08-29 14:06:15.492862+00:00,SV4a-338,90,Pokemon,"[""Water""]",Stage1,Tetsu Kayama,G,見かけによらず 気性が 荒い。 長い 体で 獲物を 締め上げ 巣穴に 引きずりこむぞ。,"[{""cost"":[""Water""],""damage"":30,""nameJa"":""ずつき"",""effectJa"":null},{""cost"":[""Colorless"",""Colorless"",""Colorless""],""damage"":null,""nameJa"":""うみほりトンネル"",""effectJa"":""コインを3回投げ、オモテの数×3枚ぶん、相手の山札を上からトラッシュする。""}]",[],"[{""type"":""Lightning"",""value"":""×2""}]",[],2,[961],,,338,338
5d225451-a56b-4333-8ce7-85041255e257,2e3e2cf1-be86-4808-87f7-fe01973f0325,イルカマン,イルカマン,339,,holo,"https://images.scrydex.com/magicthegathering/MSH-339/small"",""medium"":""https://images.scrydex.com/magicthegathering/MSH-339/medium"",""large"":""https://images.scrydex.com/magicthegathering/MSH-339/large""}],""rulings"":[],""printings"":[""MSH""],""availability"":[""mtgo"",""paper""],""expansion"":{""id"":""MSH"",""name"":""Marvel",Scrydex public web image / rescue 2026-08-29,True,2026-08-28 04:31:24.823418+00:00,2026-08-29 14:06:15.492862+00:00,SV4a-339,150,Pokemon,"[""Water""]",Stage1,akagi,G,太古の 遺伝子が 覚醒。 片ヒレで クルーズ船を 軽々 持ち上げる 怪力の 持ち主。,"[{""cost"":[""Water""],""damage"":30,""nameJa"":""ジェットパンチ"",""effectJa"":""相手のベンチポケモン1匹にも、30ダメージ。［ベンチは弱点・抵抗力を計算しない。］""},{""cost"":[""Water"",""Water""],""damage"":210,""nameJa"":""ジャスティスキック"",""effectJa"":""この番、このポケモンがベンチからバトル場に出ていないなら、このワザは失敗。""}]",[],"[{""type"":""Lightning"",""value"":""×2""}]",[],2,[964],,,339,339
b26a51ee-5f83-4bda-9066-72fbf19edc08,2e3e2cf1-be86-4808-87f7-fe01973f0325,パモ,パモ,340,,holo,"https://images.scrydex.com/magicthegathering/MSH-340/small"",""medium"":""https://images.scrydex.com/magicthegathering/MSH-340/medium"",""large"":""https://images.scrydex.com/magicthegathering/MSH-340/large""}],""rulings"":[{""date"":""2023/02/04"",""text"":""If",Scrydex public web image / rescue 2026-08-29,True,2026-08-28 04:31:24.823418+00:00,2026-08-29 14:06:15.492862+00:00,SV4a-340,60,Pokemon,"[""Lightning""]",Basic,REND,G,手の 肉球が 放電器官。 後ろ脚で ようやく 立ち上がると 手のひらから 電撃を 放つ。,"[{""cost"":[""Colorless""],""damage"":10,""nameJa"":""なぐる"",""effectJa"":null},{""cost"":[""Lightning"",""Colorless""],""damage"":20,""nameJa"":""エレキック"",""effectJa"":null}]",[],"[{""type"":""Fighting"",""value"":""×2""}]",[],1,[921],,,340,340
131ee8f8-9765-48cf-9124-6ffe91a7e5b0,2e3e2cf1-be86-4808-87f7-fe01973f0325,ミミッキュ,ミミッキュ,341,,holo,"https://images.scrydex.com/magicthegathering/MSH-341/small"",""medium"":""https://images.scrydex.com/magicthegathering/MSH-341/medium"",""large"":""https://images.scrydex.com/magicthegathering/MSH-341/large""}],""rulings"":[],""printings"":[""MSH""],""availability"":[""mtgo"",""paper""],""expansion"":{""id"":""MSH"",""name"":""Marvel",Scrydex public web image / rescue 2026-08-29,True,2026-08-28 04:31:24.823418+00:00,2026-08-29 14:06:15.492862+00:00,SV4a-341,70,Pokemon,"[""Psychic""]",Basic,Mitsuhiro Arita,G,陽の 当たらない 暗がりに 棲む。 人前に 出るときは ピカチュウに 似せた 布で 全身を 隠す。,"[{""cost"":[""Psychic"",""Colorless""],""damage"":null,""nameJa"":""ゴーストアイ"",""effectJa"":""相手のバトルポケモンに、ダメカンを7個のせる。""}]","[{""type"":""Ability"",""nameJa"":""しんぴのまもり"",""effectJa"":""このポケモンは、相手の「ポケモンex・V」からワザのダメージを受けない。""}]","[{""type"":""Metal"",""value"":""×2""}]",[],1,[778],,,341,341
cc448bcf-9bd1-4ee6-b542-74830af46176,2e3e2cf1-be86-4808-87f7-fe01973f0325,ジャッジマン,ジャッジマン,342,,holo,"https://images.scrydex.com/magicthegathering/MSH-342/small"",""medium"":""https://images.scrydex.com/magicthegathering/MSH-342/medium"",""large"":""https://images.scrydex.com/magicthegathering/MSH-342/large""}],""rulings"":[],""printings"":[""MSH""],""availability"":[""mtgo"",""paper""],""expansion"":{""id"":""MSH"",""name"":""Marvel",Scrydex public web image / rescue 2026-08-29,True,2026-08-28 04:31:24.823418+00:00,2026-08-29 14:06:15.492862+00:00,SV4a-342,,Trainer,[],,Hideki Ishikawa,G,,[],[],[],[],,[],,,342,342
c30b97bc-8c3f-49a1-b153-3b543122d3e0,2e3e2cf1-be86-4808-87f7-fe01973f0325,ネモ,ネモ,343,,holo,"https://images.scrydex.com/magicthegathering/MSH-343/small"",""medium"":""https://images.scrydex.com/magicthegathering/MSH-343/medium"",""large"":""https://images.scrydex.com/magicthegathering/MSH-343/large""}],""rulings"":[],""printings"":[""MSH"",""PMEI""],""availability"":[""mtgo"",""paper""],""expansion"":{""id"":""MSH"",""name"":""Marvel",Scrydex public web image / rescue 2026-08-29,True,2026-08-28 04:31:24.823418+00:00,2026-08-29 14:06:15.492862+00:00,SV4a-343,,Trainer,[],,Sanosuke Sakuma,G,,[],[],[],[],,[],,,343,343
06833880-17e4-479d-8562-595609ff448e,2e3e2cf1-be86-4808-87f7-fe01973f0325,ネルケ,ネルケ,344,,holo,"https://images.scrydex.com/magicthegathering/MSH-344/small"",""medium"":""https://images.scrydex.com/magicthegathering/MSH-344/medium"",""large"":""https://images.scrydex.com/magicthegathering/MSH-344/large""}],""rulings"":[],""printings"":[""MSH""],""availability"":[""mtgo"",""paper""],""expansion"":{""id"":""MSH"",""name"":""Marvel",Scrydex public web image / rescue 2026-08-29,True,2026-08-28 04:31:24.823418+00:00,2026-08-29 14:06:15.492862+00:00,SV4a-344,,Trainer,[],,GOSSAN,G,,[],[],[],[],,[],,,344,344
4243473a-df2f-4f65-b870-fe881cd5e565,2e3e2cf1-be86-4808-87f7-fe01973f0325,パルデアの学生,パルデアノ学生,345,,holo,"https://images.scrydex.com/magicthegathering/MSH-345/small"",""medium"":""https://images.scrydex.com/magicthegathering/MSH-345/medium"",""large"":""https://images.scrydex.com/magicthegathering/MSH-345/large""},{""type"":""back"",""small"":""https://images.scrydex.com/magicthegathering/MSH-345A/small"",""medium"":""https://images.scrydex.com/magicthegathering/MSH-345A/medium"",""large"":""https://images.scrydex.com/magicthegathering/MSH-345A/large""}],""rulings"":[],""printings"":[""MSH""],""availability"":[""mtgo"",""paper""],""expansion"":{""id"":""MSH"",""name"":""Marvel",Scrydex public web image / rescue 2026-08-29,True,2026-08-28 04:31:24.823418+00:00,2026-08-29 14:06:15.492862+00:00,SV4a-345,,Trainer,[],,Cona Nitanda,G,,[],[],[],[],,[],,,345,345
55bdfb56-b8c4-485c-8cb7-f0e50aa5af86,2e3e2cf1-be86-4808-87f7-fe01973f0325,パルデアの学生,パルデアノ学生,346,,holo,"https://images.scrydex.com/magicthegathering/MSH-346/small"",""medium"":""https://images.scrydex.com/magicthegathering/MSH-346/medium"",""large"":""https://images.scrydex.com/magicthegathering/MSH-346/large""},{""type"":""back"",""small"":""https://images.scrydex.com/magicthegathering/MSH-346A/small"",""medium"":""https://images.scrydex.com/magicthegathering/MSH-346A/medium"",""large"":""https://images.scrydex.com/magicthegathering/MSH-346A/large""}],""rulings"":[],""printings"":[""MSH""],""availability"":[""mtgo"",""paper""],""expansion"":{""id"":""MSH"",""name"":""Marvel",Scrydex public web image / rescue 2026-08-29,True,2026-08-28 04:31:24.823418+00:00,2026-08-29 14:06:15.492862+00:00,SV4a-346,,Trainer,[],,Naoki Saito,G,,[],[],[],[],,[],,,346,346
5a898bc4-e05c-4152-be90-a3e1bc88186c,2e3e2cf1-be86-4808-87f7-fe01973f0325,ミュウex,ミュウex,347,,holo,"https://images.scrydex.com/magicthegathering/MSH-347/small"",""medium"":""https://images.scrydex.com/magicthegathering/MSH-347/medium"",""large"":""https://images.scrydex.com/magicthegathering/MSH-347/large""}],""rulings"":[],""printings"":[""MSH""],""availability"":[""mtgo"",""paper""],""expansion"":{""id"":""MSH"",""name"":""Marvel",Scrydex public web image / rescue 2026-08-29,True,2026-08-28 04:31:24.823418+00:00,2026-08-29 14:06:15.492862+00:00,SV4a-347,180,Pokemon,"[""Psychic""]",Basic,USGMEN,G,,"[{""cost"":[""Colorless"",""Colorless"",""Colorless""],""damage"":null,""nameJa"":""ゲノムハック"",""effectJa"":""相手のバトルポケモンが持っているワザを1つ選び、このワザとして使う。""}]","[{""type"":""Ability"",""nameJa"":""リスタート"",""effectJa"":""自分の番に1回使える。自分の手札が3枚になるように、山札を引く。""}]","[{""type"":""Darkness"",""value"":""×2""}]","[{""type"":""Fighting"",""value"":""-30""}]",0,[],,,347,347
990c5e1e-ba2c-41f1-b2e9-865d9f3be485,2e3e2cf1-be86-4808-87f7-fe01973f0325,サーナイトex,サーナイトex,348,,holo,"https://images.scrydex.com/magicthegathering/MSH-348/small"",""medium"":""https://images.scrydex.com/magicthegathering/MSH-348/medium"",""large"":""https://images.scrydex.com/magicthegathering/MSH-348/large""}],""rulings"":[],""printings"":[""DMU"",""J25"",""MSH"",""OTJ""],""availability"":[""mtgo"",""paper""],""expansion"":{""id"":""MSH"",""name"":""Marvel",Scrydex public web image / rescue 2026-08-29,True,2026-08-28 04:31:24.823418+00:00,2026-08-29 14:06:15.492862+00:00,SV4a-348,310,Pokemon,"[""Psychic""]",Stage2,Kuroimori,G,,"[{""cost"":[""Psychic"",""Psychic"",""Colorless""],""damage"":190,""nameJa"":""ミラクルフォース"",""effectJa"":""このポケモンの特殊状態を、すべて回復する。""}]","[{""type"":""Ability"",""nameJa"":""サイコエンブレイス"",""effectJa"":""自分の番に何回でも使える。自分のトラッシュから「基本エネルギー」を1枚選び、自分のポケモンにつける。その後、つけたポケモンにダメカンを2個のせる。（きぜつするポケモンに、この特性は使えない。）""}]","[{""type"":""Darkness"",""value"":""×2""}]","[{""type"":""Fighting"",""value"":""-30""}]",2,[],,,348,348
cae999f1-f074-49e4-83f7-6543c041d50e,2e3e2cf1-be86-4808-87f7-fe01973f0325,リザードンex,リザードンex,349,,holo,"https://images.scrydex.com/magicthegathering/MSH-349/small"",""medium"":""https://images.scrydex.com/magicthegathering/MSH-349/medium"",""large"":""https://images.scrydex.com/magicthegathering/MSH-349/large""}],""rulings"":[],""printings"":[""MSH""],""availability"":[""mtgo"",""paper""],""expansion"":{""id"":""MSH"",""name"":""Marvel",Scrydex public web image / rescue 2026-08-29,True,2026-08-28 04:31:24.823418+00:00,2026-08-29 14:06:15.492862+00:00,SV4a-349,330,Pokemon,"[""Darkness""]",Stage2,AKIRA EGAWA,G,,"[{""cost"":[""Fire"",""Fire""],""damage"":""180+"",""nameJa"":""バーニングダーク"",""effectJa"":""相手がすでにとったサイドの枚数×30ダメージ追加。""}]","[{""type"":""Ability"",""nameJa"":""れんごくしはい"",""effectJa"":""自分の番に、このカードを手札から出して進化させたとき、1回使える。自分の山札から「基本エネルギー」を3枚まで選び、自分のポケモンに好きなようにつける。そして山札を切る。""}]","[{""type"":""Grass"",""value"":""×2""}]",[],2,[],,,349,349
94c4dc9f-906d-4115-824d-18c0fe02b2ae,2e3e2cf1-be86-4808-87f7-fe01973f0325,ナンジャモ,ナンジャモ,350,,holo,"https://images.scrydex.com/magicthegathering/MSH-350/small"",""medium"":""https://images.scrydex.com/magicthegathering/MSH-350/medium"",""large"":""https://images.scrydex.com/magicthegathering/MSH-350/large""},{""type"":""back"",""small"":""https://images.scrydex.com/magicthegathering/MSH-350A/small"",""medium"":""https://images.scrydex.com/magicthegathering/MSH-350A/medium"",""large"":""https://images.scrydex.com/magicthegathering/MSH-350A/large""}],""rulings"":[],""printings"":[""MSH""],""availability"":[""mtgo"",""paper""],""expansion"":{""id"":""MSH"",""name"":""Marvel",Scrydex public web image / rescue 2026-08-29,True,2026-08-28 04:31:24.823418+00:00,2026-08-29 14:06:15.492862+00:00,SV4a-350,,Trainer,[],,hanabushi,G,,[],[],[],[],,[],,,350,350
2cd837ef-49d6-4663-821a-7bee479bc905,2e3e2cf1-be86-4808-87f7-fe01973f0325,ネモ,ネモ,351,,holo,"https://images.scrydex.com/magicthegathering/MSH-351/small"",""medium"":""https://images.scrydex.com/magicthegathering/MSH-351/medium"",""large"":""https://images.scrydex.com/magicthegathering/MSH-351/large""}],""rulings"":[],""printings"":[""MSH""],""availability"":[""mtgo"",""paper""],""expansion"":{""id"":""MSH"",""name"":""Marvel",Scrydex public web image / rescue 2026-08-29,True,2026-08-28 04:31:24.823418+00:00,2026-08-29 14:06:15.492862+00:00,SV4a-351,,Trainer,[],,aspara,G,,[],[],[],[],,[],,,351,351
18269f95-9da3-4005-aecd-0f771ca30709,2e3e2cf1-be86-4808-87f7-fe01973f0325,ネルケ,ネルケ,352,,holo,"https://images.scrydex.com/magicthegathering/MSH-352/small"",""medium"":""https://images.scrydex.com/magicthegathering/MSH-352/medium"",""large"":""https://images.scrydex.com/magicthegathering/MSH-352/large""}],""rulings"":[],""printings"":[""MSH""],""availability"":[""mtgo"",""paper""],""expansion"":{""id"":""MSH"",""name"":""Marvel",Scrydex public web image / rescue 2026-08-29,True,2026-08-28 04:31:24.823418+00:00,2026-08-29 14:06:15.492862+00:00,SV4a-352,,Trainer,[],,Taiga Kayama,G,,[],[],[],[],,[],,,352,352
d3eabd2f-e898-4b23-8792-874f3aeaa7e3,2e3e2cf1-be86-4808-87f7-fe01973f0325,ペパー,ペパー,353,,holo,"https://images.scrydex.com/magicthegathering/MSH-353/small"",""medium"":""https://images.scrydex.com/magicthegathering/MSH-353/medium"",""large"":""https://images.scrydex.com/magicthegathering/MSH-353/large""}],""rulings"":[],""printings"":[""MSH""],""availability"":[""mtgo"",""paper""],""expansion"":{""id"":""MSH"",""name"":""Marvel",Scrydex public web image / rescue 2026-08-29,True,2026-08-28 04:31:24.823418+00:00,2026-08-29 14:06:15.492862+00:00,SV4a-353,,Trainer,[],,aspara,G,,[],[],[],[],,[],,,353,353
5a36f18b-ba96-4366-b8f7-3f72ed232510,2e3e2cf1-be86-4808-87f7-fe01973f0325,ボタン,ボタン,354,,holo,"https://images.scrydex.com/magicthegathering/MSH-354/small"",""medium"":""https://images.scrydex.com/magicthegathering/MSH-354/medium"",""large"":""https://images.scrydex.com/magicthegathering/MSH-354/large""}],""rulings"":[],""printings"":[""MSH""],""availability"":[""mtgo"",""paper""],""expansion"":{""id"":""MSH"",""name"":""Marvel",Scrydex public web image / rescue 2026-08-29,True,2026-08-28 04:31:24.823418+00:00,2026-08-29 14:06:15.492862+00:00,SV4a-354,,Trainer,[],,aspara,G,,[],[],[],[],,[],,,354,354
37c51d91-0c83-45bf-8062-68de2fd3a85b,2e3e2cf1-be86-4808-87f7-fe01973f0325,チオンジェンex,チオンジェンex,355,,holo,"https://images.scrydex.com/magicthegathering/MSH-355/small"",""medium"":""https://images.scrydex.com/magicthegathering/MSH-355/medium"",""large"":""https://images.scrydex.com/magicthegathering/MSH-355/large""},{""type"":""back"",""small"":""https://images.scrydex.com/magicthegathering/MSH-355A/small"",""medium"":""https://images.scrydex.com/magicthegathering/MSH-355A/medium"",""large"":""https://images.scrydex.com/magicthegathering/MSH-355A/large""}],""rulings"":[],""printings"":[""MSH""],""availability"":[""mtgo"",""paper""],""expansion"":{""id"":""MSH"",""name"":""Marvel",Scrydex public web image / rescue 2026-08-29,True,2026-08-28 04:31:24.823418+00:00,2026-08-29 14:06:15.492862+00:00,SV4a-355,230,Pokemon,"[""Grass""]",Basic,5ban Graphics,,,"[{""cost"":[""Grass"",""Grass"",""Colorless""],""damage"":null,""nameJa"":""むさぼるつた"",""effectJa"":""相手のベンチポケモン1匹に、相手がすでにとったサイドの枚数×60ダメージ。［ベンチは弱点・抵抗力を計算しない。］""},{""cost"":[""Grass"",""Grass"",""Grass"",""Colorless""],""damage"":220,""nameJa"":""フォレストバーン"",""effectJa"":null}]",[],"[{""type"":""Fire"",""value"":""×2""}]",[],4,[],,,355,355
1dce99d9-e53c-4e11-9472-dd0371927e66,2e3e2cf1-be86-4808-87f7-fe01973f0325,イーユイex,イーユイex,356,,holo,"https://images.scrydex.com/magicthegathering/MSH-356/small"",""medium"":""https://images.scrydex.com/magicthegathering/MSH-356/medium"",""large"":""https://images.scrydex.com/magicthegathering/MSH-356/large""},{""type"":""back"",""small"":""https://images.scrydex.com/magicthegathering/MSH-356A/small"",""medium"":""https://images.scrydex.com/magicthegathering/MSH-356A/medium"",""large"":""https://images.scrydex.com/magicthegathering/MSH-356A/large""}],""rulings"":[],""printings"":[""MSH""],""availability"":[""mtgo"",""paper""],""expansion"":{""id"":""MSH"",""name"":""Marvel",Scrydex public web image / rescue 2026-08-29,True,2026-08-28 04:31:24.823418+00:00,2026-08-29 14:06:15.492862+00:00,SV4a-356,190,Pokemon,"[""Fire""]",Basic,PLANETA Yamashita,,,"[{""cost"":[""Fire""],""damage"":null,""nameJa"":""ねたみこがす"",""effectJa"":""相手の山札を上から2枚トラッシュする。""},{""cost"":[""Fire"",""Fire""],""damage"":100,""nameJa"":""フレイムサージ"",""effectJa"":""自分のベンチポケモンを3匹まで選び、山札から「基本エネルギー」を1枚ずつつける。そして山札を切る。""}]",[],"[{""type"":""Water"",""value"":""×2""}]",[],1,[],,,356,356
fe66d2a4-9a28-49da-a7f7-28a5be9e3be8,2e3e2cf1-be86-4808-87f7-fe01973f0325,パオジアンex,パオジアンex,357,,holo,"https://images.scrydex.com/magicthegathering/MSH-357/small"",""medium"":""https://images.scrydex.com/magicthegathering/MSH-357/medium"",""large"":""https://images.scrydex.com/magicthegathering/MSH-357/large""}],""rulings"":[],""printings"":[""MSH""],""availability"":[""mtgo"",""paper""],""expansion"":{""id"":""MSH"",""name"":""Marvel",Scrydex public web image / rescue 2026-08-29,True,2026-08-28 04:31:24.823418+00:00,2026-08-29 14:06:15.492862+00:00,SV4a-357,220,Pokemon,"[""Water""]",Basic,aky CG Works,,,"[{""cost"":[""Water"",""Water""],""damage"":""60×"",""nameJa"":""ヘイルブレード"",""effectJa"":""自分の場のポケモンについているエネルギーを好きなだけトラッシュし、その枚数×60ダメージ。""}]","[{""type"":""Ability"",""nameJa"":""わななくれいき"",""effectJa"":""このポケモンがバトル場にいるなら、自分の番に1回使える。自分の山札から「基本エネルギー」を2枚まで選び、相手に見せて、手札に加える。そして山札を切る。""}]","[{""type"":""Metal"",""value"":""×2""}]",[],2,[],,,357,357
85bf9a4e-896f-4845-914b-bc35a0088348,2e3e2cf1-be86-4808-87f7-fe01973f0325,ミライドンex,ミライドンex,358,,holo,"https://images.scrydex.com/magicthegathering/MSH-358/small"",""medium"":""https://images.scrydex.com/magicthegathering/MSH-358/medium"",""large"":""https://images.scrydex.com/magicthegathering/MSH-358/large""}],""rulings"":[],""printings"":[""MSH""],""availability"":[""mtgo"",""paper""],""expansion"":{""id"":""MSH"",""name"":""Marvel",Scrydex public web image / rescue 2026-08-29,True,2026-08-28 04:31:24.823418+00:00,2026-08-29 14:06:15.492862+00:00,SV4a-358,220,Pokemon,"[""Lightning""]",Basic,5ban Graphics,,,"[{""cost"":[""Lightning"",""Lightning"",""Colorless""],""damage"":220,""nameJa"":""フォトンブラスター"",""effectJa"":""次の自分の番、このポケモンはワザが使えない。""}]","[{""type"":""Ability"",""nameJa"":""タンデムユニット"",""effectJa"":""自分の番に1回使える。自分の山札からタイプのたねポケモンを2枚まで選び、ベンチに出す。そして山札を切る。""}]","[{""type"":""Fighting"",""value"":""×2""}]",[],1,[],,,358,358
4932eb1c-2a41-4db8-9a90-e7a1e8b523df,2e3e2cf1-be86-4808-87f7-fe01973f0325,ディンルーex,ディンルーex,359,,holo,"https://images.scrydex.com/magicthegathering/MSH-359/small"",""medium"":""https://images.scrydex.com/magicthegathering/MSH-359/medium"",""large"":""https://images.scrydex.com/magicthegathering/MSH-359/large""},{""type"":""back"",""small"":""https://images.scrydex.com/magicthegathering/MSH-359A/small"",""medium"":""https://images.scrydex.com/magicthegathering/MSH-359A/medium"",""large"":""https://images.scrydex.com/magicthegathering/MSH-359A/large""}],""rulings"":[],""printings"":[""MSH""],""availability"":[""mtgo"",""paper""],""expansion"":{""id"":""MSH"",""name"":""Marvel",Scrydex public web image / rescue 2026-08-29,True,2026-08-28 04:31:24.823418+00:00,2026-08-29 14:06:15.492862+00:00,SV4a-359,240,Pokemon,"[""Fighting""]",Basic,5ban Graphics,,,"[{""cost"":[""Fighting"",""Fighting"",""Fighting""],""damage"":150,""nameJa"":""ランドスクープ"",""effectJa"":""相手のベンチポケモン1匹に、ダメカンを2個のせる。""}]","[{""type"":""Ability"",""nameJa"":""じゅばくのだいち"",""effectJa"":""このポケモンがバトル場にいるかぎり、相手の場のダメカンがのっているポケモン（ポケモンexをのぞく）の特性は、すべてなくなる。""}]","[{""type"":""Grass"",""value"":""×2""}]",[],4,[],,,359,359
f3d04893-17cd-48bd-a993-688eb57eceb8,2e3e2cf1-be86-4808-87f7-fe01973f0325,コライドンex,コライドンex,360,,holo,"https://images.scrydex.com/magicthegathering/MSH-360/small"",""medium"":""https://images.scrydex.com/magicthegathering/MSH-360/medium"",""large"":""https://images.scrydex.com/magicthegathering/MSH-360/large""}],""rulings"":[],""printings"":[""MSH""],""availability"":[""mtgo"",""paper""],""expansion"":{""id"":""MSH"",""name"":""Marvel",Scrydex public web image / rescue 2026-08-29,True,2026-08-28 04:31:24.823418+00:00,2026-08-29 14:06:15.492862+00:00,SV4a-360,230,Pokemon,"[""Fighting""]",Basic,aky CG Works,,,"[{""cost"":[""Fighting"",""Fighting"",""Colorless""],""damage"":220,""nameJa"":""ワイルドインパクト"",""effectJa"":""次の自分の番、このポケモンはワザが使えない。""}]","[{""type"":""Ability"",""nameJa"":""ディノクライ"",""effectJa"":""自分の番に1回使えて、使ったなら、番は終わる。自分のトラッシュから「基本エネルギー」を2枚まで選び、自分のタイプのたねポケモンに好きなようにつける。""}]","[{""type"":""Psychic"",""value"":""×2""}]",[],2,[],,,360,360
