id,set_id,name,name_normalized,card_number,rarity,variant,image_url,image_source_note,is_active,created_at,updated_at,tcgdex_id,hp,category,types,stage,illustrator,regulation_mark,description_ja,attacks,abilities,weaknesses,resistances,retreat,dex_ids,set_order,pokedex_number,_numkey
cc448bcf-9bd1-4ee6-b542-74830af46176,2e3e2cf1-be86-4808-87f7-fe01973f0325,ジャッジマン,ジャッジマン,342,,holo,"https://images.scrydex.com/magicthegathering/MSH-342/small"",""medium"":""https://images.scrydex.com/magicthegathering/MSH-342/medium"",""large"":""https://images.scrydex.com/magicthegathering/MSH-342/large""}],""rulings"":[],""printings"":[""MSH""],""availability"":[""mtgo"",""paper""],""expansion"":{""id"":""MSH"",""name"":""Marvel",Scrydex public web image / rescue 2026-08-29,True,2026-08-28 04:31:24.823418+00:00,2026-08-29 14:06:15.492862+00:00,SV4a-342,,Trainer,[],,Hideki Ishikawa,G,,[],[],[],[],,[],,,342
06833880-17e4-479d-8562-595609ff448e,2e3e2cf1-be86-4808-87f7-fe01973f0325,ネルケ,ネルケ,344,,holo,"https://images.scrydex.com/magicthegathering/MSH-344/small"",""medium"":""https://images.scrydex.com/magicthegathering/MSH-344/medium"",""large"":""https://images.scrydex.com/magicthegathering/MSH-344/large""}],""rulings"":[],""printings"":[""MSH""],""availability"":[""mtgo"",""paper""],""expansion"":{""id"":""MSH"",""name"":""Marvel",Scrydex public web image / rescue 2026-08-29,True,2026-08-28 04:31:24.823418+00:00,2026-08-29 14:06:15.492862+00:00,SV4a-344,,Trainer,[],,GOSSAN,G,,[],[],[],[],,[],,,344
94c4dc9f-906d-4115-824d-18c0fe02b2ae,2e3e2cf1-be86-4808-87f7-fe01973f0325,ナンジャモ,ナンジャモ,350,,holo,"https://images.scrydex.com/magicthegathering/MSH-350/small"",""medium"":""https://images.scrydex.com/magicthegathering/MSH-350/medium"",""large"":""https://images.scrydex.com/magicthegathering/MSH-350/large""},{""type"":""back"",""small"":""https://images.scrydex.com/magicthegathering/MSH-350A/small"",""medium"":""https://images.scrydex.com/magicthegathering/MSH-350A/medium"",""large"":""https://images.scrydex.com/magicthegathering/MSH-350A/large""}],""rulings"":[],""printings"":[""MSH""],""availability"":[""mtgo"",""paper""],""expansion"":{""id"":""MSH"",""name"":""Marvel",Scrydex public web image / rescue 2026-08-29,True,2026-08-28 04:31:24.823418+00:00,2026-08-29 14:06:15.492862+00:00,SV4a-350,,Trainer,[],,hanabushi,G,,[],[],[],[],,[],,,350
f7e8eb85-51ac-4d15-9b3c-f837cf039bdd,2e3e2cf1-be86-4808-87f7-fe01973f0325,ニューラ,ニューラ,289,,holo,"https://images.scrydex.com/magicthegathering/HOB-289/small"",""medium"":""https://images.scrydex.com/magicthegathering/HOB-289/medium"",""large"":""https://images.scrydex.com/magicthegathering/HOB-289/large""}],""rulings"":[],""printings"":[""HOB"",""PW26""],""availability"":[""arena"",""mtgo"",""paper""],""expansion"":{""id"":""HOB"",""name"":""The",Scrydex public web image / rescue 2026-08-29,True,2026-08-28 04:31:24.823418+00:00,2026-08-29 14:06:15.492862+00:00,SV4a-289,70,Pokemon,"[""Darkness""]",Basic,Kagemaru Himeno,G,自分が 目立たないよう 暗闇に まぎれて 獲物に 襲いかかる とても ずる賢い ポケモン。,"[{""cost"":[""Darkness""],""damage"":20,""nameJa"":""ツメをたてる"",""effectJa"":null}]",[],"[{""type"":""Grass"",""value"":""×2""}]",[],1,[215],,,289
6cc03142-6a52-48d0-adcd-3ac50f84f8ba,2e3e2cf1-be86-4808-87f7-fe01973f0325,キャモメ,キャモメ,311,,holo,"https://images.scrydex.com/magicthegathering/HOB-311/small"",""medium"":""https://images.scrydex.com/magicthegathering/HOB-311/medium"",""large"":""https://images.scrydex.com/magicthegathering/HOB-311/large""}],""rulings"":[],""printings"":[""HOB""],""availability"":[""arena"",""mtgo"",""paper""],""expansion"":{""id"":""HOB"",""name"":""The",Scrydex public web image / rescue 2026-08-29,True,2026-08-28 04:31:24.823418+00:00,2026-08-29 14:06:15.492862+00:00,SV4a-311,70,Pokemon,"[""Colorless""]",Basic,kurumitsu,G,上昇 気流に 乗って グライダーのように 大空を 舞い くちばしに 挟んだ エサを運ぶ。,"[{""cost"":[""Colorless"",""Colorless""],""damage"":30,""nameJa"":""かぜおこし"",""effectJa"":null}]",[],"[{""type"":""Lightning"",""value"":""×2""}]","[{""type"":""Fighting"",""value"":""-30""}]",1,[278],,,311
88eefe2b-fbb6-45bf-9a7a-c23ca60a1897,2e3e2cf1-be86-4808-87f7-fe01973f0325,ボチ,ボチ,274,,holo,"https://images.scrydex.com/magicthegathering/HOB-274/small"",""medium"":""https://images.scrydex.com/magicthegathering/HOB-274/medium"",""large"":""https://images.scrydex.com/magicthegathering/HOB-274/large""}],""rulings"":[],""printings"":[""HOB""],""availability"":[""arena"",""mtgo"",""paper""],""expansion"":{""id"":""HOB"",""name"":""The",Scrydex public web image / rescue 2026-08-29,True,2026-08-28 04:31:24.823418+00:00,2026-08-29 14:06:15.492862+00:00,SV4a-274,70,Pokemon,"[""Psychic""]",Basic,Nisota Niso,G,人懐っこくて 寂しがり。 ちょっと かまっただけでも いつまでも 後を ついてくるぞ。,"[{""cost"":[""Psychic""],""damage"":""10×"",""nameJa"":""おはかであそぶ"",""effectJa"":""自分のトラッシュにあるポケモンの枚数×10ダメージ。""}]",[],"[{""type"":""Darkness"",""value"":""×2""}]","[{""type"":""Fighting"",""value"":""-30""}]",2,[971],,,274
7ecee3ef-fe5a-4c70-9c14-9d980d58a138,2e3e2cf1-be86-4808-87f7-fe01973f0325,カラミンゴ,カラミンゴ,319,,holo,"https://images.scrydex.com/magicthegathering/HOB-319/small"",""medium"":""https://images.scrydex.com/magicthegathering/HOB-319/medium"",""large"":""https://images.scrydex.com/magicthegathering/HOB-319/large""}],""rulings"":[],""printings"":[""10E"",""2ED"",""2XM"",""30A"",""3ED"",""40K"",""4BB"",""4ED"",""5ED"",""6ED"",""7ED"",""8ED"",""9ED"",""ACR"",""AFR"",""AKH"",""AKR"",""ALA"",""ANA"",""ANB"",""ARC"",""ATH"",""AVR"",""BBD"",""BFZ"",""BLB"",""BRB"",""BRC"",""BRO"",""C13"",""C14"",""C15"",""C16"",""C17"",""C18"",""C19"",""CED"",""CEI"",""CHK"",""CLB"",""CLU"",""CM2"",""CMA"",""CMD"",""CMM"",""CMR"",""CST"",""DDC"",""DDE"",""DDF"",""DDG"",""DDH"",""DDI"",""DDK"",""DDL"",""DDN"",""DDO"",""DDP"",""DDQ"",""DFT"",""DMR"",""DMU"",""DOM"",""DSK"",""DTK"",""DVD"",""E01"",""ECL"",""ELD"",""EOE"",""FBB"",""FDN"",""FIC"",""FIN"",""FRF"",""G17"",""GK1"",""GK2"",""GN2"",""GN3"",""GNT"",""GRN"",""GS1"",""H09"",""HBG"",""HOB"",""HOP"",""HOU"",""ICE"",""IKO"",""INR"",""INV"",""ISD"",""ITP"",""J14"",""J22"",""J25"",""JMP"",""KHM"",""KLD"",""KLR"",""KTK"",""LCI"",""LEA"",""LEB"",""LRW"",""LTR"",""M10"",""M11"",""M12"",""M13"",""M14"",""M15"",""M19"",""M20"",""M21"",""MBS"",""MD1"",""ME1"",""ME3"",""MH2"",""MH3"",""MID"",""MIR"",""MKM"",""MMQ"",""MOM"",""MRD"",""MSC"",""MSH"",""NEO"",""NPH"",""ODY"",""OLEP"",""ONE"",""ONS"",""ORI"",""OTJ"",""P02"",""P23"",""PAL00"",""PAL01"",""PAL03"",""PAL04"",""PAL05"",""PAL06"",""PAL99"",""PALP"",""PANA"",""PARL"",""PC2"",""PCA"",""PDGM"",""PELP"",""PF19"",""PF20"",""PGPX"",""PGRU"",""PIP"",""PL26"",""PLST"",""PMPS"",""PMPS06"",""PMPS07"",""PMPS08"",""PMPS09"",""PMPS10"",""PMPS11"",""POR"",""PPP1"",""PRM"",""PRW2"",""PRWK"",""PS11"",""PSAL"",""PSS2"",""PSS3"",""PSS4"",""PTC"",""PTK"",""PZ2"",""RAV"",""REX"",""RIX"",""RNA"",""ROE"",""RQS"",""RTR"",""S99"",""SCD"",""SHM"",""SIR"",""SLD"",""SLP"",""SNC"",""SOI"",""SOM"",""SOS"",""SPM"",""STX"",""SUM"",""TD0"",""TD2"",""TDM"",""THB"",""THS"",""TLA"",""TLE"",""TMP"",""TMT"",""TPR"",""TSP"",""UGL"",""UND"",""UNF"",""UNH"",""USG"",""UST"",""VOW"",""WAR"",""WC00"",""WC02"",""WC03"",""WC04"",""WC97"",""WC98"",""WHO"",""WOE"",""XANA"",""XLN"",""ZEN"",""ZNR""],""availability"":[""arena"",""mtgo"",""paper""],""expansion"":{""id"":""HOB"",""name"":""The",Scrydex public web image / rescue 2026-08-29,True,2026-08-28 04:31:24.823418+00:00,2026-08-29 14:06:15.492862+00:00,SV4a-319,110,Pokemon,"[""Colorless""]",Basic,Akira Komayama,G,お腹に 溜めた エネルギーが くちばしから 漏れないように 首を 根元で 結んでいるらしい。,"[{""cost"":[""Colorless"",""Colorless""],""damage"":""20×"",""nameJa"":""だんけつのつばさ"",""effectJa"":""自分のトラッシュにある、ワザ「だんけつのつばさ」を持つポケモンの枚数×20ダメージ。""}]","[{""type"":""Ability"",""nameJa"":""いっきにむれる"",""effectJa"":""自分の番に、このカードを手札からベンチに出したとき、1回使える。自分の山札から「カラミンゴ」を3枚まで選び、相手に見せて、手札に加える。そして山札を切る。""}]","[{""type"":""Lightning"",""value"":""×2""}]","[{""type"":""Fighting"",""value"":""-30""}]",1,[973],,,319
c30b97bc-8c3f-49a1-b153-3b543122d3e0,2e3e2cf1-be86-4808-87f7-fe01973f0325,ネモ,ネモ,343,,holo,"https://images.scrydex.com/magicthegathering/MSH-343/small"",""medium"":""https://images.scrydex.com/magicthegathering/MSH-343/medium"",""large"":""https://images.scrydex.com/magicthegathering/MSH-343/large""}],""rulings"":[],""printings"":[""MSH"",""PMEI""],""availability"":[""mtgo"",""paper""],""expansion"":{""id"":""MSH"",""name"":""Marvel",Scrydex public web image / rescue 2026-08-29,True,2026-08-28 04:31:24.823418+00:00,2026-08-29 14:06:15.492862+00:00,SV4a-343,,Trainer,[],,Sanosuke Sakuma,G,,[],[],[],[],,[],,,343
c8c91916-0f2e-4ad8-bf42-969c4c040662,2e3e2cf1-be86-4808-87f7-fe01973f0325,ケーシィ,ケーシィ,253,,holo,"https://images.scrydex.com/magicthegathering/HOB-253/small"",""medium"":""https://images.scrydex.com/magicthegathering/HOB-253/medium"",""large"":""https://images.scrydex.com/magicthegathering/HOB-253/large""}],""rulings"":[],""printings"":[""HOB""],""availability"":[""arena"",""mtgo"",""paper""],""expansion"":{""id"":""HOB"",""name"":""The",Scrydex public web image / rescue 2026-08-29,True,2026-08-28 04:31:24.823418+00:00,2026-08-29 14:06:15.492862+00:00,SV4a-253,50,Pokemon,"[""Psychic""]",Basic,Kouki Saitou,G,眠ったまま テレポート できる。 眠りが 深いほど 離れた 場所に 移動する という。,"[{""cost"":[""Psychic""],""damage"":20,""nameJa"":""サイコショット"",""effectJa"":null}]",[],"[{""type"":""Darkness"",""value"":""×2""}]","[{""type"":""Fighting"",""value"":""-30""}]",1,[63],,,253
2cd837ef-49d6-4663-821a-7bee479bc905,2e3e2cf1-be86-4808-87f7-fe01973f0325,ネモ,ネモ,351,,holo,"https://images.scrydex.com/magicthegathering/MSH-351/small"",""medium"":""https://images.scrydex.com/magicthegathering/MSH-351/medium"",""large"":""https://images.scrydex.com/magicthegathering/MSH-351/large""}],""rulings"":[],""printings"":[""MSH""],""availability"":[""mtgo"",""paper""],""expansion"":{""id"":""MSH"",""name"":""Marvel",Scrydex public web image / rescue 2026-08-29,True,2026-08-28 04:31:24.823418+00:00,2026-08-29 14:06:15.492862+00:00,SV4a-351,,Trainer,[],,aspara,G,,[],[],[],[],,[],,,351
37c51d91-0c83-45bf-8062-68de2fd3a85b,2e3e2cf1-be86-4808-87f7-fe01973f0325,チオンジェンex,チオンジェンex,355,,holo,"https://images.scrydex.com/magicthegathering/MSH-355/small"",""medium"":""https://images.scrydex.com/magicthegathering/MSH-355/medium"",""large"":""https://images.scrydex.com/magicthegathering/MSH-355/large""},{""type"":""back"",""small"":""https://images.scrydex.com/magicthegathering/MSH-355A/small"",""medium"":""https://images.scrydex.com/magicthegathering/MSH-355A/medium"",""large"":""https://images.scrydex.com/magicthegathering/MSH-355A/large""}],""rulings"":[],""printings"":[""MSH""],""availability"":[""mtgo"",""paper""],""expansion"":{""id"":""MSH"",""name"":""Marvel",Scrydex public web image / rescue 2026-08-29,True,2026-08-28 04:31:24.823418+00:00,2026-08-29 14:06:15.492862+00:00,SV4a-355,230,Pokemon,"[""Grass""]",Basic,5ban Graphics,,,"[{""cost"":[""Grass"",""Grass"",""Colorless""],""damage"":null,""nameJa"":""むさぼるつた"",""effectJa"":""相手のベンチポケモン1匹に、相手がすでにとったサイドの枚数×60ダメージ。［ベンチは弱点・抵抗力を計算しない。］""},{""cost"":[""Grass"",""Grass"",""Grass"",""Colorless""],""damage"":220,""nameJa"":""フォレストバーン"",""effectJa"":null}]",[],"[{""type"":""Fire"",""value"":""×2""}]",[],4,[],,,355
7f71ebea-2083-4dc9-aada-53082739b2f0,2e3e2cf1-be86-4808-87f7-fe01973f0325,タイカイデン,タイカイデン,251,,holo,"https://images.scrydex.com/magicthegathering/HOB-251/small"",""medium"":""https://images.scrydex.com/magicthegathering/HOB-251/medium"",""large"":""https://images.scrydex.com/magicthegathering/HOB-251/large""}],""rulings"":[],""printings"":[""HOB""],""availability"":[""arena"",""mtgo"",""paper""],""expansion"":{""id"":""HOB"",""name"":""The",Scrydex public web image / rescue 2026-08-29,True,2026-08-28 04:31:24.823418+00:00,2026-08-29 14:06:15.492862+00:00,SV4a-251,120,Pokemon,"[""Lightning""]",Stage1,Nisota Niso,G,のど袋を ふくらませて 電気を 増幅させる。 風に 乗って １日で ７００キロを 飛行する。,"[{""cost"":[""Colorless""],""damage"":null,""nameJa"":""だんけつサンダー"",""effectJa"":""相手のベンチポケモン1匹に、自分のトラッシュにある、ワザ「だんけつのつばさ」を持つポケモンの枚数×10ダメージ。［ベンチは弱点・抵抗力を計算しない。］""},{""cost"":[""Lightning"",""Colorless"",""Colorless""],""damage"":90,""nameJa"":""スピードウイング"",""effectJa"":null}]",[],"[{""type"":""Lightning"",""value"":""×2""}]","[{""type"":""Fighting"",""value"":""-30""}]",0,[941],,,251
51fae3e5-fe8f-4b90-bf08-3c259b2ba90e,2e3e2cf1-be86-4808-87f7-fe01973f0325,プクリン,プクリン,252,,holo,"https://images.scrydex.com/magicthegathering/HOB-252/small"",""medium"":""https://images.scrydex.com/magicthegathering/HOB-252/medium"",""large"":""https://images.scrydex.com/magicthegathering/HOB-252/large""}],""rulings"":[],""printings"":[""HOB""],""availability"":[""arena"",""mtgo"",""paper""],""expansion"":{""id"":""HOB"",""name"":""The",Scrydex public web image / rescue 2026-08-29,True,2026-08-28 04:31:24.823418+00:00,2026-08-29 14:06:15.492862+00:00,SV4a-252,110,Pokemon,"[""Psychic""]",Stage1,Kagemaru Himeno,G,キメ細やかな 毛皮の 持ち主。 怒らせると どんどん ふくらみ のしかかってくるので 注意。,"[{""cost"":[""Psychic"",""Colorless"",""Colorless""],""damage"":100,""nameJa"":""マジカルショット"",""effectJa"":null}]","[{""type"":""Ability"",""nameJa"":""バルーンセラピー"",""effectJa"":""自分の番に1回使える。自分の手札から「セラピーエネルギー」を1枚選び、自分のポケモンにつける。""}]","[{""type"":""Metal"",""value"":""×2""}]",[],2,[40],,,252
8c51160f-e16a-4d0c-adeb-19d7fb3c0666,2e3e2cf1-be86-4808-87f7-fe01973f0325,ユンゲラー,ユンゲラー,254,,holo,"https://images.scrydex.com/magicthegathering/HOB-254/small"",""medium"":""https://images.scrydex.com/magicthegathering/HOB-254/medium"",""large"":""https://images.scrydex.com/magicthegathering/HOB-254/large""}],""rulings"":[],""printings"":[""HOB"",""PW26""],""availability"":[""arena"",""mtgo"",""paper""],""expansion"":{""id"":""HOB"",""name"":""The",Scrydex public web image / rescue 2026-08-29,True,2026-08-28 04:31:24.823418+00:00,2026-08-29 14:06:15.492862+00:00,SV4a-254,80,Pokemon,"[""Psychic""]",Stage1,Souichirou Gunjima,G,念力の 威力は 絶大。 進化に 備えて 額の 星に サイコパワーを 蓄えている。,"[{""cost"":[""Psychic""],""damage"":30,""nameJa"":""テレポートアタック"",""effectJa"":""このポケモンをベンチポケモンと入れ替える。""}]",[],"[{""type"":""Darkness"",""value"":""×2""}]","[{""type"":""Fighting"",""value"":""-30""}]",1,[64],,,254
8bd06a67-7af0-475b-8e87-a8bc220ae435,2e3e2cf1-be86-4808-87f7-fe01973f0325,ピィ,ピィ,255,,holo,"https://images.scrydex.com/magicthegathering/HOB-255/small"",""medium"":""https://images.scrydex.com/magicthegathering/HOB-255/medium"",""large"":""https://images.scrydex.com/magicthegathering/HOB-255/large""}],""rulings"":[],""printings"":[""HOB""],""availability"":[""arena"",""mtgo"",""paper""],""expansion"":{""id"":""HOB"",""name"":""The",Scrydex public web image / rescue 2026-08-29,True,2026-08-28 04:31:24.823418+00:00,2026-08-29 14:06:15.492862+00:00,SV4a-255,30,Pokemon,"[""Psychic""]",Basic,Mizue,G,お星さまのような シルエット。 その姿から 流れ星に乗って やって来ると 信じられている。,"[{""cost"":[],""damage"":null,""nameJa"":""にぎにぎドロー"",""effectJa"":""自分の手札が7枚になるように、山札を引く。""}]",[],"[{""type"":""Metal"",""value"":""×2""}]",[],0,[173],,,255
7ca176e5-b1d3-411e-b640-baf663d37126,2e3e2cf1-be86-4808-87f7-fe01973f0325,ネイティ,ネイティ,256,,holo,"https://images.scrydex.com/magicthegathering/HOB-256/small"",""medium"":""https://images.scrydex.com/magicthegathering/HOB-256/medium"",""large"":""https://images.scrydex.com/magicthegathering/HOB-256/large""}],""rulings"":[],""printings"":[""HOB""],""availability"":[""arena"",""mtgo"",""paper""],""expansion"":{""id"":""HOB"",""name"":""The",Scrydex public web image / rescue 2026-08-29,True,2026-08-28 04:31:24.823418+00:00,2026-08-29 14:06:15.492862+00:00,SV4a-256,50,Pokemon,"[""Psychic""]",Basic,sowsow,G,羽が 育ちきって おらず 飛び跳ねるようにして 移動する。 いつも なにかを 見つめている。,"[{""cost"":[""Psychic""],""damage"":""10×"",""nameJa"":""さんれんづき"",""effectJa"":""コインを3回投げ、オモテの数×10ダメージ。""}]",[],"[{""type"":""Darkness"",""value"":""×2""}]","[{""type"":""Fighting"",""value"":""-30""}]",1,[177],,,256
5d276c04-ce18-4b94-89e0-8701b751ab96,2e3e2cf1-be86-4808-87f7-fe01973f0325,ネイティオ,ネイティオ,257,,holo,"https://images.scrydex.com/magicthegathering/HOB-257/small"",""medium"":""https://images.scrydex.com/magicthegathering/HOB-257/medium"",""large"":""https://images.scrydex.com/magicthegathering/HOB-257/large""}],""rulings"":[],""printings"":[""HOB""],""availability"":[""arena"",""mtgo"",""paper""],""expansion"":{""id"":""HOB"",""name"":""The",Scrydex public web image / rescue 2026-08-29,True,2026-08-28 04:31:24.823418+00:00,2026-08-29 14:06:15.492862+00:00,SV4a-257,100,Pokemon,"[""Psychic""]",Stage1,nagimiso,G,過去と 未来を 見通せる。 毎日 太陽の 動きを 見続けている 不思議な ポケモン。,"[{""cost"":[""Psychic"",""Colorless"",""Colorless""],""damage"":80,""nameJa"":""ちょうねんりき"",""effectJa"":null}]","[{""type"":""Ability"",""nameJa"":""アカシックセンス"",""effectJa"":""自分の番に1回使える。自分の手札から「基本エネルギー」を1枚選び、ベンチポケモンにつける。その後、自分の山札を2枚引く。""}]","[{""type"":""Darkness"",""value"":""×2""}]","[{""type"":""Fighting"",""value"":""-30""}]",1,[178],,,257
c93fe0c5-69c4-47dc-9120-92d8ee8e3c05,2e3e2cf1-be86-4808-87f7-fe01973f0325,ラルトス,ラルトス,258,,holo,"https://images.scrydex.com/magicthegathering/HOB-258/small"",""medium"":""https://images.scrydex.com/magicthegathering/HOB-258/medium"",""large"":""https://images.scrydex.com/magicthegathering/HOB-258/large""}],""rulings"":[],""printings"":[""HOB""],""availability"":[""arena"",""mtgo"",""paper""],""expansion"":{""id"":""HOB"",""name"":""The",Scrydex public web image / rescue 2026-08-29,True,2026-08-28 04:31:24.823418+00:00,2026-08-29 14:06:15.492862+00:00,SV4a-258,70,Pokemon,"[""Psychic""]",Basic,yuu,G,人の 感情を 頭の 赤い ツノで 敏感に キャッチする 力を 持つ。,"[{""cost"":[""Psychic"",""Colorless""],""damage"":30,""nameJa"":""サイコショット"",""effectJa"":null}]",[],"[{""type"":""Darkness"",""value"":""×2""}]","[{""type"":""Fighting"",""value"":""-30""}]",1,[280],,,258
dc5854dd-c3dd-4046-81bc-c3b0f837dd6c,2e3e2cf1-be86-4808-87f7-fe01973f0325,キルリア,キルリア,259,,holo,"https://images.scrydex.com/magicthegathering/HOB-259/small"",""medium"":""https://images.scrydex.com/magicthegathering/HOB-259/medium"",""large"":""https://images.scrydex.com/magicthegathering/HOB-259/large""}],""rulings"":[],""printings"":[""HOB""],""availability"":[""arena"",""mtgo"",""paper""],""expansion"":{""id"":""HOB"",""name"":""The",Scrydex public web image / rescue 2026-08-29,True,2026-08-28 04:31:24.823418+00:00,2026-08-29 14:06:15.492862+00:00,SV4a-259,90,Pokemon,"[""Psychic""]",Stage1,Ryuta Fuse,G,サイコパワーを 操り まわりの 空間を ねじ曲げることで 未来を 見通すことができる。,"[{""cost"":[""Psychic"",""Colorless""],""damage"":30,""nameJa"":""マジカルショット"",""effectJa"":null},{""cost"":[""Psychic"",""Psychic"",""Colorless""],""damage"":""60+"",""nameJa"":""サイコキネシス"",""effectJa"":""相手のバトルポケモンについているエネルギーの数×20ダメージ追加。""}]",[],"[{""type"":""Darkness"",""value"":""×2""}]","[{""type"":""Fighting"",""value"":""-30""}]",1,[281],,,259
0a474b01-ed13-418e-851d-c51244e7bdaa,2e3e2cf1-be86-4808-87f7-fe01973f0325,フワンテ,フワンテ,260,,holo,"https://images.scrydex.com/magicthegathering/HOB-260/small"",""medium"":""https://images.scrydex.com/magicthegathering/HOB-260/medium"",""large"":""https://images.scrydex.com/magicthegathering/HOB-260/large""}],""rulings"":[],""printings"":[""HOB""],""availability"":[""arena"",""mtgo"",""paper""],""expansion"":{""id"":""HOB"",""name"":""The",Scrydex public web image / rescue 2026-08-29,True,2026-08-28 04:31:24.823418+00:00,2026-08-29 14:06:15.492862+00:00,SV4a-260,70,Pokemon,"[""Psychic""]",Basic,Kyoko Umemoto,G,風船と 間違えて フワンテを 持っていた 小さな 子どもが 消えてしまうことが あるという。,"[{""cost"":[""Colorless"",""Colorless""],""damage"":10,""nameJa"":""かぜおこし"",""effectJa"":null},{""cost"":[""Psychic"",""Psychic""],""damage"":""30×"",""nameJa"":""バルーンボム"",""effectJa"":""このポケモンにのっているダメカンの数×30ダメージ。""}]",[],"[{""type"":""Darkness"",""value"":""×2""}]","[{""type"":""Fighting"",""value"":""-30""}]",1,[425],,,260
73c6f4df-d9f3-4443-be90-388cc320adcb,2e3e2cf1-be86-4808-87f7-fe01973f0325,フワライド,フワライド,261,,holo,"https://images.scrydex.com/magicthegathering/HOB-261/small"",""medium"":""https://images.scrydex.com/magicthegathering/HOB-261/medium"",""large"":""https://images.scrydex.com/magicthegathering/HOB-261/large""}],""rulings"":[],""printings"":[""HOB""],""availability"":[""arena"",""mtgo"",""paper""],""expansion"":{""id"":""HOB"",""name"":""The",Scrydex public web image / rescue 2026-08-29,True,2026-08-28 04:31:24.823418+00:00,2026-08-29 14:06:15.492862+00:00,SV4a-261,110,Pokemon,"[""Psychic""]",Stage1,otumami,G,体の 中で ガスを 作ったり 吐き出したり することで 空を 飛ぶ 高さを 調節する。,"[{""cost"":[""Colorless"",""Colorless""],""damage"":30,""nameJa"":""かぜおこし"",""effectJa"":null},{""cost"":[""Psychic"",""Psychic"",""Psychic""],""damage"":null,""nameJa"":""のろいをばらまく"",""effectJa"":""ダメカン8個を、相手のポケモンに好きなようにのせる。""}]",[],"[{""type"":""Darkness"",""value"":""×2""}]","[{""type"":""Fighting"",""value"":""-30""}]",1,[426],,,261
ccd2635d-b8d8-4cc3-90eb-dfbe0e2b1fb1,2e3e2cf1-be86-4808-87f7-fe01973f0325,マネネ,マネネ,262,,holo,"https://images.scrydex.com/magicthegathering/HOB-262/small"",""medium"":""https://images.scrydex.com/magicthegathering/HOB-262/medium"",""large"":""https://images.scrydex.com/magicthegathering/HOB-262/large""}],""rulings"":[],""printings"":[""HOB""],""availability"":[""arena"",""mtgo"",""paper""],""expansion"":{""id"":""HOB"",""name"":""The",Scrydex public web image / rescue 2026-08-29,True,2026-08-28 04:31:24.823418+00:00,2026-08-29 14:06:15.492862+00:00,SV4a-262,30,Pokemon,"[""Psychic""]",Basic,Saya Tsuruta,G,相手の 動きを そっくりに 真似を して 戸惑わせている あいだに さっさと 逃げるのだ。,"[{""cost"":[],""damage"":null,""nameJa"":""マネマネごっこ"",""effectJa"":""相手は相手自身の場のポケモンが持っているワザを1つ選ぶ。選ばれたワザをこのワザとして使う。""}]",[],"[{""type"":""Darkness"",""value"":""×2""}]","[{""type"":""Fighting"",""value"":""-30""}]",0,[439],,,262
3a37166f-03b1-446f-9848-7494700ee737,2e3e2cf1-be86-4808-87f7-fe01973f0325,ミカルゲ,ミカルゲ,263,,holo,"https://images.scrydex.com/magicthegathering/HOB-263/small"",""medium"":""https://images.scrydex.com/magicthegathering/HOB-263/medium"",""large"":""https://images.scrydex.com/magicthegathering/HOB-263/large""}],""rulings"":[],""printings"":[""HOB""],""availability"":[""arena"",""mtgo"",""paper""],""expansion"":{""id"":""HOB"",""name"":""The",Scrydex public web image / rescue 2026-08-29,True,2026-08-28 04:31:24.823418+00:00,2026-08-29 14:06:15.492862+00:00,SV4a-263,60,Pokemon,"[""Psychic""]",Basic,MAHOU,G,いつも 悪さばかり していたら 不思議な 術で 本体を 要石に 縛りつけられた。,"[{""cost"":[""Colorless""],""damage"":10,""nameJa"":""ぱっときえる"",""effectJa"":""このポケモンと、ついているすべてのカードを、手札にもどす。""}]","[{""type"":""Ability"",""nameJa"":""しっこくのわざわい"",""effectJa"":""このポケモンがいるかぎり、おたがいの場のたねポケモンの「ポケモンV」の特性は、すべてなくなる。""}]","[{""type"":""Darkness"",""value"":""×2""}]","[{""type"":""Fighting"",""value"":""-30""}]",1,[442],,,263
9e175bd8-73e1-437d-adda-bef0c91887c9,2e3e2cf1-be86-4808-87f7-fe01973f0325,クレッフィ,クレッフィ,264,,holo,"https://images.scrydex.com/pokemon/swsh8-264/small"",""medium"":""https://images.scrydex.com/pokemon/swsh8-264/medium"",""large"":""https://images.scrydex.com/pokemon/swsh8-264/large""}],""expansion"":{""id"":""swsh8"",""name"":""Fusion",Scrydex public web image / rescue 2026-08-29,True,2026-08-28 04:31:24.823418+00:00,2026-08-29 14:06:15.492862+00:00,SV4a-264,70,Pokemon,"[""Psychic""]",Basic,yuu,G,昔の 貴族は 金庫の カギを 管理させる クレッフィを 代々 引き継ぎ 大切に 扱った。,"[{""cost"":[""Colorless""],""damage"":10,""nameJa"":""ねらいおとす"",""effectJa"":""ダメージを与える前に、相手のバトルポケモンについている「ポケモンのどうぐ」をトラッシュする。""}]","[{""type"":""Ability"",""nameJa"":""いたずらロック"",""effectJa"":""このポケモンがバトル場にいるかぎり、おたがいの場のたねポケモンの特性（「いたずらロック」をのぞく）は、すべてなくなる。""}]","[{""type"":""Metal"",""value"":""×2""}]",[],1,[707],,,264
10f880e9-c447-4924-bf4d-d7e4b2ee38b8,2e3e2cf1-be86-4808-87f7-fe01973f0325,ミミッキュ,ミミッキュ,265,,holo,"https://images.scrydex.com/magicthegathering/HOB-265/small"",""medium"":""https://images.scrydex.com/magicthegathering/HOB-265/medium"",""large"":""https://images.scrydex.com/magicthegathering/HOB-265/large""}],""rulings"":[],""printings"":[""HOB""],""availability"":[""arena"",""mtgo"",""paper""],""expansion"":{""id"":""HOB"",""name"":""The",Scrydex public web image / rescue 2026-08-29,True,2026-08-28 04:31:24.823418+00:00,2026-08-29 14:06:15.492862+00:00,SV4a-265,70,Pokemon,"[""Psychic""]",Basic,Nelnal,G,陽の 当たらない 暗がりに 棲む。 人前に 出るときは ピカチュウに 似せた 布で 全身を 隠す。,"[{""cost"":[""Psychic"",""Colorless""],""damage"":null,""nameJa"":""ゴーストアイ"",""effectJa"":""相手のバトルポケモンに、ダメカンを7個のせる。""}]","[{""type"":""Ability"",""nameJa"":""しんぴのまもり"",""effectJa"":""このポケモンは、相手の「ポケモンex・V」からワザのダメージを受けない。""}]","[{""type"":""Metal"",""value"":""×2""}]",[],1,[778],,,265
988e8687-f50a-41eb-bee3-6a7c016fb6f1,2e3e2cf1-be86-4808-87f7-fe01973f0325,パピモッチ,パピモッチ,266,,holo,"https://images.scrydex.com/magicthegathering/HOB-266/small"",""medium"":""https://images.scrydex.com/magicthegathering/HOB-266/medium"",""large"":""https://images.scrydex.com/magicthegathering/HOB-266/large""}],""rulings"":[],""printings"":[""HOB""],""availability"":[""arena"",""mtgo"",""paper""],""expansion"":{""id"":""HOB"",""name"":""The",Scrydex public web image / rescue 2026-08-29,True,2026-08-28 04:31:24.823418+00:00,2026-08-29 14:06:15.492862+00:00,SV4a-266,50,Pokemon,"[""Psychic""]",Basic,sowsow,G,しっとり すべすべの 触り心地。 吐息に 含まれている 酵母で まわりのものを 発酵させる。,"[{""cost"":[""Colorless"",""Colorless""],""damage"":20,""nameJa"":""うしろげり"",""effectJa"":null}]",[],"[{""type"":""Metal"",""value"":""×2""}]",[],1,[926],,,266
939ccbbc-f46e-492e-b4c0-37f0d449c85f,2e3e2cf1-be86-4808-87f7-fe01973f0325,バウッツェル,バウッツェル,267,,holo,"https://images.scrydex.com/magicthegathering/HOB-267/small"",""medium"":""https://images.scrydex.com/magicthegathering/HOB-267/medium"",""large"":""https://images.scrydex.com/magicthegathering/HOB-267/large""}],""rulings"":[],""printings"":[""HOB""],""availability"":[""arena"",""mtgo"",""paper""],""expansion"":{""id"":""HOB"",""name"":""The",Scrydex public web image / rescue 2026-08-29,True,2026-08-28 04:31:24.823418+00:00,2026-08-29 14:06:15.492862+00:00,SV4a-267,90,Pokemon,"[""Psychic""]",Stage1,Sanosuke Sakuma,G,体から 放つ 良い香りが 小麦の 成長を 助けるため 農村で 大切にされてきた。,"[{""cost"":[""Psychic"",""Colorless"",""Colorless""],""damage"":100,""nameJa"":""とびだしヘッド"",""effectJa"":null}]","[{""type"":""Ability"",""nameJa"":""こんがりボディ"",""effectJa"":""このポケモンは、相手のポケモンからワザのダメージを受けず、やけどにならない。""}]","[{""type"":""Metal"",""value"":""×2""}]",[],1,[927],,,267
9e733405-1262-491b-88e9-5f99e7f19d02,2e3e2cf1-be86-4808-87f7-fe01973f0325,ソウブレイズ,ソウブレイズ,268,,holo,"https://images.scrydex.com/magicthegathering/HOB-268/small"",""medium"":""https://images.scrydex.com/magicthegathering/HOB-268/medium"",""large"":""https://images.scrydex.com/magicthegathering/HOB-268/large""}],""rulings"":[],""printings"":[""HOB""],""availability"":[""arena"",""mtgo"",""paper""],""expansion"":{""id"":""HOB"",""name"":""The",Scrydex public web image / rescue 2026-08-29,True,2026-08-28 04:31:24.823418+00:00,2026-08-29 14:06:15.492862+00:00,SV4a-268,140,Pokemon,"[""Psychic""]",Stage1,Kouki Saitou,G,両腕の 炎の剣は 志半ばで 力つきた 剣士の 怨念で 燃え上がる。,"[{""cost"":[""Colorless"",""Colorless""],""damage"":50,""nameJa"":""ライフサッカー"",""effectJa"":""このポケモンのHPを「30」回復する。""},{""cost"":[""Psychic"",""Colorless"",""Colorless""],""damage"":""100+"",""nameJa"":""とうしのたいけん"",""effectJa"":""相手のバトルポケモンが「ポケモンex・V」なら、100ダメージ追加。""}]",[],"[{""type"":""Darkness"",""value"":""×2""}]","[{""type"":""Fighting"",""value"":""-30""}]",2,[937],,,268
2782789d-6a74-4864-8a9e-64933914222e,2e3e2cf1-be86-4808-87f7-fe01973f0325,ベラカス,ベラカス,269,,holo,"https://images.scrydex.com/magicthegathering/HOB-269/small"",""medium"":""https://images.scrydex.com/magicthegathering/HOB-269/medium"",""large"":""https://images.scrydex.com/magicthegathering/HOB-269/large""}],""rulings"":[],""printings"":[""HOB""],""availability"":[""arena"",""mtgo"",""paper""],""expansion"":{""id"":""HOB"",""name"":""The",Scrydex public web image / rescue 2026-08-29,True,2026-08-28 04:31:24.823418+00:00,2026-08-29 14:06:15.492862+00:00,SV4a-269,70,Pokemon,"[""Psychic""]",Stage1,Nelnal,G,玉を 支える 体は ほとんど 動かないため 本体は 玉の中にいると 考えられている。,"[{""cost"":[""Colorless""],""damage"":null,""nameJa"":""さいきのいのり"",""effectJa"":""自分のトラッシュからポケモンを1枚選び、ベンチに出す。""},{""cost"":[""Psychic"",""Psychic""],""damage"":50,""nameJa"":""サイケこうせん"",""effectJa"":""相手のバトルポケモンをこんらんにする。""}]",[],"[{""type"":""Darkness"",""value"":""×2""}]","[{""type"":""Fighting"",""value"":""-30""}]",1,[954],,,269
b8cdb0c4-2c77-4959-8a50-47be07c25101,2e3e2cf1-be86-4808-87f7-fe01973f0325,ヒラヒナ,ヒラヒナ,270,,holo,"https://images.scrydex.com/magicthegathering/HOB-270/small"",""medium"":""https://images.scrydex.com/magicthegathering/HOB-270/medium"",""large"":""https://images.scrydex.com/magicthegathering/HOB-270/large""}],""rulings"":[],""printings"":[""HOB""],""availability"":[""arena"",""mtgo"",""paper""],""expansion"":{""id"":""HOB"",""name"":""The",Scrydex public web image / rescue 2026-08-29,True,2026-08-28 04:31:24.823418+00:00,2026-08-29 14:06:15.492862+00:00,SV4a-270,30,Pokemon,"[""Psychic""]",Basic,Kyoko Umemoto,G,お腹の ヒラヒラから 放射する サイコパワーで わずか １センチだけ つま先が 地面から 浮いている。,"[{""cost"":[""Psychic"",""Colorless""],""damage"":20,""nameJa"":""ねんりき"",""effectJa"":""コインを1回投げオモテなら、相手のバトルポケモンをマヒにする。""}]",[],"[{""type"":""Darkness"",""value"":""×2""}]","[{""type"":""Fighting"",""value"":""-30""}]",1,[955],,,270
39483c05-cd0f-4077-8852-2765c40f1944,2e3e2cf1-be86-4808-87f7-fe01973f0325,カヌチャン,カヌチャン,271,,holo,"https://images.scrydex.com/magicthegathering/HOB-271/small"",""medium"":""https://images.scrydex.com/magicthegathering/HOB-271/medium"",""large"":""https://images.scrydex.com/magicthegathering/HOB-271/large""}],""rulings"":[],""printings"":[""HOB""],""availability"":[""arena"",""mtgo"",""paper""],""expansion"":{""id"":""HOB"",""name"":""The",Scrydex public web image / rescue 2026-08-29,True,2026-08-28 04:31:24.823418+00:00,2026-08-29 14:06:15.492862+00:00,SV4a-271,60,Pokemon,"[""Psychic""]",Basic,yuu,G,手作りの ハンマーを 振りまわして 身を 守るが 金属を 食べる ポケモンには よく 奪われる。,"[{""cost"":[""Colorless""],""damage"":null,""nameJa"":""てつクズひろい"",""effectJa"":""自分のトラッシュからグッズを1枚選び、相手に見せて、手札に加える。""},{""cost"":[""Psychic"",""Colorless"",""Colorless""],""damage"":30,""nameJa"":""ようせいのかぜ"",""effectJa"":null}]",[],"[{""type"":""Metal"",""value"":""×2""}]",[],1,[957],,,271
e4d837f8-d98a-44d1-9994-132dc41565d7,2e3e2cf1-be86-4808-87f7-fe01973f0325,ナカヌチャン,ナカヌチャン,272,,holo,"https://images.scrydex.com/magicthegathering/HOB-272/small"",""medium"":""https://images.scrydex.com/magicthegathering/HOB-272/medium"",""large"":""https://images.scrydex.com/magicthegathering/HOB-272/large""}],""rulings"":[],""printings"":[""HOB""],""availability"":[""arena"",""mtgo"",""paper""],""expansion"":{""id"":""HOB"",""name"":""The",Scrydex public web image / rescue 2026-08-29,True,2026-08-28 04:31:24.823418+00:00,2026-08-29 14:06:15.492862+00:00,SV4a-272,90,Pokemon,"[""Psychic""]",Stage1,Yuu Nishida,G,大きくて 頑丈な ハンマーを 作るために キリキザンの 群れを 襲って 金属を 集める。,"[{""cost"":[""Colorless"",""Colorless""],""damage"":""30+"",""nameJa"":""じゃれつく"",""effectJa"":""コインを1回投げオモテなら、30ダメージ追加。""},{""cost"":[""Psychic"",""Colorless"",""Colorless""],""damage"":60,""nameJa"":""ふんさいプレス"",""effectJa"":""このワザのダメージは、相手のバトルポケモンにかかっている効果を計算しない。""}]",[],"[{""type"":""Metal"",""value"":""×2""}]",[],2,[958],,,272
7b4e92d4-ae6b-4448-aec7-8790116150f6,2e3e2cf1-be86-4808-87f7-fe01973f0325,デカヌチャン,デカヌチャン,273,,holo,"https://images.scrydex.com/magicthegathering/HOB-273/small"",""medium"":""https://images.scrydex.com/magicthegathering/HOB-273/medium"",""large"":""https://images.scrydex.com/magicthegathering/HOB-273/large""}],""rulings"":[],""printings"":[""HOB""],""availability"":[""arena"",""mtgo"",""paper""],""expansion"":{""id"":""HOB"",""name"":""The",Scrydex public web image / rescue 2026-08-29,True,2026-08-28 04:31:24.823418+00:00,2026-08-29 14:06:15.492862+00:00,SV4a-273,140,Pokemon,"[""Psychic""]",Stage2,Kagemaru Himeno,G,知能が 高く とても 豪快。 ハンマーで 岩を 殴り飛ばして 空飛ぶ アーマーガアを 狙う。,"[{""cost"":[""Psychic"",""Colorless""],""damage"":""90+"",""nameJa"":""スペシャルハンマー"",""effectJa"":""このポケモンに特殊エネルギーがついているなら、90ダメージ追加。""}]","[{""type"":""Ability"",""nameJa"":""そざいあつめ"",""effectJa"":""自分の番に、自分の手札を1枚トラッシュするなら、1回使える。自分の山札を3枚引く。""}]","[{""type"":""Metal"",""value"":""×2""}]",[],2,[959],,,273
69cd924e-349f-416a-b2a3-4b4c4676b952,2e3e2cf1-be86-4808-87f7-fe01973f0325,ハカドッグ,ハカドッグ,275,,holo,"https://images.scrydex.com/magicthegathering/HOB-275/small"",""medium"":""https://images.scrydex.com/magicthegathering/HOB-275/medium"",""large"":""https://images.scrydex.com/magicthegathering/HOB-275/large""}],""rulings"":[],""printings"":[""HOB""],""availability"":[""arena"",""mtgo"",""paper""],""expansion"":{""id"":""HOB"",""name"":""The",Scrydex public web image / rescue 2026-08-29,True,2026-08-28 04:31:24.823418+00:00,2026-08-29 14:06:15.492862+00:00,SV4a-275,140,Pokemon,"[""Psychic""]",Stage1,Shin Nagasawa,G,大切に 弔われた ポケモンが 生まれ変わった 姿。 頭の 突起を 触られるのは 嫌い。,"[{""cost"":[""Psychic"",""Psychic""],""damage"":""80+"",""nameJa"":""おはかまいり"",""effectJa"":""自分のトラッシュにあるポケモンの枚数×10ダメージ追加。""}]",[],"[{""type"":""Darkness"",""value"":""×2""}]","[{""type"":""Fighting"",""value"":""-30""}]",3,[972],,,275
bfca9079-86b5-488c-afc2-309dbf8721b8,2e3e2cf1-be86-4808-87f7-fe01973f0325,マンキー,マンキー,276,,holo,"https://images.scrydex.com/magicthegathering/HOB-276/small"",""medium"":""https://images.scrydex.com/magicthegathering/HOB-276/medium"",""large"":""https://images.scrydex.com/magicthegathering/HOB-276/large""}],""rulings"":[],""printings"":[""HOB""],""availability"":[""arena"",""mtgo"",""paper""],""expansion"":{""id"":""HOB"",""name"":""The",Scrydex public web image / rescue 2026-08-29,True,2026-08-28 04:31:24.823418+00:00,2026-08-29 14:06:15.492862+00:00,SV4a-276,60,Pokemon,"[""Fighting""]",Basic,nagimiso,G,普段は 機嫌が 良くても ちょっとしたことで いきなり 暴れだすから 怖いのだ。,"[{""cost"":[""Fighting""],""damage"":30,""nameJa"":""さるなぐり"",""effectJa"":""このポケモンにも10ダメージ。""}]",[],"[{""type"":""Psychic"",""value"":""×2""}]",[],1,[56],,,276
e61b430d-7ba9-410a-adb4-f4110cc8445f,2e3e2cf1-be86-4808-87f7-fe01973f0325,オコリザル,オコリザル,277,,holo,"https://images.scrydex.com/magicthegathering/HOB-277/small"",""medium"":""https://images.scrydex.com/magicthegathering/HOB-277/medium"",""large"":""https://images.scrydex.com/magicthegathering/HOB-277/large""}],""rulings"":[],""printings"":[""HOB""],""availability"":[""arena"",""mtgo"",""paper""],""expansion"":{""id"":""HOB"",""name"":""The",Scrydex public web image / rescue 2026-08-29,True,2026-08-28 04:31:24.823418+00:00,2026-08-29 14:06:15.492862+00:00,SV4a-277,90,Pokemon,"[""Fighting""]",Stage1,Scav,G,ある研究者の 学説では モンスターボールの 中でも オコリザルは 怒っているらしい。,"[{""cost"":[""Fighting""],""damage"":70,""nameJa"":null,""effectJa"":""このポケモンにも20ダメージ。""}]",[],"[{""type"":""Psychic"",""value"":""×2""}]",[],1,[57],,,277
c854c37f-bab3-46c4-8992-17dce1017ec1,2e3e2cf1-be86-4808-87f7-fe01973f0325,コノヨザル,コノヨザル,278,,holo,"https://images.scrydex.com/magicthegathering/HOB-278/small"",""medium"":""https://images.scrydex.com/magicthegathering/HOB-278/medium"",""large"":""https://images.scrydex.com/magicthegathering/HOB-278/large""}],""rulings"":[],""printings"":[""HOB""],""availability"":[""arena"",""mtgo"",""paper""],""expansion"":{""id"":""HOB"",""name"":""The",Scrydex public web image / rescue 2026-08-29,True,2026-08-28 04:31:24.823418+00:00,2026-08-29 14:06:15.492862+00:00,SV4a-278,140,Pokemon,"[""Fighting""]",Stage2,Hitoshi Ariga,G,心に 秘めた 怒りのパワーを こぶしに 込めて 叩きつけると 相手を 骨の髄から 砕く。,"[{""cost"":[""Fighting""],""damage"":""70×"",""nameJa"":""ふんどのこぶし"",""effectJa"":""相手がすでにとったサイドの枚数×70ダメージ。""},{""cost"":[""Fighting"",""Fighting""],""damage"":170,""nameJa"":""ダイナマイトパンチ"",""effectJa"":""このポケモンにも50ダメージ。""}]",[],"[{""type"":""Psychic"",""value"":""×2""}]",[],2,[979],,,278
81a5aa36-02a8-48ef-a337-2344d83663c6,2e3e2cf1-be86-4808-87f7-fe01973f0325,パルデア ケンタロス,パルデアケンタロス,279,,holo,"https://images.scrydex.com/magicthegathering/HOB-279/small"",""medium"":""https://images.scrydex.com/magicthegathering/HOB-279/medium"",""large"":""https://images.scrydex.com/magicthegathering/HOB-279/large""}],""rulings"":[],""printings"":[""HOB""],""availability"":[""arena"",""mtgo"",""paper""],""expansion"":{""id"":""HOB"",""name"":""The",Scrydex public web image / rescue 2026-08-29,True,2026-08-28 04:31:24.823418+00:00,2026-08-29 14:06:15.492862+00:00,SV4a-279,130,Pokemon,"[""Fighting""]",Basic,nagimiso,G,ぶ厚く 力強い 筋肉と 気性の 荒さが 特徴。 コンバット種と 呼ばれる。,"[{""cost"":[""Colorless"",""Colorless""],""damage"":""20+"",""nameJa"":""いかりのつの"",""effectJa"":""このポケモンにのっているダメカンの数×10ダメージ追加。""},{""cost"":[""Fighting"",""Fighting"",""Colorless""],""damage"":130,""nameJa"":""コンバットタックル"",""effectJa"":""このポケモンにも30ダメージ。""}]",[],"[{""type"":""Psychic"",""value"":""×2""}]",[],2,[128],,,279
a385c5c2-6e95-47dc-b43e-8999eda110d6,2e3e2cf1-be86-4808-87f7-fe01973f0325,リオル,リオル,280,,holo,"https://images.scrydex.com/magicthegathering/HOB-280/small"",""medium"":""https://images.scrydex.com/magicthegathering/HOB-280/medium"",""large"":""https://images.scrydex.com/magicthegathering/HOB-280/large""}],""rulings"":[],""printings"":[""HOB""],""availability"":[""arena"",""mtgo"",""paper""],""expansion"":{""id"":""HOB"",""name"":""The",Scrydex public web image / rescue 2026-08-29,True,2026-08-28 04:31:24.823418+00:00,2026-08-29 14:06:15.492862+00:00,SV4a-280,70,Pokemon,"[""Fighting""]",Basic,sowsow,G,仲間同士で 波動を 出して コミュニケーションを とっている。 一晩中 走り続けられる。,"[{""cost"":[""Fighting""],""damage"":10,""nameJa"":""パンチ"",""effectJa"":null},{""cost"":[""Fighting"",""Colorless""],""damage"":50,""nameJa"":""とつげき"",""effectJa"":""このポケモンにも20ダメージ。""}]",[],"[{""type"":""Psychic"",""value"":""×2""}]",[],1,[447],,,280
3d5bb2d4-84b3-4d7d-9b51-c0d06b6195ca,2e3e2cf1-be86-4808-87f7-fe01973f0325,ルカリオ,ルカリオ,281,,holo,"https://images.scrydex.com/magicthegathering/HOB-281/small"",""medium"":""https://images.scrydex.com/magicthegathering/HOB-281/medium"",""large"":""https://images.scrydex.com/magicthegathering/HOB-281/large""}],""rulings"":[],""printings"":[""HOB""],""availability"":[""arena"",""mtgo"",""paper""],""expansion"":{""id"":""HOB"",""name"":""The",Scrydex public web image / rescue 2026-08-29,True,2026-08-28 04:31:24.823418+00:00,2026-08-29 14:06:15.492862+00:00,SV4a-281,130,Pokemon,"[""Fighting""]",Stage1,Shin Nagasawa,G,波動を キャッチすることで 見えない 相手の 姿でも 見えると 言われている。,"[{""cost"":[""Fighting""],""damage"":""30+"",""nameJa"":""アベンジナックル"",""effectJa"":""前の相手の番に、ワザのダメージで、自分のポケモンがきぜつしていたなら、120ダメージ追加。""},{""cost"":[""Fighting"",""Colorless"",""Colorless""],""damage"":120,""nameJa"":""かそくづき"",""effectJa"":""次の自分の番、このポケモンは「かそくづき」が使えない。""}]",[],"[{""type"":""Psychic"",""value"":""×2""}]",[],2,[448],,,281
2011a608-996a-4d31-98c0-85018548aed0,2e3e2cf1-be86-4808-87f7-fe01973f0325,ルチャブル,ルチャブル,282,,holo,"https://images.scrydex.com/magicthegathering/HOB-282/small"",""medium"":""https://images.scrydex.com/magicthegathering/HOB-282/medium"",""large"":""https://images.scrydex.com/magicthegathering/HOB-282/large""}],""rulings"":[],""printings"":[""HOB""],""availability"":[""arena"",""mtgo"",""paper""],""expansion"":{""id"":""HOB"",""name"":""The",Scrydex public web image / rescue 2026-08-29,True,2026-08-28 04:31:24.823418+00:00,2026-08-29 14:06:15.492862+00:00,SV4a-282,70,Pokemon,"[""Fighting""]",Basic,Souichirou Gunjima,G,翼を 使い 軽やかに 跳び 相手を 華麗に 仕留める 技は 生まれ育った 森で 磨かれる。,"[{""cost"":[""Fighting"",""Colorless"",""Colorless""],""damage"":70,""nameJa"":""つばさでうつ"",""effectJa"":null}]","[{""type"":""Ability"",""nameJa"":""フライングエントリー"",""effectJa"":""自分の番に、このカードを手札からベンチに出したとき、1回使える。相手のベンチポケモン2匹に、それぞれダメカンを1個のせる。""}]","[{""type"":""Psychic"",""value"":""×2""}]",[],1,[701],,,282
0d5db5d9-72a8-4c6c-b18a-ea1045f8b579,2e3e2cf1-be86-4808-87f7-fe01973f0325,コジオ,コジオ,283,,holo,"https://images.scrydex.com/magicthegathering/HOB-283/small"",""medium"":""https://images.scrydex.com/magicthegathering/HOB-283/medium"",""large"":""https://images.scrydex.com/magicthegathering/HOB-283/large""}],""rulings"":[],""printings"":[""HOB""],""availability"":[""arena"",""mtgo"",""paper""],""expansion"":{""id"":""HOB"",""name"":""The",Scrydex public web image / rescue 2026-08-29,True,2026-08-28 04:31:24.823418+00:00,2026-08-29 14:06:15.492862+00:00,SV4a-283,70,Pokemon,"[""Fighting""]",Basic,Yuu Nishida,G,地底の 岩塩層で 生まれた。 貴重な 塩を 分けてくれるため 昔は とくに 大事にされた。,"[{""cost"":[""Fighting""],""damage"":null,""nameJa"":""しおぬり"",""effectJa"":""自分のポケモン1匹のHPを「20」回復する。""},{""cost"":[""Fighting"",""Fighting""],""damage"":30,""nameJa"":""たいあたり"",""effectJa"":null}]",[],"[{""type"":""Grass"",""value"":""×2""}]",[],3,[932],,,283
92b3fc15-99f7-4ce9-9811-fd7b42caa83b,2e3e2cf1-be86-4808-87f7-fe01973f0325,キョジオーン,キョジオーン,285,,holo,"https://images.scrydex.com/magicthegathering/HOB-285/small"",""medium"":""https://images.scrydex.com/magicthegathering/HOB-285/medium"",""large"":""https://images.scrydex.com/magicthegathering/HOB-285/large""}],""rulings"":[],""printings"":[""HOB""],""availability"":[""arena"",""mtgo"",""paper""],""expansion"":{""id"":""HOB"",""name"":""The",Scrydex public web image / rescue 2026-08-29,True,2026-08-28 04:31:24.823418+00:00,2026-08-29 14:06:15.492862+00:00,SV4a-285,180,Pokemon,"[""Fighting""]",Stage2,Kouki Saitou,G,指先を 擦りあわせて 塩を ケガした ポケモンに 振りかけると ひどい 傷も たちまち 治る。,"[{""cost"":[""Fighting"",""Fighting""],""damage"":130,""nameJa"":""ノックハンマー"",""effectJa"":""相手の山札を上から1枚トラッシュする。""}]","[{""type"":""Ability"",""nameJa"":""めぐみのしお"",""effectJa"":""このポケモンがいるかぎり、ポケモンチェックのたび、自分のポケモン全員のHPを、それぞれ「20」回復する。""}]","[{""type"":""Grass"",""value"":""×2""}]",[],3,[934],,,285
29cea58d-d9b9-4460-a475-8a56563f6515,2e3e2cf1-be86-4808-87f7-fe01973f0325,キラーメ,キラーメ,286,,holo,"https://images.scrydex.com/magicthegathering/HOB-286/small"",""medium"":""https://images.scrydex.com/magicthegathering/HOB-286/medium"",""large"":""https://images.scrydex.com/magicthegathering/HOB-286/large""}],""rulings"":[],""printings"":[""HOB""],""availability"":[""arena"",""mtgo"",""paper""],""expansion"":{""id"":""HOB"",""name"":""The",Scrydex public web image / rescue 2026-08-29,True,2026-08-28 04:31:24.823418+00:00,2026-08-29 14:06:15.492862+00:00,SV4a-286,40,Pokemon,"[""Fighting""]",Basic,nagimiso,G,洞窟の 壁から 栄養分を 吸収。 毒の 結晶で できた 花びらを 身にまとう。,"[{""cost"":[""Fighting""],""damage"":null,""nameJa"":""かくせい"",""effectJa"":""このポケモンから進化するカードを、自分の山札から1枚選び、このポケモンにのせて進化させる。そして山札を切る。""}]",[],"[{""type"":""Grass"",""value"":""×2""}]",[],1,[969],,,286
793adc72-cc7f-4913-b735-85648e66e20c,2e3e2cf1-be86-4808-87f7-fe01973f0325,パルデア ウパー,パルデアウパー,287,,holo,"https://images.scrydex.com/magicthegathering/HOB-287/small"",""medium"":""https://images.scrydex.com/magicthegathering/HOB-287/medium"",""large"":""https://images.scrydex.com/magicthegathering/HOB-287/large""}],""rulings"":[],""printings"":[""HOB""],""availability"":[""arena"",""mtgo"",""paper""],""expansion"":{""id"":""HOB"",""name"":""The",Scrydex public web image / rescue 2026-08-29,True,2026-08-28 04:31:24.823418+00:00,2026-08-29 14:06:15.492862+00:00,SV4a-287,60,Pokemon,"[""Darkness""]",Basic,Nisota Niso,G,縄張り争いに 敗れて 陸で 暮らすうちに 毒の 粘膜で 体を 保護するように 変わった。,"[{""cost"":[""Colorless""],""damage"":null,""nameJa"":""すみかをさがす"",""effectJa"":""自分の山札からスタジアムを1枚選び、相手に見せて、手札に加える。そして山札を切る。""},{""cost"":[""Darkness""],""damage"":10,""nameJa"":""ぶつかる"",""effectJa"":null}]",[],"[{""type"":""Fighting"",""value"":""×2""}]",[],2,[194],,,287
f6fd5616-9bcc-46ae-9c43-d72ac506d913,2e3e2cf1-be86-4808-87f7-fe01973f0325,ヤミカラス,ヤミカラス,288,,holo,"https://images.scrydex.com/magicthegathering/HOB-288/small"",""medium"":""https://images.scrydex.com/magicthegathering/HOB-288/medium"",""large"":""https://images.scrydex.com/magicthegathering/HOB-288/large""}],""rulings"":[{""date"":""2017/09/29"",""text"":""Settle",Scrydex public web image / rescue 2026-08-29,True,2026-08-28 04:31:24.823418+00:00,2026-08-29 14:06:15.492862+00:00,SV4a-288,60,Pokemon,"[""Darkness""]",Basic,Hitoshi Ariga,G,夜 姿を 見かけると 不吉なことが 起きると 信じられ 忌み嫌われている ポケモン。,"[{""cost"":[""Colorless""],""damage"":10,""nameJa"":""スピンターン"",""effectJa"":""このポケモンをベンチポケモンと入れ替える。""},{""cost"":[""Darkness""],""damage"":""20×"",""nameJa"":""だんけつのつばさ"",""effectJa"":""自分のトラッシュにある、ワザ「だんけつのつばさ」を持つポケモンの枚数×20ダメージ。""}]",[],"[{""type"":""Lightning"",""value"":""×2""}]","[{""type"":""Fighting"",""value"":""-30""}]",1,[198],,,288
33330e95-57c7-4c2b-8a4e-22314eb7c602,2e3e2cf1-be86-4808-87f7-fe01973f0325,マニューラ,マニューラ,290,,holo,"https://images.scrydex.com/magicthegathering/HOB-290/small"",""medium"":""https://images.scrydex.com/magicthegathering/HOB-290/medium"",""large"":""https://images.scrydex.com/magicthegathering/HOB-290/large""}],""rulings"":[],""printings"":[""HOB""],""availability"":[""arena"",""mtgo"",""paper""],""expansion"":{""id"":""HOB"",""name"":""The",Scrydex public web image / rescue 2026-08-29,True,2026-08-28 04:31:24.823418+00:00,2026-08-29 14:06:15.492862+00:00,SV4a-290,110,Pokemon,"[""Darkness""]",Stage1,Shin Nagasawa,G,進化して さらに ずる賢くなり ツメで 石に サインをつけて コミュニケーションを はかっている。,"[{""cost"":[""Darkness"",""Colorless""],""damage"":70,""nameJa"":""スラッシュクロー"",""effectJa"":null}]","[{""type"":""Ability"",""nameJa"":""アサルトハント"",""effectJa"":""自分の番に、このポケモンがベンチからバトル場に出たとき、1回使える。相手のベンチのたねポケモンを1匹選び、バトルポケモンと入れ替える。""}]","[{""type"":""Grass"",""value"":""×2""}]",[],1,[461],,,290
4f5af842-6c84-45c4-b70e-e1c1c38ce2cf,2e3e2cf1-be86-4808-87f7-fe01973f0325,ヤミラミ,ヤミラミ,291,,holo,"https://images.scrydex.com/magicthegathering/HOB-291/small"",""medium"":""https://images.scrydex.com/magicthegathering/HOB-291/medium"",""large"":""https://images.scrydex.com/magicthegathering/HOB-291/large""}],""rulings"":[],""printings"":[""HOB""],""availability"":[""arena"",""mtgo"",""paper""],""expansion"":{""id"":""HOB"",""name"":""The",Scrydex public web image / rescue 2026-08-29,True,2026-08-28 04:31:24.823418+00:00,2026-08-29 14:06:15.492862+00:00,SV4a-291,70,Pokemon,"[""Darkness""]",Basic,nagimiso,G,暗い 洞窟に 棲み処を 作り 鋭い ツメを 使って 宝石を 掘り出しては 食べる。,"[{""cost"":[""Colorless""],""damage"":null,""nameJa"":""やみのひとみ"",""effectJa"":""相手のバトルポケモンをねむりにする。""},{""cost"":[""Darkness""],""damage"":""20+"",""nameJa"":""アサシンクロー"",""effectJa"":""相手のバトルポケモンが特殊状態なら、70ダメージ追加。""}]",[],"[{""type"":""Grass"",""value"":""×2""}]",[],1,[302],,,291
7bf03cab-c9d0-4b1d-a81f-bc28816634ff,2e3e2cf1-be86-4808-87f7-fe01973f0325,コマタナ,コマタナ,292,,holo,"https://images.scrydex.com/magicthegathering/HOB-292/small"",""medium"":""https://images.scrydex.com/magicthegathering/HOB-292/medium"",""large"":""https://images.scrydex.com/magicthegathering/HOB-292/large""}],""rulings"":[],""printings"":[""HOB"",""PSPL""],""availability"":[""arena"",""mtgo"",""paper""],""expansion"":{""id"":""HOB"",""name"":""The",Scrydex public web image / rescue 2026-08-29,True,2026-08-28 04:31:24.823418+00:00,2026-08-29 14:06:15.492862+00:00,SV4a-292,70,Pokemon,"[""Darkness""]",Basic,Misa Tsutsui,G,強敵にも 恐れず 挑む。 いざとなると 相手に しがみつき 体中の 刃で 貫く。,"[{""cost"":[""Colorless""],""damage"":10,""nameJa"":""ひっかく"",""effectJa"":null},{""cost"":[""Darkness"",""Colorless""],""damage"":20,""nameJa"":""つきさす"",""effectJa"":null}]",[],"[{""type"":""Grass"",""value"":""×2""}]",[],1,[624],,,292
dfdb8c18-eecc-4dd1-b0bb-09a80ff6a059,2e3e2cf1-be86-4808-87f7-fe01973f0325,キリキザン,キリキザン,293,,holo,"https://images.scrydex.com/magicthegathering/HOB-293/small"",""medium"":""https://images.scrydex.com/magicthegathering/HOB-293/medium"",""large"":""https://images.scrydex.com/magicthegathering/HOB-293/large""}],""rulings"":[],""printings"":[""HOB""],""availability"":[""arena"",""mtgo"",""paper""],""expansion"":{""id"":""HOB"",""name"":""The",Scrydex public web image / rescue 2026-08-29,True,2026-08-28 04:31:24.823418+00:00,2026-08-29 14:06:15.492862+00:00,SV4a-293,120,Pokemon,"[""Darkness""]",Stage1,Souichirou Gunjima,G,コマタナを 率いて 群れを 成す。 縄張りを 賭けて 争い 負けた 群れは 吸収されていくのだ。,"[{""cost"":[""Darkness""],""damage"":40,""nameJa"":""ダークカッター"",""effectJa"":null},{""cost"":[""Darkness"",""Colorless""],""damage"":120,""nameJa"":""もろはぎり"",""effectJa"":""このポケモンにも30ダメージ。""}]",[],"[{""type"":""Grass"",""value"":""×2""}]",[],1,[625],,,293
2e80e7c7-670e-401f-a09c-65f11e28b86e,2e3e2cf1-be86-4808-87f7-fe01973f0325,ドドゲザン,ドドゲザン,294,,holo,"https://images.scrydex.com/magicthegathering/HOB-294/small"",""medium"":""https://images.scrydex.com/magicthegathering/HOB-294/medium"",""large"":""https://images.scrydex.com/magicthegathering/HOB-294/large""}],""rulings"":[],""printings"":[""HOB""],""availability"":[""arena"",""mtgo"",""paper""],""expansion"":{""id"":""HOB"",""name"":""The",Scrydex public web image / rescue 2026-08-29,True,2026-08-28 04:31:24.823418+00:00,2026-08-29 14:06:15.492862+00:00,SV4a-294,170,Pokemon,"[""Darkness""]",Stage2,Shin Nagasawa,G,ドドゲザンに 進化できるのは 大軍勢の 頂点に 立った １匹の キリキザンだけなのだ。,"[{""cost"":[""Darkness"",""Colorless"",""Colorless""],""damage"":160,""nameJa"":""ぶったぎり"",""effectJa"":null}]","[{""type"":""Ability"",""nameJa"":""とうそつりょく"",""effectJa"":""このポケモンがいるかぎり、自分のたねポケモンが使うワザの、相手のバトルポケモンへのダメージは「+30」される。""}]","[{""type"":""Grass"",""value"":""×2""}]",[],3,[983],,,294
fcf8448a-907b-40bc-bdbf-4e9a3e27dc6b,2e3e2cf1-be86-4808-87f7-fe01973f0325,マフィティフ,マフィティフ,296,,holo,"https://images.scrydex.com/magicthegathering/HOB-296/small"",""medium"":""https://images.scrydex.com/magicthegathering/HOB-296/medium"",""large"":""https://images.scrydex.com/magicthegathering/HOB-296/large""}],""rulings"":[],""printings"":[""HOB""],""availability"":[""arena"",""mtgo"",""paper""],""expansion"":{""id"":""HOB"",""name"":""The",Scrydex public web image / rescue 2026-08-29,True,2026-08-28 04:31:24.823418+00:00,2026-08-29 14:06:15.492862+00:00,SV4a-296,130,Pokemon,"[""Darkness""]",Stage1,Hitoshi Ariga,G,子どもと 遊ぶことが 大好き。 普段は 温厚だが 家族を 守るとき 形相が 変わる。,"[{""cost"":[""Darkness"",""Darkness"",""Colorless""],""damage"":160,""nameJa"":""ワイルドタックル"",""effectJa"":""このポケモンにも30ダメージ。""}]","[{""type"":""Ability"",""nameJa"":""いかくのとおぼえ"",""effectJa"":""自分の番に1回使える。相手のバトルポケモンをベンチポケモンと入れ替える。［バトル場に出すポケモンは相手が選ぶ。］""}]","[{""type"":""Grass"",""value"":""×2""}]",[],3,[943],,,296
7f0742a2-baba-4e75-9e79-914d2ca2dc26,2e3e2cf1-be86-4808-87f7-fe01973f0325,シルシュルー,シルシュルー,297,,holo,"https://images.scrydex.com/magicthegathering/HOB-297/small"",""medium"":""https://images.scrydex.com/magicthegathering/HOB-297/medium"",""large"":""https://images.scrydex.com/magicthegathering/HOB-297/large""}],""rulings"":[],""printings"":[""HOB""],""availability"":[""arena"",""mtgo"",""paper""],""expansion"":{""id"":""HOB"",""name"":""The",Scrydex public web image / rescue 2026-08-29,True,2026-08-28 04:31:24.823418+00:00,2026-08-29 14:06:15.492862+00:00,SV4a-297,50,Pokemon,"[""Darkness""]",Basic,otumami,G,温厚だが 怒らせると 毒が 染みこんだ 鋭い 前歯で 咬みつき 痺れさせてくるぞ。,"[{""cost"":[""Colorless""],""damage"":null,""nameJa"":""きのみさがし"",""effectJa"":""自分のトラッシュから基本エネルギーを1枚選び、相手に見せて、手札に加える。""},{""cost"":[""Darkness""],""damage"":10,""nameJa"":""ひっかく"",""effectJa"":null}]",[],"[{""type"":""Fighting"",""value"":""×2""}]",[],1,[944],,,297
28dc70d0-d142-4d53-b2dd-e9ef5abcc635,2e3e2cf1-be86-4808-87f7-fe01973f0325,タギングル,タギングル,298,,holo,"https://images.scrydex.com/riftbound/OGN-298/small"",""medium"":""https://images.scrydex.com/riftbound/OGN-298/medium"",""large"":""https://images.scrydex.com/riftbound/OGN-298/large""}],""expansion"":{""id"":""OGN"",""name"":""Origins"",""type"":""Main"",""code"":""OGN"",""total"":352,""printed_total"":298,""release_date"":""2025/10/31"",""logo"":""https://images.scrydex.com/riftbound/OGN-logo/logo"",""symbol"":null,""language"":""English"",""language_code"":""EN""},""language"":""English"",""language_code"":""EN"",""expansion_sort_order"":328,""variants"":[{""name"":""normal"",""images"":[],""marketplaces"":[{""name"":""tcgplayer"",""product_id"":""653092"",""purchase_url"":""https://scrydex.com/riftbound/cards/OGN-298/purchase?type=tcgplayer",Scrydex public web image / rescue 2026-08-29,True,2026-08-28 04:31:24.823418+00:00,2026-08-29 14:06:15.492862+00:00,SV4a-298,90,Pokemon,"[""Darkness""]",Stage1,Scav,G,エサによって 色が 変化する 毒の 唾液を 指に 塗して 森の 木々に 模様を 描く。,"[{""cost"":[""Darkness""],""damage"":null,""nameJa"":""どくえき"",""effectJa"":""相手のバトルポケモンをどくにする。""},{""cost"":[""Darkness""],""damage"":""40×"",""nameJa"":""カラフルグラフィティ"",""effectJa"":""自分の手札から基本エネルギーを好きなだけトラッシュし、トラッシュした基本エネルギーのタイプの数×40ダメージ。""}]",[],"[{""type"":""Fighting"",""value"":""×2""}]",[],1,[945],,,298
f7c7a983-ff29-4161-a021-e6ad04f0bb0b,2e3e2cf1-be86-4808-87f7-fe01973f0325,ハッサム,ハッサム,299,,holo,"https://images.scrydex.com/magicthegathering/HOB-299/small"",""medium"":""https://images.scrydex.com/magicthegathering/HOB-299/medium"",""large"":""https://images.scrydex.com/magicthegathering/HOB-299/large""}],""rulings"":[],""printings"":[""HOB""],""availability"":[""arena"",""mtgo"",""paper""],""expansion"":{""id"":""HOB"",""name"":""The",Scrydex public web image / rescue 2026-08-29,True,2026-08-28 04:31:24.823418+00:00,2026-08-29 14:06:15.492862+00:00,SV4a-299,140,Pokemon,"[""Metal""]",Stage1,GOSSAN,G,鋼鉄を 含んでいる ハサミで 捕らえたものは どんなに 硬くても コナゴナに 砕く。,"[{""cost"":[""Metal""],""damage"":""10+"",""nameJa"":""パニッシュシザー"",""effectJa"":""相手の場の特性を持つポケモンの数×50ダメージ追加。""},{""cost"":[""Metal"",""Metal""],""damage"":70,""nameJa"":""いあいぎり"",""effectJa"":null}]",[],"[{""type"":""Fire"",""value"":""×2""}]","[{""type"":""Grass"",""value"":""-30""}]",2,[212],,,299
101e8dda-a85f-4df7-9fc0-abdbe62ca1aa,2e3e2cf1-be86-4808-87f7-fe01973f0325,ブロロン,ブロロン,300,,holo,"https://images.scrydex.com/magicthegathering/HOB-300/small"",""medium"":""https://images.scrydex.com/magicthegathering/HOB-300/medium"",""large"":""https://images.scrydex.com/magicthegathering/HOB-300/large""}],""rulings"":[],""printings"":[""HOB""],""availability"":[""arena"",""mtgo"",""paper""],""expansion"":{""id"":""HOB"",""name"":""The",Scrydex public web image / rescue 2026-08-29,True,2026-08-28 04:31:24.823418+00:00,2026-08-29 14:06:15.492862+00:00,SV4a-300,60,Pokemon,"[""Metal""]",Basic,Masakazu Fukuda,G,スクラップ工場に 放置された エンジンに 謎の 毒ポケモンが 入り込んで 生まれたと 言われる。,"[{""cost"":[""Colorless""],""damage"":null,""nameJa"":""ふかす"",""effectJa"":""自分のトラッシュから基本エネルギーを2枚まで選び、相手に見せて、手札に加える。""},{""cost"":[""Metal"",""Colorless""],""damage"":20,""nameJa"":""ずつき"",""effectJa"":null}]",[],"[{""type"":""Fire"",""value"":""×2""}]","[{""type"":""Grass"",""value"":""-30""}]",1,[965],,,300
c0b83a10-8bf9-42ed-a6b1-24771515e647,2e3e2cf1-be86-4808-87f7-fe01973f0325,ブロロローム,ブロロローム,301,,holo,"https://images.scrydex.com/magicthegathering/HOB-301/small"",""medium"":""https://images.scrydex.com/magicthegathering/HOB-301/medium"",""large"":""https://images.scrydex.com/magicthegathering/HOB-301/large""}],""rulings"":[],""printings"":[""HOB""],""availability"":[""arena"",""mtgo"",""paper""],""expansion"":{""id"":""HOB"",""name"":""The",Scrydex public web image / rescue 2026-08-29,True,2026-08-28 04:31:24.823418+00:00,2026-08-29 14:06:15.492862+00:00,SV4a-301,140,Pokemon,"[""Metal""]",Stage1,GOSSAN,G,毒素と 岩の 成分を 混ぜた ガスを ８つに 増えた シリンダーで 爆発させ エネルギーを 作る。,"[{""cost"":[""Metal"",""Colorless"",""Colorless"",""Colorless""],""damage"":""90+"",""nameJa"":""はねとばす"",""effectJa"":""コインを1回投げオモテなら、90ダメージ追加。""}]","[{""type"":""Ability"",""nameJa"":""ランブルエンジン"",""effectJa"":""自分の番に、自分の手札からエネルギーを1枚トラッシュするなら、1回使える。自分の手札が6枚になるように、山札を引く。""}]","[{""type"":""Fire"",""value"":""×2""}]","[{""type"":""Grass"",""value"":""-30""}]",2,[966],,,301
1a572b00-3bf2-4cc9-bb13-d4ec361f0016,2e3e2cf1-be86-4808-87f7-fe01973f0325,オンバット,オンバット,302,,holo,"https://images.scrydex.com/magicthegathering/HOB-302/small"",""medium"":""https://images.scrydex.com/magicthegathering/HOB-302/medium"",""large"":""https://images.scrydex.com/magicthegathering/HOB-302/large""}],""rulings"":[],""printings"":[""HOB"",""PMEI""],""availability"":[""arena"",""mtgo"",""paper""],""expansion"":{""id"":""HOB"",""name"":""The",Scrydex public web image / rescue 2026-08-29,True,2026-08-28 04:31:24.823418+00:00,2026-08-29 14:06:15.492862+00:00,SV4a-302,70,Pokemon,"[""Dragon""]",Basic,Nelnal,G,大きな 耳から 超音波を 出して エサの 果物を 探す。 カジッチュを エサと 間違える。,"[{""cost"":[""Psychic"",""Darkness""],""damage"":40,""nameJa"":""かぜおこし"",""effectJa"":null}]",[],[],[],1,[714],,,302
c49256cc-a179-4d58-93e6-18157897201f,2e3e2cf1-be86-4808-87f7-fe01973f0325,モトトカゲ,モトトカゲ,303,,holo,"https://images.scrydex.com/magicthegathering/HOB-303/small"",""medium"":""https://images.scrydex.com/magicthegathering/HOB-303/medium"",""large"":""https://images.scrydex.com/magicthegathering/HOB-303/large""}],""rulings"":[],""printings"":[""HOB""],""availability"":[""arena"",""mtgo"",""paper""],""expansion"":{""id"":""HOB"",""name"":""The",Scrydex public web image / rescue 2026-08-29,True,2026-08-28 04:31:24.823418+00:00,2026-08-29 14:06:15.492862+00:00,SV4a-303,120,Pokemon,"[""Dragon""]",Basic,Souichirou Gunjima,G,大昔から 人を 背中に 乗せていたらしい。 １万年前の 壁画に 様子が 描かれている。,"[{""cost"":[""Grass"",""Darkness"",""Colorless""],""damage"":100,""nameJa"":""こうそくドライブ"",""effectJa"":""コインを1回投げオモテなら、次の相手の番、このポケモンはワザのダメージや効果を受けない。""}]",[],[],[],1,[967],,,303
886101e6-1619-4b73-a801-2e58eb796198,2e3e2cf1-be86-4808-87f7-fe01973f0325,ポッポ,ポッポ,304,,holo,"https://images.scrydex.com/magicthegathering/HOB-304/small"",""medium"":""https://images.scrydex.com/magicthegathering/HOB-304/medium"",""large"":""https://images.scrydex.com/magicthegathering/HOB-304/large""}],""rulings"":[],""printings"":[""HOB""],""availability"":[""arena"",""mtgo"",""paper""],""expansion"":{""id"":""HOB"",""name"":""The",Scrydex public web image / rescue 2026-08-29,True,2026-08-28 04:31:24.823418+00:00,2026-08-29 14:06:15.492862+00:00,SV4a-304,50,Pokemon,"[""Colorless""]",Basic,sowsow,G,戦いを 好まない おとなしい 性格だが 下手に 手を 出すと 強烈に 反撃されるぞ。,"[{""cost"":[""Colorless""],""damage"":null,""nameJa"":""なかまをよぶ"",""effectJa"":""自分の山札からたねポケモンを2枚まで選び、ベンチに出す。そして山札を切る。""},{""cost"":[""Colorless"",""Colorless""],""damage"":20,""nameJa"":""たいあたり"",""effectJa"":null}]",[],"[{""type"":""Lightning"",""value"":""×2""}]","[{""type"":""Fighting"",""value"":""-30""}]",1,[16],,,304
f4090c9f-c3b9-4427-838d-e14d0e61431b,2e3e2cf1-be86-4808-87f7-fe01973f0325,ピジョン,ピジョン,305,,holo,"https://images.scrydex.com/magicthegathering/HOB-305/small"",""medium"":""https://images.scrydex.com/magicthegathering/HOB-305/medium"",""large"":""https://images.scrydex.com/magicthegathering/HOB-305/large""}],""rulings"":[],""printings"":[""HOB""],""availability"":[""arena"",""mtgo"",""paper""],""expansion"":{""id"":""HOB"",""name"":""The",Scrydex public web image / rescue 2026-08-29,True,2026-08-28 04:31:24.823418+00:00,2026-08-29 14:06:15.492862+00:00,SV4a-305,80,Pokemon,"[""Colorless""]",Stage1,Kouki Saitou,G,広い 縄張りを 持っており 侵入する 邪魔者は 徹底的に つつかれてしまう。,"[{""cost"":[""Colorless""],""damage"":20,""nameJa"":""はばたく"",""effectJa"":null}]",[],"[{""type"":""Lightning"",""value"":""×2""}]","[{""type"":""Fighting"",""value"":""-30""}]",0,[17],,,305
15ae91ce-dc2c-4060-b375-2d34f1b0f9ae,2e3e2cf1-be86-4808-87f7-fe01973f0325,プリン,プリン,306,,holo,"https://images.scrydex.com/magicthegathering/HOB-306/small"",""medium"":""https://images.scrydex.com/magicthegathering/HOB-306/medium"",""large"":""https://images.scrydex.com/magicthegathering/HOB-306/large""}],""rulings"":[],""printings"":[""HOB""],""availability"":[""arena"",""mtgo"",""paper""],""expansion"":{""id"":""HOB"",""name"":""The",Scrydex public web image / rescue 2026-08-29,True,2026-08-28 04:31:24.823418+00:00,2026-08-29 14:06:15.492862+00:00,SV4a-306,70,Pokemon,"[""Colorless""]",Basic,Misa Tsutsui,G,つぶらな 瞳が 揺れるとき 眠たくなるような 不思議で 気持ちのいい 歌を 歌う。,"[{""cost"":[""Colorless""],""damage"":null,""nameJa"":""みちびく"",""effectJa"":""自分の山札からサポートを1枚選び、相手に見せて、手札に加える。そして山札を切る。""},{""cost"":[""Colorless"",""Colorless""],""damage"":""20×"",""nameJa"":""ふみふみ"",""effectJa"":""コインを2回投げ、オモテの数×20ダメージ。""}]",[],"[{""type"":""Fighting"",""value"":""×2""}]",[],1,[39],,,306
71ec6223-0d6f-4c8d-a2d8-75ff62b9e9b7,2e3e2cf1-be86-4808-87f7-fe01973f0325,ドードー,ドードー,307,,holo,"https://images.scrydex.com/magicthegathering/HOB-307/small"",""medium"":""https://images.scrydex.com/magicthegathering/HOB-307/medium"",""large"":""https://images.scrydex.com/magicthegathering/HOB-307/large""}],""rulings"":[],""printings"":[""HOB""],""availability"":[""arena"",""mtgo"",""paper""],""expansion"":{""id"":""HOB"",""name"":""The",Scrydex public web image / rescue 2026-08-29,True,2026-08-28 04:31:24.823418+00:00,2026-08-29 14:06:15.492862+00:00,SV4a-307,70,Pokemon,"[""Colorless""]",Basic,Saya Tsuruta,G,２つの 頭の 脳みそは テレパシーのような 力で 気持ちを 通じ合わせているらしい。,"[{""cost"":[""Colorless""],""damage"":30,""nameJa"":""とつげき"",""effectJa"":""このポケモンにも10ダメージ。""}]",[],"[{""type"":""Lightning"",""value"":""×2""}]","[{""type"":""Fighting"",""value"":""-30""}]",1,[84],,,307
ed471045-c2ff-4ec8-8030-346aad6e09b7,2e3e2cf1-be86-4808-87f7-fe01973f0325,ドードリオ,ドードリオ,308,,holo,"https://images.scrydex.com/magicthegathering/HOB-308/small"",""medium"":""https://images.scrydex.com/magicthegathering/HOB-308/medium"",""large"":""https://images.scrydex.com/magicthegathering/HOB-308/large""}],""rulings"":[],""printings"":[""HOB""],""availability"":[""arena"",""mtgo"",""paper""],""expansion"":{""id"":""HOB"",""name"":""The",Scrydex public web image / rescue 2026-08-29,True,2026-08-28 04:31:24.823418+00:00,2026-08-29 14:06:15.492862+00:00,SV4a-308,100,Pokemon,"[""Colorless""]",Stage1,nagimiso,G,めったに 見つからない 珍種。 ３つの 頭は 喜び 悲しみ 怒りの 感情を 表す。,"[{""cost"":[""Colorless""],""damage"":""10+"",""nameJa"":""いかりのくちばし"",""effectJa"":""このポケモンにのっているダメカンの数×30ダメージ追加。""}]","[{""type"":""Ability"",""nameJa"":""ばくそうドロー"",""effectJa"":""自分の番に1回使える。このポケモンにダメカンを1個のせる。その後、自分の山札を1枚引く。""}]","[{""type"":""Lightning"",""value"":""×2""}]","[{""type"":""Fighting"",""value"":""-30""}]",1,[85],,,308
ebcb84c0-4f9a-4b77-bb9e-caae3ea7a273,2e3e2cf1-be86-4808-87f7-fe01973f0325,メタモン,メタモン,309,,holo,"https://images.scrydex.com/magicthegathering/HOB-309/small"",""medium"":""https://images.scrydex.com/magicthegathering/HOB-309/medium"",""large"":""https://images.scrydex.com/magicthegathering/HOB-309/large""}],""rulings"":[],""printings"":[""HOB""],""availability"":[""arena"",""mtgo"",""paper""],""expansion"":{""id"":""HOB"",""name"":""The",Scrydex public web image / rescue 2026-08-29,True,2026-08-28 04:31:24.823418+00:00,2026-08-29 14:06:15.492862+00:00,SV4a-309,60,Pokemon,"[""Colorless""]",Basic,0313,G,変身は 完璧なのだが 笑わされて 力が 抜けると 変身は 解けてしまう。,"[{""cost"":[""Colorless""],""damage"":10,""nameJa"":""ぺとっ"",""effectJa"":null}]","[{""type"":""Ability"",""nameJa"":""へんしんスタート"",""effectJa"":""このポケモンがバトル場にいるなら、最初の自分の番にだけ1回使える。自分の山札からたねポケモン（「メタモン」をのぞく）を1枚選ぶ。その後、このポケモンと、ついているすべてのカードをトラッシュし、このポケモンがいた場所に、選んだポケモンを出す。そして山札を切る。""}]","[{""type"":""Fighting"",""value"":""×2""}]",[],1,[132],,,309
538e0611-c088-4b77-abe5-316389a4a2d7,2e3e2cf1-be86-4808-87f7-fe01973f0325,カビゴン,カビゴン,310,,holo,"https://images.scrydex.com/magicthegathering/HOB-310/small"",""medium"":""https://images.scrydex.com/magicthegathering/HOB-310/medium"",""large"":""https://images.scrydex.com/magicthegathering/HOB-310/large""}],""rulings"":[],""printings"":[""HOB""],""availability"":[""arena"",""mtgo"",""paper""],""expansion"":{""id"":""HOB"",""name"":""The",Scrydex public web image / rescue 2026-08-29,True,2026-08-28 04:31:24.823418+00:00,2026-08-29 14:06:15.492862+00:00,SV4a-310,150,Pokemon,"[""Colorless""]",Basic,Shigenori Negishi,G,頑丈な 胃袋は カビの 生えたものや 腐ったものを 食べても 壊れることはない。,"[{""cost"":[""Colorless"",""Colorless"",""Colorless""],""damage"":130,""nameJa"":""バッタンプレス"",""effectJa"":""このポケモンにも30ダメージ。""}]","[{""type"":""Ability"",""nameJa"":""くいいじ"",""effectJa"":""自分の番に1回使える。自分のトラッシュから「たべのこし」を2枚まで選び、相手に見せて、手札に加える。""}]","[{""type"":""Fighting"",""value"":""×2""}]",[],4,[143],,,310
e7df8302-78aa-4e29-8eb5-f61d653665b8,2e3e2cf1-be86-4808-87f7-fe01973f0325,ペリッパー,ペリッパー,312,,holo,"https://images.scrydex.com/magicthegathering/HOB-312/small"",""medium"":""https://images.scrydex.com/magicthegathering/HOB-312/medium"",""large"":""https://images.scrydex.com/magicthegathering/HOB-312/large""}],""rulings"":[],""printings"":[""HOB"",""PURL""],""availability"":[""arena"",""mtgo"",""paper""],""expansion"":{""id"":""HOB"",""name"":""The",Scrydex public web image / rescue 2026-08-29,True,2026-08-28 04:31:24.823418+00:00,2026-08-29 14:06:15.492862+00:00,SV4a-312,120,Pokemon,"[""Colorless""]",Stage1,Masakazu Fukuda,G,くちばしに 小さな ポケモンを 入れて 飛ぶ 空の 配達屋。 海に 浮かんで 羽を 休める。,"[{""cost"":[""Colorless"",""Colorless"",""Colorless""],""damage"":90,""nameJa"":""つばさでうつ"",""effectJa"":null}]","[{""type"":""Ability"",""nameJa"":""かぜのたより"",""effectJa"":""自分の番に、このカードを手札から出して進化させたとき、1回使える。自分の山札またはトラッシュのどちらかを選ぶ。その中からサポートを1枚選び、相手に見せて、手札に加える。山札を見たなら、山札を切る。""}]","[{""type"":""Lightning"",""value"":""×2""}]","[{""type"":""Fighting"",""value"":""-30""}]",2,[279],,,312
037d52a0-62e5-4b01-a796-d2dc251c9884,2e3e2cf1-be86-4808-87f7-fe01973f0325,ホシガリス,ホシガリス,313,,holo,"https://images.scrydex.com/magicthegathering/HOB-313/small"",""medium"":""https://images.scrydex.com/magicthegathering/HOB-313/medium"",""large"":""https://images.scrydex.com/magicthegathering/HOB-313/large""}],""rulings"":[],""printings"":[""10E"",""2ED"",""2XM"",""30A"",""3ED"",""40K"",""4BB"",""4ED"",""5ED"",""6ED"",""7ED"",""8ED"",""9ED"",""ACR"",""AFR"",""AKH"",""AKR"",""ALA"",""ANA"",""ANB"",""ARC"",""ATH"",""AVR"",""BBD"",""BFZ"",""BLB"",""BRB"",""BRC"",""BRO"",""C13"",""C14"",""C15"",""C16"",""C17"",""C18"",""C19"",""CED"",""CEI"",""CHK"",""CLB"",""CLU"",""CM2"",""CMA"",""CMD"",""CMM"",""CMR"",""CST"",""DDC"",""DDE"",""DDF"",""DDG"",""DDH"",""DDI"",""DDK"",""DDL"",""DDN"",""DDO"",""DDP"",""DDQ"",""DFT"",""DMR"",""DMU"",""DOM"",""DSK"",""DTK"",""DVD"",""E01"",""ECL"",""ELD"",""EOE"",""FBB"",""FDN"",""FIC"",""FIN"",""FRF"",""G17"",""GK1"",""GK2"",""GN2"",""GN3"",""GNT"",""GRN"",""GS1"",""H09"",""HBG"",""HOB"",""HOP"",""HOU"",""ICE"",""IKO"",""INR"",""INV"",""ISD"",""ITP"",""J14"",""J22"",""J25"",""JMP"",""KHM"",""KLD"",""KLR"",""KTK"",""LCI"",""LEA"",""LEB"",""LRW"",""LTR"",""M10"",""M11"",""M12"",""M13"",""M14"",""M15"",""M19"",""M20"",""M21"",""MBS"",""MD1"",""ME1"",""ME3"",""MH2"",""MH3"",""MID"",""MIR"",""MKM"",""MMQ"",""MOM"",""MRD"",""MSC"",""MSH"",""NEO"",""NPH"",""ODY"",""OLEP"",""ONE"",""ONS"",""ORI"",""OTJ"",""P02"",""P23"",""PAL00"",""PAL01"",""PAL03"",""PAL04"",""PAL05"",""PAL06"",""PAL99"",""PALP"",""PANA"",""PARL"",""PC2"",""PCA"",""PDGM"",""PELP"",""PF19"",""PF20"",""PGPX"",""PGRU"",""PIP"",""PL26"",""PLST"",""PMPS"",""PMPS06"",""PMPS07"",""PMPS08"",""PMPS09"",""PMPS10"",""PMPS11"",""POR"",""PPP1"",""PRM"",""PRW2"",""PRWK"",""PS11"",""PSAL"",""PSS2"",""PSS3"",""PSS4"",""PTC"",""PTK"",""PZ2"",""RAV"",""REX"",""RIX"",""RNA"",""ROE"",""RQS"",""RTR"",""S99"",""SCD"",""SHM"",""SIR"",""SLD"",""SLP"",""SNC"",""SOI"",""SOM"",""SOS"",""SPM"",""STX"",""SUM"",""TD0"",""TD2"",""TDM"",""THB"",""THS"",""TLA"",""TLE"",""TMP"",""TMT"",""TPR"",""TSP"",""UGL"",""UND"",""UNF"",""UNH"",""USG"",""UST"",""VOW"",""WAR"",""WC00"",""WC02"",""WC03"",""WC04"",""WC97"",""WC98"",""WHO"",""WOE"",""XANA"",""XLN"",""ZEN"",""ZNR""],""availability"":[""arena"",""mtgo"",""paper""],""expansion"":{""id"":""HOB"",""name"":""The",Scrydex public web image / rescue 2026-08-29,True,2026-08-28 04:31:24.823418+00:00,2026-08-29 14:06:15.492862+00:00,SV4a-313,60,Pokemon,"[""Colorless""]",Basic,Sanosuke Sakuma,G,どんなに お腹いっぱい 食べても また 腹ペコになるのが 不安で 頬と 尻尾に 木の実を 溜める。,"[{""cost"":[""Colorless"",""Colorless""],""damage"":20,""nameJa"":""かみつく"",""effectJa"":null}]","[{""type"":""Ability"",""nameJa"":""すあなにかくす"",""effectJa"":""自分の番に1回使える。自分の手札をすべてウラにして切り、山札の下にもどす。その後、山札を1枚引く。""}]","[{""type"":""Fighting"",""value"":""×2""}]",[],1,[819],,,313
bfa579fe-5b06-47fa-9d8d-4d3687e214d5,2e3e2cf1-be86-4808-87f7-fe01973f0325,ヨクバリス,ヨクバリス,314,,holo,"https://images.scrydex.com/magicthegathering/HOB-314/small"",""medium"":""https://images.scrydex.com/magicthegathering/HOB-314/medium"",""large"":""https://images.scrydex.com/magicthegathering/HOB-314/large""}],""rulings"":[],""printings"":[""10E"",""2ED"",""2XM"",""30A"",""3ED"",""40K"",""4BB"",""4ED"",""5ED"",""6ED"",""7ED"",""8ED"",""9ED"",""ACR"",""AFR"",""AKH"",""AKR"",""ALA"",""ANA"",""ANB"",""ARC"",""ATH"",""AVR"",""BBD"",""BFZ"",""BLB"",""BRB"",""BRC"",""BRO"",""C13"",""C14"",""C15"",""C16"",""C17"",""C18"",""C19"",""CED"",""CEI"",""CHK"",""CLB"",""CLU"",""CM2"",""CMA"",""CMD"",""CMM"",""CMR"",""CST"",""DDC"",""DDE"",""DDF"",""DDG"",""DDH"",""DDI"",""DDK"",""DDL"",""DDN"",""DDO"",""DDP"",""DDQ"",""DFT"",""DMR"",""DMU"",""DOM"",""DSK"",""DTK"",""DVD"",""E01"",""ECL"",""ELD"",""EOE"",""FBB"",""FDN"",""FIC"",""FIN"",""FRF"",""G17"",""GK1"",""GK2"",""GN2"",""GN3"",""GNT"",""GRN"",""GS1"",""H09"",""HBG"",""HOB"",""HOP"",""HOU"",""ICE"",""IKO"",""INR"",""INV"",""ISD"",""ITP"",""J14"",""J22"",""J25"",""JMP"",""KHM"",""KLD"",""KLR"",""KTK"",""LCI"",""LEA"",""LEB"",""LRW"",""LTR"",""M10"",""M11"",""M12"",""M13"",""M14"",""M15"",""M19"",""M20"",""M21"",""MBS"",""MD1"",""ME1"",""ME3"",""MH2"",""MH3"",""MID"",""MIR"",""MKM"",""MMQ"",""MOM"",""MRD"",""MSC"",""MSH"",""NEO"",""NPH"",""ODY"",""OLEP"",""ONE"",""ONS"",""ORI"",""OTJ"",""P02"",""P23"",""PAL00"",""PAL01"",""PAL03"",""PAL04"",""PAL05"",""PAL06"",""PAL99"",""PALP"",""PANA"",""PARL"",""PC2"",""PCA"",""PDGM"",""PELP"",""PF19"",""PF20"",""PGPX"",""PGRU"",""PIP"",""PL26"",""PLST"",""PMPS"",""PMPS06"",""PMPS07"",""PMPS08"",""PMPS09"",""PMPS10"",""PMPS11"",""POR"",""PPP1"",""PRM"",""PRW2"",""PRWK"",""PS11"",""PSAL"",""PSS2"",""PSS3"",""PSS4"",""PTC"",""PTK"",""PZ2"",""RAV"",""REX"",""RIX"",""RNA"",""ROE"",""RQS"",""RTR"",""S99"",""SCD"",""SHM"",""SIR"",""SLD"",""SLP"",""SNC"",""SOI"",""SOM"",""SOS"",""SPM"",""STX"",""SUM"",""TD0"",""TD2"",""TDM"",""THB"",""THS"",""TLA"",""TLE"",""TMP"",""TMT"",""TPR"",""TSP"",""UGL"",""UND"",""UNF"",""UNH"",""USG"",""UST"",""VOW"",""WAR"",""WC00"",""WC02"",""WC03"",""WC04"",""WC97"",""WC98"",""WHO"",""WOE"",""XANA"",""XLN"",""ZEN"",""ZNR""],""availability"":[""arena"",""mtgo"",""paper""],""expansion"":{""id"":""HOB"",""name"":""The",Scrydex public web image / rescue 2026-08-29,True,2026-08-28 04:31:24.823418+00:00,2026-08-29 14:06:15.492862+00:00,SV4a-314,120,Pokemon,"[""Colorless""]",Stage1,Kagemaru Himeno,G,体の 約２倍の 長さの 尻尾で 木から 落とした 木の実を ごっそり 包んで 持ち去るぞ。,"[{""cost"":[""Colorless"",""Colorless""],""damage"":50,""nameJa"":""かみつく"",""effectJa"":null},{""cost"":[""Colorless"",""Colorless"",""Colorless""],""damage"":""80+"",""nameJa"":""きょうかまえば"",""effectJa"":""このポケモンに「ポケモンのどうぐ」がついているなら、80ダメージ追加。""}]",[],"[{""type"":""Fighting"",""value"":""×2""}]",[],2,[820],,,314
cf51e28c-af55-4529-8fc2-c2170875fccc,2e3e2cf1-be86-4808-87f7-fe01973f0325,グルトン,グルトン,315,,holo,"https://images.scrydex.com/magicthegathering/HOB-315/small"",""medium"":""https://images.scrydex.com/magicthegathering/HOB-315/medium"",""large"":""https://images.scrydex.com/magicthegathering/HOB-315/large""}],""rulings"":[],""printings"":[""10E"",""2ED"",""2XM"",""30A"",""3ED"",""40K"",""4BB"",""4ED"",""5ED"",""6ED"",""7ED"",""8ED"",""9ED"",""ACR"",""AFR"",""AKH"",""AKR"",""ALA"",""ANA"",""ANB"",""ARC"",""ATH"",""AVR"",""BBD"",""BFZ"",""BLB"",""BRB"",""BRC"",""BRO"",""C13"",""C14"",""C15"",""C16"",""C17"",""C18"",""C19"",""CED"",""CEI"",""CHK"",""CLB"",""CLU"",""CM2"",""CMA"",""CMD"",""CMM"",""CMR"",""CST"",""DDC"",""DDE"",""DDF"",""DDG"",""DDH"",""DDI"",""DDK"",""DDL"",""DDN"",""DDO"",""DDP"",""DDQ"",""DFT"",""DMR"",""DMU"",""DOM"",""DSK"",""DTK"",""DVD"",""E01"",""ECL"",""ELD"",""EOE"",""FBB"",""FDN"",""FIC"",""FIN"",""FRF"",""G17"",""GK1"",""GK2"",""GN2"",""GN3"",""GNT"",""GRN"",""GS1"",""H09"",""HBG"",""HOB"",""HOP"",""HOU"",""ICE"",""IKO"",""INR"",""INV"",""ISD"",""ITP"",""J14"",""J22"",""J25"",""JMP"",""KHM"",""KLD"",""KLR"",""KTK"",""LCI"",""LEA"",""LEB"",""LRW"",""LTR"",""M10"",""M11"",""M12"",""M13"",""M14"",""M15"",""M19"",""M20"",""M21"",""MBS"",""MD1"",""ME1"",""ME3"",""MH2"",""MH3"",""MID"",""MIR"",""MKM"",""MMQ"",""MOM"",""MRD"",""MSC"",""MSH"",""NEO"",""NPH"",""ODY"",""OLEP"",""ONE"",""ONS"",""ORI"",""OTJ"",""P02"",""P23"",""PAL00"",""PAL01"",""PAL03"",""PAL04"",""PAL05"",""PAL06"",""PAL99"",""PALP"",""PANA"",""PARL"",""PC2"",""PCA"",""PDGM"",""PELP"",""PF19"",""PF20"",""PGPX"",""PGRU"",""PIP"",""PL26"",""PLST"",""PMPS"",""PMPS06"",""PMPS07"",""PMPS08"",""PMPS09"",""PMPS10"",""PMPS11"",""POR"",""PPP1"",""PRM"",""PRW2"",""PRWK"",""PS11"",""PSAL"",""PSS2"",""PSS3"",""PSS4"",""PTC"",""PTK"",""PZ2"",""RAV"",""REX"",""RIX"",""RNA"",""ROE"",""RQS"",""RTR"",""S99"",""SCD"",""SHM"",""SIR"",""SLD"",""SLP"",""SNC"",""SOI"",""SOM"",""SOS"",""SPM"",""STX"",""SUM"",""TD0"",""TD2"",""TDM"",""THB"",""THS"",""TLA"",""TLE"",""TMP"",""TMT"",""TPR"",""TSP"",""UGL"",""UND"",""UNF"",""UNH"",""USG"",""UST"",""VOW"",""WAR"",""WC00"",""WC02"",""WC03"",""WC04"",""WC97"",""WC98"",""WHO"",""WOE"",""XANA"",""XLN"",""ZEN"",""ZNR""],""availability"":[""arena"",""mtgo"",""paper""],""expansion"":{""id"":""HOB"",""name"":""The",Scrydex public web image / rescue 2026-08-29,True,2026-08-28 04:31:24.823418+00:00,2026-08-29 14:06:15.492862+00:00,SV4a-315,70,Pokemon,"[""Colorless""]",Basic,Akira Komayama,G,一日中 エサを 探す。 優れた 嗅覚を 持つが エサ探し 以外に 使わない。,"[{""cost"":[""Colorless"",""Colorless"",""Colorless""],""damage"":70,""nameJa"":""きまぐれタックル"",""effectJa"":""コインを1回投げウラなら、このワザは失敗。""}]",[],"[{""type"":""Fighting"",""value"":""×2""}]",[],1,[915],,,315
95ad697a-e39a-48b7-98e7-b436a2f736b7,2e3e2cf1-be86-4808-87f7-fe01973f0325,パフュートン,パフュートン,316,,holo,"https://images.scrydex.com/magicthegathering/HOB-316/small"",""medium"":""https://images.scrydex.com/magicthegathering/HOB-316/medium"",""large"":""https://images.scrydex.com/magicthegathering/HOB-316/large""}],""rulings"":[],""printings"":[""10E"",""2ED"",""2XM"",""30A"",""3ED"",""40K"",""4BB"",""4ED"",""5ED"",""6ED"",""7ED"",""8ED"",""9ED"",""ACR"",""AFR"",""AKH"",""AKR"",""ALA"",""ANA"",""ANB"",""ARC"",""ATH"",""AVR"",""BBD"",""BFZ"",""BLB"",""BRB"",""BRC"",""BRO"",""C13"",""C14"",""C15"",""C16"",""C17"",""C18"",""C19"",""CED"",""CEI"",""CHK"",""CLB"",""CLU"",""CM2"",""CMA"",""CMD"",""CMM"",""CMR"",""CST"",""DDC"",""DDE"",""DDF"",""DDG"",""DDH"",""DDI"",""DDK"",""DDL"",""DDN"",""DDO"",""DDP"",""DDQ"",""DFT"",""DMR"",""DMU"",""DOM"",""DSK"",""DTK"",""DVD"",""E01"",""ECL"",""ELD"",""EOE"",""FBB"",""FDN"",""FIC"",""FIN"",""FRF"",""G17"",""GK1"",""GK2"",""GN2"",""GN3"",""GNT"",""GRN"",""GS1"",""H09"",""HBG"",""HOB"",""HOP"",""HOU"",""ICE"",""IKO"",""INR"",""INV"",""ISD"",""ITP"",""J14"",""J22"",""J25"",""JMP"",""KHM"",""KLD"",""KLR"",""KTK"",""LCI"",""LEA"",""LEB"",""LRW"",""LTR"",""M10"",""M11"",""M12"",""M13"",""M14"",""M15"",""M19"",""M20"",""M21"",""MBS"",""MD1"",""ME1"",""ME3"",""MH2"",""MH3"",""MID"",""MIR"",""MKM"",""MMQ"",""MOM"",""MRD"",""MSC"",""MSH"",""NEO"",""NPH"",""ODY"",""OLEP"",""ONE"",""ONS"",""ORI"",""OTJ"",""P02"",""P23"",""PAL00"",""PAL01"",""PAL03"",""PAL04"",""PAL05"",""PAL06"",""PAL99"",""PALP"",""PANA"",""PARL"",""PC2"",""PCA"",""PDGM"",""PELP"",""PF19"",""PF20"",""PGPX"",""PGRU"",""PIP"",""PL26"",""PLST"",""PMPS"",""PMPS06"",""PMPS07"",""PMPS08"",""PMPS09"",""PMPS10"",""PMPS11"",""POR"",""PPP1"",""PRM"",""PRW2"",""PRWK"",""PS11"",""PSAL"",""PSS2"",""PSS3"",""PSS4"",""PTC"",""PTK"",""PZ2"",""RAV"",""REX"",""RIX"",""RNA"",""ROE"",""RQS"",""RTR"",""S99"",""SCD"",""SHM"",""SIR"",""SLD"",""SLP"",""SNC"",""SOI"",""SOM"",""SOS"",""SPM"",""STX"",""SUM"",""TD0"",""TD2"",""TDM"",""THB"",""THS"",""TLA"",""TLE"",""TMP"",""TMT"",""TPR"",""TSP"",""UGL"",""UND"",""UNF"",""UNH"",""USG"",""UST"",""VOW"",""WAR"",""WC00"",""WC02"",""WC03"",""WC04"",""WC97"",""WC98"",""WHO"",""WOE"",""XANA"",""XLN"",""ZEN"",""ZNR""],""availability"":[""arena"",""mtgo"",""paper""],""expansion"":{""id"":""HOB"",""name"":""The",Scrydex public web image / rescue 2026-08-29,True,2026-08-28 04:31:24.823418+00:00,2026-08-29 14:06:15.492862+00:00,SV4a-316,130,Pokemon,"[""Colorless""]",Stage1,Misa Tsutsui,G,花のような 香りを 振りまく。 筋肉が 発達した 脚は 軽く ５メートルを 飛び越える。,"[{""cost"":[""Colorless"",""Colorless""],""damage"":null,""nameJa"":""えりすぐり"",""effectJa"":""コインを3回投げ、オモテの数ぶんまで、自分のトラッシュから好きなカードを選び、相手に見せて、手札に加える。""},{""cost"":[""Colorless"",""Colorless"",""Colorless""],""damage"":70,""nameJa"":""パフュームプレス"",""effectJa"":""相手のバトルポケモンをこんらんにする。""}]",[],"[{""type"":""Fighting"",""value"":""×2""}]",[],2,[916],,,316
afe9dcfa-a5c5-48a3-9400-c3e731f6b5fd,2e3e2cf1-be86-4808-87f7-fe01973f0325,ワッカネズミ,ワッカネズミ,317,,holo,"https://images.scrydex.com/magicthegathering/HOB-317/small"",""medium"":""https://images.scrydex.com/magicthegathering/HOB-317/medium"",""large"":""https://images.scrydex.com/magicthegathering/HOB-317/large""}],""rulings"":[],""printings"":[""10E"",""2ED"",""2XM"",""30A"",""3ED"",""40K"",""4BB"",""4ED"",""5ED"",""6ED"",""7ED"",""8ED"",""9ED"",""ACR"",""AFR"",""AKH"",""AKR"",""ALA"",""ANA"",""ANB"",""ARC"",""ATH"",""AVR"",""BBD"",""BFZ"",""BLB"",""BRB"",""BRC"",""BRO"",""C13"",""C14"",""C15"",""C16"",""C17"",""C18"",""C19"",""CED"",""CEI"",""CHK"",""CLB"",""CLU"",""CM2"",""CMA"",""CMD"",""CMM"",""CMR"",""CST"",""DDC"",""DDE"",""DDF"",""DDG"",""DDH"",""DDI"",""DDK"",""DDL"",""DDN"",""DDO"",""DDP"",""DDQ"",""DFT"",""DMR"",""DMU"",""DOM"",""DSK"",""DTK"",""DVD"",""E01"",""ECL"",""ELD"",""EOE"",""FBB"",""FDN"",""FIC"",""FIN"",""FRF"",""G17"",""GK1"",""GK2"",""GN2"",""GN3"",""GNT"",""GRN"",""GS1"",""H09"",""HBG"",""HOB"",""HOP"",""HOU"",""ICE"",""IKO"",""INR"",""INV"",""ISD"",""ITP"",""J14"",""J22"",""J25"",""JMP"",""KHM"",""KLD"",""KLR"",""KTK"",""LCI"",""LEA"",""LEB"",""LRW"",""LTR"",""M10"",""M11"",""M12"",""M13"",""M14"",""M15"",""M19"",""M20"",""M21"",""MBS"",""MD1"",""ME1"",""ME3"",""MH2"",""MH3"",""MID"",""MIR"",""MKM"",""MMQ"",""MOM"",""MRD"",""MSC"",""MSH"",""NEO"",""NPH"",""ODY"",""OLEP"",""ONE"",""ONS"",""ORI"",""OTJ"",""P02"",""P23"",""PAL00"",""PAL01"",""PAL03"",""PAL04"",""PAL05"",""PAL06"",""PAL99"",""PALP"",""PANA"",""PARL"",""PC2"",""PCA"",""PDGM"",""PELP"",""PF19"",""PF20"",""PGPX"",""PGRU"",""PIP"",""PL26"",""PLST"",""PMPS"",""PMPS06"",""PMPS07"",""PMPS08"",""PMPS09"",""PMPS10"",""PMPS11"",""POR"",""PPP1"",""PRM"",""PRW2"",""PRWK"",""PS11"",""PSAL"",""PSS2"",""PSS3"",""PSS4"",""PTC"",""PTK"",""PZ2"",""RAV"",""REX"",""RIX"",""RNA"",""ROE"",""RQS"",""RTR"",""S99"",""SCD"",""SHM"",""SIR"",""SLD"",""SLP"",""SNC"",""SOI"",""SOM"",""SOS"",""SPM"",""STX"",""SUM"",""TD0"",""TD2"",""TDM"",""THB"",""THS"",""TLA"",""TLE"",""TMP"",""TMT"",""TPR"",""TSP"",""UGL"",""UND"",""UNF"",""UNH"",""USG"",""UST"",""VOW"",""WAR"",""WC00"",""WC02"",""WC03"",""WC04"",""WC97"",""WC98"",""WHO"",""WOE"",""XANA"",""XLN"",""ZEN"",""ZNR""],""availability"":[""arena"",""mtgo"",""paper""],""expansion"":{""id"":""HOB"",""name"":""The",Scrydex public web image / rescue 2026-08-29,True,2026-08-28 04:31:24.823418+00:00,2026-08-29 14:06:15.492862+00:00,SV4a-317,30,Pokemon,"[""Colorless""]",Basic,Lee HyunJung,G,息の合った コンビネーションで 巣の 材料に なりそうなものを 前歯で 切り出して 運び去る。,"[{""cost"":[""Colorless""],""damage"":null,""nameJa"":""もってくる"",""effectJa"":""自分の山札を2枚引く。""},{""cost"":[""Colorless"",""Colorless"",""Colorless""],""damage"":30,""nameJa"":""ひっぱたく"",""effectJa"":null}]",[],"[{""type"":""Fighting"",""value"":""×2""}]",[],1,[924],,,317
12da38b7-afa3-4dcf-a641-4dc00756ab06,2e3e2cf1-be86-4808-87f7-fe01973f0325,イッカネズミ,イッカネズミ,318,,holo,"https://images.scrydex.com/magicthegathering/HOB-318/small"",""medium"":""https://images.scrydex.com/magicthegathering/HOB-318/medium"",""large"":""https://images.scrydex.com/magicthegathering/HOB-318/large""}],""rulings"":[],""printings"":[""10E"",""2ED"",""2XM"",""30A"",""3ED"",""40K"",""4BB"",""4ED"",""5ED"",""6ED"",""7ED"",""8ED"",""9ED"",""ACR"",""AFR"",""AKH"",""AKR"",""ALA"",""ANA"",""ANB"",""ARC"",""ATH"",""AVR"",""BBD"",""BFZ"",""BLB"",""BRB"",""BRC"",""BRO"",""C13"",""C14"",""C15"",""C16"",""C17"",""C18"",""C19"",""CED"",""CEI"",""CHK"",""CLB"",""CLU"",""CM2"",""CMA"",""CMD"",""CMM"",""CMR"",""CST"",""DDC"",""DDE"",""DDF"",""DDG"",""DDH"",""DDI"",""DDK"",""DDL"",""DDN"",""DDO"",""DDP"",""DDQ"",""DFT"",""DMR"",""DMU"",""DOM"",""DSK"",""DTK"",""DVD"",""E01"",""ECL"",""ELD"",""EOE"",""FBB"",""FDN"",""FIC"",""FIN"",""FRF"",""G17"",""GK1"",""GK2"",""GN2"",""GN3"",""GNT"",""GRN"",""GS1"",""H09"",""HBG"",""HOB"",""HOP"",""HOU"",""ICE"",""IKO"",""INR"",""INV"",""ISD"",""ITP"",""J14"",""J22"",""J25"",""JMP"",""KHM"",""KLD"",""KLR"",""KTK"",""LCI"",""LEA"",""LEB"",""LRW"",""LTR"",""M10"",""M11"",""M12"",""M13"",""M14"",""M15"",""M19"",""M20"",""M21"",""MBS"",""MD1"",""ME1"",""ME3"",""MH2"",""MH3"",""MID"",""MIR"",""MKM"",""MMQ"",""MOM"",""MRD"",""MSC"",""MSH"",""NEO"",""NPH"",""ODY"",""OLEP"",""ONE"",""ONS"",""ORI"",""OTJ"",""P02"",""P23"",""PAL00"",""PAL01"",""PAL03"",""PAL04"",""PAL05"",""PAL06"",""PAL99"",""PALP"",""PANA"",""PARL"",""PC2"",""PCA"",""PDGM"",""PELP"",""PF19"",""PF20"",""PGPX"",""PGRU"",""PIP"",""PL26"",""PLST"",""PMPS"",""PMPS06"",""PMPS07"",""PMPS08"",""PMPS09"",""PMPS10"",""PMPS11"",""POR"",""PPP1"",""PRM"",""PRW2"",""PRWK"",""PS11"",""PSAL"",""PSS2"",""PSS3"",""PSS4"",""PTC"",""PTK"",""PZ2"",""RAV"",""REX"",""RIX"",""RNA"",""ROE"",""RQS"",""RTR"",""S99"",""SCD"",""SHM"",""SIR"",""SLD"",""SLP"",""SNC"",""SOI"",""SOM"",""SOS"",""SPM"",""STX"",""SUM"",""TD0"",""TD2"",""TDM"",""THB"",""THS"",""TLA"",""TLE"",""TMP"",""TMT"",""TPR"",""TSP"",""UGL"",""UND"",""UNF"",""UNH"",""USG"",""UST"",""VOW"",""WAR"",""WC00"",""WC02"",""WC03"",""WC04"",""WC97"",""WC98"",""WHO"",""WOE"",""XANA"",""XLN"",""ZEN"",""ZNR""],""availability"":[""arena"",""mtgo"",""paper""],""expansion"":{""id"":""HOB"",""name"":""The",Scrydex public web image / rescue 2026-08-29,True,2026-08-28 04:31:24.823418+00:00,2026-08-29 14:06:15.492862+00:00,SV4a-318,70,Pokemon,"[""Colorless""]",Stage1,Shigenori Negishi,G,大きな ２匹が 子どもたちを 守りながら 戦う。 強い 相手には 全員で 立ち向かう。,"[{""cost"":[""Colorless""],""damage"":40,""nameJa"":""ビンタ"",""effectJa"":null},{""cost"":[""Colorless"",""Colorless""],""damage"":""70×"",""nameJa"":""ファミリーアタック"",""effectJa"":""自分の場の「イッカネズミ」の数×70ダメージ。""}]",[],"[{""type"":""Fighting"",""value"":""×2""}]",[],1,[925],,,318
54e65dd5-21a2-43ad-91ce-caa06ffc5453,2e3e2cf1-be86-4808-87f7-fe01973f0325,フォレトスex,フォレトスex,320,,holo,"https://images.scrydex.com/magicthegathering/HOB-320/small"",""medium"":""https://images.scrydex.com/magicthegathering/HOB-320/medium"",""large"":""https://images.scrydex.com/magicthegathering/HOB-320/large""}],""rulings"":[],""printings"":[""10E"",""2ED"",""2XM"",""30A"",""3ED"",""40K"",""4BB"",""4ED"",""5ED"",""6ED"",""7ED"",""8ED"",""9ED"",""ACR"",""AFR"",""AKH"",""AKR"",""ALA"",""ANA"",""ANB"",""ARC"",""ATH"",""AVR"",""BBD"",""BFZ"",""BLB"",""BRB"",""BRC"",""BRO"",""C13"",""C14"",""C15"",""C16"",""C17"",""C18"",""C19"",""CED"",""CEI"",""CHK"",""CLB"",""CLU"",""CM2"",""CMA"",""CMD"",""CMM"",""CMR"",""CST"",""DDC"",""DDE"",""DDF"",""DDG"",""DDH"",""DDI"",""DDK"",""DDL"",""DDN"",""DDO"",""DDP"",""DDQ"",""DFT"",""DMR"",""DMU"",""DOM"",""DSK"",""DTK"",""DVD"",""E01"",""ECL"",""ELD"",""EOE"",""FBB"",""FDN"",""FIC"",""FIN"",""FRF"",""G17"",""GK1"",""GK2"",""GN2"",""GN3"",""GNT"",""GRN"",""GS1"",""H09"",""HBG"",""HOB"",""HOP"",""HOU"",""ICE"",""IKO"",""INR"",""INV"",""ISD"",""ITP"",""J14"",""J22"",""J25"",""JMP"",""KHM"",""KLD"",""KLR"",""KTK"",""LCI"",""LEA"",""LEB"",""LRW"",""LTR"",""M10"",""M11"",""M12"",""M13"",""M14"",""M15"",""M19"",""M20"",""M21"",""MBS"",""MD1"",""ME1"",""ME3"",""MH2"",""MH3"",""MID"",""MIR"",""MKM"",""MMQ"",""MOM"",""MRD"",""MSC"",""MSH"",""NEO"",""NPH"",""ODY"",""OLEP"",""ONE"",""ONS"",""ORI"",""OTJ"",""P02"",""P23"",""PAL00"",""PAL01"",""PAL03"",""PAL04"",""PAL05"",""PAL06"",""PAL99"",""PALP"",""PANA"",""PARL"",""PC2"",""PCA"",""PDGM"",""PELP"",""PF19"",""PF20"",""PGPX"",""PGRU"",""PIP"",""PL26"",""PLST"",""PMPS"",""PMPS06"",""PMPS07"",""PMPS08"",""PMPS09"",""PMPS10"",""PMPS11"",""POR"",""PPP1"",""PRM"",""PRW2"",""PRWK"",""PS11"",""PSAL"",""PSS2"",""PSS3"",""PSS4"",""PTC"",""PTK"",""PZ2"",""RAV"",""REX"",""RIX"",""RNA"",""ROE"",""RQS"",""RTR"",""S99"",""SCD"",""SHM"",""SIR"",""SLD"",""SLP"",""SNC"",""SOI"",""SOM"",""SOS"",""SPM"",""STX"",""SUM"",""TD0"",""TD2"",""TDM"",""THB"",""THS"",""TLA"",""TLE"",""TMP"",""TMT"",""TPR"",""TSP"",""UGL"",""UND"",""UNF"",""UNH"",""USG"",""UST"",""VOW"",""WAR"",""WC00"",""WC02"",""WC03"",""WC04"",""WC97"",""WC98"",""WHO"",""WOE"",""XANA"",""XLN"",""ZEN"",""ZNR""],""availability"":[""arena"",""mtgo"",""paper""],""expansion"":{""id"":""HOB"",""name"":""The",Scrydex public web image / rescue 2026-08-29,True,2026-08-28 04:31:24.823418+00:00,2026-08-29 14:06:15.492862+00:00,SV4a-320,270,Pokemon,"[""Grass""]",Stage1,5ban Graphics,G,,"[{""cost"":[""Grass"",""Grass""],""damage"":120,""nameJa"":""ガードプレス"",""effectJa"":""次の相手の番、このポケモンが受けるワザのダメージは「-30」される。""}]","[{""type"":""Ability"",""nameJa"":""ばくれつエナジー"",""effectJa"":""自分の番に1回使えて、使ったなら、このポケモンをきぜつさせる。自分の山札から「基本エネルギー」を5枚まで選び、自分のポケモンに好きなようにつける。そして山札を切る。""}]","[{""type"":""Fire"",""value"":""×2""}]",[],3,[],,,320
5e4fd77d-e801-4fe8-aacb-e051c4ace774,2e3e2cf1-be86-4808-87f7-fe01973f0325,マスカーニャex,マスカーニャex,321,,holo,"https://images.scrydex.com/magicthegathering/HOB-321/small"",""medium"":""https://images.scrydex.com/magicthegathering/HOB-321/medium"",""large"":""https://images.scrydex.com/magicthegathering/HOB-321/large""}],""rulings"":[],""printings"":[""HOB""],""availability"":[""arena"",""mtgo"",""paper""],""expansion"":{""id"":""HOB"",""name"":""The",Scrydex public web image / rescue 2026-08-29,True,2026-08-28 04:31:24.823418+00:00,2026-08-29 14:06:15.492862+00:00,SV4a-321,310,Pokemon,"[""Grass""]",Stage2,5ban Graphics,G,,"[{""cost"":[""Colorless"",""Colorless""],""damage"":""100+"",""nameJa"":""スクラッチネイル"",""effectJa"":""相手のバトルポケモンにダメカンがのっているなら、120ダメージ追加。""}]","[{""type"":""Ability"",""nameJa"":""ブーケマジック"",""effectJa"":""自分の番に、自分の手札から「基本エネルギー」を1枚トラッシュするなら、1回使える。相手のベンチポケモン1匹に、ダメカンを3個のせる。""}]","[{""type"":""Fire"",""value"":""×2""}]",[],2,[],,,321
ceac7555-d6eb-49cb-9575-96b5595f7976,2e3e2cf1-be86-4808-87f7-fe01973f0325,リククラゲex,リククラゲex,322,,holo,"https://images.scrydex.com/magicthegathering/MSH-322/small"",""medium"":""https://images.scrydex.com/magicthegathering/MSH-322/medium"",""large"":""https://images.scrydex.com/magicthegathering/MSH-322/large""}],""rulings"":[],""printings"":[""MSH""],""availability"":[""mtgo"",""paper""],""expansion"":{""id"":""MSH"",""name"":""Marvel",Scrydex public web image / rescue 2026-08-29,True,2026-08-28 04:31:24.823418+00:00,2026-08-29 14:06:15.492862+00:00,SV4a-322,270,Pokemon,"[""Grass""]",Stage1,5ban Graphics,G,,"[{""cost"":[""Grass"",""Grass""],""damage"":""80+"",""nameJa"":""コロニーラッシュ"",""effectJa"":""自分のベンチのエネルギーがついているポケモンの数×40ダメージ追加。""}]","[{""type"":""Ability"",""nameJa"":""まもりのきんし"",""effectJa"":""このポケモンがいるかぎり、エネルギーがついている自分のポケモン全員は、相手のポケモンが使うワザの効果を受けない。（すでに受けている効果は、なくならない。）""}]","[{""type"":""Fire"",""value"":""×2""}]",[],2,[],,,322
ec2ad8c6-d4ff-4faa-b0b8-44be7918e72e,2e3e2cf1-be86-4808-87f7-fe01973f0325,クエスパトラex,クエスパトラex,323,,holo,"https://images.scrydex.com/magicthegathering/MSH-323/small"",""medium"":""https://images.scrydex.com/magicthegathering/MSH-323/medium"",""large"":""https://images.scrydex.com/magicthegathering/MSH-323/large""}],""rulings"":[],""printings"":[""MSH""],""availability"":[""mtgo"",""paper""],""expansion"":{""id"":""MSH"",""name"":""Marvel",Scrydex public web image / rescue 2026-08-29,True,2026-08-28 04:31:24.823418+00:00,2026-08-29 14:06:15.492862+00:00,SV4a-323,260,Pokemon,"[""Grass""]",Stage1,takuyoa,G,,"[{""cost"":[""Psychic""],""damage"":""30+"",""nameJa"":""サイコボール"",""effectJa"":""おたがいのバトルポケモンについているエネルギーの数×30ダメージ追加。""}]","[{""type"":""Ability"",""nameJa"":""まばゆいしせん"",""effectJa"":""このポケモンがバトル場にいるかぎり、相手のバトルポケモンは、ワザを使うためのエネルギーが、エネルギー1個ぶん多くなる。""}]","[{""type"":""Fire"",""value"":""×2""}]",[],1,[],,,323
0b4d1c9b-b617-4fe3-a07f-818d35aa24d7,2e3e2cf1-be86-4808-87f7-fe01973f0325,ラウドボーンex,ラウドボーンex,324,,holo,"https://images.scrydex.com/magicthegathering/MSH-324/small"",""medium"":""https://images.scrydex.com/magicthegathering/MSH-324/medium"",""large"":""https://images.scrydex.com/magicthegathering/MSH-324/large""}],""rulings"":[],""printings"":[""MSH""],""availability"":[""mtgo"",""paper""],""expansion"":{""id"":""MSH"",""name"":""Marvel",Scrydex public web image / rescue 2026-08-29,True,2026-08-28 04:31:24.823418+00:00,2026-08-29 14:06:15.492862+00:00,SV4a-324,340,Pokemon,"[""Fire""]",Stage2,5ban Graphics,G,,"[{""cost"":[""Fire""],""damage"":50,""nameJa"":""かつりょくのうた"",""effectJa"":""自分のポケモン全員のHPを、それぞれ「30」回復する。""},{""cost"":[""Fire"",""Fire""],""damage"":""270-"",""nameJa"":""バーニングボイス"",""effectJa"":""このポケモンにのっているダメカンの数×10ダメージぶん、このワザのダメージは小さくなる。""}]",[],"[{""type"":""Water"",""value"":""×2""}]",[],3,[],,,324
eff67dcf-260d-4872-b896-c4cbf214fe7e,2e3e2cf1-be86-4808-87f7-fe01973f0325,ウェーニバルex,ウェーニバルex,325,,holo,"https://images.scrydex.com/magicthegathering/MSH-325/small"",""medium"":""https://images.scrydex.com/magicthegathering/MSH-325/medium"",""large"":""https://images.scrydex.com/magicthegathering/MSH-325/large""}],""rulings"":[],""printings"":[""MSH""],""availability"":[""mtgo"",""paper""],""expansion"":{""id"":""MSH"",""name"":""Marvel",Scrydex public web image / rescue 2026-08-29,True,2026-08-28 04:31:24.823418+00:00,2026-08-29 14:06:15.492862+00:00,SV4a-325,320,Pokemon,"[""Water""]",Stage2,5ban Graphics,G,,"[{""cost"":[""Water""],""damage"":60,""nameJa"":""エキサイトサンバ"",""effectJa"":""このポケモンをベンチポケモンと入れ替える。その後、相手は相手自身のバトルポケモンをベンチポケモンと入れ替える。""},{""cost"":[""Water"",""Colorless""],""damage"":230,""nameJa"":""スクリューシュート"",""effectJa"":""このポケモンについているエネルギーを2個選び、手札にもどす。""}]",[],"[{""type"":""Lightning"",""value"":""×2""}]",[],2,[],,,325
069d91a7-f600-4e71-92d5-b69612193352,2e3e2cf1-be86-4808-87f7-fe01973f0325,フーディンex,フーディンex,326,,holo,"https://images.scrydex.com/magicthegathering/MSH-326/small"",""medium"":""https://images.scrydex.com/magicthegathering/MSH-326/medium"",""large"":""https://images.scrydex.com/magicthegathering/MSH-326/large""}],""rulings"":[],""printings"":[""MSH"",""PSPL""],""availability"":[""mtgo"",""paper""],""expansion"":{""id"":""MSH"",""name"":""Marvel",Scrydex public web image / rescue 2026-08-29,True,2026-08-28 04:31:24.823418+00:00,2026-08-29 14:06:15.492862+00:00,SV4a-326,310,Pokemon,"[""Psychic""]",Stage2,PLANETA Tsuji,G,,"[{""cost"":[""Colorless"",""Colorless""],""damage"":""90+"",""nameJa"":""マインドジャック"",""effectJa"":""相手のベンチポケモンの数×30ダメージ追加。""},{""cost"":[""Psychic"",""Psychic""],""damage"":120,""nameJa"":""ディメンションハンド"",""effectJa"":""このワザは、このポケモンがベンチにいても使える。""}]",[],"[{""type"":""Darkness"",""value"":""×2""}]","[{""type"":""Fighting"",""value"":""-30""}]",1,[],,,326
2dddcada-5e42-4abf-9416-ded83772c2cc,2e3e2cf1-be86-4808-87f7-fe01973f0325,ミュウex,ミュウex,327,,holo,"https://images.scrydex.com/magicthegathering/MSH-327/small"",""medium"":""https://images.scrydex.com/magicthegathering/MSH-327/medium"",""large"":""https://images.scrydex.com/magicthegathering/MSH-327/large""}],""rulings"":[],""printings"":[""MSH""],""availability"":[""mtgo"",""paper""],""expansion"":{""id"":""MSH"",""name"":""Marvel",Scrydex public web image / rescue 2026-08-29,True,2026-08-28 04:31:24.823418+00:00,2026-08-29 14:06:15.492862+00:00,SV4a-327,180,Pokemon,"[""Psychic""]",Basic,aky CG Works,G,,"[{""cost"":[""Colorless"",""Colorless"",""Colorless""],""damage"":null,""nameJa"":""ゲノムハック"",""effectJa"":""相手のバトルポケモンが持っているワザを1つ選び、このワザとして使う。""}]","[{""type"":""Ability"",""nameJa"":""リスタート"",""effectJa"":""自分の番に1回使える。自分の手札が3枚になるように、山札を引く。""}]","[{""type"":""Darkness"",""value"":""×2""}]","[{""type"":""Fighting"",""value"":""-30""}]",0,[],,,327
b3bacd15-354c-4a2a-9e86-79379245fc4d,2e3e2cf1-be86-4808-87f7-fe01973f0325,サーナイトex,サーナイトex,328,,holo,"https://images.scrydex.com/magicthegathering/MSH-328/small"",""medium"":""https://images.scrydex.com/magicthegathering/MSH-328/medium"",""large"":""https://images.scrydex.com/magicthegathering/MSH-328/large""},{""type"":""back"",""small"":""https://images.scrydex.com/magicthegathering/MSH-328A/small"",""medium"":""https://images.scrydex.com/magicthegathering/MSH-328A/medium"",""large"":""https://images.scrydex.com/magicthegathering/MSH-328A/large""}],""rulings"":[],""printings"":[""MSH""],""availability"":[""mtgo"",""paper""],""expansion"":{""id"":""MSH"",""name"":""Marvel",Scrydex public web image / rescue 2026-08-29,True,2026-08-28 04:31:24.823418+00:00,2026-08-29 14:06:15.492862+00:00,SV4a-328,310,Pokemon,"[""Psychic""]",Stage2,N-DESIGN Inc.,G,,"[{""cost"":[""Psychic"",""Psychic"",""Colorless""],""damage"":190,""nameJa"":""ミラクルフォース"",""effectJa"":""このポケモンの特殊状態を、すべて回復する。""}]","[{""type"":""Ability"",""nameJa"":""サイコエンブレイス"",""effectJa"":""自分の番に何回でも使える。自分のトラッシュから「基本エネルギー」を1枚選び、自分のポケモンにつける。その後、つけたポケモンにダメカンを2個のせる。（きぜつするポケモンに、この特性は使えない。）""}]","[{""type"":""Darkness"",""value"":""×2""}]","[{""type"":""Fighting"",""value"":""-30""}]",2,[],,,328
6bed662b-52ea-41c2-8ac7-24c6bb0c018d,2e3e2cf1-be86-4808-87f7-fe01973f0325,キラフロルex,キラフロルex,329,,holo,"https://images.scrydex.com/magicthegathering/MSH-329/small"",""medium"":""https://images.scrydex.com/magicthegathering/MSH-329/medium"",""large"":""https://images.scrydex.com/magicthegathering/MSH-329/large""}],""rulings"":[],""printings"":[""MSH""],""availability"":[""mtgo"",""paper""],""expansion"":{""id"":""MSH"",""name"":""Marvel",Scrydex public web image / rescue 2026-08-29,True,2026-08-28 04:31:24.823418+00:00,2026-08-29 14:06:15.492862+00:00,SV4a-329,270,Pokemon,"[""Fighting""]",Stage1,5ban Graphics,G,,"[{""cost"":[""Fighting"",""Fighting""],""damage"":140,""nameJa"":""ポイズンジェム"",""effectJa"":""相手のバトルポケモンをどくにする。""}]","[{""type"":""Ability"",""nameJa"":""ダストフィールド"",""effectJa"":""このポケモンがバトル場にいるかぎり、相手がベンチに出せるポケモンの数は3匹になる。相手のベンチに4匹以上いるなら、相手はベンチが3匹になるまでポケモンをトラッシュする。［ベンチの数を変更する効果は、少ない数が優先される。］""}]","[{""type"":""Grass"",""value"":""×2""}]",[],3,[],,,329
7a4e81f4-2821-4f5c-a86e-a21177c9b53f,2e3e2cf1-be86-4808-87f7-fe01973f0325,イダイナキバex,イダイナキバex,330,,holo,"https://images.scrydex.com/magicthegathering/MSH-330/small"",""medium"":""https://images.scrydex.com/magicthegathering/MSH-330/medium"",""large"":""https://images.scrydex.com/magicthegathering/MSH-330/large""}],""rulings"":[],""printings"":[""MSH""],""availability"":[""mtgo"",""paper""],""expansion"":{""id"":""MSH"",""name"":""Marvel",Scrydex public web image / rescue 2026-08-29,True,2026-08-28 04:31:24.823418+00:00,2026-08-29 14:06:15.492862+00:00,SV4a-330,250,Pokemon,"[""Fighting""]",Basic,5ban Graphics,G,,"[{""cost"":[""Fighting"",""Colorless"",""Colorless"",""Colorless""],""damage"":260,""nameJa"":""グレートバッシュ"",""effectJa"":""このワザのダメージは、相手のバトルポケモンにかかっている効果を計算しない。""}]","[{""type"":""Ability"",""nameJa"":""ゆさぶりくずす"",""effectJa"":""自分の番の終わりに、このポケモンがバトル場にいるなら、必ず1回使う。自分の山札を上から5枚トラッシュする。""}]","[{""type"":""Psychic"",""value"":""×2""}]",[],4,[],,,330
c0f93694-cb6a-4774-9dc1-7715c1cbdb88,2e3e2cf1-be86-4808-87f7-fe01973f0325,リザードンex,リザードンex,331,,holo,"https://images.scrydex.com/magicthegathering/MSH-331/small"",""medium"":""https://images.scrydex.com/magicthegathering/MSH-331/medium"",""large"":""https://images.scrydex.com/magicthegathering/MSH-331/large""},{""type"":""back"",""small"":""https://images.scrydex.com/magicthegathering/MSH-331A/small"",""medium"":""https://images.scrydex.com/magicthegathering/MSH-331A/medium"",""large"":""https://images.scrydex.com/magicthegathering/MSH-331A/large""}],""rulings"":[],""printings"":[""MSH""],""availability"":[""mtgo"",""paper""],""expansion"":{""id"":""MSH"",""name"":""Marvel",Scrydex public web image / rescue 2026-08-29,True,2026-08-28 04:31:24.823418+00:00,2026-08-29 14:06:15.492862+00:00,SV4a-331,330,Pokemon,"[""Darkness""]",Stage2,5ban Graphics,G,,"[{""cost"":[""Fire"",""Fire""],""damage"":""180+"",""nameJa"":""バーニングダーク"",""effectJa"":""相手がすでにとったサイドの枚数×30ダメージ追加。""}]","[{""type"":""Ability"",""nameJa"":""れんごくしはい"",""effectJa"":""自分の番に、このカードを手札から出して進化させたとき、1回使える。自分の山札から「基本エネルギー」を3枚まで選び、自分のポケモンに好きなようにつける。そして山札を切る。""}]","[{""type"":""Grass"",""value"":""×2""}]",[],2,[],,,331
69972291-f9e0-4a2a-aedf-7fda90fafd9f,2e3e2cf1-be86-4808-87f7-fe01973f0325,パルデア ドオーex,パルデアドオーex,332,,holo,"https://images.scrydex.com/magicthegathering/MSH-332/small"",""medium"":""https://images.scrydex.com/magicthegathering/MSH-332/medium"",""large"":""https://images.scrydex.com/magicthegathering/MSH-332/large""}],""rulings"":[],""printings"":[""MSH""],""availability"":[""mtgo"",""paper""],""expansion"":{""id"":""MSH"",""name"":""Marvel",Scrydex public web image / rescue 2026-08-29,True,2026-08-28 04:31:24.823418+00:00,2026-08-29 14:06:15.492862+00:00,SV4a-332,280,Pokemon,"[""Darkness""]",Stage1,PLANETA Mochizuki,G,,"[{""cost"":[""Darkness"",""Colorless"",""Colorless""],""damage"":200,""nameJa"":""ニードルボーン"",""effectJa"":""コインを1回投げウラなら、次の自分の番、このポケモンはワザが使えない。""}]","[{""type"":""Ability"",""nameJa"":""どくのぬまち"",""effectJa"":""場にスタジアムが出ているなら、自分の番に1回使える。相手のバトルポケモンをどくにする。""}]","[{""type"":""Fighting"",""value"":""×2""}]",[],3,[],,,332
b9585ef4-e0f1-4ecd-93e1-c6b245afb14f,2e3e2cf1-be86-4808-87f7-fe01973f0325,テツノワダチex,テツノワダチex,333,,holo,"https://images.scrydex.com/magicthegathering/MSH-333/small"",""medium"":""https://images.scrydex.com/magicthegathering/MSH-333/medium"",""large"":""https://images.scrydex.com/magicthegathering/MSH-333/large""}],""rulings"":[],""printings"":[""MSH""],""availability"":[""mtgo"",""paper""],""expansion"":{""id"":""MSH"",""name"":""Marvel",Scrydex public web image / rescue 2026-08-29,True,2026-08-28 04:31:24.823418+00:00,2026-08-29 14:06:15.492862+00:00,SV4a-333,220,Pokemon,"[""Metal""]",Basic,5ban Graphics,G,,"[{""cost"":[""Metal"",""Metal"",""Colorless""],""damage"":150,""nameJa"":""クラッドローリング"",""effectJa"":""のぞむなら、ダメージを与えたあとに、このポケモンについている「ブーストエナジー 未来」をトラッシュする。その場合、次の相手の番、このポケモンが受けるワザのダメージは「-150」される。""}]",[],"[{""type"":""Fire"",""value"":""×2""}]","[{""type"":""Grass"",""value"":""-30""}]",3,[],,,333
80f6a266-8ecd-4f01-927a-dfba3b897d4d,2e3e2cf1-be86-4808-87f7-fe01973f0325,ピジョットex,ピジョットex,335,,holo,"https://images.scrydex.com/magicthegathering/MSH-335/small"",""medium"":""https://images.scrydex.com/magicthegathering/MSH-335/medium"",""large"":""https://images.scrydex.com/magicthegathering/MSH-335/large""}],""rulings"":[],""printings"":[""MSH""],""availability"":[""mtgo"",""paper""],""expansion"":{""id"":""MSH"",""name"":""Marvel",Scrydex public web image / rescue 2026-08-29,True,2026-08-28 04:31:24.823418+00:00,2026-08-29 14:06:15.492862+00:00,SV4a-335,280,Pokemon,"[""Colorless""]",Stage2,takuyoa,G,,"[{""cost"":[""Colorless"",""Colorless""],""damage"":120,""nameJa"":""ふきすさぶ"",""effectJa"":""のぞむなら、場に出ているスタジアムをトラッシュする。""}]","[{""type"":""Ability"",""nameJa"":""マッハサーチ"",""effectJa"":""自分の番に1回使える。自分の山札から好きなカードを1枚選び、手札に加える。そして山札を切る。この番、すでに別の「マッハサーチ」を使っていたなら、この特性は使えない。""}]","[{""type"":""Lightning"",""value"":""×2""}]","[{""type"":""Fighting"",""value"":""-30""}]",0,[],,,335
d3d51724-5865-401b-96c2-a8c4343c6f7e,2e3e2cf1-be86-4808-87f7-fe01973f0325,プクリンex,プクリンex,336,,holo,"https://images.scrydex.com/magicthegathering/MSH-336/small"",""medium"":""https://images.scrydex.com/magicthegathering/MSH-336/medium"",""large"":""https://images.scrydex.com/magicthegathering/MSH-336/large""}],""rulings"":[],""printings"":[""MSH""],""availability"":[""mtgo"",""paper""],""expansion"":{""id"":""MSH"",""name"":""Marvel",Scrydex public web image / rescue 2026-08-29,True,2026-08-28 04:31:24.823418+00:00,2026-08-29 14:06:15.492862+00:00,SV4a-336,250,Pokemon,"[""Colorless""]",Stage1,Saki Hayashiro,G,,"[{""cost"":[""Colorless"",""Colorless"",""Colorless""],""damage"":""90+"",""nameJa"":""フレンドタックル"",""effectJa"":""この番、手札からサポートを出して使っていたなら、90ダメージ追加。""}]","[{""type"":""Ability"",""nameJa"":""ふくらむボディ"",""effectJa"":""このポケモンに特殊エネルギーがついているなら、このポケモンの最大HPは「＋100」される。""}]","[{""type"":""Fighting"",""value"":""×2""}]",[],3,[],,,336
1dce99d9-e53c-4e11-9472-dd0371927e66,2e3e2cf1-be86-4808-87f7-fe01973f0325,イーユイex,イーユイex,356,,holo,"https://images.scrydex.com/magicthegathering/MSH-356/small"",""medium"":""https://images.scrydex.com/magicthegathering/MSH-356/medium"",""large"":""https://images.scrydex.com/magicthegathering/MSH-356/large""},{""type"":""back"",""small"":""https://images.scrydex.com/magicthegathering/MSH-356A/small"",""medium"":""https://images.scrydex.com/magicthegathering/MSH-356A/medium"",""large"":""https://images.scrydex.com/magicthegathering/MSH-356A/large""}],""rulings"":[],""printings"":[""MSH""],""availability"":[""mtgo"",""paper""],""expansion"":{""id"":""MSH"",""name"":""Marvel",Scrydex public web image / rescue 2026-08-29,True,2026-08-28 04:31:24.823418+00:00,2026-08-29 14:06:15.492862+00:00,SV4a-356,190,Pokemon,"[""Fire""]",Basic,PLANETA Yamashita,,,"[{""cost"":[""Fire""],""damage"":null,""nameJa"":""ねたみこがす"",""effectJa"":""相手の山札を上から2枚トラッシュする。""},{""cost"":[""Fire"",""Fire""],""damage"":100,""nameJa"":""フレイムサージ"",""effectJa"":""自分のベンチポケモンを3匹まで選び、山札から「基本エネルギー」を1枚ずつつける。そして山札を切る。""}]",[],"[{""type"":""Water"",""value"":""×2""}]",[],1,[],,,356
2105a5e6-8a1a-4133-89e6-8a45dfab8d57,2e3e2cf1-be86-4808-87f7-fe01973f0325,イキリンコex,イキリンコex,337,,holo,"https://images.scrydex.com/magicthegathering/MSH-337/small"",""medium"":""https://images.scrydex.com/magicthegathering/MSH-337/medium"",""large"":""https://images.scrydex.com/magicthegathering/MSH-337/large""}],""rulings"":[],""printings"":[""MSH""],""availability"":[""mtgo"",""paper""],""expansion"":{""id"":""MSH"",""name"":""Marvel",Scrydex public web image / rescue 2026-08-29,True,2026-08-28 04:31:24.823418+00:00,2026-08-29 14:06:15.492862+00:00,SV4a-337,160,Pokemon,"[""Colorless""]",Basic,PLANETA Mochizuki,G,,"[{""cost"":[""Colorless""],""damage"":20,""nameJa"":""きあいをいれる"",""effectJa"":""自分のトラッシュから基本エネルギーを2枚まで選び、ベンチポケモン1匹につける。""}]","[{""type"":""Ability"",""nameJa"":""イキリテイク"",""effectJa"":""最初の自分の番にだけ1回使える。自分の手札をすべてトラッシュし、山札を6枚引く。この番、すでに別の「イキリテイク」を使っていたなら、この特性は使えない。""}]","[{""type"":""Lightning"",""value"":""×2""}]","[{""type"":""Fighting"",""value"":""-30""}]",1,[],,,337
c6c468e5-010f-4794-86ec-a65f6cae5851,2e3e2cf1-be86-4808-87f7-fe01973f0325,ウミトリオ,ウミトリオ,338,,holo,"https://images.scrydex.com/magicthegathering/MSH-338/small"",""medium"":""https://images.scrydex.com/magicthegathering/MSH-338/medium"",""large"":""https://images.scrydex.com/magicthegathering/MSH-338/large""}],""rulings"":[],""printings"":[""MSH""],""availability"":[""mtgo"",""paper""],""expansion"":{""id"":""MSH"",""name"":""Marvel",Scrydex public web image / rescue 2026-08-29,True,2026-08-28 04:31:24.823418+00:00,2026-08-29 14:06:15.492862+00:00,SV4a-338,90,Pokemon,"[""Water""]",Stage1,Tetsu Kayama,G,見かけによらず 気性が 荒い。 長い 体で 獲物を 締め上げ 巣穴に 引きずりこむぞ。,"[{""cost"":[""Water""],""damage"":30,""nameJa"":""ずつき"",""effectJa"":null},{""cost"":[""Colorless"",""Colorless"",""Colorless""],""damage"":null,""nameJa"":""うみほりトンネル"",""effectJa"":""コインを3回投げ、オモテの数×3枚ぶん、相手の山札を上からトラッシュする。""}]",[],"[{""type"":""Lightning"",""value"":""×2""}]",[],2,[961],,,338
5d225451-a56b-4333-8ce7-85041255e257,2e3e2cf1-be86-4808-87f7-fe01973f0325,イルカマン,イルカマン,339,,holo,"https://images.scrydex.com/magicthegathering/MSH-339/small"",""medium"":""https://images.scrydex.com/magicthegathering/MSH-339/medium"",""large"":""https://images.scrydex.com/magicthegathering/MSH-339/large""}],""rulings"":[],""printings"":[""MSH""],""availability"":[""mtgo"",""paper""],""expansion"":{""id"":""MSH"",""name"":""Marvel",Scrydex public web image / rescue 2026-08-29,True,2026-08-28 04:31:24.823418+00:00,2026-08-29 14:06:15.492862+00:00,SV4a-339,150,Pokemon,"[""Water""]",Stage1,akagi,G,太古の 遺伝子が 覚醒。 片ヒレで クルーズ船を 軽々 持ち上げる 怪力の 持ち主。,"[{""cost"":[""Water""],""damage"":30,""nameJa"":""ジェットパンチ"",""effectJa"":""相手のベンチポケモン1匹にも、30ダメージ。［ベンチは弱点・抵抗力を計算しない。］""},{""cost"":[""Water"",""Water""],""damage"":210,""nameJa"":""ジャスティスキック"",""effectJa"":""この番、このポケモンがベンチからバトル場に出ていないなら、このワザは失敗。""}]",[],"[{""type"":""Lightning"",""value"":""×2""}]",[],2,[964],,,339
b26a51ee-5f83-4bda-9066-72fbf19edc08,2e3e2cf1-be86-4808-87f7-fe01973f0325,パモ,パモ,340,,holo,"https://images.scrydex.com/magicthegathering/MSH-340/small"",""medium"":""https://images.scrydex.com/magicthegathering/MSH-340/medium"",""large"":""https://images.scrydex.com/magicthegathering/MSH-340/large""}],""rulings"":[{""date"":""2023/02/04"",""text"":""If",Scrydex public web image / rescue 2026-08-29,True,2026-08-28 04:31:24.823418+00:00,2026-08-29 14:06:15.492862+00:00,SV4a-340,60,Pokemon,"[""Lightning""]",Basic,REND,G,手の 肉球が 放電器官。 後ろ脚で ようやく 立ち上がると 手のひらから 電撃を 放つ。,"[{""cost"":[""Colorless""],""damage"":10,""nameJa"":""なぐる"",""effectJa"":null},{""cost"":[""Lightning"",""Colorless""],""damage"":20,""nameJa"":""エレキック"",""effectJa"":null}]",[],"[{""type"":""Fighting"",""value"":""×2""}]",[],1,[921],,,340
131ee8f8-9765-48cf-9124-6ffe91a7e5b0,2e3e2cf1-be86-4808-87f7-fe01973f0325,ミミッキュ,ミミッキュ,341,,holo,"https://images.scrydex.com/magicthegathering/MSH-341/small"",""medium"":""https://images.scrydex.com/magicthegathering/MSH-341/medium"",""large"":""https://images.scrydex.com/magicthegathering/MSH-341/large""}],""rulings"":[],""printings"":[""MSH""],""availability"":[""mtgo"",""paper""],""expansion"":{""id"":""MSH"",""name"":""Marvel",Scrydex public web image / rescue 2026-08-29,True,2026-08-28 04:31:24.823418+00:00,2026-08-29 14:06:15.492862+00:00,SV4a-341,70,Pokemon,"[""Psychic""]",Basic,Mitsuhiro Arita,G,陽の 当たらない 暗がりに 棲む。 人前に 出るときは ピカチュウに 似せた 布で 全身を 隠す。,"[{""cost"":[""Psychic"",""Colorless""],""damage"":null,""nameJa"":""ゴーストアイ"",""effectJa"":""相手のバトルポケモンに、ダメカンを7個のせる。""}]","[{""type"":""Ability"",""nameJa"":""しんぴのまもり"",""effectJa"":""このポケモンは、相手の「ポケモンex・V」からワザのダメージを受けない。""}]","[{""type"":""Metal"",""value"":""×2""}]",[],1,[778],,,341
4243473a-df2f-4f65-b870-fe881cd5e565,2e3e2cf1-be86-4808-87f7-fe01973f0325,パルデアの学生,パルデアノ学生,345,,holo,"https://images.scrydex.com/magicthegathering/MSH-345/small"",""medium"":""https://images.scrydex.com/magicthegathering/MSH-345/medium"",""large"":""https://images.scrydex.com/magicthegathering/MSH-345/large""},{""type"":""back"",""small"":""https://images.scrydex.com/magicthegathering/MSH-345A/small"",""medium"":""https://images.scrydex.com/magicthegathering/MSH-345A/medium"",""large"":""https://images.scrydex.com/magicthegathering/MSH-345A/large""}],""rulings"":[],""printings"":[""MSH""],""availability"":[""mtgo"",""paper""],""expansion"":{""id"":""MSH"",""name"":""Marvel",Scrydex public web image / rescue 2026-08-29,True,2026-08-28 04:31:24.823418+00:00,2026-08-29 14:06:15.492862+00:00,SV4a-345,,Trainer,[],,Cona Nitanda,G,,[],[],[],[],,[],,,345
55bdfb56-b8c4-485c-8cb7-f0e50aa5af86,2e3e2cf1-be86-4808-87f7-fe01973f0325,パルデアの学生,パルデアノ学生,346,,holo,"https://images.scrydex.com/magicthegathering/MSH-346/small"",""medium"":""https://images.scrydex.com/magicthegathering/MSH-346/medium"",""large"":""https://images.scrydex.com/magicthegathering/MSH-346/large""},{""type"":""back"",""small"":""https://images.scrydex.com/magicthegathering/MSH-346A/small"",""medium"":""https://images.scrydex.com/magicthegathering/MSH-346A/medium"",""large"":""https://images.scrydex.com/magicthegathering/MSH-346A/large""}],""rulings"":[],""printings"":[""MSH""],""availability"":[""mtgo"",""paper""],""expansion"":{""id"":""MSH"",""name"":""Marvel",Scrydex public web image / rescue 2026-08-29,True,2026-08-28 04:31:24.823418+00:00,2026-08-29 14:06:15.492862+00:00,SV4a-346,,Trainer,[],,Naoki Saito,G,,[],[],[],[],,[],,,346
5a898bc4-e05c-4152-be90-a3e1bc88186c,2e3e2cf1-be86-4808-87f7-fe01973f0325,ミュウex,ミュウex,347,,holo,"https://images.scrydex.com/magicthegathering/MSH-347/small"",""medium"":""https://images.scrydex.com/magicthegathering/MSH-347/medium"",""large"":""https://images.scrydex.com/magicthegathering/MSH-347/large""}],""rulings"":[],""printings"":[""MSH""],""availability"":[""mtgo"",""paper""],""expansion"":{""id"":""MSH"",""name"":""Marvel",Scrydex public web image / rescue 2026-08-29,True,2026-08-28 04:31:24.823418+00:00,2026-08-29 14:06:15.492862+00:00,SV4a-347,180,Pokemon,"[""Psychic""]",Basic,USGMEN,G,,"[{""cost"":[""Colorless"",""Colorless"",""Colorless""],""damage"":null,""nameJa"":""ゲノムハック"",""effectJa"":""相手のバトルポケモンが持っているワザを1つ選び、このワザとして使う。""}]","[{""type"":""Ability"",""nameJa"":""リスタート"",""effectJa"":""自分の番に1回使える。自分の手札が3枚になるように、山札を引く。""}]","[{""type"":""Darkness"",""value"":""×2""}]","[{""type"":""Fighting"",""value"":""-30""}]",0,[],,,347
990c5e1e-ba2c-41f1-b2e9-865d9f3be485,2e3e2cf1-be86-4808-87f7-fe01973f0325,サーナイトex,サーナイトex,348,,holo,"https://images.scrydex.com/magicthegathering/MSH-348/small"",""medium"":""https://images.scrydex.com/magicthegathering/MSH-348/medium"",""large"":""https://images.scrydex.com/magicthegathering/MSH-348/large""}],""rulings"":[],""printings"":[""DMU"",""J25"",""MSH"",""OTJ""],""availability"":[""mtgo"",""paper""],""expansion"":{""id"":""MSH"",""name"":""Marvel",Scrydex public web image / rescue 2026-08-29,True,2026-08-28 04:31:24.823418+00:00,2026-08-29 14:06:15.492862+00:00,SV4a-348,310,Pokemon,"[""Psychic""]",Stage2,Kuroimori,G,,"[{""cost"":[""Psychic"",""Psychic"",""Colorless""],""damage"":190,""nameJa"":""ミラクルフォース"",""effectJa"":""このポケモンの特殊状態を、すべて回復する。""}]","[{""type"":""Ability"",""nameJa"":""サイコエンブレイス"",""effectJa"":""自分の番に何回でも使える。自分のトラッシュから「基本エネルギー」を1枚選び、自分のポケモンにつける。その後、つけたポケモンにダメカンを2個のせる。（きぜつするポケモンに、この特性は使えない。）""}]","[{""type"":""Darkness"",""value"":""×2""}]","[{""type"":""Fighting"",""value"":""-30""}]",2,[],,,348
cae999f1-f074-49e4-83f7-6543c041d50e,2e3e2cf1-be86-4808-87f7-fe01973f0325,リザードンex,リザードンex,349,,holo,"https://images.scrydex.com/magicthegathering/MSH-349/small"",""medium"":""https://images.scrydex.com/magicthegathering/MSH-349/medium"",""large"":""https://images.scrydex.com/magicthegathering/MSH-349/large""}],""rulings"":[],""printings"":[""MSH""],""availability"":[""mtgo"",""paper""],""expansion"":{""id"":""MSH"",""name"":""Marvel",Scrydex public web image / rescue 2026-08-29,True,2026-08-28 04:31:24.823418+00:00,2026-08-29 14:06:15.492862+00:00,SV4a-349,330,Pokemon,"[""Darkness""]",Stage2,AKIRA EGAWA,G,,"[{""cost"":[""Fire"",""Fire""],""damage"":""180+"",""nameJa"":""バーニングダーク"",""effectJa"":""相手がすでにとったサイドの枚数×30ダメージ追加。""}]","[{""type"":""Ability"",""nameJa"":""れんごくしはい"",""effectJa"":""自分の番に、このカードを手札から出して進化させたとき、1回使える。自分の山札から「基本エネルギー」を3枚まで選び、自分のポケモンに好きなようにつける。そして山札を切る。""}]","[{""type"":""Grass"",""value"":""×2""}]",[],2,[],,,349
18269f95-9da3-4005-aecd-0f771ca30709,2e3e2cf1-be86-4808-87f7-fe01973f0325,ネルケ,ネルケ,352,,holo,"https://images.scrydex.com/magicthegathering/MSH-352/small"",""medium"":""https://images.scrydex.com/magicthegathering/MSH-352/medium"",""large"":""https://images.scrydex.com/magicthegathering/MSH-352/large""}],""rulings"":[],""printings"":[""MSH""],""availability"":[""mtgo"",""paper""],""expansion"":{""id"":""MSH"",""name"":""Marvel",Scrydex public web image / rescue 2026-08-29,True,2026-08-28 04:31:24.823418+00:00,2026-08-29 14:06:15.492862+00:00,SV4a-352,,Trainer,[],,Taiga Kayama,G,,[],[],[],[],,[],,,352
d3eabd2f-e898-4b23-8792-874f3aeaa7e3,2e3e2cf1-be86-4808-87f7-fe01973f0325,ペパー,ペパー,353,,holo,"https://images.scrydex.com/magicthegathering/MSH-353/small"",""medium"":""https://images.scrydex.com/magicthegathering/MSH-353/medium"",""large"":""https://images.scrydex.com/magicthegathering/MSH-353/large""}],""rulings"":[],""printings"":[""MSH""],""availability"":[""mtgo"",""paper""],""expansion"":{""id"":""MSH"",""name"":""Marvel",Scrydex public web image / rescue 2026-08-29,True,2026-08-28 04:31:24.823418+00:00,2026-08-29 14:06:15.492862+00:00,SV4a-353,,Trainer,[],,aspara,G,,[],[],[],[],,[],,,353
5a36f18b-ba96-4366-b8f7-3f72ed232510,2e3e2cf1-be86-4808-87f7-fe01973f0325,ボタン,ボタン,354,,holo,"https://images.scrydex.com/magicthegathering/MSH-354/small"",""medium"":""https://images.scrydex.com/magicthegathering/MSH-354/medium"",""large"":""https://images.scrydex.com/magicthegathering/MSH-354/large""}],""rulings"":[],""printings"":[""MSH""],""availability"":[""mtgo"",""paper""],""expansion"":{""id"":""MSH"",""name"":""Marvel",Scrydex public web image / rescue 2026-08-29,True,2026-08-28 04:31:24.823418+00:00,2026-08-29 14:06:15.492862+00:00,SV4a-354,,Trainer,[],,aspara,G,,[],[],[],[],,[],,,354
e2e79925-0c16-419f-a3d7-ab7b2f80a80e,2e3e2cf1-be86-4808-87f7-fe01973f0325,ジオヅム,ジオヅム,284,,holo,"https://images.scrydex.com/magicthegathering/HOB-284/small"",""medium"":""https://images.scrydex.com/magicthegathering/HOB-284/medium"",""large"":""https://images.scrydex.com/magicthegathering/HOB-284/large""}],""rulings"":[],""printings"":[""HOB""],""availability"":[""arena"",""mtgo"",""paper""],""expansion"":{""id"":""HOB"",""name"":""The",Scrydex public web image / rescue 2026-08-29,True,2026-08-28 04:31:24.823418+00:00,2026-08-29 14:06:15.492862+00:00,SV4a-284,100,Pokemon,"[""Fighting""]",Stage1,otumami,G,塩を 噴き出して 獲物に 浴びせ 塩漬けにしてしまう。 体内の 水分を 奪ってしまうのだ。,"[{""cost"":[""Fighting"",""Fighting""],""damage"":""60×"",""nameJa"":""しおキャノン"",""effectJa"":""コインを3回投げ、オモテの数×60ダメージ。""}]",[],"[{""type"":""Grass"",""value"":""×2""}]",[],3,[933],,,284
40d6e638-0686-47df-971c-4f515c9330a3,2e3e2cf1-be86-4808-87f7-fe01973f0325,オラチフ,オラチフ,295,,holo,"https://images.scrydex.com/magicthegathering/HOB-295/small"",""medium"":""https://images.scrydex.com/magicthegathering/HOB-295/medium"",""large"":""https://images.scrydex.com/magicthegathering/HOB-295/large""}],""rulings"":[],""printings"":[""HOB""],""availability"":[""arena"",""mtgo"",""paper""],""expansion"":{""id"":""HOB"",""name"":""The",Scrydex public web image / rescue 2026-08-29,True,2026-08-28 04:31:24.823418+00:00,2026-08-29 14:06:15.492862+00:00,SV4a-295,60,Pokemon,"[""Darkness""]",Basic,Kagemaru Himeno,G,相手に 嘗められないように いつも しかめっ面をしているが 泣いている 子どもは その顔で 笑いだす。,"[{""cost"":[""Darkness""],""damage"":""10+"",""nameJa"":""おそいかかる"",""effectJa"":""コインを1回投げオモテなら、20ダメージ追加。""}]",[],"[{""type"":""Grass"",""value"":""×2""}]",[],1,[942],,,295
fd379046-f403-4507-b67b-4015de7d0637,2e3e2cf1-be86-4808-87f7-fe01973f0325,オンバーンex,オンバーンex,334,,holo,"https://images.scrydex.com/magicthegathering/MSH-334/small"",""medium"":""https://images.scrydex.com/magicthegathering/MSH-334/medium"",""large"":""https://images.scrydex.com/magicthegathering/MSH-334/large""}],""rulings"":[],""printings"":[""MSH""],""availability"":[""mtgo"",""paper""],""expansion"":{""id"":""MSH"",""name"":""Marvel",Scrydex public web image / rescue 2026-08-29,True,2026-08-28 04:31:24.823418+00:00,2026-08-29 14:06:15.492862+00:00,SV4a-334,260,Pokemon,"[""Dragon""]",Stage1,Eske Yoshinob,G,,"[{""cost"":[""Colorless"",""Colorless""],""damage"":70,""nameJa"":""おんみつひこう"",""effectJa"":""次の相手の番、このポケモンはたねポケモンからワザのダメージを受けない。""},{""cost"":[""Psychic"",""Darkness""],""damage"":140,""nameJa"":""ドミネートエコー"",""effectJa"":""次の相手の番、相手は手札から特殊エネルギーを出してつけられず、スタジアムも出せない。""}]",[],[],[],0,[],,,334
1ed68198-14da-4d35-9133-0ce6a9670760,2e3e2cf1-be86-4808-87f7-fe01973f0325,ビリリダマ,ビリリダマ,238,S,holo,https://images.scrydex.com/pokemon/sv4a_ja-238/medium,Scrydex public web image / refreshed 2026-08-29,True,2026-08-28 04:31:24.612274+00:00,2026-08-29 13:37:24.163957+00:00,SV4a-238,60,Pokemon,"[""Lightning""]",Basic,Misa Tsutsui,G,転がって 移動するので 地面が デコボコだと ショックで 爆発してしまう。,"[{""cost"":[""Lightning""],""damage"":""10+"",""nameJa"":""ローリングアタック"",""effectJa"":""コインを1回投げオモテなら、20ダメージ追加。""}]",[],"[{""type"":""Fighting"",""value"":""×2""}]",[],1,[100],,,238
a43f437d-e59f-4dc5-a6c0-bd85e59ebcbe,2e3e2cf1-be86-4808-87f7-fe01973f0325,ノノクラゲ,ノノクラゲ,018,,normal,https://images.scrydex.com/pokemon/sv4a_ja-18/medium,Scrydex public web image / refreshed 2026-08-29,True,2026-08-28 04:31:24.612274+00:00,2026-08-29 13:37:24.163957+00:00,SV4a-018,50,Pokemon,"[""Grass""]",Basic,Shin Nagasawa,G,メノクラゲに 似ているが まったく 別の 種類。 脚は 細いが 走りだせば 時速５０キロになる。,"[{""cost"":[""Grass""],""damage"":""10×"",""nameJa"":""みだれげり"",""effectJa"":""コインを3回投げ、オモテの数×10ダメージ。""}]",[],"[{""type"":""Fire"",""value"":""×2""}]",[],1,[948],,,18
7153eea5-16d7-40a8-9683-c2f59befff91,2e3e2cf1-be86-4808-87f7-fe01973f0325,ビリリダマ,ビリリダマ,057,,normal,https://images.scrydex.com/pokemon/sv4a_ja-57/medium,Scrydex public web image / refreshed 2026-08-29,True,2026-08-28 04:31:24.612274+00:00,2026-08-29 13:37:24.163957+00:00,SV4a-057,60,Pokemon,"[""Lightning""]",Basic,nagimiso,G,転がって 移動するので 地面が デコボコだと ショックで 爆発してしまう。,"[{""cost"":[""Lightning""],""damage"":""10+"",""nameJa"":""ローリングアタック"",""effectJa"":""コインを1回投げオモテなら、20ダメージ追加。""}]",[],"[{""type"":""Fighting"",""value"":""×2""}]",[],1,[100],,,57
6569eac9-3bfd-4c25-b09a-216ff726376a,2e3e2cf1-be86-4808-87f7-fe01973f0325,まけんきハチマキ,マケンキハチマキ,168,,normal,https://images.scrydex.com/pokemon/sv4a_ja-168/medium,Scrydex public web image / refreshed 2026-08-29,True,2026-08-28 04:31:24.612274+00:00,2026-08-29 13:37:24.163957+00:00,SV4a-168,,Trainer,[],,inose yukie,G,,[],[],[],[],,[],,,168
9b01ac77-68a6-43ee-850e-105b4775e457,2e3e2cf1-be86-4808-87f7-fe01973f0325,ラルトス,ラルトス,080,,normal,https://images.scrydex.com/pokemon/sv4a_ja-80/medium,Scrydex public web image / refreshed 2026-08-29,True,2026-08-28 04:31:24.612274+00:00,2026-08-29 13:37:24.163957+00:00,SV4a-080,70,Pokemon,"[""Psychic""]",Basic,Tika Matsuno,G,人の 感情を 頭の 赤い ツノで 敏感に キャッチする 力を 持つ。,"[{""cost"":[""Psychic"",""Colorless""],""damage"":30,""nameJa"":""サイコショット"",""effectJa"":null}]",[],"[{""type"":""Darkness"",""value"":""×2""}]","[{""type"":""Fighting"",""value"":""-30""}]",1,[280],,,80
dddcf74b-d637-4e65-bd37-83a7cd5928c3,2e3e2cf1-be86-4808-87f7-fe01973f0325,カルボウ,カルボウ,217,S,holo,https://images.scrydex.com/pokemon/sv4a_ja-217/medium,Scrydex public web image / refreshed 2026-08-29,True,2026-08-28 04:31:24.612274+00:00,2026-08-29 13:37:24.163957+00:00,SV4a-217,70,Pokemon,"[""Fire""]",Basic,Masakazu Fukuda,G,焼けた 木炭に 命が 宿り ポケモンになった。 燃える 闘志で 強敵にも 戦いを 挑む。,"[{""cost"":[""Fire"",""Fire"",""Colorless""],""damage"":60,""nameJa"":""ヒートブラスト"",""effectJa"":null}]",[],"[{""type"":""Water"",""value"":""×2""}]",[],1,[935],,,217
61a8eb48-dd7a-4a16-9f34-b67f715518f0,2e3e2cf1-be86-4808-87f7-fe01973f0325,博士の研究,博士ノ研究,176,,normal,https://images.scrydex.com/pokemon/sv4a_ja-176/medium,Scrydex public web image / refreshed 2026-08-29,True,2026-08-28 04:31:24.612274+00:00,2026-08-29 13:37:24.163957+00:00,SV4a-176,,Trainer,[],,kirisAki,G,,[],[],[],[],,[],,,176
5d7b1d4e-fa9c-4c6f-8b97-fac9a89699f3,2e3e2cf1-be86-4808-87f7-fe01973f0325,パルデアの学生,パルデアノ学生,178,,normal,https://images.scrydex.com/pokemon/sv4a_ja-178/medium,Scrydex public web image / refreshed 2026-08-29,True,2026-08-28 04:31:24.612274+00:00,2026-08-29 13:37:24.163957+00:00,SV4a-178,,Trainer,[],,Cona Nitanda,G,,[],[],[],[],,[],,,178
3911c484-49d4-4603-bd7e-f6acdd9cc080,2e3e2cf1-be86-4808-87f7-fe01973f0325,ヘイラッシャ,ヘイラッシャ,049,,normal,https://images.scrydex.com/pokemon/sv4a_ja-49/medium,Scrydex public web image / refreshed 2026-08-29,True,2026-08-28 04:31:24.612274+00:00,2026-08-29 13:37:24.163957+00:00,SV4a-049,160,Pokemon,"[""Water""]",Basic,Souichirou Gunjima,G,大食らいだが エサを 取るのは 苦手。 シャリタツと コンビを 組んで 獲物を 捕らえるのだ。,"[{""cost"":[""Colorless"",""Colorless""],""damage"":""50×"",""nameJa"":""いかりちらす"",""effectJa"":""自分のトラッシュにある「シャリタツ」の枚数×50ダメージ。""},{""cost"":[""Water"",""Water"",""Colorless"",""Colorless""],""damage"":120,""nameJa"":""ヘビースプラッシュ"",""effectJa"":null}]",[],"[{""type"":""Lightning"",""value"":""×2""}]",[],4,[977],,,49
82dd1149-bfce-4b0c-93ce-991601e0fb1e,2e3e2cf1-be86-4808-87f7-fe01973f0325,パオジアンex,パオジアンex,054,RR,holo,https://images.scrydex.com/pokemon/sv4a_ja-54/medium,Scrydex public web image / refreshed 2026-08-29,True,2026-08-28 04:31:24.612274+00:00,2026-08-29 13:37:24.163957+00:00,SV4a-054,220,Pokemon,"[""Water""]",Basic,aky CG Works,G,,"[{""cost"":[""Water"",""Water""],""damage"":""60×"",""nameJa"":""ヘイルブレード"",""effectJa"":""自分の場のポケモンについているエネルギーを好きなだけトラッシュし、その枚数×60ダメージ。""}]","[{""type"":""Ability"",""nameJa"":""わななくれいき"",""effectJa"":""このポケモンがバトル場にいるなら、自分の番に1回使える。自分の山札から「基本エネルギー」を2枚まで選び、相手に見せて、手札に加える。そして山札を切る。""}]","[{""type"":""Metal"",""value"":""×2""}]",[],2,[],,,54
1b113e7a-c705-4350-b417-05e9ee4fc597,2e3e2cf1-be86-4808-87f7-fe01973f0325,カヌチャン,カヌチャン,094,,normal,https://images.scrydex.com/pokemon/sv4a_ja-94/medium,Scrydex public web image / refreshed 2026-08-29,True,2026-08-28 04:31:24.612274+00:00,2026-08-29 13:37:24.163957+00:00,SV4a-094,60,Pokemon,"[""Psychic""]",Basic,Shibuzoh.,G,手作りの ハンマーを 振りまわして 身を 守るが 金属を 食べる ポケモンには よく 奪われる。,"[{""cost"":[""Colorless""],""damage"":null,""nameJa"":""てつクズひろい"",""effectJa"":""自分のトラッシュからグッズを1枚選び、相手に見せて、手札に加える。""},{""cost"":[""Psychic"",""Colorless"",""Colorless""],""damage"":30,""nameJa"":""ようせいのかぜ"",""effectJa"":null}]",[],"[{""type"":""Metal"",""value"":""×2""}]",[],1,[957],,,94
78b3af45-13a2-4c67-817f-b50adb92c68f,2e3e2cf1-be86-4808-87f7-fe01973f0325,パルデア ドオーex,パルデアドオーex,117,RR,holo,https://images.scrydex.com/pokemon/sv4a_ja-117/medium,Scrydex public web image / refreshed 2026-08-29,True,2026-08-28 04:31:24.612274+00:00,2026-08-29 13:37:24.163957+00:00,SV4a-117,280,Pokemon,"[""Darkness""]",Stage1,PLANETA Mochizuki,G,,"[{""cost"":[""Darkness"",""Colorless"",""Colorless""],""damage"":200,""nameJa"":""ニードルボーン"",""effectJa"":""コインを1回投げウラなら、次の自分の番、このポケモンはワザが使えない。""}]","[{""type"":""Ability"",""nameJa"":""どくのぬまち"",""effectJa"":""場にスタジアムが出ているなら、自分の番に1回使える。相手のバトルポケモンをどくにする。""}]","[{""type"":""Fighting"",""value"":""×2""}]",[],3,[],,,117
4b82a53e-59f5-41dc-a16a-05262151b217,2e3e2cf1-be86-4808-87f7-fe01973f0325,ホゲータ,ホゲータ,215,S,holo,https://images.scrydex.com/pokemon/sv4a_ja-215/medium,Scrydex public web image / refreshed 2026-08-29,True,2026-08-28 04:31:24.612274+00:00,2026-08-29 13:37:24.163957+00:00,SV4a-215,80,Pokemon,"[""Fire""]",Basic,OKACHEKE,G,温かい 岩の上で 寝転び 四角い うろこから 取り込んだ 熱で 炎エネルギーを 作る。,"[{""cost"":[""Fire""],""damage"":20,""nameJa"":""たいあたり"",""effectJa"":null}]",[],"[{""type"":""Water"",""value"":""×2""}]",[],2,[909],,,215
24b952a3-a9f8-422d-9007-0ee9f7c53d2f,2e3e2cf1-be86-4808-87f7-fe01973f0325,パルデア ケンタロス,パルデアケンタロス,223,S,holo,https://images.scrydex.com/pokemon/sv4a_ja-223/medium,Scrydex public web image / refreshed 2026-08-29,True,2026-08-28 04:31:24.612274+00:00,2026-08-29 13:37:24.163957+00:00,SV4a-223,130,Pokemon,"[""Water""]",Basic,GOSSAN,G,ツノから 水を 吹きだし 泳ぐ。 脂肪分が 多く 浮きやすいのが ウォーター種の 特徴。,"[{""cost"":[""Colorless"",""Colorless""],""damage"":""20+"",""nameJa"":""いかりのつの"",""effectJa"":""このポケモンにのっているダメカンの数×10ダメージ追加。""},{""cost"":[""Water"",""Colorless"",""Colorless""],""damage"":null,""nameJa"":""ウォーターダイブ"",""effectJa"":""相手のポケモン1匹に、60ダメージ。［ベンチは弱点・抵抗力を計算しない。］""}]",[],"[{""type"":""Lightning"",""value"":""×2""}]",[],2,[128],,,223
fd1b4416-9703-413a-b6d6-44fdbaba4fb9,2e3e2cf1-be86-4808-87f7-fe01973f0325,セビエ,セビエ,233,S,holo,https://images.scrydex.com/pokemon/sv4a_ja-233/medium,Scrydex public web image / refreshed 2026-08-29,True,2026-08-28 04:31:24.612274+00:00,2026-08-29 13:37:24.163957+00:00,SV4a-233,70,Pokemon,"[""Water""]",Basic,Taira Akitsu,G,背びれで 熱を 吸収して 氷エネルギーに 変換する。 高温ほど エネルギーが 溜まる。,"[{""cost"":[""Water""],""damage"":null,""nameJa"":""もってくる"",""effectJa"":""自分の山札を1枚引く。""},{""cost"":[""Water"",""Colorless""],""damage"":20,""nameJa"":""たたく"",""effectJa"":null}]",[],"[{""type"":""Metal"",""value"":""×2""}]",[],2,[996],,,233
3d117b16-253d-48bb-b893-47ce3ca336f5,2e3e2cf1-be86-4808-87f7-fe01973f0325,ハネッコ,ハネッコ,005,,normal,https://images.scrydex.com/pokemon/sv4a_ja-5/medium,Scrydex public web image / refreshed 2026-08-29,True,2026-08-28 04:31:24.612274+00:00,2026-08-29 13:37:24.163957+00:00,SV4a-005,50,Pokemon,"[""Grass""]",Basic,Yukiko Baba,G,風に 流され かなりの 距離を 移動する。 パルデアの ハネッコが どこから 来たのかは はっきりしない。,"[{""cost"":[""Grass""],""damage"":10,""nameJa"":""はねてかわす"",""effectJa"":""コインを1回投げオモテなら、次の相手の番、このポケモンはワザのダメージや効果を受けない。""}]",[],"[{""type"":""Fire"",""value"":""×2""}]",[],1,[187],,,5
9f6b03ba-42a6-4d77-9f5c-f05925108ab8,2e3e2cf1-be86-4808-87f7-fe01973f0325,ポポッコ,ポポッコ,006,,normal,https://images.scrydex.com/pokemon/sv4a_ja-6/medium,Scrydex public web image / refreshed 2026-08-29,True,2026-08-28 04:31:24.612274+00:00,2026-08-29 13:37:24.163957+00:00,SV4a-006,70,Pokemon,"[""Grass""]",Stage1,Yoriyuki Ikegami,G,ポポッコの マニアは 頭の 花から 漂う 香りで どこで 生まれたか わかるらしい。,"[{""cost"":[""Grass""],""damage"":30,""nameJa"":""はなのかぜ"",""effectJa"":""相手のベンチポケモン1匹にも、30ダメージ。［ベンチは弱点・抵抗力を計算しない。］""}]","[{""type"":""Ability"",""nameJa"":""ふわっとよける"",""effectJa"":""このポケモンがワザのダメージを受けるとき、自分はコインを1回投げる。オモテなら、このポケモンはそのダメージを受けない。""}]","[{""type"":""Fire"",""value"":""×2""}]",[],1,[188],,,6
122af85c-0361-41d7-b069-fd8da75e945c,2e3e2cf1-be86-4808-87f7-fe01973f0325,ワタッコ,ワタッコ,007,,normal,https://images.scrydex.com/pokemon/sv4a_ja-7/medium,Scrydex public web image / refreshed 2026-08-29,True,2026-08-28 04:31:24.612274+00:00,2026-08-29 13:37:24.163957+00:00,SV4a-007,90,Pokemon,"[""Grass""]",Stage2,Naoyo Kimura,G,季節風に 乗り 旅をする。 綿胞子が 尽きるとき 旅と ワタッコの 一生は 終わる。,"[{""cost"":[""Grass""],""damage"":60,""nameJa"":""わたげのかぜ"",""effectJa"":""相手のベンチポケモン1匹にも、30ダメージ。［ベンチは弱点・抵抗力を計算しない。］""}]","[{""type"":""Ability"",""nameJa"":""ふわっとよける"",""effectJa"":""このポケモンがワザのダメージを受けるとき、自分はコインを1回投げる。オモテなら、このポケモンはそのダメージを受けない。""}]","[{""type"":""Fire"",""value"":""×2""}]",[],1,[189],,,7
64dea068-2602-4926-8621-1387225134a4,2e3e2cf1-be86-4808-87f7-fe01973f0325,クヌギダマ,クヌギダマ,008,,normal,https://images.scrydex.com/pokemon/sv4a_ja-8/medium,Scrydex public web image / refreshed 2026-08-29,True,2026-08-28 04:31:24.612274+00:00,2026-08-29 13:37:24.163957+00:00,SV4a-008,70,Pokemon,"[""Grass""]",Basic,Kouki Saitou,G,木の 皮を 重ね合わせて 殻を 分厚くするのが 大好き。 重くなっても 気にしない。,"[{""cost"":[""Grass"",""Grass""],""damage"":30,""nameJa"":""ころがる"",""effectJa"":null}]",[],"[{""type"":""Fire"",""value"":""×2""}]",[],2,[204],,,8
2daef6a0-1446-47c8-a3a1-5faa708f1dcf,2e3e2cf1-be86-4808-87f7-fe01973f0325,フォレトスex,フォレトスex,009,RR,holo,https://images.scrydex.com/pokemon/sv4a_ja-9/medium,Scrydex public web image / refreshed 2026-08-29,True,2026-08-28 04:31:24.612274+00:00,2026-08-29 13:37:24.163957+00:00,SV4a-009,270,Pokemon,"[""Grass""]",Stage1,5ban Graphics,G,,"[{""cost"":[""Grass"",""Grass""],""damage"":120,""nameJa"":""ガードプレス"",""effectJa"":""次の相手の番、このポケモンが受けるワザのダメージは「-30」される。""}]","[{""type"":""Ability"",""nameJa"":""ばくれつエナジー"",""effectJa"":""自分の番に1回使えて、使ったなら、このポケモンをきぜつさせる。自分の山札から「基本エネルギー」を5枚まで選び、自分のポケモンに好きなようにつける。そして山札を切る。""}]","[{""type"":""Fire"",""value"":""×2""}]",[],3,[],,,9
06637f94-2be3-464f-ae66-5a9f7ae2f565,2e3e2cf1-be86-4808-87f7-fe01973f0325,ユキカブリ,ユキカブリ,010,,normal,https://images.scrydex.com/pokemon/sv4a_ja-10/medium,Scrydex public web image / refreshed 2026-08-29,True,2026-08-28 04:31:24.612274+00:00,2026-08-29 13:37:24.163957+00:00,SV4a-010,90,Pokemon,"[""Grass""]",Basic,Taira Akitsu,G,寒い 季節は 山の ふもとまで 降りてくるが 春に なると 雪が 残る 山頂に 戻っていく。,"[{""cost"":[""Grass"",""Colorless""],""damage"":30,""nameJa"":""どつく"",""effectJa"":null}]",[],"[{""type"":""Fire"",""value"":""×2""}]",[],3,[459],,,10
7869172b-51ab-4aba-b3be-3097bb6f37eb,2e3e2cf1-be86-4808-87f7-fe01973f0325,ユキノオー,ユキノオー,011,,normal,https://images.scrydex.com/pokemon/sv4a_ja-11/medium,Scrydex public web image / refreshed 2026-08-29,True,2026-08-28 04:31:24.612274+00:00,2026-08-29 13:37:24.163957+00:00,SV4a-011,150,Pokemon,"[""Grass""]",Stage1,Ryuta Fuse,G,万年雪が 積もる 山脈で 静かに 暮らす。 ブリザードを 発生させて 姿を 隠す。,"[{""cost"":[""Grass"",""Grass"",""Colorless""],""damage"":110,""nameJa"":""マグナムパンチ"",""effectJa"":null}]","[{""type"":""Ability"",""nameJa"":""いてつくわざわい"",""effectJa"":""このポケモンがいるかぎり、おたがいのポケモン全員のHPは、回復しない。""}]","[{""type"":""Fire"",""value"":""×2""}]",[],3,[460],,,11
0393542b-b7eb-4566-83e9-2e75d991732f,2e3e2cf1-be86-4808-87f7-fe01973f0325,レントラー,レントラー,242,S,holo,https://images.scrydex.com/pokemon/sv4a_ja-242/medium,Scrydex public web image / refreshed 2026-08-29,True,2026-08-28 04:31:24.823418+00:00,2026-08-29 13:37:24.163957+00:00,SV4a-242,150,Pokemon,"[""Lightning""]",Stage2,kantaro,G,壁の向こうも 見える 力で 逃げた 獲物を 追いつめるほかにも 迷子の 子どもを 捜したりする。,"[{""cost"":[""Lightning"",""Colorless"",""Colorless""],""damage"":180,""nameJa"":""ワイルドボルト"",""effectJa"":""このポケモンにも20ダメージ。""}]","[{""type"":""Ability"",""nameJa"":""みなぎるせんこう"",""effectJa"":""自分の番に、このカードが手札にあり、自分のサイドの残り枚数が、相手のサイドの残り枚数より多いなら、1回使える。このカードをベンチに出す。""}]","[{""type"":""Fighting"",""value"":""×2""}]",[],1,[405],,,242
7dc140ba-ed2e-4b82-9ba7-30963d1d563c,2e3e2cf1-be86-4808-87f7-fe01973f0325,マスカーニャex,マスカーニャex,014,RR,holo,https://images.scrydex.com/pokemon/sv4a_ja-14/medium,Scrydex public web image / refreshed 2026-08-29,True,2026-08-28 04:31:24.612274+00:00,2026-08-29 13:37:24.163957+00:00,SV4a-014,310,Pokemon,"[""Grass""]",Stage2,5ban Graphics,G,,"[{""cost"":[""Colorless"",""Colorless""],""damage"":""100+"",""nameJa"":""スクラッチネイル"",""effectJa"":""相手のバトルポケモンにダメカンがのっているなら、120ダメージ追加。""}]","[{""type"":""Ability"",""nameJa"":""ブーケマジック"",""effectJa"":""自分の番に、自分の手札から「基本エネルギー」を1枚トラッシュするなら、1回使える。相手のベンチポケモン1匹に、ダメカンを3個のせる。""}]","[{""type"":""Fire"",""value"":""×2""}]",[],2,[],,,14
5d2b40ba-175a-4fb5-bdb3-ffea9f84d64d,2e3e2cf1-be86-4808-87f7-fe01973f0325,ミニーブ,ミニーブ,015,,normal,https://images.scrydex.com/pokemon/sv4a_ja-15/medium,Scrydex public web image / refreshed 2026-08-29,True,2026-08-28 04:31:24.612274+00:00,2026-08-29 13:37:24.163957+00:00,SV4a-015,60,Pokemon,"[""Grass""]",Basic,Shibuzoh.,G,頭の 実から オイルを 出して 敵から 身を 守る。 オイルは とびあがるほど 苦くて 渋い。,"[{""cost"":[""Grass""],""damage"":null,""nameJa"":""えいようそ"",""effectJa"":""自分のポケモン1匹のHPを「30」回復する。""},{""cost"":[""Grass"",""Colorless""],""damage"":20,""nameJa"":""しるをとばす"",""effectJa"":null}]",[],"[{""type"":""Fire"",""value"":""×2""}]",[],1,[928],,,15
cb14a24f-28f4-4102-ba60-a164f1efc0ba,2e3e2cf1-be86-4808-87f7-fe01973f0325,オリーニョ,オリーニョ,016,,normal,https://images.scrydex.com/pokemon/sv4a_ja-16/medium,Scrydex public web image / refreshed 2026-08-29,True,2026-08-28 04:31:24.612274+00:00,2026-08-29 13:37:24.163957+00:00,SV4a-016,90,Pokemon,"[""Grass""]",Stage1,Mina Nakai,G,フレッシュな 香りの 美味しい オイルを 分けてくれる。 古くから 人間と 共存してきた。,"[{""cost"":[""Colorless""],""damage"":20,""nameJa"":""ビンタ"",""effectJa"":null},{""cost"":[""Grass"",""Colorless""],""damage"":40,""nameJa"":""オイルかけ"",""effectJa"":""次の相手の番、このワザを受けたポケモンがワザを使うとき、相手はコインを1回投げる。ウラならそのワザは失敗。""}]",[],"[{""type"":""Fire"",""value"":""×2""}]",[],1,[929],,,16
a6766d8b-c0c8-4702-b7fb-bb0539601db9,2e3e2cf1-be86-4808-87f7-fe01973f0325,オリーヴァ,オリーヴァ,017,,normal,https://images.scrydex.com/pokemon/sv4a_ja-17/medium,Scrydex public web image / refreshed 2026-08-29,True,2026-08-28 04:31:24.612274+00:00,2026-08-29 13:37:24.163957+00:00,SV4a-017,150,Pokemon,"[""Grass""]",Stage2,Kouki Saitou,G,穏やかで とても 慈悲深い。 栄養豊富な 美味しい オイルを 弱った ポケモンに 分け与える。,"[{""cost"":[""Grass"",""Grass"",""Colorless""],""damage"":150,""nameJa"":""ソーラービーム"",""effectJa"":null}]","[{""type"":""Ability"",""nameJa"":""まんたんオイル"",""effectJa"":""自分の番に、このカードを手札から出して進化させたとき、1回使える。自分のポケモン1匹のHPを、すべて回復する。""}]","[{""type"":""Fire"",""value"":""×2""}]",[],2,[930],,,17
3e9d9cfc-201d-4f5f-b5eb-24f41466e3b0,2e3e2cf1-be86-4808-87f7-fe01973f0325,リククラゲex,リククラゲex,019,RR,holo,https://images.scrydex.com/pokemon/sv4a_ja-19/medium,Scrydex public web image / refreshed 2026-08-29,True,2026-08-28 04:31:24.612274+00:00,2026-08-29 13:37:24.163957+00:00,SV4a-019,270,Pokemon,"[""Grass""]",Stage1,5ban Graphics,G,,"[{""cost"":[""Grass"",""Grass""],""damage"":""80+"",""nameJa"":""コロニーラッシュ"",""effectJa"":""自分のベンチのエネルギーがついているポケモンの数×40ダメージ追加。""}]","[{""type"":""Ability"",""nameJa"":""まもりのきんし"",""effectJa"":""このポケモンがいるかぎり、エネルギーがついている自分のポケモン全員は、相手のポケモンが使うワザの効果を受けない。（すでに受けている効果は、なくならない。）""}]","[{""type"":""Fire"",""value"":""×2""}]",[],2,[],,,19
44811982-ae6a-44f2-be37-ed8b597c2021,2e3e2cf1-be86-4808-87f7-fe01973f0325,カプサイジ,カプサイジ,020,,normal,https://images.scrydex.com/pokemon/sv4a_ja-20/medium,Scrydex public web image / refreshed 2026-08-29,True,2026-08-28 04:31:24.612274+00:00,2026-08-29 13:37:24.163957+00:00,SV4a-020,70,Pokemon,"[""Grass""]",Basic,GIDORA,G,パルデアの 郷土料理は 抜け落ちた カプサイジの 前歯が 使われているので 激辛なのだ。,"[{""cost"":[""Colorless""],""damage"":null,""nameJa"":""からくなる"",""effectJa"":""自分の山札から「基本エネルギー」を1枚選び、このポケモンにつける。そして山札を切る。""},{""cost"":[""Grass"",""Colorless"",""Colorless""],""damage"":50,""nameJa"":""やんちゃげり"",""effectJa"":null}]",[],"[{""type"":""Fire"",""value"":""×2""}]",[],1,[951],,,20
e921dbc6-5546-4cac-9eec-8d1e52275986,2e3e2cf1-be86-4808-87f7-fe01973f0325,スコヴィラン,スコヴィラン,021,,normal,https://images.scrydex.com/pokemon/sv4a_ja-21/medium,Scrydex public web image / refreshed 2026-08-29,True,2026-08-28 04:31:24.612274+00:00,2026-08-29 13:37:24.163957+00:00,SV4a-021,110,Pokemon,"[""Grass""]",Stage1,kodama,G,レッドヘッドは 辛み成分を 炎エネルギーに 変え 激辛の 火炎放射を まき散らす。,"[{""cost"":[""Grass"",""Colorless"",""Colorless""],""damage"":110,""nameJa"":""スパイシーヘッド"",""effectJa"":""このワザのダメージは抵抗力を計算しない。""}]","[{""type"":""Ability"",""nameJa"":""ダブルタイプ"",""effectJa"":""このポケモンは、場にいるかぎりとの2つのタイプになる。""}]","[{""type"":""Fire"",""value"":""×2""}]",[],2,[952],,,21
5fda9ccf-d7e6-4ad0-88d5-71d0f1311e3d,2e3e2cf1-be86-4808-87f7-fe01973f0325,シガロコ,シガロコ,022,,normal,https://images.scrydex.com/pokemon/sv4a_ja-22/medium,Scrydex public web image / refreshed 2026-08-29,True,2026-08-28 04:31:24.612274+00:00,2026-08-29 13:37:24.163957+00:00,SV4a-022,50,Pokemon,"[""Grass""]",Basic,Anesaki Dynamic,G,エスパーエネルギーを 混ぜこみながら 土と 砂で 泥玉を 作る。 泥玉は 命より 大切。,"[{""cost"":[""Colorless"",""Colorless""],""damage"":""30×"",""nameJa"":""たまころがり"",""effectJa"":""ウラが出るまでコインを投げ、オモテの数×30ダメージ。""}]",[],"[{""type"":""Fire"",""value"":""×2""}]",[],1,[953],,,22
46b258b6-e97e-4ba4-9c06-df203a49c56d,2e3e2cf1-be86-4808-87f7-fe01973f0325,クエスパトラex,クエスパトラex,023,RR,holo,https://images.scrydex.com/pokemon/sv4a_ja-23/medium,Scrydex public web image / refreshed 2026-08-29,True,2026-08-28 04:31:24.612274+00:00,2026-08-29 13:37:24.163957+00:00,SV4a-023,260,Pokemon,"[""Grass""]",Stage1,takuyoa,G,,"[{""cost"":[""Psychic""],""damage"":""30+"",""nameJa"":""サイコボール"",""effectJa"":""おたがいのバトルポケモンについているエネルギーの数×30ダメージ追加。""}]","[{""type"":""Ability"",""nameJa"":""まばゆいしせん"",""effectJa"":""このポケモンがバトル場にいるかぎり、相手のバトルポケモンは、ワザを使うためのエネルギーが、エネルギー1個ぶん多くなる。""}]","[{""type"":""Fire"",""value"":""×2""}]",[],1,[],,,23
6dea0b87-3c0e-46ee-8bdb-a861c03fb251,2e3e2cf1-be86-4808-87f7-fe01973f0325,チオンジェンex,チオンジェンex,024,RR,holo,https://images.scrydex.com/pokemon/sv4a_ja-24/medium,Scrydex public web image / refreshed 2026-08-29,True,2026-08-28 04:31:24.612274+00:00,2026-08-29 13:37:24.163957+00:00,SV4a-024,230,Pokemon,"[""Grass""]",Basic,5ban Graphics,G,,"[{""cost"":[""Grass"",""Grass"",""Colorless""],""damage"":null,""nameJa"":""むさぼるつた"",""effectJa"":""相手のベンチポケモン1匹に、相手がすでにとったサイドの枚数×60ダメージ。［ベンチは弱点・抵抗力を計算しない。］""},{""cost"":[""Grass"",""Grass"",""Grass"",""Colorless""],""damage"":220,""nameJa"":""フォレストバーン"",""effectJa"":null}]",[],"[{""type"":""Fire"",""value"":""×2""}]",[],4,[],,,24
01bd05a1-444a-4b43-958f-91a7817794ba,2e3e2cf1-be86-4808-87f7-fe01973f0325,ヒトカゲ,ヒトカゲ,025,,normal,https://images.scrydex.com/pokemon/sv4a_ja-25/medium,Scrydex public web image / refreshed 2026-08-29,True,2026-08-28 04:31:24.612274+00:00,2026-08-29 13:37:24.163957+00:00,SV4a-025,70,Pokemon,"[""Fire""]",Basic,GIDORA,G,生まれたときから しっぽに 炎が ともっている。 炎が 消えたとき その 命は 終わって しまう。,"[{""cost"":[""Fire""],""damage"":null,""nameJa"":""まるやけ"",""effectJa"":""場に出ているスタジアムをトラッシュする。""},{""cost"":[""Fire"",""Fire""],""damage"":30,""nameJa"":""ひをはく"",""effectJa"":null}]",[],"[{""type"":""Water"",""value"":""×2""}]",[],1,[4],,,25
7fd3552e-0423-4b46-8f74-49a87c5f78f3,2e3e2cf1-be86-4808-87f7-fe01973f0325,リザード,リザード,026,,normal,https://images.scrydex.com/pokemon/sv4a_ja-26/medium,Scrydex public web image / refreshed 2026-08-29,True,2026-08-28 04:31:24.612274+00:00,2026-08-29 13:37:24.163957+00:00,SV4a-026,90,Pokemon,"[""Fire""]",Stage1,Tonji Matsuno,G,戦いで 気持ちが たかぶると 灼熱の 炎を 吹きながら あたりを 燃やしてまわる。,"[{""cost"":[""Fire"",""Fire""],""damage"":50,""nameJa"":""かえん"",""effectJa"":null}]","[{""type"":""Ability"",""nameJa"":""フレアヴェール"",""effectJa"":""このポケモンは、相手のポケモンが使うワザの効果を受けない。""}]","[{""type"":""Water"",""value"":""×2""}]",[],2,[5],,,26
256c9d22-ce43-41ef-b350-4ba56ef47f38,2e3e2cf1-be86-4808-87f7-fe01973f0325,パルデア ケンタロス,パルデアケンタロス,027,,normal,https://images.scrydex.com/pokemon/sv4a_ja-27/medium,Scrydex public web image / refreshed 2026-08-29,True,2026-08-28 04:31:24.612274+00:00,2026-08-29 13:37:24.163957+00:00,SV4a-027,130,Pokemon,"[""Fire""]",Basic,AKIRA EGAWA,G,高温の 鼻息を 吹きだすので ブレイズ種と 名づけられた。 ３本の 尻尾を 束ねている。,"[{""cost"":[""Colorless"",""Colorless""],""damage"":""20+"",""nameJa"":""いかりのつの"",""effectJa"":""このポケモンにのっているダメカンの数×10ダメージ追加。""},{""cost"":[""Fire"",""Fire"",""Colorless""],""damage"":120,""nameJa"":""ブレイズダッシュ"",""effectJa"":""このポケモンについているエネルギーを1個選び、トラッシュする。""}]",[],"[{""type"":""Water"",""value"":""×2""}]",[],2,[128],,,27
d11d2652-6288-41e7-abcb-b021bf1acad5,2e3e2cf1-be86-4808-87f7-fe01973f0325,エンテイ,エンテイ,028,,normal,https://images.scrydex.com/pokemon/sv4a_ja-28/medium,Scrydex public web image / refreshed 2026-08-29,True,2026-08-28 04:31:24.612274+00:00,2026-08-29 13:37:24.163957+00:00,SV4a-028,130,Pokemon,"[""Fire""]",Basic,toriyufu,G,エンテイが ほえると 世界の どこかの 火山が 噴火すると 言われている。,"[{""cost"":[""Colorless"",""Colorless"",""Colorless""],""damage"":""60+"",""nameJa"":""ブレイズボール"",""effectJa"":""このポケモンについているエネルギーの数×20ダメージ追加。""}]","[{""type"":""Ability"",""nameJa"":""プレッシャー"",""effectJa"":""このポケモンがバトル場にいるかぎり、相手のバトルポケモンが使うワザのダメージは「-20」される。""}]","[{""type"":""Water"",""value"":""×2""}]",[],2,[244],,,28
becbbec9-5e67-4577-91b1-e5ed06775258,2e3e2cf1-be86-4808-87f7-fe01973f0325,オドリドリ,オドリドリ,029,,normal,https://images.scrydex.com/pokemon/sv4a_ja-29/medium,Scrydex public web image / refreshed 2026-08-29,True,2026-08-28 04:31:24.612274+00:00,2026-08-29 13:37:24.163957+00:00,SV4a-029,90,Pokemon,"[""Fire""]",Basic,Haru Akasaka,G,情熱的に 踊るさまが パルデアの 人々の 気質に 合うのか 非常に 人気だ。,"[{""cost"":[""Fire"",""Colorless""],""damage"":30,""nameJa"":""はばたく"",""effectJa"":null}]","[{""type"":""Ability"",""nameJa"":""パッションダンス"",""effectJa"":""自分の番に1回使える。自分のバトル場の進化ポケモンのHPを「20」回復する。""}]","[{""type"":""Water"",""value"":""×2""}]",[],1,[741],,,29
375b7ab3-2ad8-4b2e-9439-498a29fd7dc4,2e3e2cf1-be86-4808-87f7-fe01973f0325,ホゲータ,ホゲータ,030,,normal,https://images.scrydex.com/pokemon/sv4a_ja-30/medium,Scrydex public web image / refreshed 2026-08-29,True,2026-08-28 04:31:24.612274+00:00,2026-08-29 13:37:24.163957+00:00,SV4a-030,80,Pokemon,"[""Fire""]",Basic,Kagemaru Himeno,G,温かい 岩の上で 寝転び 四角い うろこから 取り込んだ 熱で 炎エネルギーを 作る。,"[{""cost"":[""Fire""],""damage"":20,""nameJa"":""たいあたり"",""effectJa"":null}]",[],"[{""type"":""Water"",""value"":""×2""}]",[],2,[909],,,30
556b1d5c-80f3-4934-9a6e-1389d859708c,2e3e2cf1-be86-4808-87f7-fe01973f0325,アチゲータ,アチゲータ,031,,normal,https://images.scrydex.com/pokemon/sv4a_ja-31/medium,Scrydex public web image / refreshed 2026-08-29,True,2026-08-28 04:31:24.612274+00:00,2026-08-29 13:37:24.163957+00:00,SV4a-031,110,Pokemon,"[""Fire""]",Stage1,Hitoshi Ariga,G,炎エネルギーと 有り余る 生命力が 交じり 頭上に タマゴ型の 火玉が 現れた。,"[{""cost"":[""Fire""],""damage"":30,""nameJa"":""ひをはく"",""effectJa"":null},{""cost"":[""Fire"",""Fire""],""damage"":70,""nameJa"":""ハイパーボイス"",""effectJa"":null}]",[],"[{""type"":""Water"",""value"":""×2""}]",[],3,[910],,,31
0960bea6-20e5-4555-810c-0ed0fbe90980,2e3e2cf1-be86-4808-87f7-fe01973f0325,ラウドボーンex,ラウドボーンex,032,RR,holo,https://images.scrydex.com/pokemon/sv4a_ja-32/medium,Scrydex public web image / refreshed 2026-08-29,True,2026-08-28 04:31:24.612274+00:00,2026-08-29 13:37:24.163957+00:00,SV4a-032,340,Pokemon,"[""Fire""]",Stage2,5ban Graphics,G,,"[{""cost"":[""Fire""],""damage"":50,""nameJa"":""かつりょくのうた"",""effectJa"":""自分のポケモン全員のHPを、それぞれ「30」回復する。""},{""cost"":[""Fire"",""Fire""],""damage"":""270-"",""nameJa"":""バーニングボイス"",""effectJa"":""このポケモンにのっているダメカンの数×10ダメージぶん、このワザのダメージは小さくなる。""}]",[],"[{""type"":""Water"",""value"":""×2""}]",[],3,[],,,32
ab8ba812-5bc7-4709-b257-24e7308f9a80,2e3e2cf1-be86-4808-87f7-fe01973f0325,カルボウ,カルボウ,033,,normal,https://images.scrydex.com/pokemon/sv4a_ja-33/medium,Scrydex public web image / refreshed 2026-08-29,True,2026-08-28 04:31:24.612274+00:00,2026-08-29 13:37:24.163957+00:00,SV4a-033,70,Pokemon,"[""Fire""]",Basic,nagimiso,G,焼けた 木炭に 命が 宿り ポケモンになった。 燃える 闘志で 強敵にも 戦いを 挑む。,"[{""cost"":[""Fire"",""Fire"",""Colorless""],""damage"":60,""nameJa"":""ヒートブラスト"",""effectJa"":null}]",[],"[{""type"":""Water"",""value"":""×2""}]",[],1,[935],,,33
8335aad0-d41c-4cec-ae2a-f9b500ba606e,2e3e2cf1-be86-4808-87f7-fe01973f0325,グレンアルマ,グレンアルマ,034,,normal,https://images.scrydex.com/pokemon/sv4a_ja-34/medium,Scrydex public web image / refreshed 2026-08-29,True,2026-08-28 04:31:24.612274+00:00,2026-08-29 13:37:24.163957+00:00,SV4a-034,130,Pokemon,"[""Fire""]",Stage1,AKIRA EGAWA,G,多くの 武勲を 立てた 戦士の 鎧によって 進化した 姿。 忠誠心の 厚い ポケモン。,"[{""cost"":[""Fire"",""Fire"",""Colorless""],""damage"":90,""nameJa"":""フレイムキャノン"",""effectJa"":""相手のバトルポケモンをやけどにする。""}]","[{""type"":""Ability"",""nameJa"":""ひおくり"",""effectJa"":""自分の番に何回でも使える。自分のベンチポケモンについているエネルギーを1個選び、バトルポケモンにつけ替える。""}]","[{""type"":""Water"",""value"":""×2""}]",[],2,[936],,,34
fffad6ee-46bc-4189-80ad-5bd61c37fa12,2e3e2cf1-be86-4808-87f7-fe01973f0325,イーユイex,イーユイex,035,RR,holo,https://images.scrydex.com/pokemon/sv4a_ja-35/medium,Scrydex public web image / refreshed 2026-08-29,True,2026-08-28 04:31:24.612274+00:00,2026-08-29 13:37:24.163957+00:00,SV4a-035,190,Pokemon,"[""Fire""]",Basic,5ban Graphics,G,,"[{""cost"":[""Fire""],""damage"":null,""nameJa"":""ねたみこがす"",""effectJa"":""相手の山札を上から2枚トラッシュする。""},{""cost"":[""Fire"",""Fire""],""damage"":100,""nameJa"":""フレイムサージ"",""effectJa"":""自分のベンチポケモンを3匹まで選び、山札から「基本エネルギー」を1枚ずつつける。そして山札を切る。""}]",[],"[{""type"":""Water"",""value"":""×2""}]",[],1,[],,,35
f8f200be-4a76-4fba-8e2e-2b732d4376a3,2e3e2cf1-be86-4808-87f7-fe01973f0325,ヤドン,ヤドン,036,,normal,https://images.scrydex.com/pokemon/sv4a_ja-36/medium,Scrydex public web image / refreshed 2026-08-29,True,2026-08-28 04:31:24.612274+00:00,2026-08-29 13:37:24.163957+00:00,SV4a-036,70,Pokemon,"[""Water""]",Basic,Narumi Sato,G,いつも ボーッとしていて なにを 考えているか わからない。 尻尾で エサを 釣るのが 得意。,"[{""cost"":[""Colorless""],""damage"":null,""nameJa"":""ねむる"",""effectJa"":""このポケモンをねむりにする。このポケモンのHPを「30」回復する。""},{""cost"":[""Water"",""Colorless""],""damage"":20,""nameJa"":""ずつき"",""effectJa"":null}]",[],"[{""type"":""Lightning"",""value"":""×2""}]",[],2,[79],,,36
98f850ea-1e80-4f9f-b613-d9b7efbd3ba7,2e3e2cf1-be86-4808-87f7-fe01973f0325,ヤドラン,ヤドラン,037,,normal,https://images.scrydex.com/pokemon/sv4a_ja-37/medium,Scrydex public web image / refreshed 2026-08-29,True,2026-08-28 04:31:24.612274+00:00,2026-08-29 13:37:24.163957+00:00,SV4a-037,100,Pokemon,"[""Water""]",Stage1,Shinji Kanda,G,激しい 戦いで 尻尾に 噛みついた シェルダーが 外れると もとの ヤドンに 戻ってしまう。,"[{""cost"":[""Water"",""Colorless""],""damage"":60,""nameJa"":""バブルドレイン"",""effectJa"":""このポケモンのHPを「30」回復する。""}]","[{""type"":""Ability"",""nameJa"":""へんなこうどう"",""effectJa"":""自分の番に何回でも使える。自分の場のポケモンにのっているダメカンを1個選び、このポケモンにのせ替える。""}]","[{""type"":""Lightning"",""value"":""×2""}]",[],3,[80],,,37
676113f6-36a6-45c3-9401-c6f81b8e9ecf,2e3e2cf1-be86-4808-87f7-fe01973f0325,ヒトデマン,ヒトデマン,038,,normal,https://images.scrydex.com/pokemon/sv4a_ja-38/medium,Scrydex public web image / refreshed 2026-08-29,True,2026-08-28 04:31:24.612274+00:00,2026-08-29 13:37:24.163957+00:00,SV4a-038,60,Pokemon,"[""Water""]",Basic,Arai Kiriko,G,魚ポケモンに ついばまれるが 体が ちぎれても すぐに 再生するので 気にしない。,"[{""cost"":[""Water"",""Colorless""],""damage"":30,""nameJa"":""スピードスター"",""effectJa"":""このワザのダメージは、弱点・抵抗力と、相手のバトルポケモンにかかっている効果を計算しない。""}]",[],"[{""type"":""Lightning"",""value"":""×2""}]",[],1,[120],,,38
4beadc52-76a9-4eb0-9533-afcdfdfd9d31,2e3e2cf1-be86-4808-87f7-fe01973f0325,スターミー,スターミー,039,,normal,https://images.scrydex.com/pokemon/sv4a_ja-39/medium,Scrydex public web image / refreshed 2026-08-29,True,2026-08-28 04:31:24.612274+00:00,2026-08-29 13:37:24.163957+00:00,SV4a-039,90,Pokemon,"[""Water""]",Stage1,Arai Kiriko,G,体を 高速で 回転させ 海を 泳ぎながら 小さな プランクトンを 吸収する。,"[{""cost"":[""Water"",""Colorless""],""damage"":50,""nameJa"":""スピードアタック"",""effectJa"":null}]","[{""type"":""Ability"",""nameJa"":""なぞのすいせい"",""effectJa"":""自分の番に1回使える。相手のポケモン1匹に、ダメカンを2個のせる。その後、このポケモンと、ついているすべてのカードを、トラッシュする。""}]","[{""type"":""Lightning"",""value"":""×2""}]",[],1,[121],,,39
e809e68d-7636-4b3c-ada0-7f2274096596,2e3e2cf1-be86-4808-87f7-fe01973f0325,クワッス,クワッス,041,,normal,https://images.scrydex.com/pokemon/sv4a_ja-41/medium,Scrydex public web image / refreshed 2026-08-29,True,2026-08-28 04:31:24.612274+00:00,2026-08-29 13:37:24.163957+00:00,SV4a-041,70,Pokemon,"[""Water""]",Basic,Naoki Saito,G,昔 遠い 土地から やって来て 棲みついた。 羽から 分泌する ジェルは 水と 汚れを 弾く。,"[{""cost"":[""Water""],""damage"":30,""nameJa"":""とつげき"",""effectJa"":""このポケモンにも10ダメージ。""}]",[],"[{""type"":""Lightning"",""value"":""×2""}]",[],1,[912],,,41
3d6d7d63-562b-4db1-b217-b0ac88452996,2e3e2cf1-be86-4808-87f7-fe01973f0325,ウェルカモ,ウェルカモ,042,,normal,https://images.scrydex.com/pokemon/sv4a_ja-42/medium,Scrydex public web image / refreshed 2026-08-29,True,2026-08-28 04:31:24.612274+00:00,2026-08-29 13:37:24.163957+00:00,SV4a-042,90,Pokemon,"[""Water""]",Stage1,Souichirou Gunjima,G,ひたすらに 浅瀬を 走り込んで 足腰を 鍛え 仲間同士で 足技の 華麗さを 競いあう。,"[{""cost"":[""Water""],""damage"":30,""nameJa"":""みずでっぽう"",""effectJa"":null},{""cost"":[""Water"",""Colorless""],""damage"":50,""nameJa"":""スプラッシュ"",""effectJa"":null}]",[],"[{""type"":""Lightning"",""value"":""×2""}]",[],1,[913],,,42
82323ac2-3a65-44d5-8862-747b1de984ae,2e3e2cf1-be86-4808-87f7-fe01973f0325,ウェーニバルex,ウェーニバルex,043,RR,holo,https://images.scrydex.com/pokemon/sv4a_ja-43/medium,Scrydex public web image / refreshed 2026-08-29,True,2026-08-28 04:31:24.612274+00:00,2026-08-29 13:37:24.163957+00:00,SV4a-043,320,Pokemon,"[""Water""]",Stage2,5ban Graphics,G,,"[{""cost"":[""Water""],""damage"":60,""nameJa"":""エキサイトサンバ"",""effectJa"":""このポケモンをベンチポケモンと入れ替える。その後、相手は相手自身のバトルポケモンをベンチポケモンと入れ替える。""},{""cost"":[""Water"",""Colorless""],""damage"":230,""nameJa"":""スクリューシュート"",""effectJa"":""このポケモンについているエネルギーを2個選び、手札にもどす。""}]",[],"[{""type"":""Lightning"",""value"":""×2""}]",[],2,[],,,43
8fbf463e-5b86-45bd-a6cb-6cd2642b88bd,2e3e2cf1-be86-4808-87f7-fe01973f0325,ウミディグダ,ウミディグダ,044,,normal,https://images.scrydex.com/pokemon/sv4a_ja-44/medium,Scrydex public web image / refreshed 2026-08-29,True,2026-08-28 04:31:24.612274+00:00,2026-08-29 13:37:24.163957+00:00,SV4a-044,50,Pokemon,"[""Water""]",Basic,Shin Nagasawa,G,２０メートル先の ミガルーサが 放つ 匂いも 嗅ぎとって 砂の中に 身を 隠すのだ。,"[{""cost"":[""Water""],""damage"":10,""nameJa"":""ひねりうち"",""effectJa"":""コインを1回投げオモテなら、次の相手の番、このポケモンはワザのダメージや効果を受けない。""}]",[],"[{""type"":""Lightning"",""value"":""×2""}]",[],1,[960],,,44
0fab2db8-4a4e-43ea-9fd8-b138f30770bf,2e3e2cf1-be86-4808-87f7-fe01973f0325,ウミトリオ,ウミトリオ,045,,normal,https://images.scrydex.com/pokemon/sv4a_ja-45/medium,Scrydex public web image / refreshed 2026-08-29,True,2026-08-28 04:31:24.612274+00:00,2026-08-29 13:37:24.163957+00:00,SV4a-045,90,Pokemon,"[""Water""]",Stage1,KIYOTAKA OSHIYAMA,G,見かけによらず 気性が 荒い。 長い 体で 獲物を 締め上げ 巣穴に 引きずりこむぞ。,"[{""cost"":[""Water""],""damage"":30,""nameJa"":""ずつき"",""effectJa"":null},{""cost"":[""Colorless"",""Colorless"",""Colorless""],""damage"":null,""nameJa"":""うみほりトンネル"",""effectJa"":""コインを3回投げ、オモテの数×3枚ぶん、相手の山札を上からトラッシュする。""}]",[],"[{""type"":""Lightning"",""value"":""×2""}]",[],2,[961],,,45
8dbc9d3b-5a1d-4a3a-8b28-864415a11878,2e3e2cf1-be86-4808-87f7-fe01973f0325,ナミイルカ,ナミイルカ,046,,normal,https://images.scrydex.com/pokemon/sv4a_ja-46/medium,Scrydex public web image / refreshed 2026-08-29,True,2026-08-28 04:31:24.612274+00:00,2026-08-29 13:37:24.163957+00:00,SV4a-046,50,Pokemon,"[""Water""]",Basic,kodama,G,尾びれの 水のリングで 仲間と 遊ぶのが 好き。 超音波で 生き物の 気持ちを 察知する。,"[{""cost"":[""Water""],""damage"":null,""nameJa"":""ゆうきのしんか"",""effectJa"":""このポケモンをベンチポケモンと入れ替える。その後、このポケモンから進化するカードを、自分の山札から1枚選び、このポケモンにのせて進化させる。そして山札を切る。""},{""cost"":[""Water""],""damage"":10,""nameJa"":""ひれカッター"",""effectJa"":null}]",[],"[{""type"":""Lightning"",""value"":""×2""}]",[],2,[963],,,46
25e342c9-4407-48a9-8fc2-d2ac17c5eee6,2e3e2cf1-be86-4808-87f7-fe01973f0325,イルカマン,イルカマン,047,,normal,https://images.scrydex.com/pokemon/sv4a_ja-47/medium,Scrydex public web image / refreshed 2026-08-29,True,2026-08-28 04:31:24.612274+00:00,2026-08-29 13:37:24.163957+00:00,SV4a-047,150,Pokemon,"[""Water""]",Stage1,nagimiso,G,太古の 遺伝子が 覚醒。 片ヒレで クルーズ船を 軽々 持ち上げる 怪力の 持ち主。,"[{""cost"":[""Water""],""damage"":30,""nameJa"":""ジェットパンチ"",""effectJa"":""相手のベンチポケモン1匹にも、30ダメージ。［ベンチは弱点・抵抗力を計算しない。］""},{""cost"":[""Water"",""Water""],""damage"":210,""nameJa"":""ジャスティスキック"",""effectJa"":""この番、このポケモンがベンチからバトル場に出ていないなら、このワザは失敗。""}]",[],"[{""type"":""Lightning"",""value"":""×2""}]",[],2,[964],,,47
d7df2d9e-ef31-4c5b-b3b2-f8e04ec44854,2e3e2cf1-be86-4808-87f7-fe01973f0325,ミガルーサ,ミガルーサ,048,,normal,https://images.scrydex.com/pokemon/sv4a_ja-48/medium,Scrydex public web image / refreshed 2026-08-29,True,2026-08-28 04:31:24.612274+00:00,2026-08-29 13:37:24.163957+00:00,SV4a-048,130,Pokemon,"[""Water""]",Basic,Anesaki Dynamic,G,無駄な 肉を 捨て去ると 心が 研ぎ澄まされ サイコパワーが 上がる。 贅肉は 淡白だが 美味しい。,"[{""cost"":[""Water""],""damage"":20,""nameJa"":""ぶつかる"",""effectJa"":null},{""cost"":[""Water"",""Colorless"",""Colorless"",""Colorless""],""damage"":120,""nameJa"":""スリムスクリュー"",""effectJa"":""このワザは、自分の手札が1枚もないなら、エネルギー1個で使える。""}]",[],"[{""type"":""Lightning"",""value"":""×2""}]",[],2,[976],,,48
982da7d8-7418-4757-86bf-902eb763c0f4,2e3e2cf1-be86-4808-87f7-fe01973f0325,セグレイブ,セグレイブ,053,,normal,https://images.scrydex.com/pokemon/sv4a_ja-53/medium,Scrydex public web image / refreshed 2026-08-29,True,2026-08-28 04:31:24.612274+00:00,2026-08-29 13:37:24.163957+00:00,SV4a-053,160,Pokemon,"[""Water""]",Stage2,Oswaldo KATO,G,極低温の 冷気を 口から 噴射。 灼熱の マグマでも 瞬時に 凍りつかせてしまう。,"[{""cost"":[""Water"",""Water"",""Colorless""],""damage"":130,""nameJa"":""バスターテール"",""effectJa"":null}]","[{""type"":""Ability"",""nameJa"":""きょくていおん"",""effectJa"":""自分の番に何回でも使える。自分の手札から「基本エネルギー」を1枚選び、自分のポケモンにつける。""}]","[{""type"":""Metal"",""value"":""×2""}]",[],2,[998],,,53
e0753045-6467-41c9-b2be-18a1eefe554b,2e3e2cf1-be86-4808-87f7-fe01973f0325,ピカチュウ,ピカチュウ,055,,normal,https://images.scrydex.com/pokemon/sv4a_ja-55/medium,Scrydex public web image / refreshed 2026-08-29,True,2026-08-28 04:31:24.612274+00:00,2026-08-29 13:37:24.163957+00:00,SV4a-055,70,Pokemon,"[""Lightning""]",Basic,OKACHEKE,G,両頬には 電気を 溜めこむ 袋がある。 怒ると 溜めこんだ 電気を 一気に 放ってくる。,"[{""cost"":[""Colorless""],""damage"":null,""nameJa"":""なきごえ"",""effectJa"":""次の相手の番、このワザを受けたポケモンが使うワザのダメージは「-20」される。""},{""cost"":[""Lightning"",""Colorless""],""damage"":30,""nameJa"":""ピカボルト"",""effectJa"":null}]",[],"[{""type"":""Fighting"",""value"":""×2""}]",[],1,[25],,,55
87ad380d-2b9f-4f39-9e45-76af484812f5,2e3e2cf1-be86-4808-87f7-fe01973f0325,ライチュウ,ライチュウ,056,,normal,https://images.scrydex.com/pokemon/sv4a_ja-56/medium,Scrydex public web image / refreshed 2026-08-29,True,2026-08-28 04:31:24.612274+00:00,2026-08-29 13:37:24.163957+00:00,SV4a-056,120,Pokemon,"[""Lightning""]",Stage1,Naoyo Kimura,G,尻尾が アースの 役目をはたして 電気を 地面に 逃がすので 自分自身は しびれたりしない。,"[{""cost"":[""Lightning"",""Lightning"",""Colorless""],""damage"":180,""nameJa"":""かみなり"",""effectJa"":""このポケモンにも50ダメージ。""}]","[{""type"":""Ability"",""nameJa"":""ライアース"",""effectJa"":""自分のポケモンが、相手のポケモンからワザのダメージを受けてきぜつするたび、1回使える。きぜつしたポケモンについているエネルギーを1枚選び、このポケモンにつけ替える。""}]","[{""type"":""Fighting"",""value"":""×2""}]",[],1,[26],,,56
b691c0cd-271a-46e8-9915-21fd720cfae9,2e3e2cf1-be86-4808-87f7-fe01973f0325,マルマイン,マルマイン,058,,normal,https://images.scrydex.com/pokemon/sv4a_ja-58/medium,Scrydex public web image / refreshed 2026-08-29,True,2026-08-28 04:31:24.612274+00:00,2026-08-29 13:37:24.163957+00:00,SV4a-058,90,Pokemon,"[""Lightning""]",Stage1,nagimiso,G,電気エネルギーを 溜めこむほど 高速で 動けるようになるが そのぶん 爆発 しやすい。,"[{""cost"":[""Lightning""],""damage"":""20+"",""nameJa"":""ボムボムチェイン"",""effectJa"":""ダメージを与える前に、自分の場のポケモンについている「ポケモンのどうぐ」を好きなだけトラッシュし、その枚数×40ダメージ追加。""},{""cost"":[""Lightning"",""Colorless""],""damage"":70,""nameJa"":""エレキボール"",""effectJa"":null}]",[],"[{""type"":""Fighting"",""value"":""×2""}]",[],1,[101],,,58
ceff169d-cace-4a43-9945-6f2bdf6f5ce9,2e3e2cf1-be86-4808-87f7-fe01973f0325,コリンク,コリンク,059,,normal,https://images.scrydex.com/pokemon/sv4a_ja-59/medium,Scrydex public web image / refreshed 2026-08-29,True,2026-08-28 04:31:24.612274+00:00,2026-08-29 13:37:24.163957+00:00,SV4a-059,70,Pokemon,"[""Lightning""]",Basic,Oswaldo KATO,G,体を 動かすたびに 筋肉が 伸び縮みして 電気が 生まれる。 ピンチになると 体が 輝く。,"[{""cost"":[""Lightning""],""damage"":30,""nameJa"":""けりつける"",""effectJa"":""コインを1回投げウラなら、このワザは失敗。""}]",[],"[{""type"":""Fighting"",""value"":""×2""}]",[],1,[403],,,59
77160cd4-58a0-4bda-8485-52e0cc75b74e,2e3e2cf1-be86-4808-87f7-fe01973f0325,ルクシオ,ルクシオ,060,,normal,https://images.scrydex.com/pokemon/sv4a_ja-60/medium,Scrydex public web image / refreshed 2026-08-29,True,2026-08-28 04:31:24.612274+00:00,2026-08-29 13:37:24.163957+00:00,SV4a-060,90,Pokemon,"[""Lightning""]",Stage1,Narumi Sato,G,鋭い ツメの 先には 強い 電気が 流れており ほんの少し かするだけで 敵を 気絶させる。,"[{""cost"":[""Lightning""],""damage"":30,""nameJa"":""エレキック"",""effectJa"":null},{""cost"":[""Lightning"",""Colorless"",""Colorless""],""damage"":60,""nameJa"":""ヘッドボルト"",""effectJa"":null}]",[],"[{""type"":""Fighting"",""value"":""×2""}]",[],1,[404],,,60
7a43cc82-807c-4973-b930-c6ecb0eb426b,2e3e2cf1-be86-4808-87f7-fe01973f0325,レントラー,レントラー,061,,normal,https://images.scrydex.com/pokemon/sv4a_ja-61/medium,Scrydex public web image / refreshed 2026-08-29,True,2026-08-28 04:31:24.612274+00:00,2026-08-29 13:37:24.163957+00:00,SV4a-061,150,Pokemon,"[""Lightning""]",Stage2,aoki,G,壁の向こうも 見える 力で 逃げた 獲物を 追いつめるほかにも 迷子の 子どもを 捜したりする。,"[{""cost"":[""Lightning"",""Colorless"",""Colorless""],""damage"":180,""nameJa"":""ワイルドボルト"",""effectJa"":""このポケモンにも20ダメージ。""}]","[{""type"":""Ability"",""nameJa"":""みなぎるせんこう"",""effectJa"":""自分の番に、このカードが手札にあり、自分のサイドの残り枚数が、相手のサイドの残り枚数より多いなら、1回使える。このカードをベンチに出す。""}]","[{""type"":""Fighting"",""value"":""×2""}]",[],1,[405],,,61
20a3d1a6-b1b8-41bf-a945-71bf89ce1353,2e3e2cf1-be86-4808-87f7-fe01973f0325,パチリス,パチリス,062,,normal,https://images.scrydex.com/pokemon/sv4a_ja-62/medium,Scrydex public web image / refreshed 2026-08-29,True,2026-08-28 04:31:24.612274+00:00,2026-08-29 13:37:24.163957+00:00,SV4a-062,70,Pokemon,"[""Lightning""]",Basic,Naoki Saito,G,溜まった 電気を 分け与えようと 頬袋を こすり合わせる パチリスを 見かけることも ある。,"[{""cost"":[""Lightning"",""Colorless""],""damage"":""10+"",""nameJa"":""みんなでほうでん"",""effectJa"":""自分のベンチのポケモンの数×20ダメージ追加。このワザのダメージは弱点を計算しない。""}]","[{""type"":""Ability"",""nameJa"":""でんきぶくろ"",""effectJa"":""このポケモンはマヒにならない。""}]","[{""type"":""Fighting"",""value"":""×2""}]",[],1,[417],,,62
9101e15f-da45-4ac1-b45d-e8fe5ef7a2a2,2e3e2cf1-be86-4808-87f7-fe01973f0325,ボルトロス,ボルトロス,063,,normal,https://images.scrydex.com/pokemon/sv4a_ja-63/medium,Scrydex public web image / refreshed 2026-08-29,True,2026-08-28 04:31:24.612274+00:00,2026-08-29 13:37:24.163957+00:00,SV4a-063,110,Pokemon,"[""Lightning""]",Basic,GOSSAN,G,大空を 飛び回りながら あちこちに 雷を 落として 山火事を 起こすので 嫌われる。,"[{""cost"":[""Lightning"",""Lightning""],""damage"":140,""nameJa"":""ギガントボルト"",""effectJa"":""このポケモンにも90ダメージ。""}]","[{""type"":""Ability"",""nameJa"":""あくてんこう"",""effectJa"":""このポケモンがバトル場にいるかぎり、自分のベンチポケモン全員は、相手のワザのダメージを受けない。""}]","[{""type"":""Fighting"",""value"":""×2""}]",[],2,[642],,,63
75924091-8af3-4fa7-9558-06b9c0298650,2e3e2cf1-be86-4808-87f7-fe01973f0325,エレズン,エレズン,064,,normal,https://images.scrydex.com/pokemon/sv4a_ja-64/medium,Scrydex public web image / refreshed 2026-08-29,True,2026-08-28 04:31:24.612274+00:00,2026-08-29 13:37:24.163957+00:00,SV4a-064,70,Pokemon,"[""Lightning""]",Basic,AKIRA EGAWA,G,汚れた 水を 飲んでも 平気。 体内の 器官で 自分には 無害の 毒液に ろ過するぞ。,"[{""cost"":[""Lightning""],""damage"":30,""nameJa"":""ちょっとつっこむ"",""effectJa"":""このポケモンにも10ダメージ。""}]",[],"[{""type"":""Fighting"",""value"":""×2""}]",[],1,[848],,,64
75ee5baa-d983-437d-adbb-cf4c073c6425,2e3e2cf1-be86-4808-87f7-fe01973f0325,ストリンダー,ストリンダー,065,,normal,https://images.scrydex.com/pokemon/sv4a_ja-65/medium,Scrydex public web image / refreshed 2026-08-29,True,2026-08-28 04:31:24.612274+00:00,2026-08-29 13:37:24.163957+00:00,SV4a-065,140,Pokemon,"[""Lightning""]",Stage1,Anesaki Dynamic,G,どんな 相手にも 動じず 気だるげに ケンカを売る スタイルに 憧れる 若者も 多い。,"[{""cost"":[""Lightning""],""damage"":null,""nameJa"":""にらみつける"",""effectJa"":""コインを1回投げオモテなら、相手のバトルポケモンをマヒにする。""},{""cost"":[""Lightning"",""Colorless""],""damage"":""50+"",""nameJa"":""ミックスラウド"",""effectJa"":""自分のベンチポケモンのタイプの数×30ダメージ追加。""}]",[],"[{""type"":""Fighting"",""value"":""×2""}]",[],2,[849],,,65
482262ff-d31a-4201-8ee0-16ce5e0ca73f,2e3e2cf1-be86-4808-87f7-fe01973f0325,パモ,パモ,066,,normal,https://images.scrydex.com/pokemon/sv4a_ja-66/medium,Scrydex public web image / refreshed 2026-08-29,True,2026-08-28 04:31:24.612274+00:00,2026-08-29 13:37:24.163957+00:00,SV4a-066,60,Pokemon,"[""Lightning""]",Basic,kantaro,G,手の 肉球が 放電器官。 後ろ脚で ようやく 立ち上がると 手のひらから 電撃を 放つ。,"[{""cost"":[""Colorless""],""damage"":10,""nameJa"":""なぐる"",""effectJa"":null},{""cost"":[""Lightning"",""Colorless""],""damage"":20,""nameJa"":""エレキック"",""effectJa"":null}]",[],"[{""type"":""Fighting"",""value"":""×2""}]",[],1,[921],,,66
f2d2ef08-306d-4bc8-a491-41ecf75b966f,2e3e2cf1-be86-4808-87f7-fe01973f0325,パモット,パモット,067,,normal,https://images.scrydex.com/pokemon/sv4a_ja-67/medium,Scrydex public web image / refreshed 2026-08-29,True,2026-08-28 04:31:24.612274+00:00,2026-08-29 13:37:24.163957+00:00,SV4a-067,90,Pokemon,"[""Lightning""]",Stage1,Saya Tsuruta,G,手のひらで 打撃を 加えつつ 肉球で 電撃を 浴びせる 独特の 格闘技を 使う。,"[{""cost"":[""Lightning""],""damage"":30,""nameJa"":""でんきショック"",""effectJa"":""コインを1回投げオモテなら、相手のバトルポケモンをマヒにする。""},{""cost"":[""Lightning"",""Lightning"",""Colorless""],""damage"":70,""nameJa"":""ヘッドボルト"",""effectJa"":null}]",[],"[{""type"":""Fighting"",""value"":""×2""}]",[],1,[922],,,67
82e458e5-d703-4dcf-baf9-4af7d017ff76,2e3e2cf1-be86-4808-87f7-fe01973f0325,パーモット,パーモット,068,,normal,https://images.scrydex.com/pokemon/sv4a_ja-68/medium,Scrydex public web image / refreshed 2026-08-29,True,2026-08-28 04:31:24.612274+00:00,2026-08-29 13:37:24.163957+00:00,SV4a-068,130,Pokemon,"[""Lightning""]",Stage2,GIDORA,G,ふわふわの 体毛が バッテリー。 電気自動車と 同じ 量の 電気を 蓄えることができる。,"[{""cost"":[""Lightning"",""Lightning"",""Colorless""],""damage"":230,""nameJa"":""エレクトロパウ"",""effectJa"":""このポケモンについているエネルギーを、すべてトラッシュする。""}]","[{""type"":""Ability"",""nameJa"":""でんきおこし"",""effectJa"":""自分の番に1回使える。自分の山札から「基本エネルギー」を1枚選び、このポケモンにつける。そして山札を切る。""}]","[{""type"":""Fighting"",""value"":""×2""}]",[],0,[923],,,68
1044b2d8-2344-4fe9-821a-bd7ae2956cac,2e3e2cf1-be86-4808-87f7-fe01973f0325,カイデン,カイデン,069,,normal,https://images.scrydex.com/pokemon/sv4a_ja-69/medium,Scrydex public web image / refreshed 2026-08-29,True,2026-08-28 04:31:24.612274+00:00,2026-08-29 13:37:24.163957+00:00,SV4a-069,60,Pokemon,"[""Lightning""]",Basic,Shibuzoh.,G,翼の 骨は 風を 受けると 電気を 作る。 海に 飛び込み 獲物を 感電させて 捕らえる。,"[{""cost"":[""Colorless""],""damage"":10,""nameJa"":""つつく"",""effectJa"":null},{""cost"":[""Colorless"",""Colorless""],""damage"":""20×"",""nameJa"":""だんけつのつばさ"",""effectJa"":""自分のトラッシュにある、ワザ「だんけつのつばさ」を持つポケモンの枚数×20ダメージ。""}]",[],"[{""type"":""Lightning"",""value"":""×2""}]","[{""type"":""Fighting"",""value"":""-30""}]",1,[940],,,69
dc267901-242d-404e-85cd-852826d3924d,2e3e2cf1-be86-4808-87f7-fe01973f0325,タイカイデン,タイカイデン,070,,normal,https://images.scrydex.com/pokemon/sv4a_ja-70/medium,Scrydex public web image / refreshed 2026-08-29,True,2026-08-28 04:31:24.612274+00:00,2026-08-29 13:37:24.163957+00:00,SV4a-070,120,Pokemon,"[""Lightning""]",Stage1,AKIRA EGAWA,G,のど袋を ふくらませて 電気を 増幅させる。 風に 乗って １日で ７００キロを 飛行する。,"[{""cost"":[""Colorless""],""damage"":null,""nameJa"":""だんけつサンダー"",""effectJa"":""相手のベンチポケモン1匹に、自分のトラッシュにある、ワザ「だんけつのつばさ」を持つポケモンの枚数×10ダメージ。［ベンチは弱点・抵抗力を計算しない。］""},{""cost"":[""Lightning"",""Colorless"",""Colorless""],""damage"":90,""nameJa"":""スピードウイング"",""effectJa"":null}]",[],"[{""type"":""Lightning"",""value"":""×2""}]","[{""type"":""Fighting"",""value"":""-30""}]",0,[941],,,70
7bd13f89-b529-4629-940d-4eca00a0e698,2e3e2cf1-be86-4808-87f7-fe01973f0325,ミライドンex,ミライドンex,071,RR,holo,https://images.scrydex.com/pokemon/sv4a_ja-71/medium,Scrydex public web image / refreshed 2026-08-29,True,2026-08-28 04:31:24.612274+00:00,2026-08-29 13:37:24.163957+00:00,SV4a-071,220,Pokemon,"[""Lightning""]",Basic,5ban Graphics,G,,"[{""cost"":[""Lightning"",""Lightning"",""Colorless""],""damage"":220,""nameJa"":""フォトンブラスター"",""effectJa"":""次の自分の番、このポケモンはワザが使えない。""}]","[{""type"":""Ability"",""nameJa"":""タンデムユニット"",""effectJa"":""自分の番に1回使える。自分の山札からタイプのたねポケモンを2枚まで選び、ベンチに出す。そして山札を切る。""}]","[{""type"":""Fighting"",""value"":""×2""}]",[],1,[],,,71
b8397fc9-685e-4c1c-b3d7-cc902aac77c0,2e3e2cf1-be86-4808-87f7-fe01973f0325,プクリン,プクリン,072,,normal,https://images.scrydex.com/pokemon/sv4a_ja-72/medium,Scrydex public web image / refreshed 2026-08-29,True,2026-08-28 04:31:24.612274+00:00,2026-08-29 13:37:24.163957+00:00,SV4a-072,110,Pokemon,"[""Psychic""]",Stage1,Hitoshi Ariga,G,キメ細やかな 毛皮の 持ち主。 怒らせると どんどん ふくらみ のしかかってくるので 注意。,"[{""cost"":[""Psychic"",""Colorless"",""Colorless""],""damage"":100,""nameJa"":""マジカルショット"",""effectJa"":null}]","[{""type"":""Ability"",""nameJa"":""バルーンセラピー"",""effectJa"":""自分の番に1回使える。自分の手札から「セラピーエネルギー」を1枚選び、自分のポケモンにつける。""}]","[{""type"":""Metal"",""value"":""×2""}]",[],2,[40],,,72
05debfb0-82b1-4ccb-a21e-24764675f6b9,2e3e2cf1-be86-4808-87f7-fe01973f0325,ユンゲラー,ユンゲラー,074,,normal,https://images.scrydex.com/pokemon/sv4a_ja-74/medium,Scrydex public web image / refreshed 2026-08-29,True,2026-08-28 04:31:24.612274+00:00,2026-08-29 13:37:24.163957+00:00,SV4a-074,80,Pokemon,"[""Psychic""]",Stage1,Mitsuhiro Arita,G,念力の 威力は 絶大。 進化に 備えて 額の 星に サイコパワーを 蓄えている。,"[{""cost"":[""Psychic""],""damage"":30,""nameJa"":""テレポートアタック"",""effectJa"":""このポケモンをベンチポケモンと入れ替える。""}]",[],"[{""type"":""Darkness"",""value"":""×2""}]","[{""type"":""Fighting"",""value"":""-30""}]",1,[64],,,74
c576d439-2197-451c-8099-c5bc1f70e4df,2e3e2cf1-be86-4808-87f7-fe01973f0325,フーディンex,フーディンex,075,RR,holo,https://images.scrydex.com/pokemon/sv4a_ja-75/medium,Scrydex public web image / refreshed 2026-08-29,True,2026-08-28 04:31:24.612274+00:00,2026-08-29 13:37:24.163957+00:00,SV4a-075,310,Pokemon,"[""Psychic""]",Stage2,Mitsuhiro Arita,G,,"[{""cost"":[""Colorless"",""Colorless""],""damage"":""90+"",""nameJa"":""マインドジャック"",""effectJa"":""相手のベンチポケモンの数×30ダメージ追加。""},{""cost"":[""Psychic"",""Psychic""],""damage"":120,""nameJa"":""ディメンションハンド"",""effectJa"":""このワザは、このポケモンがベンチにいても使える。""}]",[],"[{""type"":""Darkness"",""value"":""×2""}]","[{""type"":""Fighting"",""value"":""-30""}]",1,[],,,75
b8095905-ebb0-4fad-90c8-4ae228af3296,2e3e2cf1-be86-4808-87f7-fe01973f0325,ミュウex,ミュウex,076,RR,holo,https://images.scrydex.com/pokemon/sv4a_ja-76/medium,Scrydex public web image / refreshed 2026-08-29,True,2026-08-28 04:31:24.612274+00:00,2026-08-29 13:37:24.163957+00:00,SV4a-076,180,Pokemon,"[""Psychic""]",Basic,aky CG Works,G,,"[{""cost"":[""Colorless"",""Colorless"",""Colorless""],""damage"":null,""nameJa"":""ゲノムハック"",""effectJa"":""相手のバトルポケモンが持っているワザを1つ選び、このワザとして使う。""}]","[{""type"":""Ability"",""nameJa"":""リスタート"",""effectJa"":""自分の番に1回使える。自分の手札が3枚になるように、山札を引く。""}]","[{""type"":""Darkness"",""value"":""×2""}]","[{""type"":""Fighting"",""value"":""-30""}]",0,[],,,76
0176ec0e-ec46-482b-842d-44d24916f180,2e3e2cf1-be86-4808-87f7-fe01973f0325,ピィ,ピィ,077,,normal,https://images.scrydex.com/pokemon/sv4a_ja-77/medium,Scrydex public web image / refreshed 2026-08-29,True,2026-08-28 04:31:24.612274+00:00,2026-08-29 13:37:24.163957+00:00,SV4a-077,30,Pokemon,"[""Psychic""]",Basic,Mina Nakai,G,お星さまのような シルエット。 その姿から 流れ星に乗って やって来ると 信じられている。,"[{""cost"":[],""damage"":null,""nameJa"":""にぎにぎドロー"",""effectJa"":""自分の手札が7枚になるように、山札を引く。""}]",[],"[{""type"":""Metal"",""value"":""×2""}]",[],0,[173],,,77
5c011ce6-c612-4f40-ab12-3f4f4714e78e,2e3e2cf1-be86-4808-87f7-fe01973f0325,ネイティオ,ネイティオ,079,,normal,https://images.scrydex.com/pokemon/sv4a_ja-79/medium,Scrydex public web image / refreshed 2026-08-29,True,2026-08-28 04:31:24.612274+00:00,2026-08-29 13:37:24.163957+00:00,SV4a-079,100,Pokemon,"[""Psychic""]",Stage1,DOM,G,過去と 未来を 見通せる。 毎日 太陽の 動きを 見続けている 不思議な ポケモン。,"[{""cost"":[""Psychic"",""Colorless"",""Colorless""],""damage"":80,""nameJa"":""ちょうねんりき"",""effectJa"":null}]","[{""type"":""Ability"",""nameJa"":""アカシックセンス"",""effectJa"":""自分の番に1回使える。自分の手札から「基本エネルギー」を1枚選び、ベンチポケモンにつける。その後、自分の山札を2枚引く。""}]","[{""type"":""Darkness"",""value"":""×2""}]","[{""type"":""Fighting"",""value"":""-30""}]",1,[178],,,79
2aa75c57-2e69-44fd-9c0d-77301d9d4969,2e3e2cf1-be86-4808-87f7-fe01973f0325,キルリア,キルリア,081,,normal,https://images.scrydex.com/pokemon/sv4a_ja-81/medium,Scrydex public web image / refreshed 2026-08-29,True,2026-08-28 04:31:24.612274+00:00,2026-08-29 13:37:24.163957+00:00,SV4a-081,90,Pokemon,"[""Psychic""]",Stage1,kawayoo,G,サイコパワーを 操り まわりの 空間を ねじ曲げることで 未来を 見通すことができる。,"[{""cost"":[""Psychic"",""Colorless""],""damage"":30,""nameJa"":""マジカルショット"",""effectJa"":null},{""cost"":[""Psychic"",""Psychic"",""Colorless""],""damage"":""60+"",""nameJa"":""サイコキネシス"",""effectJa"":""相手のバトルポケモンについているエネルギーの数×20ダメージ追加。""}]",[],"[{""type"":""Darkness"",""value"":""×2""}]","[{""type"":""Fighting"",""value"":""-30""}]",1,[281],,,81
39f4992f-f454-49fb-86e8-3e917e847f3d,2e3e2cf1-be86-4808-87f7-fe01973f0325,サーナイトex,サーナイトex,082,RR,holo,https://images.scrydex.com/pokemon/sv4a_ja-82/medium,Scrydex public web image / refreshed 2026-08-29,True,2026-08-28 04:31:24.612274+00:00,2026-08-29 13:37:24.163957+00:00,SV4a-082,310,Pokemon,"[""Psychic""]",Stage2,N-DESIGN Inc.,G,,"[{""cost"":[""Psychic"",""Psychic"",""Colorless""],""damage"":190,""nameJa"":""ミラクルフォース"",""effectJa"":""このポケモンの特殊状態を、すべて回復する。""}]","[{""type"":""Ability"",""nameJa"":""サイコエンブレイス"",""effectJa"":""自分の番に何回でも使える。自分のトラッシュから「基本エネルギー」を1枚選び、自分のポケモンにつける。その後、つけたポケモンにダメカンを2個のせる。（きぜつするポケモンに、この特性は使えない。）""}]","[{""type"":""Darkness"",""value"":""×2""}]","[{""type"":""Fighting"",""value"":""-30""}]",2,[],,,82
f40ef499-75a7-4399-b284-7d99865bfd76,2e3e2cf1-be86-4808-87f7-fe01973f0325,フワンテ,フワンテ,083,,normal,https://images.scrydex.com/pokemon/sv4a_ja-83/medium,Scrydex public web image / refreshed 2026-08-29,True,2026-08-28 04:31:24.612274+00:00,2026-08-29 13:37:24.163957+00:00,SV4a-083,70,Pokemon,"[""Psychic""]",Basic,Taira Akitsu,G,風船と 間違えて フワンテを 持っていた 小さな 子どもが 消えてしまうことが あるという。,"[{""cost"":[""Colorless"",""Colorless""],""damage"":10,""nameJa"":""かぜおこし"",""effectJa"":null},{""cost"":[""Psychic"",""Psychic""],""damage"":""30×"",""nameJa"":""バルーンボム"",""effectJa"":""このポケモンにのっているダメカンの数×30ダメージ。""}]",[],"[{""type"":""Darkness"",""value"":""×2""}]","[{""type"":""Fighting"",""value"":""-30""}]",1,[425],,,83
dbb69430-ea1c-4194-8ec2-7562099d432c,2e3e2cf1-be86-4808-87f7-fe01973f0325,フワライド,フワライド,084,,normal,https://images.scrydex.com/pokemon/sv4a_ja-84/medium,Scrydex public web image / refreshed 2026-08-29,True,2026-08-28 04:31:24.612274+00:00,2026-08-29 13:37:24.163957+00:00,SV4a-084,110,Pokemon,"[""Psychic""]",Stage1,Yuu Nishida,G,体の 中で ガスを 作ったり 吐き出したり することで 空を 飛ぶ 高さを 調節する。,"[{""cost"":[""Colorless"",""Colorless""],""damage"":30,""nameJa"":""かぜおこし"",""effectJa"":null},{""cost"":[""Psychic"",""Psychic"",""Psychic""],""damage"":null,""nameJa"":""のろいをばらまく"",""effectJa"":""ダメカン8個を、相手のポケモンに好きなようにのせる。""}]",[],"[{""type"":""Darkness"",""value"":""×2""}]","[{""type"":""Fighting"",""value"":""-30""}]",1,[426],,,84
29d43787-de53-4ad3-824c-a734ed1f5d70,2e3e2cf1-be86-4808-87f7-fe01973f0325,マネネ,マネネ,085,,normal,https://images.scrydex.com/pokemon/sv4a_ja-85/medium,Scrydex public web image / refreshed 2026-08-29,True,2026-08-28 04:31:24.612274+00:00,2026-08-29 13:37:24.163957+00:00,SV4a-085,30,Pokemon,"[""Psychic""]",Basic,HYOGONOSUKE,G,相手の 動きを そっくりに 真似を して 戸惑わせている あいだに さっさと 逃げるのだ。,"[{""cost"":[],""damage"":null,""nameJa"":""マネマネごっこ"",""effectJa"":""相手は相手自身の場のポケモンが持っているワザを1つ選ぶ。選ばれたワザをこのワザとして使う。""}]",[],"[{""type"":""Darkness"",""value"":""×2""}]","[{""type"":""Fighting"",""value"":""-30""}]",0,[439],,,85
c47ae331-0e49-47d6-844a-d3be933a7c98,2e3e2cf1-be86-4808-87f7-fe01973f0325,ミカルゲ,ミカルゲ,086,,normal,https://images.scrydex.com/pokemon/sv4a_ja-86/medium,Scrydex public web image / refreshed 2026-08-29,True,2026-08-28 04:31:24.612274+00:00,2026-08-29 13:37:24.163957+00:00,SV4a-086,60,Pokemon,"[""Psychic""]",Basic,Aya Kusube,G,いつも 悪さばかり していたら 不思議な 術で 本体を 要石に 縛りつけられた。,"[{""cost"":[""Colorless""],""damage"":10,""nameJa"":""ぱっときえる"",""effectJa"":""このポケモンと、ついているすべてのカードを、手札にもどす。""}]","[{""type"":""Ability"",""nameJa"":""しっこくのわざわい"",""effectJa"":""このポケモンがいるかぎり、おたがいの場のたねポケモンの「ポケモンV」の特性は、すべてなくなる。""}]","[{""type"":""Darkness"",""value"":""×2""}]","[{""type"":""Fighting"",""value"":""-30""}]",1,[442],,,86
fd659f11-fba0-49ad-9dfd-5bfdfb5ff20f,2e3e2cf1-be86-4808-87f7-fe01973f0325,クレッフィ,クレッフィ,087,,normal,https://images.scrydex.com/pokemon/sv4a_ja-87/medium,Scrydex public web image / refreshed 2026-08-29,True,2026-08-28 04:31:24.612274+00:00,2026-08-29 13:37:24.163957+00:00,SV4a-087,70,Pokemon,"[""Psychic""]",Basic,GOSSAN,G,昔の 貴族は 金庫の カギを 管理させる クレッフィを 代々 引き継ぎ 大切に 扱った。,"[{""cost"":[""Colorless""],""damage"":10,""nameJa"":""ねらいおとす"",""effectJa"":""ダメージを与える前に、相手のバトルポケモンについている「ポケモンのどうぐ」をトラッシュする。""}]","[{""type"":""Ability"",""nameJa"":""いたずらロック"",""effectJa"":""このポケモンがバトル場にいるかぎり、おたがいの場のたねポケモンの特性（「いたずらロック」をのぞく）は、すべてなくなる。""}]","[{""type"":""Metal"",""value"":""×2""}]",[],1,[707],,,87
0ae137ad-7419-4e9a-8531-c1636e445321,2e3e2cf1-be86-4808-87f7-fe01973f0325,ミミッキュ,ミミッキュ,088,,normal,https://images.scrydex.com/pokemon/sv4a_ja-88/medium,Scrydex public web image / refreshed 2026-08-29,True,2026-08-28 04:31:24.612274+00:00,2026-08-29 13:37:24.163957+00:00,SV4a-088,70,Pokemon,"[""Psychic""]",Basic,Kagemaru Himeno,G,陽の 当たらない 暗がりに 棲む。 人前に 出るときは ピカチュウに 似せた 布で 全身を 隠す。,"[{""cost"":[""Psychic"",""Colorless""],""damage"":null,""nameJa"":""ゴーストアイ"",""effectJa"":""相手のバトルポケモンに、ダメカンを7個のせる。""}]","[{""type"":""Ability"",""nameJa"":""しんぴのまもり"",""effectJa"":""このポケモンは、相手の「ポケモンex・V」からワザのダメージを受けない。""}]","[{""type"":""Metal"",""value"":""×2""}]",[],1,[778],,,88
84e897ea-bad8-4cb9-9280-45bedf20e3a0,2e3e2cf1-be86-4808-87f7-fe01973f0325,バウッツェル,バウッツェル,090,,normal,https://images.scrydex.com/pokemon/sv4a_ja-90/medium,Scrydex public web image / refreshed 2026-08-29,True,2026-08-28 04:31:24.612274+00:00,2026-08-29 13:37:24.163957+00:00,SV4a-090,90,Pokemon,"[""Psychic""]",Stage1,You Iribi,G,体から 放つ 良い香りが 小麦の 成長を 助けるため 農村で 大切にされてきた。,"[{""cost"":[""Psychic"",""Colorless"",""Colorless""],""damage"":100,""nameJa"":""とびだしヘッド"",""effectJa"":null}]","[{""type"":""Ability"",""nameJa"":""こんがりボディ"",""effectJa"":""このポケモンは、相手のポケモンからワザのダメージを受けず、やけどにならない。""}]","[{""type"":""Metal"",""value"":""×2""}]",[],1,[927],,,90
8e15ae2e-ea58-4c6a-807e-059612a38074,2e3e2cf1-be86-4808-87f7-fe01973f0325,ソウブレイズ,ソウブレイズ,091,,normal,https://images.scrydex.com/pokemon/sv4a_ja-91/medium,Scrydex public web image / refreshed 2026-08-29,True,2026-08-28 04:31:24.612274+00:00,2026-08-29 13:37:24.163957+00:00,SV4a-091,140,Pokemon,"[""Psychic""]",Stage1,Ryota Murayama,G,両腕の 炎の剣は 志半ばで 力つきた 剣士の 怨念で 燃え上がる。,"[{""cost"":[""Colorless"",""Colorless""],""damage"":50,""nameJa"":""ライフサッカー"",""effectJa"":""このポケモンのHPを「30」回復する。""},{""cost"":[""Psychic"",""Colorless"",""Colorless""],""damage"":""100+"",""nameJa"":""とうしのたいけん"",""effectJa"":""相手のバトルポケモンが「ポケモンex・V」なら、100ダメージ追加。""}]",[],"[{""type"":""Darkness"",""value"":""×2""}]","[{""type"":""Fighting"",""value"":""-30""}]",2,[937],,,91
a5760d54-dc66-4c08-8990-3d313c74225a,2e3e2cf1-be86-4808-87f7-fe01973f0325,ベラカス,ベラカス,092,,normal,https://images.scrydex.com/pokemon/sv4a_ja-92/medium,Scrydex public web image / refreshed 2026-08-29,True,2026-08-28 04:31:24.612274+00:00,2026-08-29 13:37:24.163957+00:00,SV4a-092,70,Pokemon,"[""Psychic""]",Stage1,Oswaldo KATO,G,玉を 支える 体は ほとんど 動かないため 本体は 玉の中にいると 考えられている。,"[{""cost"":[""Colorless""],""damage"":null,""nameJa"":""さいきのいのり"",""effectJa"":""自分のトラッシュからポケモンを1枚選び、ベンチに出す。""},{""cost"":[""Psychic"",""Psychic""],""damage"":50,""nameJa"":""サイケこうせん"",""effectJa"":""相手のバトルポケモンをこんらんにする。""}]",[],"[{""type"":""Darkness"",""value"":""×2""}]","[{""type"":""Fighting"",""value"":""-30""}]",1,[954],,,92
7ae52dba-72e3-43a1-bed9-433ebc502c11,2e3e2cf1-be86-4808-87f7-fe01973f0325,ヒラヒナ,ヒラヒナ,093,,normal,https://images.scrydex.com/pokemon/sv4a_ja-93/medium,Scrydex public web image / refreshed 2026-08-29,True,2026-08-28 04:31:24.612274+00:00,2026-08-29 13:37:24.163957+00:00,SV4a-093,30,Pokemon,"[""Psychic""]",Basic,kawayoo,G,お腹の ヒラヒラから 放射する サイコパワーで わずか １センチだけ つま先が 地面から 浮いている。,"[{""cost"":[""Psychic"",""Colorless""],""damage"":20,""nameJa"":""ねんりき"",""effectJa"":""コインを1回投げオモテなら、相手のバトルポケモンをマヒにする。""}]",[],"[{""type"":""Darkness"",""value"":""×2""}]","[{""type"":""Fighting"",""value"":""-30""}]",1,[955],,,93
2e8979f7-4c0b-4d8f-b048-38e53fae4df1,2e3e2cf1-be86-4808-87f7-fe01973f0325,ナカヌチャン,ナカヌチャン,095,,normal,https://images.scrydex.com/pokemon/sv4a_ja-95/medium,Scrydex public web image / refreshed 2026-08-29,True,2026-08-28 04:31:24.612274+00:00,2026-08-29 13:37:24.163957+00:00,SV4a-095,90,Pokemon,"[""Psychic""]",Stage1,sowsow,G,大きくて 頑丈な ハンマーを 作るために キリキザンの 群れを 襲って 金属を 集める。,"[{""cost"":[""Colorless"",""Colorless""],""damage"":""30+"",""nameJa"":""じゃれつく"",""effectJa"":""コインを1回投げオモテなら、30ダメージ追加。""},{""cost"":[""Psychic"",""Colorless"",""Colorless""],""damage"":60,""nameJa"":""ふんさいプレス"",""effectJa"":""このワザのダメージは、相手のバトルポケモンにかかっている効果を計算しない。""}]",[],"[{""type"":""Metal"",""value"":""×2""}]",[],2,[958],,,95
169c7a49-cc09-49f9-9e56-0e6142058af8,2e3e2cf1-be86-4808-87f7-fe01973f0325,デカヌチャン,デカヌチャン,096,,normal,https://images.scrydex.com/pokemon/sv4a_ja-96/medium,Scrydex public web image / refreshed 2026-08-29,True,2026-08-28 04:31:24.612274+00:00,2026-08-29 13:37:24.163957+00:00,SV4a-096,140,Pokemon,"[""Psychic""]",Stage2,Anesaki Dynamic,G,知能が 高く とても 豪快。 ハンマーで 岩を 殴り飛ばして 空飛ぶ アーマーガアを 狙う。,"[{""cost"":[""Psychic"",""Colorless""],""damage"":""90+"",""nameJa"":""スペシャルハンマー"",""effectJa"":""このポケモンに特殊エネルギーがついているなら、90ダメージ追加。""}]","[{""type"":""Ability"",""nameJa"":""そざいあつめ"",""effectJa"":""自分の番に、自分の手札を1枚トラッシュするなら、1回使える。自分の山札を3枚引く。""}]","[{""type"":""Metal"",""value"":""×2""}]",[],2,[959],,,96
cfd94b25-7082-4fc8-b35d-d0115df67114,2e3e2cf1-be86-4808-87f7-fe01973f0325,ボチ,ボチ,097,,normal,https://images.scrydex.com/pokemon/sv4a_ja-97/medium,Scrydex public web image / refreshed 2026-08-29,True,2026-08-28 04:31:24.612274+00:00,2026-08-29 13:37:24.163957+00:00,SV4a-097,70,Pokemon,"[""Psychic""]",Basic,yuu,G,人懐っこくて 寂しがり。 ちょっと かまっただけでも いつまでも 後を ついてくるぞ。,"[{""cost"":[""Psychic""],""damage"":""10×"",""nameJa"":""おはかであそぶ"",""effectJa"":""自分のトラッシュにあるポケモンの枚数×10ダメージ。""}]",[],"[{""type"":""Darkness"",""value"":""×2""}]","[{""type"":""Fighting"",""value"":""-30""}]",2,[971],,,97
95917c67-d4c7-4286-bc60-58d8ac23b1c7,2e3e2cf1-be86-4808-87f7-fe01973f0325,ハカドッグ,ハカドッグ,098,,normal,https://images.scrydex.com/pokemon/sv4a_ja-98/medium,Scrydex public web image / refreshed 2026-08-29,True,2026-08-28 04:31:24.612274+00:00,2026-08-29 13:37:24.163957+00:00,SV4a-098,140,Pokemon,"[""Psychic""]",Stage1,Kouki Saitou,G,大切に 弔われた ポケモンが 生まれ変わった 姿。 頭の 突起を 触られるのは 嫌い。,"[{""cost"":[""Psychic"",""Psychic""],""damage"":""80+"",""nameJa"":""おはかまいり"",""effectJa"":""自分のトラッシュにあるポケモンの枚数×10ダメージ追加。""}]",[],"[{""type"":""Darkness"",""value"":""×2""}]","[{""type"":""Fighting"",""value"":""-30""}]",3,[972],,,98
9b10ebc7-eab1-421b-8113-e28e4b8ebe8b,2e3e2cf1-be86-4808-87f7-fe01973f0325,コレクレー,コレクレー,099,,normal,https://images.scrydex.com/pokemon/sv4a_ja-99/medium,Scrydex public web image / refreshed 2026-08-29,True,2026-08-28 04:31:24.612274+00:00,2026-08-29 13:37:24.163957+00:00,SV4a-099,50,Pokemon,"[""Psychic""]",Basic,OKUBO,G,およそ１５００年前 宝箱の中で 生まれた。 宝を 盗む 不埒者の 生気を 吸い取る。,"[{""cost"":[""Colorless""],""damage"":null,""nameJa"":""はこにかくれる"",""effectJa"":""コインを1回投げオモテなら、次の相手の番、このポケモンはワザのダメージや効果を受けない。""},{""cost"":[""Colorless""],""damage"":10,""nameJa"":""ぶつかる"",""effectJa"":null}]",[],"[{""type"":""Darkness"",""value"":""×2""}]","[{""type"":""Fighting"",""value"":""-30""}]",1,[999],,,99
05f5b178-531b-4825-b190-fa3d3fe4a2e7,2e3e2cf1-be86-4808-87f7-fe01973f0325,オコリザル,オコリザル,101,,normal,https://images.scrydex.com/pokemon/sv4a_ja-101/medium,Scrydex public web image / refreshed 2026-08-29,True,2026-08-28 04:31:24.612274+00:00,2026-08-29 13:37:24.163957+00:00,SV4a-101,90,Pokemon,"[""Fighting""]",Stage1,Ryuta Fuse,G,ある研究者の 学説では モンスターボールの 中でも オコリザルは 怒っているらしい。,"[{""cost"":[""Fighting""],""damage"":70,""nameJa"":""あばれパンチ"",""effectJa"":""このポケモンにも20ダメージ。""}]",[],"[{""type"":""Psychic"",""value"":""×2""}]",[],1,[57],,,101
e2eb2f4a-b0d1-4551-b64e-b9b701c482ec,2e3e2cf1-be86-4808-87f7-fe01973f0325,コノヨザル,コノヨザル,102,,normal,https://images.scrydex.com/pokemon/sv4a_ja-102/medium,Scrydex public web image / refreshed 2026-08-29,True,2026-08-28 04:31:24.612274+00:00,2026-08-29 13:37:24.163957+00:00,SV4a-102,140,Pokemon,"[""Fighting""]",Stage2,Anesaki Dynamic,G,心に 秘めた 怒りのパワーを こぶしに 込めて 叩きつけると 相手を 骨の髄から 砕く。,"[{""cost"":[""Fighting""],""damage"":""70×"",""nameJa"":""ふんどのこぶし"",""effectJa"":""相手がすでにとったサイドの枚数×70ダメージ。""},{""cost"":[""Fighting"",""Fighting""],""damage"":170,""nameJa"":""ダイナマイトパンチ"",""effectJa"":""このポケモンにも50ダメージ。""}]",[],"[{""type"":""Psychic"",""value"":""×2""}]",[],2,[979],,,102
e35f3c63-47d2-411d-bae6-28fb7c848a02,2e3e2cf1-be86-4808-87f7-fe01973f0325,パルデア ケンタロス,パルデアケンタロス,103,,normal,https://images.scrydex.com/pokemon/sv4a_ja-103/medium,Scrydex public web image / refreshed 2026-08-29,True,2026-08-28 04:31:24.612274+00:00,2026-08-29 13:37:24.163957+00:00,SV4a-103,130,Pokemon,"[""Fighting""]",Basic,Shin Nagasawa,G,ぶ厚く 力強い 筋肉と 気性の 荒さが 特徴。 コンバット種と 呼ばれる。,"[{""cost"":[""Colorless"",""Colorless""],""damage"":""20+"",""nameJa"":""いかりのつの"",""effectJa"":""このポケモンにのっているダメカンの数×10ダメージ追加。""},{""cost"":[""Fighting"",""Fighting"",""Colorless""],""damage"":130,""nameJa"":""コンバットタックル"",""effectJa"":""このポケモンにも30ダメージ。""}]",[],"[{""type"":""Psychic"",""value"":""×2""}]",[],2,[128],,,103
624be9ff-4ab7-44a7-88d5-c2378d66abc0,2e3e2cf1-be86-4808-87f7-fe01973f0325,リオル,リオル,104,,normal,https://images.scrydex.com/pokemon/sv4a_ja-104/medium,Scrydex public web image / refreshed 2026-08-29,True,2026-08-28 04:31:24.612274+00:00,2026-08-29 13:37:24.163957+00:00,SV4a-104,70,Pokemon,"[""Fighting""]",Basic,chibi,G,仲間同士で 波動を 出して コミュニケーションを とっている。 一晩中 走り続けられる。,"[{""cost"":[""Fighting""],""damage"":10,""nameJa"":""パンチ"",""effectJa"":null},{""cost"":[""Fighting"",""Colorless""],""damage"":50,""nameJa"":""とつげき"",""effectJa"":""このポケモンにも20ダメージ。""}]",[],"[{""type"":""Psychic"",""value"":""×2""}]",[],1,[447],,,104
13f12324-7534-496d-98ca-0ac634a413a4,2e3e2cf1-be86-4808-87f7-fe01973f0325,ルカリオ,ルカリオ,105,,normal,https://images.scrydex.com/pokemon/sv4a_ja-105/medium,Scrydex public web image / refreshed 2026-08-29,True,2026-08-28 04:31:24.612274+00:00,2026-08-29 13:37:24.163957+00:00,SV4a-105,130,Pokemon,"[""Fighting""]",Stage1,Nurikabe,G,波動を キャッチすることで 見えない 相手の 姿でも 見えると 言われている。,"[{""cost"":[""Fighting""],""damage"":""30+"",""nameJa"":""アベンジナックル"",""effectJa"":""前の相手の番に、ワザのダメージで、自分のポケモンがきぜつしていたなら、120ダメージ追加。""},{""cost"":[""Fighting"",""Colorless"",""Colorless""],""damage"":120,""nameJa"":""かそくづき"",""effectJa"":""次の自分の番、このポケモンは「かそくづき」が使えない。""}]",[],"[{""type"":""Psychic"",""value"":""×2""}]",[],2,[448],,,105
139be18a-29b3-459a-aaa3-a0e023b42e27,2e3e2cf1-be86-4808-87f7-fe01973f0325,ルチャブル,ルチャブル,106,,normal,https://images.scrydex.com/pokemon/sv4a_ja-106/medium,Scrydex public web image / refreshed 2026-08-29,True,2026-08-28 04:31:24.612274+00:00,2026-08-29 13:37:24.163957+00:00,SV4a-106,70,Pokemon,"[""Fighting""]",Basic,Yuya Oka,G,翼を 使い 軽やかに 跳び 相手を 華麗に 仕留める 技は 生まれ育った 森で 磨かれる。,"[{""cost"":[""Fighting"",""Colorless"",""Colorless""],""damage"":70,""nameJa"":""つばさでうつ"",""effectJa"":null}]","[{""type"":""Ability"",""nameJa"":""フライングエントリー"",""effectJa"":""自分の番に、このカードを手札からベンチに出したとき、1回使える。相手のベンチポケモン2匹に、それぞれダメカンを1個のせる。""}]","[{""type"":""Psychic"",""value"":""×2""}]",[],1,[701],,,106
848bee4e-10ad-4cb7-96fc-59e48b735187,2e3e2cf1-be86-4808-87f7-fe01973f0325,コジオ,コジオ,107,,normal,https://images.scrydex.com/pokemon/sv4a_ja-107/medium,Scrydex public web image / refreshed 2026-08-29,True,2026-08-28 04:31:24.612274+00:00,2026-08-29 13:37:24.163957+00:00,SV4a-107,70,Pokemon,"[""Fighting""]",Basic,Shin Nagasawa,G,地底の 岩塩層で 生まれた。 貴重な 塩を 分けてくれるため 昔は とくに 大事にされた。,"[{""cost"":[""Fighting""],""damage"":null,""nameJa"":""しおぬり"",""effectJa"":""自分のポケモン1匹のHPを「20」回復する。""},{""cost"":[""Fighting"",""Fighting""],""damage"":30,""nameJa"":""たいあたり"",""effectJa"":null}]",[],"[{""type"":""Grass"",""value"":""×2""}]",[],3,[932],,,107
2e90a21b-41cd-4114-bc6d-47cd0d56695f,2e3e2cf1-be86-4808-87f7-fe01973f0325,ジオヅム,ジオヅム,108,,normal,https://images.scrydex.com/pokemon/sv4a_ja-108/medium,Scrydex public web image / refreshed 2026-08-29,True,2026-08-28 04:31:24.612274+00:00,2026-08-29 13:37:24.163957+00:00,SV4a-108,100,Pokemon,"[""Fighting""]",Stage1,GIDORA,G,塩を 噴き出して 獲物に 浴びせ 塩漬けにしてしまう。 体内の 水分を 奪ってしまうのだ。,"[{""cost"":[""Fighting"",""Fighting""],""damage"":""60×"",""nameJa"":""しおキャノン"",""effectJa"":""コインを3回投げ、オモテの数×60ダメージ。""}]",[],"[{""type"":""Grass"",""value"":""×2""}]",[],3,[933],,,108
5741dd5c-0438-47a8-952a-579e8277e9ea,2e3e2cf1-be86-4808-87f7-fe01973f0325,キョジオーン,キョジオーン,109,,normal,https://images.scrydex.com/pokemon/sv4a_ja-109/medium,Scrydex public web image / refreshed 2026-08-29,True,2026-08-28 04:31:24.612274+00:00,2026-08-29 13:37:24.163957+00:00,SV4a-109,180,Pokemon,"[""Fighting""]",Stage2,Anesaki Dynamic,G,指先を 擦りあわせて 塩を ケガした ポケモンに 振りかけると ひどい 傷も たちまち 治る。,"[{""cost"":[""Fighting"",""Fighting""],""damage"":130,""nameJa"":""ノックハンマー"",""effectJa"":""相手の山札を上から1枚トラッシュする。""}]","[{""type"":""Ability"",""nameJa"":""めぐみのしお"",""effectJa"":""このポケモンがいるかぎり、ポケモンチェックのたび、自分のポケモン全員のHPを、それぞれ「20」回復する。""}]","[{""type"":""Grass"",""value"":""×2""}]",[],3,[934],,,109
f0294e7f-384f-4941-a930-d74482d8ef4d,2e3e2cf1-be86-4808-87f7-fe01973f0325,キラーメ,キラーメ,110,,normal,https://images.scrydex.com/pokemon/sv4a_ja-110/medium,Scrydex public web image / refreshed 2026-08-29,True,2026-08-28 04:31:24.612274+00:00,2026-08-29 13:37:24.163957+00:00,SV4a-110,40,Pokemon,"[""Fighting""]",Basic,Mizue,G,洞窟の 壁から 栄養分を 吸収。 毒の 結晶で できた 花びらを 身にまとう。,"[{""cost"":[""Fighting""],""damage"":null,""nameJa"":""かくせい"",""effectJa"":""このポケモンから進化するカードを、自分の山札から1枚選び、このポケモンにのせて進化させる。そして山札を切る。""}]",[],"[{""type"":""Grass"",""value"":""×2""}]",[],1,[969],,,110
f8cdadd6-f65d-4912-822b-26504e03d873,2e3e2cf1-be86-4808-87f7-fe01973f0325,キラフロルex,キラフロルex,111,RR,holo,https://images.scrydex.com/pokemon/sv4a_ja-111/medium,Scrydex public web image / refreshed 2026-08-29,True,2026-08-28 04:31:24.612274+00:00,2026-08-29 13:37:24.163957+00:00,SV4a-111,270,Pokemon,"[""Fighting""]",Stage1,5ban Graphics,G,,"[{""cost"":[""Fighting"",""Fighting""],""damage"":140,""nameJa"":""ポイズンジェム"",""effectJa"":""相手のバトルポケモンをどくにする。""}]","[{""type"":""Ability"",""nameJa"":""ダストフィールド"",""effectJa"":""このポケモンがバトル場にいるかぎり、相手がベンチに出せるポケモンの数は3匹になる。相手のベンチに4匹以上いるなら、相手はベンチが3匹になるまでポケモンをトラッシュする。［ベンチの数を変更する効果は、少ない数が優先される。］""}]","[{""type"":""Grass"",""value"":""×2""}]",[],3,[],,,111
489e09ad-de94-4a81-83f0-d7da812ce165,2e3e2cf1-be86-4808-87f7-fe01973f0325,イダイナキバex,イダイナキバex,112,RR,holo,https://images.scrydex.com/pokemon/sv4a_ja-112/medium,Scrydex public web image / refreshed 2026-08-29,True,2026-08-28 04:31:24.612274+00:00,2026-08-29 13:37:24.163957+00:00,SV4a-112,250,Pokemon,"[""Fighting""]",Basic,kawayoo,G,,"[{""cost"":[""Fighting"",""Colorless"",""Colorless"",""Colorless""],""damage"":260,""nameJa"":""グレートバッシュ"",""effectJa"":""このワザのダメージは、相手のバトルポケモンにかかっている効果を計算しない。""}]","[{""type"":""Ability"",""nameJa"":""ゆさぶりくずす"",""effectJa"":""自分の番の終わりに、このポケモンがバトル場にいるなら、必ず1回使う。自分の山札を上から5枚トラッシュする。""}]","[{""type"":""Psychic"",""value"":""×2""}]",[],4,[],,,112
bb485746-eee4-4bf1-a6f6-5db1bed77145,2e3e2cf1-be86-4808-87f7-fe01973f0325,ディンルーex,ディンルーex,113,RR,holo,https://images.scrydex.com/pokemon/sv4a_ja-113/medium,Scrydex public web image / refreshed 2026-08-29,True,2026-08-28 04:31:24.612274+00:00,2026-08-29 13:37:24.163957+00:00,SV4a-113,240,Pokemon,"[""Fighting""]",Basic,5ban Graphics,G,,"[{""cost"":[""Fighting"",""Fighting"",""Fighting""],""damage"":150,""nameJa"":""ランドスクープ"",""effectJa"":""相手のベンチポケモン1匹に、ダメカンを2個のせる。""}]","[{""type"":""Ability"",""nameJa"":""じゅばくのだいち"",""effectJa"":""このポケモンがバトル場にいるかぎり、相手の場のダメカンがのっているポケモン（ポケモンexをのぞく）の特性は、すべてなくなる。""}]","[{""type"":""Grass"",""value"":""×2""}]",[],4,[],,,113
c1dda385-8add-4b60-a91f-bc91576dcd09,2e3e2cf1-be86-4808-87f7-fe01973f0325,コライドンex,コライドンex,114,RR,holo,https://images.scrydex.com/pokemon/sv4a_ja-114/medium,Scrydex public web image / refreshed 2026-08-29,True,2026-08-28 04:31:24.612274+00:00,2026-08-29 13:37:24.163957+00:00,SV4a-114,230,Pokemon,"[""Fighting""]",Basic,aky CG Works,G,,"[{""cost"":[""Fighting"",""Fighting"",""Colorless""],""damage"":220,""nameJa"":""ワイルドインパクト"",""effectJa"":""次の自分の番、このポケモンはワザが使えない。""}]","[{""type"":""Ability"",""nameJa"":""ディノクライ"",""effectJa"":""自分の番に1回使えて、使ったなら、番は終わる。自分のトラッシュから「基本エネルギー」を2枚まで選び、自分のタイプのたねポケモンに好きなようにつける。""}]","[{""type"":""Psychic"",""value"":""×2""}]",[],2,[],,,114
70ce481a-a2eb-46c8-b917-b73eb20d2533,2e3e2cf1-be86-4808-87f7-fe01973f0325,リザードンex,リザードンex,115,RR,holo,https://images.scrydex.com/pokemon/sv4a_ja-115/medium,Scrydex public web image / refreshed 2026-08-29,True,2026-08-28 04:31:24.612274+00:00,2026-08-29 13:37:24.163957+00:00,SV4a-115,330,Pokemon,"[""Darkness""]",Stage2,5ban Graphics,G,,"[{""cost"":[""Fire"",""Fire""],""damage"":""180+"",""nameJa"":""バーニングダーク"",""effectJa"":""相手がすでにとったサイドの枚数×30ダメージ追加。""}]","[{""type"":""Ability"",""nameJa"":""れんごくしはい"",""effectJa"":""自分の番に、このカードを手札から出して進化させたとき、1回使える。自分の山札から「基本エネルギー」を3枚まで選び、自分のポケモンに好きなようにつける。そして山札を切る。""}]","[{""type"":""Grass"",""value"":""×2""}]",[],2,[],,,115
63e10dce-f008-4a3d-86e4-4c62771ab9e9,2e3e2cf1-be86-4808-87f7-fe01973f0325,パルデア ウパー,パルデアウパー,116,,normal,https://images.scrydex.com/pokemon/sv4a_ja-116/medium,Scrydex public web image / refreshed 2026-08-29,True,2026-08-28 04:31:24.612274+00:00,2026-08-29 13:37:24.163957+00:00,SV4a-116,60,Pokemon,"[""Darkness""]",Basic,Kouki Saitou,G,縄張り争いに 敗れて 陸で 暮らすうちに 毒の 粘膜で 体を 保護するように 変わった。,"[{""cost"":[""Colorless""],""damage"":null,""nameJa"":""すみかをさがす"",""effectJa"":""自分の山札からスタジアムを1枚選び、相手に見せて、手札に加える。そして山札を切る。""},{""cost"":[""Darkness""],""damage"":10,""nameJa"":""ぶつかる"",""effectJa"":null}]",[],"[{""type"":""Fighting"",""value"":""×2""}]",[],2,[194],,,116
46b8a9c8-8dd2-4e04-bff8-42a27a5e61f6,2e3e2cf1-be86-4808-87f7-fe01973f0325,ヤミカラス,ヤミカラス,118,,normal,https://images.scrydex.com/pokemon/sv4a_ja-118/medium,Scrydex public web image / refreshed 2026-08-29,True,2026-08-28 04:31:24.612274+00:00,2026-08-29 13:37:24.163957+00:00,SV4a-118,60,Pokemon,"[""Darkness""]",Basic,Shiburingaru,G,夜 姿を 見かけると 不吉なことが 起きると 信じられ 忌み嫌われている ポケモン。,"[{""cost"":[""Colorless""],""damage"":10,""nameJa"":""スピンターン"",""effectJa"":""このポケモンをベンチポケモンと入れ替える。""},{""cost"":[""Darkness""],""damage"":""20×"",""nameJa"":""だんけつのつばさ"",""effectJa"":""自分のトラッシュにある、ワザ「だんけつのつばさ」を持つポケモンの枚数×20ダメージ。""}]",[],"[{""type"":""Lightning"",""value"":""×2""}]","[{""type"":""Fighting"",""value"":""-30""}]",1,[198],,,118
ff172fc2-7aa8-4687-879a-3dd2ead5c457,2e3e2cf1-be86-4808-87f7-fe01973f0325,ニューラ,ニューラ,119,,normal,https://images.scrydex.com/pokemon/sv4a_ja-119/medium,Scrydex public web image / refreshed 2026-08-29,True,2026-08-28 04:31:24.612274+00:00,2026-08-29 13:37:24.163957+00:00,SV4a-119,70,Pokemon,"[""Darkness""]",Basic,Kagemaru Himeno,G,自分が 目立たないよう 暗闇に まぎれて 獲物に 襲いかかる とても ずる賢い ポケモン。,"[{""cost"":[""Darkness""],""damage"":20,""nameJa"":""ツメをたてる"",""effectJa"":null}]",[],"[{""type"":""Grass"",""value"":""×2""}]",[],1,[215],,,119
e09ce141-27d4-4adf-a4b1-323baec3048d,2e3e2cf1-be86-4808-87f7-fe01973f0325,マニューラ,マニューラ,120,,normal,https://images.scrydex.com/pokemon/sv4a_ja-120/medium,Scrydex public web image / refreshed 2026-08-29,True,2026-08-28 04:31:24.612274+00:00,2026-08-29 13:37:24.163957+00:00,SV4a-120,110,Pokemon,"[""Darkness""]",Stage1,saino misaki,G,進化して さらに ずる賢くなり ツメで 石に サインをつけて コミュニケーションを はかっている。,"[{""cost"":[""Darkness"",""Colorless""],""damage"":70,""nameJa"":""スラッシュクロー"",""effectJa"":null}]","[{""type"":""Ability"",""nameJa"":""アサルトハント"",""effectJa"":""自分の番に、このポケモンがベンチからバトル場に出たとき、1回使える。相手のベンチのたねポケモンを1匹選び、バトルポケモンと入れ替える。""}]","[{""type"":""Grass"",""value"":""×2""}]",[],1,[461],,,120
e58f4601-bf6d-4ff4-b384-c11718f6e884,2e3e2cf1-be86-4808-87f7-fe01973f0325,ヤミラミ,ヤミラミ,121,,normal,https://images.scrydex.com/pokemon/sv4a_ja-121/medium,Scrydex public web image / refreshed 2026-08-29,True,2026-08-28 04:31:24.612274+00:00,2026-08-29 13:37:24.163957+00:00,SV4a-121,70,Pokemon,"[""Darkness""]",Basic,Nagomi Nijo,G,暗い 洞窟に 棲み処を 作り 鋭い ツメを 使って 宝石を 掘り出しては 食べる。,"[{""cost"":[""Colorless""],""damage"":null,""nameJa"":""やみのひとみ"",""effectJa"":""相手のバトルポケモンをねむりにする。""},{""cost"":[""Darkness""],""damage"":""20+"",""nameJa"":""アサシンクロー"",""effectJa"":""相手のバトルポケモンが特殊状態なら、70ダメージ追加。""}]",[],"[{""type"":""Grass"",""value"":""×2""}]",[],1,[302],,,121
414c39d0-08cf-420b-9ce0-56bbf5bab63d,2e3e2cf1-be86-4808-87f7-fe01973f0325,コマタナ,コマタナ,122,,normal,https://images.scrydex.com/pokemon/sv4a_ja-122/medium,Scrydex public web image / refreshed 2026-08-29,True,2026-08-28 04:31:24.612274+00:00,2026-08-29 13:37:24.163957+00:00,SV4a-122,70,Pokemon,"[""Darkness""]",Basic,sowsow,G,強敵にも 恐れず 挑む。 いざとなると 相手に しがみつき 体中の 刃で 貫く。,"[{""cost"":[""Colorless""],""damage"":10,""nameJa"":""ひっかく"",""effectJa"":null},{""cost"":[""Darkness"",""Colorless""],""damage"":20,""nameJa"":""つきさす"",""effectJa"":null}]",[],"[{""type"":""Grass"",""value"":""×2""}]",[],1,[624],,,122
291cc48c-25a5-4886-b827-135a132810d6,2e3e2cf1-be86-4808-87f7-fe01973f0325,マフィティフ,マフィティフ,126,,normal,https://images.scrydex.com/pokemon/sv4a_ja-126/medium,Scrydex public web image / refreshed 2026-08-29,True,2026-08-28 04:31:24.612274+00:00,2026-08-29 13:37:24.163957+00:00,SV4a-126,130,Pokemon,"[""Darkness""]",Stage1,KIYOTAKA OSHIYAMA,G,子どもと 遊ぶことが 大好き。 普段は 温厚だが 家族を 守るとき 形相が 変わる。,"[{""cost"":[""Darkness"",""Darkness"",""Colorless""],""damage"":160,""nameJa"":""ワイルドタックル"",""effectJa"":""このポケモンにも30ダメージ。""}]","[{""type"":""Ability"",""nameJa"":""いかくのとおぼえ"",""effectJa"":""自分の番に1回使える。相手のバトルポケモンをベンチポケモンと入れ替える。［バトル場に出すポケモンは相手が選ぶ。］""}]","[{""type"":""Grass"",""value"":""×2""}]",[],3,[943],,,126
7460ed38-9809-4506-aa1c-692f05650754,2e3e2cf1-be86-4808-87f7-fe01973f0325,ペリッパー,ペリッパー,147,,normal,https://images.scrydex.com/pokemon/sv4a_ja-147/medium,Scrydex public web image / refreshed 2026-08-29,True,2026-08-28 04:31:24.612274+00:00,2026-08-29 13:37:24.163957+00:00,SV4a-147,120,Pokemon,"[""Colorless""]",Stage1,Nisota Niso,G,くちばしに 小さな ポケモンを 入れて 飛ぶ 空の 配達屋。 海に 浮かんで 羽を 休める。,"[{""cost"":[""Colorless"",""Colorless"",""Colorless""],""damage"":90,""nameJa"":""つばさでうつ"",""effectJa"":null}]","[{""type"":""Ability"",""nameJa"":""かぜのたより"",""effectJa"":""自分の番に、このカードを手札から出して進化させたとき、1回使える。自分の山札またはトラッシュのどちらかを選ぶ。その中からサポートを1枚選び、相手に見せて、手札に加える。山札を見たなら、山札を切る。""}]","[{""type"":""Lightning"",""value"":""×2""}]","[{""type"":""Fighting"",""value"":""-30""}]",2,[279],,,147
f680b79b-8cf3-44e4-8512-5be8bfaed0e7,2e3e2cf1-be86-4808-87f7-fe01973f0325,ワザマシン かじばのいっぱつ,ワザマシンカジバノイッパツ,170,,normal,https://images.scrydex.com/pokemon/sv4a_ja-170/medium,Scrydex public web image / refreshed 2026-08-29,True,2026-08-28 04:31:24.612274+00:00,2026-08-29 13:37:24.163957+00:00,SV4a-170,,Trainer,[],,Studio Bora Inc.,G,,[],[],[],[],,[],,,170
82c3c4e2-7997-4c78-ac61-c9fc552d1047,2e3e2cf1-be86-4808-87f7-fe01973f0325,クラベル,クラベル,172,,normal,https://images.scrydex.com/pokemon/sv4a_ja-172/medium,Scrydex public web image / refreshed 2026-08-29,True,2026-08-28 04:31:24.612274+00:00,2026-08-29 13:37:24.163957+00:00,SV4a-172,,Trainer,[],,Hitoshi Ariga,G,,[],[],[],[],,[],,,172
22991279-f5cb-4b6a-ba15-d21c96653e54,2e3e2cf1-be86-4808-87f7-fe01973f0325,サカキのカリスマ,サカキノカリスマ,173,,normal,https://images.scrydex.com/pokemon/sv4a_ja-173/medium,Scrydex public web image / refreshed 2026-08-29,True,2026-08-28 04:31:24.612274+00:00,2026-08-29 13:37:24.163957+00:00,SV4a-173,,Trainer,[],,hncl,G,,[],[],[],[],,[],,,173
0fc18c63-e354-4b0c-b0b2-3399e0abde97,2e3e2cf1-be86-4808-87f7-fe01973f0325,ナンジャモ,ナンジャモ,174,,normal,https://images.scrydex.com/pokemon/sv4a_ja-174/medium,Scrydex public web image / refreshed 2026-08-29,True,2026-08-28 04:31:24.612274+00:00,2026-08-29 13:37:24.163957+00:00,SV4a-174,,Trainer,[],,Sanosuke Sakuma,G,,[],[],[],[],,[],,,174
87594587-5c0e-4ac0-abaf-8daf08a27e85,2e3e2cf1-be86-4808-87f7-fe01973f0325,ネルケ,ネルケ,175,,normal,https://images.scrydex.com/pokemon/sv4a_ja-175/medium,Scrydex public web image / refreshed 2026-08-29,True,2026-08-28 04:31:24.612274+00:00,2026-08-29 13:37:24.163957+00:00,SV4a-175,,Trainer,[],,GOSSAN,G,,[],[],[],[],,[],,,175
e86d0c5b-3972-43b5-a6e1-8d986a85ea04,2e3e2cf1-be86-4808-87f7-fe01973f0325,クサイハナ,クサイハナ,192,S,holo,https://images.scrydex.com/pokemon/sv4a_ja-192/medium,Scrydex public web image / refreshed 2026-08-29,True,2026-08-28 04:31:24.612274+00:00,2026-08-29 13:37:24.163957+00:00,SV4a-192,70,Pokemon,"[""Grass""]",Stage1,OKACHEKE,G,よだれのように 見える 甘い蜜。 とても ねばねば しており 触れると いつまでも まとわりつく。,"[{""cost"":[""Colorless"",""Colorless""],""damage"":30,""nameJa"":""よだれ"",""effectJa"":null}]","[{""type"":""Ability"",""nameJa"":""さんぶざきエナジー"",""effectJa"":""自分の番に、このカードを手札から出して進化させたとき、1回使える。自分の山札を上から3枚見て、その中から基本エネルギーを好きなだけ選び、自分のポケモンに好きなようにつける。残りのカードは山札にもどして切る。""}]","[{""type"":""Fire"",""value"":""×2""}]",[],1,[44],,,192
aee7e337-e5fd-40c9-9d9d-2105608a2c59,2e3e2cf1-be86-4808-87f7-fe01973f0325,ラフレシア,ラフレシア,193,S,holo,https://images.scrydex.com/pokemon/sv4a_ja-193/medium,Scrydex public web image / refreshed 2026-08-29,True,2026-08-28 04:31:24.612274+00:00,2026-08-29 13:37:24.163957+00:00,SV4a-193,140,Pokemon,"[""Grass""]",Stage2,0313,G,花びらが 大きいほど たくさん 花粉を 出すが 頭が 重たくて 疲れてしまうという。,"[{""cost"":[""Grass"",""Colorless"",""Colorless""],""damage"":90,""nameJa"":""ソーラービーム"",""effectJa"":null}]","[{""type"":""Ability"",""nameJa"":""まんかいエナジー"",""effectJa"":""自分の番に、このカードを手札から出して進化させたとき、1回使える。自分の山札を上から8枚見て、その中から基本エネルギーを好きなだけ選び、自分のポケモンに好きなようにつける。残りのカードは山札にもどして切る。""}]","[{""type"":""Fire"",""value"":""×2""}]",[],2,[45],,,193
66e82ad5-38b5-472e-9e16-123d8d35316b,2e3e2cf1-be86-4808-87f7-fe01973f0325,ストライク,ストライク,194,S,holo,https://images.scrydex.com/pokemon/sv4a_ja-194/medium,Scrydex public web image / refreshed 2026-08-29,True,2026-08-28 04:31:24.612274+00:00,2026-08-29 13:37:24.163957+00:00,SV4a-194,80,Pokemon,"[""Grass""]",Basic,Hitoshi Ariga,G,切れ味 鋭い カマを 使って 草むらを 切り進む。 あまりに 速い 動きで 目が 追いつかない。,"[{""cost"":[""Colorless""],""damage"":10,""nameJa"":""こうそくいどう"",""effectJa"":""コインを1回投げオモテなら、次の相手の番、このポケモンはワザのダメージや効果を受けない。""},{""cost"":[""Colorless"",""Colorless""],""damage"":20,""nameJa"":""いあいぎり"",""effectJa"":null}]",[],"[{""type"":""Fire"",""value"":""×2""}]",[],1,[123],,,194
47eed260-a55b-4942-b9de-de5a2ac90c41,2e3e2cf1-be86-4808-87f7-fe01973f0325,ハネッコ,ハネッコ,195,S,holo,https://images.scrydex.com/pokemon/sv4a_ja-195/medium,Scrydex public web image / refreshed 2026-08-29,True,2026-08-28 04:31:24.612274+00:00,2026-08-29 13:37:24.163957+00:00,SV4a-195,50,Pokemon,"[""Grass""]",Basic,Saya Tsuruta,G,風に 流され かなりの 距離を 移動する。 パルデアの ハネッコが どこから 来たのかは はっきりしない。,"[{""cost"":[""Grass""],""damage"":10,""nameJa"":""はねてかわす"",""effectJa"":""コインを1回投げオモテなら、次の相手の番、このポケモンはワザのダメージや効果を受けない。""}]",[],"[{""type"":""Fire"",""value"":""×2""}]",[],1,[187],,,195
5afaae48-5920-454a-8aa0-31446c93563d,2e3e2cf1-be86-4808-87f7-fe01973f0325,ポポッコ,ポポッコ,196,S,holo,https://images.scrydex.com/pokemon/sv4a_ja-196/medium,Scrydex public web image / refreshed 2026-08-29,True,2026-08-28 04:31:24.612274+00:00,2026-08-29 13:37:24.163957+00:00,SV4a-196,70,Pokemon,"[""Grass""]",Stage1,Mizue,G,ポポッコの マニアは 頭の 花から 漂う 香りで どこで 生まれたか わかるらしい。,"[{""cost"":[""Grass""],""damage"":30,""nameJa"":""はなのかぜ"",""effectJa"":""相手のベンチポケモン1匹にも、30ダメージ。［ベンチは弱点・抵抗力を計算しない。］""}]","[{""type"":""Ability"",""nameJa"":""ふわっとよける"",""effectJa"":""このポケモンがワザのダメージを受けるとき、自分はコインを1回投げる。オモテなら、このポケモンはそのダメージを受けない。""}]","[{""type"":""Fire"",""value"":""×2""}]",[],1,[188],,,196
2697ebc3-8b9e-463b-a33f-8cf39756f09b,2e3e2cf1-be86-4808-87f7-fe01973f0325,ワタッコ,ワタッコ,197,S,holo,https://images.scrydex.com/pokemon/sv4a_ja-197/medium,Scrydex public web image / refreshed 2026-08-29,True,2026-08-28 04:31:24.612274+00:00,2026-08-29 13:37:24.163957+00:00,SV4a-197,90,Pokemon,"[""Grass""]",Stage2,Lee HyunJung,G,季節風に 乗り 旅をする。 綿胞子が 尽きるとき 旅と ワタッコの 一生は 終わる。,"[{""cost"":[""Grass""],""damage"":60,""nameJa"":""わたげのかぜ"",""effectJa"":""相手のベンチポケモン1匹にも、30ダメージ。［ベンチは弱点・抵抗力を計算しない。］""}]","[{""type"":""Ability"",""nameJa"":""ふわっとよける"",""effectJa"":""このポケモンがワザのダメージを受けるとき、自分はコインを1回投げる。オモテなら、このポケモンはそのダメージを受けない。""}]","[{""type"":""Fire"",""value"":""×2""}]",[],1,[189],,,197
575f81ea-079a-4de4-98bf-69e0f3b35a04,2e3e2cf1-be86-4808-87f7-fe01973f0325,クヌギダマ,クヌギダマ,198,S,holo,https://images.scrydex.com/pokemon/sv4a_ja-198/medium,Scrydex public web image / refreshed 2026-08-29,True,2026-08-28 04:31:24.612274+00:00,2026-08-29 13:37:24.163957+00:00,SV4a-198,70,Pokemon,"[""Grass""]",Basic,Scav,G,木の 皮を 重ね合わせて 殻を 分厚くするのが 大好き。 重くなっても 気にしない。,"[{""cost"":[""Grass"",""Grass""],""damage"":30,""nameJa"":""ころがる"",""effectJa"":null}]",[],"[{""type"":""Fire"",""value"":""×2""}]",[],2,[204],,,198
21de4187-102b-4e72-9926-d3b3e34c75ed,2e3e2cf1-be86-4808-87f7-fe01973f0325,ユキカブリ,ユキカブリ,199,S,holo,https://images.scrydex.com/pokemon/sv4a_ja-199/medium,Scrydex public web image / refreshed 2026-08-29,True,2026-08-28 04:31:24.612274+00:00,2026-08-29 13:37:24.163957+00:00,SV4a-199,90,Pokemon,"[""Grass""]",Basic,Saya Tsuruta,G,寒い 季節は 山の ふもとまで 降りてくるが 春に なると 雪が 残る 山頂に 戻っていく。,"[{""cost"":[""Grass"",""Colorless""],""damage"":30,""nameJa"":""どつく"",""effectJa"":null}]",[],"[{""type"":""Fire"",""value"":""×2""}]",[],3,[459],,,199
f6eaa40f-357f-489c-9ed2-c75ddd9a6659,2e3e2cf1-be86-4808-87f7-fe01973f0325,ユキノオー,ユキノオー,200,S,holo,https://images.scrydex.com/pokemon/sv4a_ja-200/medium,Scrydex public web image / refreshed 2026-08-29,True,2026-08-28 04:31:24.612274+00:00,2026-08-29 13:37:24.163957+00:00,SV4a-200,150,Pokemon,"[""Grass""]",Stage1,Hitoshi Ariga,G,万年雪が 積もる 山脈で 静かに 暮らす。 ブリザードを 発生させて 姿を 隠す。,"[{""cost"":[""Grass"",""Grass"",""Colorless""],""damage"":110,""nameJa"":""マグナムパンチ"",""effectJa"":null}]","[{""type"":""Ability"",""nameJa"":""いてつくわざわい"",""effectJa"":""このポケモンがいるかぎり、おたがいのポケモン全員のHPは、回復しない。""}]","[{""type"":""Fire"",""value"":""×2""}]",[],3,[460],,,200
270b1c7d-6507-46c0-92f2-9e059923716e,2e3e2cf1-be86-4808-87f7-fe01973f0325,ニャオハ,ニャオハ,201,S,holo,https://images.scrydex.com/pokemon/sv4a_ja-201/medium,Scrydex public web image / refreshed 2026-08-29,True,2026-08-28 04:31:24.612274+00:00,2026-08-29 13:37:24.163957+00:00,SV4a-201,60,Pokemon,"[""Grass""]",Basic,kurumitsu,G,フワフワの 体毛は 植物に 近い 成分。 こまめに 顔を 洗って 乾燥を 防ぐ。,"[{""cost"":[""Grass""],""damage"":null,""nameJa"":""ひざしをあつめる"",""effectJa"":""自分の山札から基本エネルギーを2枚まで選び、相手に見せて、手札に加える。そして山札を切る。""},{""cost"":[""Grass""],""damage"":10,""nameJa"":""タネばくだん"",""effectJa"":null}]",[],"[{""type"":""Fire"",""value"":""×2""}]",[],1,[906],,,201
ae752a24-7f67-4772-8707-728ce727429d,2e3e2cf1-be86-4808-87f7-fe01973f0325,ニャローテ,ニャローテ,202,S,holo,https://images.scrydex.com/pokemon/sv4a_ja-202/medium,Scrydex public web image / refreshed 2026-08-29,True,2026-08-28 04:31:24.612274+00:00,2026-08-29 13:37:24.163957+00:00,SV4a-202,90,Pokemon,"[""Grass""]",Stage1,GIDORA,G,長い 体毛の下に 隠した ツタを 器用に 操り 硬い つぼみを 敵に 叩きつける。,"[{""cost"":[""Grass""],""damage"":30,""nameJa"":""タネばくだん"",""effectJa"":null},{""cost"":[""Colorless"",""Colorless""],""damage"":50,""nameJa"":""マジックウィップ"",""effectJa"":""相手のバトルポケモンをベンチポケモンと入れ替える。［バトル場に出すポケモンは相手が選ぶ。］""}]",[],"[{""type"":""Fire"",""value"":""×2""}]",[],1,[907],,,202
73e34396-27f0-4137-9436-26ad9930b87e,2e3e2cf1-be86-4808-87f7-fe01973f0325,ミニーブ,ミニーブ,203,S,holo,https://images.scrydex.com/pokemon/sv4a_ja-203/medium,Scrydex public web image / refreshed 2026-08-29,True,2026-08-28 04:31:24.612274+00:00,2026-08-29 13:37:24.163957+00:00,SV4a-203,60,Pokemon,"[""Grass""]",Basic,otumami,G,頭の 実から オイルを 出して 敵から 身を 守る。 オイルは とびあがるほど 苦くて 渋い。,"[{""cost"":[""Grass""],""damage"":null,""nameJa"":""えいようそ"",""effectJa"":""自分のポケモン1匹のHPを「30」回復する。""},{""cost"":[""Grass"",""Colorless""],""damage"":20,""nameJa"":""しるをとばす"",""effectJa"":null}]",[],"[{""type"":""Fire"",""value"":""×2""}]",[],1,[928],,,203
8e6ae726-74bc-4379-992c-c900fc82144b,2e3e2cf1-be86-4808-87f7-fe01973f0325,オリーニョ,オリーニョ,204,S,holo,https://images.scrydex.com/pokemon/sv4a_ja-204/medium,Scrydex public web image / refreshed 2026-08-29,True,2026-08-28 04:31:24.612274+00:00,2026-08-29 13:37:24.163957+00:00,SV4a-204,90,Pokemon,"[""Grass""]",Stage1,saino misaki,G,フレッシュな 香りの 美味しい オイルを 分けてくれる。 古くから 人間と 共存してきた。,"[{""cost"":[""Colorless""],""damage"":20,""nameJa"":""ビンタ"",""effectJa"":null},{""cost"":[""Grass"",""Colorless""],""damage"":40,""nameJa"":""オイルかけ"",""effectJa"":""次の相手の番、このワザを受けたポケモンがワザを使うとき、相手はコインを1回投げる。ウラならそのワザは失敗。""}]",[],"[{""type"":""Fire"",""value"":""×2""}]",[],1,[929],,,204
9b99caae-91c2-433f-b3a7-7444205069f4,2e3e2cf1-be86-4808-87f7-fe01973f0325,オリーヴァ,オリーヴァ,205,S,holo,https://images.scrydex.com/pokemon/sv4a_ja-205/medium,Scrydex public web image / refreshed 2026-08-29,True,2026-08-28 04:31:24.612274+00:00,2026-08-29 13:37:24.163957+00:00,SV4a-205,150,Pokemon,"[""Grass""]",Stage2,Hideki Ishikawa,G,穏やかで とても 慈悲深い。 栄養豊富な 美味しい オイルを 弱った ポケモンに 分け与える。,"[{""cost"":[""Grass"",""Grass"",""Colorless""],""damage"":150,""nameJa"":""ソーラービーム"",""effectJa"":null}]","[{""type"":""Ability"",""nameJa"":""まんたんオイル"",""effectJa"":""自分の番に、このカードを手札から出して進化させたとき、1回使える。自分のポケモン1匹のHPを、すべて回復する。""}]","[{""type"":""Fire"",""value"":""×2""}]",[],2,[930],,,205
9d2429f1-daa4-4e35-bbaa-d18ac8119529,2e3e2cf1-be86-4808-87f7-fe01973f0325,カプサイジ,カプサイジ,207,S,holo,https://images.scrydex.com/pokemon/sv4a_ja-207/medium,Scrydex public web image / refreshed 2026-08-29,True,2026-08-28 04:31:24.612274+00:00,2026-08-29 13:37:24.163957+00:00,SV4a-207,70,Pokemon,"[""Grass""]",Basic,OKACHEKE,G,パルデアの 郷土料理は 抜け落ちた カプサイジの 前歯が 使われているので 激辛なのだ。,"[{""cost"":[""Colorless""],""damage"":null,""nameJa"":""からくなる"",""effectJa"":""自分の山札から「基本エネルギー」を1枚選び、このポケモンにつける。そして山札を切る。""},{""cost"":[""Grass"",""Colorless"",""Colorless""],""damage"":50,""nameJa"":""やんちゃげり"",""effectJa"":null}]",[],"[{""type"":""Fire"",""value"":""×2""}]",[],1,[951],,,207
963825b0-1d09-4e02-aa03-5098f6845618,2e3e2cf1-be86-4808-87f7-fe01973f0325,スコヴィラン,スコヴィラン,208,S,holo,https://images.scrydex.com/pokemon/sv4a_ja-208/medium,Scrydex public web image / refreshed 2026-08-29,True,2026-08-28 04:31:24.612274+00:00,2026-08-29 13:37:24.163957+00:00,SV4a-208,110,Pokemon,"[""Grass""]",Stage1,Kouki Saitou,G,レッドヘッドは 辛み成分を 炎エネルギーに 変え 激辛の 火炎放射を まき散らす。,"[{""cost"":[""Grass"",""Colorless"",""Colorless""],""damage"":110,""nameJa"":""スパイシーヘッド"",""effectJa"":""このワザのダメージは抵抗力を計算しない。""}]","[{""type"":""Ability"",""nameJa"":""ダブルタイプ"",""effectJa"":""このポケモンは、場にいるかぎりとの2つのタイプになる。""}]","[{""type"":""Fire"",""value"":""×2""}]",[],2,[952],,,208
edd57b9a-4534-4d94-83c7-53b483ffd878,2e3e2cf1-be86-4808-87f7-fe01973f0325,シガロコ,シガロコ,209,S,holo,https://images.scrydex.com/pokemon/sv4a_ja-209/medium,Scrydex public web image / refreshed 2026-08-29,True,2026-08-28 04:31:24.612274+00:00,2026-08-29 13:37:24.163957+00:00,SV4a-209,50,Pokemon,"[""Grass""]",Basic,Misa Tsutsui,G,エスパーエネルギーを 混ぜこみながら 土と 砂で 泥玉を 作る。 泥玉は 命より 大切。,"[{""cost"":[""Colorless"",""Colorless""],""damage"":""30×"",""nameJa"":""たまころがり"",""effectJa"":""ウラが出るまでコインを投げ、オモテの数×30ダメージ。""}]",[],"[{""type"":""Fire"",""value"":""×2""}]",[],1,[953],,,209
41752cd7-b703-41c9-a0bd-ccc144558c47,2e3e2cf1-be86-4808-87f7-fe01973f0325,ヒトカゲ,ヒトカゲ,210,S,holo,https://images.scrydex.com/pokemon/sv4a_ja-210/medium,Scrydex public web image / refreshed 2026-08-29,True,2026-08-28 04:31:24.612274+00:00,2026-08-29 13:37:24.163957+00:00,SV4a-210,70,Pokemon,"[""Fire""]",Basic,sowsow,G,生まれたときから しっぽに 炎が ともっている。 炎が 消えたとき その 命は 終わって しまう。,"[{""cost"":[""Fire""],""damage"":null,""nameJa"":""まるやけ"",""effectJa"":""場に出ているスタジアムをトラッシュする。""},{""cost"":[""Fire"",""Fire""],""damage"":30,""nameJa"":""ひをはく"",""effectJa"":null}]",[],"[{""type"":""Water"",""value"":""×2""}]",[],1,[4],,,210
1228097a-4eb7-4283-b009-cca2d4b050f7,2e3e2cf1-be86-4808-87f7-fe01973f0325,リザード,リザード,211,S,holo,https://images.scrydex.com/pokemon/sv4a_ja-211/medium,Scrydex public web image / refreshed 2026-08-29,True,2026-08-28 04:31:24.612274+00:00,2026-08-29 13:37:24.163957+00:00,SV4a-211,90,Pokemon,"[""Fire""]",Stage1,Kouki Saitou,G,戦いで 気持ちが たかぶると 灼熱の 炎を 吹きながら あたりを 燃やしてまわる。,"[{""cost"":[""Fire"",""Fire""],""damage"":50,""nameJa"":""かえん"",""effectJa"":null}]","[{""type"":""Ability"",""nameJa"":""フレアヴェール"",""effectJa"":""このポケモンは、相手のポケモンが使うワザの効果を受けない。""}]","[{""type"":""Water"",""value"":""×2""}]",[],2,[5],,,211
996f23ba-7357-4866-adb0-4df61d080d3e,2e3e2cf1-be86-4808-87f7-fe01973f0325,パルデア ケンタロス,パルデアケンタロス,212,S,holo,https://images.scrydex.com/pokemon/sv4a_ja-212/medium,Scrydex public web image / refreshed 2026-08-29,True,2026-08-28 04:31:24.612274+00:00,2026-08-29 13:37:24.163957+00:00,SV4a-212,130,Pokemon,"[""Fire""]",Basic,Hitoshi Ariga,G,高温の 鼻息を 吹きだすので ブレイズ種と 名づけられた。 ３本の 尻尾を 束ねている。,"[{""cost"":[""Colorless"",""Colorless""],""damage"":""20+"",""nameJa"":""いかりのつの"",""effectJa"":""このポケモンにのっているダメカンの数×10ダメージ追加。""},{""cost"":[""Fire"",""Fire"",""Colorless""],""damage"":120,""nameJa"":""ブレイズダッシュ"",""effectJa"":""このポケモンについているエネルギーを1個選び、トラッシュする。""}]",[],"[{""type"":""Water"",""value"":""×2""}]",[],2,[128],,,212
46e01f75-e328-458a-853d-ad10c7aac3d0,2e3e2cf1-be86-4808-87f7-fe01973f0325,エンテイ,エンテイ,213,S,holo,https://images.scrydex.com/pokemon/sv4a_ja-213/medium,Scrydex public web image / refreshed 2026-08-29,True,2026-08-28 04:31:24.612274+00:00,2026-08-29 13:37:24.163957+00:00,SV4a-213,130,Pokemon,"[""Fire""]",Basic,Ryuta Fuse,G,エンテイが ほえると 世界の どこかの 火山が 噴火すると 言われている。,"[{""cost"":[""Colorless"",""Colorless"",""Colorless""],""damage"":""60+"",""nameJa"":""ブレイズボール"",""effectJa"":""このポケモンについているエネルギーの数×20ダメージ追加。""}]","[{""type"":""Ability"",""nameJa"":""プレッシャー"",""effectJa"":""このポケモンがバトル場にいるかぎり、相手のバトルポケモンが使うワザのダメージは「-20」される。""}]","[{""type"":""Water"",""value"":""×2""}]",[],2,[244],,,213
a0c235c7-a9d2-47e3-ba0d-7a7f028ca94c,2e3e2cf1-be86-4808-87f7-fe01973f0325,アチゲータ,アチゲータ,216,S,holo,https://images.scrydex.com/pokemon/sv4a_ja-216/medium,Scrydex public web image / refreshed 2026-08-29,True,2026-08-28 04:31:24.612274+00:00,2026-08-29 13:37:24.163957+00:00,SV4a-216,110,Pokemon,"[""Fire""]",Stage1,Hideki Ishikawa,G,炎エネルギーと 有り余る 生命力が 交じり 頭上に タマゴ型の 火玉が 現れた。,"[{""cost"":[""Fire""],""damage"":30,""nameJa"":""ひをはく"",""effectJa"":null},{""cost"":[""Fire"",""Fire""],""damage"":70,""nameJa"":""ハイパーボイス"",""effectJa"":null}]",[],"[{""type"":""Water"",""value"":""×2""}]",[],3,[910],,,216
457ba58c-be8a-4a63-9860-98be4b01e61f,2e3e2cf1-be86-4808-87f7-fe01973f0325,グレンアルマ,グレンアルマ,218,S,holo,https://images.scrydex.com/pokemon/sv4a_ja-218/medium,Scrydex public web image / refreshed 2026-08-29,True,2026-08-28 04:31:24.612274+00:00,2026-08-29 13:37:24.163957+00:00,SV4a-218,130,Pokemon,"[""Fire""]",Stage1,Atsushi Furusawa,G,多くの 武勲を 立てた 戦士の 鎧によって 進化した 姿。 忠誠心の 厚い ポケモン。,"[{""cost"":[""Fire"",""Fire"",""Colorless""],""damage"":90,""nameJa"":""フレイムキャノン"",""effectJa"":""相手のバトルポケモンをやけどにする。""}]","[{""type"":""Ability"",""nameJa"":""ひおくり"",""effectJa"":""自分の番に何回でも使える。自分のベンチポケモンについているエネルギーを1個選び、バトルポケモンにつけ替える。""}]","[{""type"":""Water"",""value"":""×2""}]",[],2,[936],,,218
6e5ebfb4-7f50-4f1f-acd5-19657ea81718,2e3e2cf1-be86-4808-87f7-fe01973f0325,ヤドン,ヤドン,219,S,holo,https://images.scrydex.com/pokemon/sv4a_ja-219/medium,Scrydex public web image / refreshed 2026-08-29,True,2026-08-28 04:31:24.612274+00:00,2026-08-29 13:37:24.163957+00:00,SV4a-219,70,Pokemon,"[""Water""]",Basic,Taira Akitsu,G,いつも ボーッとしていて なにを 考えているか わからない。 尻尾で エサを 釣るのが 得意。,"[{""cost"":[""Colorless""],""damage"":null,""nameJa"":""ねむる"",""effectJa"":""このポケモンをねむりにする。このポケモンのHPを「30」回復する。""},{""cost"":[""Water"",""Colorless""],""damage"":20,""nameJa"":""ずつき"",""effectJa"":null}]",[],"[{""type"":""Lightning"",""value"":""×2""}]",[],2,[79],,,219
f5649471-f0fc-4c53-a66d-5e80bd52e2d8,2e3e2cf1-be86-4808-87f7-fe01973f0325,ヤドラン,ヤドラン,220,S,holo,https://images.scrydex.com/pokemon/sv4a_ja-220/medium,Scrydex public web image / refreshed 2026-08-29,True,2026-08-28 04:31:24.612274+00:00,2026-08-29 13:37:24.163957+00:00,SV4a-220,100,Pokemon,"[""Water""]",Stage1,Souichirou Gunjima,G,激しい 戦いで 尻尾に 噛みついた シェルダーが 外れると もとの ヤドンに 戻ってしまう。,"[{""cost"":[""Water"",""Colorless""],""damage"":60,""nameJa"":""バブルドレイン"",""effectJa"":""このポケモンのHPを「30」回復する。""}]","[{""type"":""Ability"",""nameJa"":""へんなこうどう"",""effectJa"":""自分の番に何回でも使える。自分の場のポケモンにのっているダメカンを1個選び、このポケモンにのせ替える。""}]","[{""type"":""Lightning"",""value"":""×2""}]",[],3,[80],,,220
86b36660-aec2-4b11-a1ce-d5deff2f14d8,2e3e2cf1-be86-4808-87f7-fe01973f0325,ヒトデマン,ヒトデマン,221,S,holo,https://images.scrydex.com/pokemon/sv4a_ja-221/medium,Scrydex public web image / refreshed 2026-08-29,True,2026-08-28 04:31:24.612274+00:00,2026-08-29 13:37:24.163957+00:00,SV4a-221,60,Pokemon,"[""Water""]",Basic,Nisota Niso,G,魚ポケモンに ついばまれるが 体が ちぎれても すぐに 再生するので 気にしない。,"[{""cost"":[""Water"",""Colorless""],""damage"":30,""nameJa"":""スピードスター"",""effectJa"":""このワザのダメージは、弱点・抵抗力と、相手のバトルポケモンにかかっている効果を計算しない。""}]",[],"[{""type"":""Lightning"",""value"":""×2""}]",[],1,[120],,,221
78aa6633-fecb-4374-89ca-8d1c80ee2718,2e3e2cf1-be86-4808-87f7-fe01973f0325,スターミー,スターミー,222,S,holo,https://images.scrydex.com/pokemon/sv4a_ja-222/medium,Scrydex public web image / refreshed 2026-08-29,True,2026-08-28 04:31:24.612274+00:00,2026-08-29 13:37:24.163957+00:00,SV4a-222,90,Pokemon,"[""Water""]",Stage1,Shigenori Negishi,G,体を 高速で 回転させ 海を 泳ぎながら 小さな プランクトンを 吸収する。,"[{""cost"":[""Water"",""Colorless""],""damage"":50,""nameJa"":""スピードアタック"",""effectJa"":null}]","[{""type"":""Ability"",""nameJa"":""なぞのすいせい"",""effectJa"":""自分の番に1回使える。相手のポケモン1匹に、ダメカンを2個のせる。その後、このポケモンと、ついているすべてのカードを、トラッシュする。""}]","[{""type"":""Lightning"",""value"":""×2""}]",[],1,[121],,,222
9aa9cee7-fe64-4648-ad1c-536ac731a787,2e3e2cf1-be86-4808-87f7-fe01973f0325,クワッス,クワッス,224,S,holo,https://images.scrydex.com/pokemon/sv4a_ja-224/medium,Scrydex public web image / refreshed 2026-08-29,True,2026-08-28 04:31:24.612274+00:00,2026-08-29 13:37:24.163957+00:00,SV4a-224,70,Pokemon,"[""Water""]",Basic,GIDORA,G,昔 遠い 土地から やって来て 棲みついた。 羽から 分泌する ジェルは 水と 汚れを 弾く。,"[{""cost"":[""Water""],""damage"":30,""nameJa"":""とつげき"",""effectJa"":""このポケモンにも10ダメージ。""}]",[],"[{""type"":""Lightning"",""value"":""×2""}]",[],1,[912],,,224
92e7f8f5-c81f-49a2-a232-6918bff5a0b0,2e3e2cf1-be86-4808-87f7-fe01973f0325,ウェルカモ,ウェルカモ,225,S,holo,https://images.scrydex.com/pokemon/sv4a_ja-225/medium,Scrydex public web image / refreshed 2026-08-29,True,2026-08-28 04:31:24.612274+00:00,2026-08-29 13:37:24.163957+00:00,SV4a-225,90,Pokemon,"[""Water""]",Stage1,Atsushi Furusawa,G,ひたすらに 浅瀬を 走り込んで 足腰を 鍛え 仲間同士で 足技の 華麗さを 競いあう。,"[{""cost"":[""Water""],""damage"":30,""nameJa"":""みずでっぽう"",""effectJa"":null},{""cost"":[""Water"",""Colorless""],""damage"":50,""nameJa"":""スプラッシュ"",""effectJa"":null}]",[],"[{""type"":""Lightning"",""value"":""×2""}]",[],1,[913],,,225
b0a237e5-1fac-4786-bfc0-e3db261ead8b,2e3e2cf1-be86-4808-87f7-fe01973f0325,ウミディグダ,ウミディグダ,226,S,holo,https://images.scrydex.com/pokemon/sv4a_ja-226/medium,Scrydex public web image / refreshed 2026-08-29,True,2026-08-28 04:31:24.612274+00:00,2026-08-29 13:37:24.163957+00:00,SV4a-226,50,Pokemon,"[""Water""]",Basic,Misa Tsutsui,G,２０メートル先の ミガルーサが 放つ 匂いも 嗅ぎとって 砂の中に 身を 隠すのだ。,"[{""cost"":[""Water""],""damage"":10,""nameJa"":""ひねりうち"",""effectJa"":""コインを1回投げオモテなら、次の相手の番、このポケモンはワザのダメージや効果を受けない。""}]",[],"[{""type"":""Lightning"",""value"":""×2""}]",[],1,[960],,,226
9dbc2ae3-4f51-497f-8fa5-9ebde98bd814,2e3e2cf1-be86-4808-87f7-fe01973f0325,ウミトリオ,ウミトリオ,227,S,holo,https://images.scrydex.com/pokemon/sv4a_ja-227/medium,Scrydex public web image / refreshed 2026-08-29,True,2026-08-28 04:31:24.612274+00:00,2026-08-29 13:37:24.163957+00:00,SV4a-227,90,Pokemon,"[""Water""]",Stage1,Kyoko Umemoto,G,見かけによらず 気性が 荒い。 長い 体で 獲物を 締め上げ 巣穴に 引きずりこむぞ。,"[{""cost"":[""Water""],""damage"":30,""nameJa"":""ずつき"",""effectJa"":null},{""cost"":[""Colorless"",""Colorless"",""Colorless""],""damage"":null,""nameJa"":""うみほりトンネル"",""effectJa"":""コインを3回投げ、オモテの数×3枚ぶん、相手の山札を上からトラッシュする。""}]",[],"[{""type"":""Lightning"",""value"":""×2""}]",[],2,[961],,,227
1103dc2e-0dfc-4a86-9e19-b098d3c1bbeb,2e3e2cf1-be86-4808-87f7-fe01973f0325,ナミイルカ,ナミイルカ,228,S,holo,https://images.scrydex.com/pokemon/sv4a_ja-228/medium,Scrydex public web image / refreshed 2026-08-29,True,2026-08-28 04:31:24.612274+00:00,2026-08-29 13:37:24.163957+00:00,SV4a-228,50,Pokemon,"[""Water""]",Basic,kurumitsu,G,尾びれの 水のリングで 仲間と 遊ぶのが 好き。 超音波で 生き物の 気持ちを 察知する。,"[{""cost"":[""Water""],""damage"":null,""nameJa"":""ゆうきのしんか"",""effectJa"":""このポケモンをベンチポケモンと入れ替える。その後、このポケモンから進化するカードを、自分の山札から1枚選び、このポケモンにのせて進化させる。そして山札を切る。""},{""cost"":[""Water""],""damage"":10,""nameJa"":""ひれカッター"",""effectJa"":null}]",[],"[{""type"":""Lightning"",""value"":""×2""}]",[],2,[963],,,228
570f93c0-c5c2-4897-b236-1f7630133efa,2e3e2cf1-be86-4808-87f7-fe01973f0325,イルカマン,イルカマン,229,S,holo,https://images.scrydex.com/pokemon/sv4a_ja-229/medium,Scrydex public web image / refreshed 2026-08-29,True,2026-08-28 04:31:24.612274+00:00,2026-08-29 13:37:24.163957+00:00,SV4a-229,150,Pokemon,"[""Water""]",Stage1,Shin Nagasawa,G,太古の 遺伝子が 覚醒。 片ヒレで クルーズ船を 軽々 持ち上げる 怪力の 持ち主。,"[{""cost"":[""Water""],""damage"":30,""nameJa"":""ジェットパンチ"",""effectJa"":""相手のベンチポケモン1匹にも、30ダメージ。［ベンチは弱点・抵抗力を計算しない。］""},{""cost"":[""Water"",""Water""],""damage"":210,""nameJa"":""ジャスティスキック"",""effectJa"":""この番、このポケモンがベンチからバトル場に出ていないなら、このワザは失敗。""}]",[],"[{""type"":""Lightning"",""value"":""×2""}]",[],2,[964],,,229
0c73ad84-a52d-44a1-aa8a-9241f91b86ae,2e3e2cf1-be86-4808-87f7-fe01973f0325,ミガルーサ,ミガルーサ,230,S,holo,https://images.scrydex.com/pokemon/sv4a_ja-230/medium,Scrydex public web image / refreshed 2026-08-29,True,2026-08-28 04:31:24.612274+00:00,2026-08-29 13:37:24.163957+00:00,SV4a-230,130,Pokemon,"[""Water""]",Basic,Nelnal,G,無駄な 肉を 捨て去ると 心が 研ぎ澄まされ サイコパワーが 上がる。 贅肉は 淡白だが 美味しい。,"[{""cost"":[""Water""],""damage"":20,""nameJa"":""ぶつかる"",""effectJa"":null},{""cost"":[""Water"",""Colorless"",""Colorless"",""Colorless""],""damage"":120,""nameJa"":""スリムスクリュー"",""effectJa"":""このワザは、自分の手札が1枚もないなら、エネルギー1個で使える。""}]",[],"[{""type"":""Lightning"",""value"":""×2""}]",[],2,[976],,,230
f5a95f4e-d806-4d2a-9358-5c896ab81675,2e3e2cf1-be86-4808-87f7-fe01973f0325,ヘイラッシャ,ヘイラッシャ,231,S,holo,https://images.scrydex.com/pokemon/sv4a_ja-231/medium,Scrydex public web image / refreshed 2026-08-29,True,2026-08-28 04:31:24.612274+00:00,2026-08-29 13:37:24.163957+00:00,SV4a-231,160,Pokemon,"[""Water""]",Basic,Shigenori Negishi,G,大食らいだが エサを 取るのは 苦手。 シャリタツと コンビを 組んで 獲物を 捕らえるのだ。,"[{""cost"":[""Colorless"",""Colorless""],""damage"":""50×"",""nameJa"":""いかりちらす"",""effectJa"":""自分のトラッシュにある「シャリタツ」の枚数×50ダメージ。""},{""cost"":[""Water"",""Water"",""Colorless"",""Colorless""],""damage"":120,""nameJa"":""ヘビースプラッシュ"",""effectJa"":null}]",[],"[{""type"":""Lightning"",""value"":""×2""}]",[],4,[977],,,231
6537b4de-1833-4672-bdfa-f1ab08a5f5f9,2e3e2cf1-be86-4808-87f7-fe01973f0325,シャリタツ,シャリタツ,232,S,holo,https://images.scrydex.com/pokemon/sv4a_ja-232/medium,Scrydex public web image / refreshed 2026-08-29,True,2026-08-28 04:31:24.612274+00:00,2026-08-29 13:37:24.163957+00:00,SV4a-232,70,Pokemon,"[""Water""]",Basic,Kagemaru Himeno,G,小型の ドラゴンポケモン。 ヘイラッシャの 口の中に 棲み 外敵から 身を 守っている。,"[{""cost"":[""Water""],""damage"":null,""nameJa"":""したじゅんび"",""effectJa"":""自分の山札から「基本エネルギー」を2枚まで選び、自分のたねポケモン1匹につける。そして山札を切る。""},{""cost"":[""Water""],""damage"":30,""nameJa"":""そりかえる"",""effectJa"":""このポケモンと、ついているすべてのカードを、手札にもどす。""}]",[],"[{""type"":""Lightning"",""value"":""×2""}]",[],1,[978],,,232
800c4be7-385e-4514-af0b-405d33a40673,2e3e2cf1-be86-4808-87f7-fe01973f0325,セゴール,セゴール,234,S,holo,https://images.scrydex.com/pokemon/sv4a_ja-234/medium,Scrydex public web image / refreshed 2026-08-29,True,2026-08-28 04:31:24.612274+00:00,2026-08-29 13:37:24.163957+00:00,SV4a-234,90,Pokemon,"[""Water""]",Stage1,Kouki Saitou,G,まわりの 空気を 凍らせて 氷のマスクで 顔を 守り 背びれを 氷の剣に 変える。,"[{""cost"":[""Water"",""Colorless""],""damage"":40,""nameJa"":""するどいひれ"",""effectJa"":null},{""cost"":[""Water"",""Water"",""Colorless""],""damage"":80,""nameJa"":""フロストスマッシュ"",""effectJa"":null}]",[],"[{""type"":""Metal"",""value"":""×2""}]",[],2,[997],,,234
cae70857-28da-4bec-b445-94537cda36cb,2e3e2cf1-be86-4808-87f7-fe01973f0325,セグレイブ,セグレイブ,235,S,holo,https://images.scrydex.com/pokemon/sv4a_ja-235/medium,Scrydex public web image / refreshed 2026-08-29,True,2026-08-28 04:31:24.612274+00:00,2026-08-29 13:37:24.163957+00:00,SV4a-235,160,Pokemon,"[""Water""]",Stage2,GOSSAN,G,極低温の 冷気を 口から 噴射。 灼熱の マグマでも 瞬時に 凍りつかせてしまう。,"[{""cost"":[""Water"",""Water"",""Colorless""],""damage"":130,""nameJa"":""バスターテール"",""effectJa"":null}]","[{""type"":""Ability"",""nameJa"":""きょくていおん"",""effectJa"":""自分の番に何回でも使える。自分の手札から「基本エネルギー」を1枚選び、自分のポケモンにつける。""}]","[{""type"":""Metal"",""value"":""×2""}]",[],2,[998],,,235
7ca24cbb-7564-4feb-9667-57960b5d22a8,2e3e2cf1-be86-4808-87f7-fe01973f0325,ピカチュウ,ピカチュウ,236,S,holo,https://images.scrydex.com/pokemon/sv4a_ja-236/medium,Scrydex public web image / refreshed 2026-08-29,True,2026-08-28 04:31:24.612274+00:00,2026-08-29 13:37:24.163957+00:00,SV4a-236,70,Pokemon,"[""Lightning""]",Basic,Yuu Nishida,G,両頬には 電気を 溜めこむ 袋がある。 怒ると 溜めこんだ 電気を 一気に 放ってくる。,"[{""cost"":[""Colorless""],""damage"":null,""nameJa"":""なきごえ"",""effectJa"":""次の相手の番、このワザを受けたポケモンが使うワザのダメージは「-20」される。""},{""cost"":[""Lightning"",""Colorless""],""damage"":30,""nameJa"":""ピカボルト"",""effectJa"":null}]",[],"[{""type"":""Fighting"",""value"":""×2""}]",[],1,[25],,,236
562a11ac-cabd-4659-a03f-d7db8c6eb06e,2e3e2cf1-be86-4808-87f7-fe01973f0325,ライチュウ,ライチュウ,237,S,holo,https://images.scrydex.com/pokemon/sv4a_ja-237/medium,Scrydex public web image / refreshed 2026-08-29,True,2026-08-28 04:31:24.612274+00:00,2026-08-29 13:37:24.163957+00:00,SV4a-237,120,Pokemon,"[""Lightning""]",Stage1,Sanosuke Sakuma,G,尻尾が アースの 役目をはたして 電気を 地面に 逃がすので 自分自身は しびれたりしない。,"[{""cost"":[""Lightning"",""Lightning"",""Colorless""],""damage"":180,""nameJa"":""かみなり"",""effectJa"":""このポケモンにも50ダメージ。""}]","[{""type"":""Ability"",""nameJa"":""ライアース"",""effectJa"":""自分のポケモンが、相手のポケモンからワザのダメージを受けてきぜつするたび、1回使える。きぜつしたポケモンについているエネルギーを1枚選び、このポケモンにつけ替える。""}]","[{""type"":""Fighting"",""value"":""×2""}]",[],1,[26],,,237
0f77c23d-9cb5-4f37-b629-387506ae546c,2e3e2cf1-be86-4808-87f7-fe01973f0325,マルマイン,マルマイン,239,S,holo,https://images.scrydex.com/pokemon/sv4a_ja-239/medium,Scrydex public web image / refreshed 2026-08-29,True,2026-08-28 04:31:24.612274+00:00,2026-08-29 13:37:24.163957+00:00,SV4a-239,90,Pokemon,"[""Lightning""]",Stage1,Masakazu Fukuda,G,電気エネルギーを 溜めこむほど 高速で 動けるようになるが そのぶん 爆発 しやすい。,"[{""cost"":[""Lightning""],""damage"":""20+"",""nameJa"":""ボムボムチェイン"",""effectJa"":""ダメージを与える前に、自分の場のポケモンについている「ポケモンのどうぐ」を好きなだけトラッシュし、その枚数×40ダメージ追加。""},{""cost"":[""Lightning"",""Colorless""],""damage"":70,""nameJa"":""エレキボール"",""effectJa"":null}]",[],"[{""type"":""Fighting"",""value"":""×2""}]",[],1,[101],,,239
1a278ce0-871f-4763-9d85-5037ebd01927,2e3e2cf1-be86-4808-87f7-fe01973f0325,コリンク,コリンク,240,S,holo,https://images.scrydex.com/pokemon/sv4a_ja-240/medium,Scrydex public web image / refreshed 2026-08-29,True,2026-08-28 04:31:24.612274+00:00,2026-08-29 13:37:24.163957+00:00,SV4a-240,70,Pokemon,"[""Lightning""]",Basic,Saya Tsuruta,G,体を 動かすたびに 筋肉が 伸び縮みして 電気が 生まれる。 ピンチになると 体が 輝く。,"[{""cost"":[""Lightning""],""damage"":30,""nameJa"":""けりつける"",""effectJa"":""コインを1回投げウラなら、このワザは失敗。""}]",[],"[{""type"":""Fighting"",""value"":""×2""}]",[],1,[403],,,240
233b6ad3-ee76-43fc-be8e-c7a0b3d11a72,2e3e2cf1-be86-4808-87f7-fe01973f0325,パチリス,パチリス,243,S,holo,https://images.scrydex.com/pokemon/sv4a_ja-243/medium,Scrydex public web image / refreshed 2026-08-29,True,2026-08-28 04:31:24.823418+00:00,2026-08-29 13:37:24.163957+00:00,SV4a-243,70,Pokemon,"[""Lightning""]",Basic,saino misaki,G,溜まった 電気を 分け与えようと 頬袋を こすり合わせる パチリスを 見かけることも ある。,"[{""cost"":[""Lightning"",""Colorless""],""damage"":""10+"",""nameJa"":""みんなでほうでん"",""effectJa"":""自分のベンチのポケモンの数×20ダメージ追加。このワザのダメージは弱点を計算しない。""}]","[{""type"":""Ability"",""nameJa"":""でんきぶくろ"",""effectJa"":""このポケモンはマヒにならない。""}]","[{""type"":""Fighting"",""value"":""×2""}]",[],1,[417],,,243
cff94ab8-35f4-4755-a5c1-e7f35d7e44d4,2e3e2cf1-be86-4808-87f7-fe01973f0325,ボルトロス,ボルトロス,244,S,holo,https://images.scrydex.com/pokemon/sv4a_ja-244/medium,Scrydex public web image / refreshed 2026-08-29,True,2026-08-28 04:31:24.823418+00:00,2026-08-29 13:37:24.163957+00:00,SV4a-244,110,Pokemon,"[""Lightning""]",Basic,Shin Nagasawa,G,大空を 飛び回りながら あちこちに 雷を 落として 山火事を 起こすので 嫌われる。,"[{""cost"":[""Lightning"",""Lightning""],""damage"":140,""nameJa"":""ギガントボルト"",""effectJa"":""このポケモンにも90ダメージ。""}]","[{""type"":""Ability"",""nameJa"":""あくてんこう"",""effectJa"":""このポケモンがバトル場にいるかぎり、自分のベンチポケモン全員は、相手のワザのダメージを受けない。""}]","[{""type"":""Fighting"",""value"":""×2""}]",[],2,[642],,,244
6d2af5f6-65aa-4864-b091-2249b94807ce,2e3e2cf1-be86-4808-87f7-fe01973f0325,エレズン,エレズン,245,S,holo,https://images.scrydex.com/pokemon/sv4a_ja-245/medium,Scrydex public web image / refreshed 2026-08-29,True,2026-08-28 04:31:24.823418+00:00,2026-08-29 13:37:24.163957+00:00,SV4a-245,70,Pokemon,"[""Lightning""]",Basic,Lee HyunJung,G,汚れた 水を 飲んでも 平気。 体内の 器官で 自分には 無害の 毒液に ろ過するぞ。,"[{""cost"":[""Lightning""],""damage"":30,""nameJa"":""ちょっとつっこむ"",""effectJa"":""このポケモンにも10ダメージ。""}]",[],"[{""type"":""Fighting"",""value"":""×2""}]",[],1,[848],,,245
37cc8d99-2df5-4006-85f7-73b5e339ebc7,2e3e2cf1-be86-4808-87f7-fe01973f0325,ストリンダー,ストリンダー,246,S,holo,https://images.scrydex.com/pokemon/sv4a_ja-246/medium,Scrydex public web image / refreshed 2026-08-29,True,2026-08-28 04:31:24.823418+00:00,2026-08-29 13:37:24.163957+00:00,SV4a-246,140,Pokemon,"[""Lightning""]",Stage1,GIDORA,G,どんな 相手にも 動じず 気だるげに ケンカを売る スタイルに 憧れる 若者も 多い。,"[{""cost"":[""Lightning""],""damage"":null,""nameJa"":""にらみつける"",""effectJa"":""コインを1回投げオモテなら、相手のバトルポケモンをマヒにする。""},{""cost"":[""Lightning"",""Colorless""],""damage"":""50+"",""nameJa"":""ミックスラウド"",""effectJa"":""自分のベンチポケモンのタイプの数×30ダメージ追加。""}]",[],"[{""type"":""Fighting"",""value"":""×2""}]",[],2,[849],,,246
fca4b44b-26fa-494d-ae92-b93ccd7bc95c,2e3e2cf1-be86-4808-87f7-fe01973f0325,パモ,パモ,247,S,holo,https://images.scrydex.com/pokemon/sv4a_ja-247/medium,Scrydex public web image / refreshed 2026-08-29,True,2026-08-28 04:31:24.823418+00:00,2026-08-29 13:37:24.163957+00:00,SV4a-247,60,Pokemon,"[""Lightning""]",Basic,kurumitsu,G,手の 肉球が 放電器官。 後ろ脚で ようやく 立ち上がると 手のひらから 電撃を 放つ。,"[{""cost"":[""Colorless""],""damage"":10,""nameJa"":""なぐる"",""effectJa"":null},{""cost"":[""Lightning"",""Colorless""],""damage"":20,""nameJa"":""エレキック"",""effectJa"":null}]",[],"[{""type"":""Fighting"",""value"":""×2""}]",[],1,[921],,,247
6b1635da-e30a-4c01-af8b-9e4433cf45a9,2e3e2cf1-be86-4808-87f7-fe01973f0325,パモット,パモット,248,S,holo,https://images.scrydex.com/pokemon/sv4a_ja-248/medium,Scrydex public web image / refreshed 2026-08-29,True,2026-08-28 04:31:24.823418+00:00,2026-08-29 13:37:24.163957+00:00,SV4a-248,90,Pokemon,"[""Lightning""]",Stage1,Mizue,G,手のひらで 打撃を 加えつつ 肉球で 電撃を 浴びせる 独特の 格闘技を 使う。,"[{""cost"":[""Lightning""],""damage"":30,""nameJa"":""でんきショック"",""effectJa"":""コインを1回投げオモテなら、相手のバトルポケモンをマヒにする。""},{""cost"":[""Lightning"",""Lightning"",""Colorless""],""damage"":70,""nameJa"":""ヘッドボルト"",""effectJa"":null}]",[],"[{""type"":""Fighting"",""value"":""×2""}]",[],1,[922],,,248
040b8b17-fff7-48b6-a949-727bef8850e1,2e3e2cf1-be86-4808-87f7-fe01973f0325,パーモット,パーモット,249,S,holo,https://images.scrydex.com/pokemon/sv4a_ja-249/medium,Scrydex public web image / refreshed 2026-08-29,True,2026-08-28 04:31:24.823418+00:00,2026-08-29 13:37:24.163957+00:00,SV4a-249,130,Pokemon,"[""Lightning""]",Stage2,Atsushi Furusawa,G,ふわふわの 体毛が バッテリー。 電気自動車と 同じ 量の 電気を 蓄えることができる。,"[{""cost"":[""Lightning"",""Lightning"",""Colorless""],""damage"":230,""nameJa"":""エレクトロパウ"",""effectJa"":""このポケモンについているエネルギーを、すべてトラッシュする。""}]","[{""type"":""Ability"",""nameJa"":""でんきおこし"",""effectJa"":""自分の番に1回使える。自分の山札から「基本エネルギー」を1枚選び、このポケモンにつける。そして山札を切る。""}]","[{""type"":""Fighting"",""value"":""×2""}]",[],0,[923],,,249
7b3909fd-b89c-43cd-a663-8c2010a31413,2e3e2cf1-be86-4808-87f7-fe01973f0325,カイデン,カイデン,250,S,holo,https://images.scrydex.com/pokemon/sv4a_ja-250/medium,Scrydex public web image / refreshed 2026-08-29,True,2026-08-28 04:31:24.823418+00:00,2026-08-29 13:37:24.163957+00:00,SV4a-250,60,Pokemon,"[""Lightning""]",Basic,Scav,G,翼の 骨は 風を 受けると 電気を 作る。 海に 飛び込み 獲物を 感電させて 捕らえる。,"[{""cost"":[""Colorless""],""damage"":10,""nameJa"":""つつく"",""effectJa"":null},{""cost"":[""Colorless"",""Colorless""],""damage"":""20×"",""nameJa"":""だんけつのつばさ"",""effectJa"":""自分のトラッシュにある、ワザ「だんけつのつばさ」を持つポケモンの枚数×20ダメージ。""}]",[],"[{""type"":""Lightning"",""value"":""×2""}]","[{""type"":""Fighting"",""value"":""-30""}]",1,[940],,,250
67a9a945-c0ae-4def-bede-f60ba0ef3ab8,2e3e2cf1-be86-4808-87f7-fe01973f0325,ボスの指令,ボスノ指令,181,,normal,https://images.scrydex.com/pokemon/sv4a_ja-181/medium,Scrydex public web image / refreshed 2026-08-29,True,2026-08-28 04:31:24.612274+00:00,2026-08-29 13:37:24.163957+00:00,SV4a-181,,Trainer,[],,NC Empire,G,,[],[],[],[],,[],,,181
3f77f8b7-a529-4da7-a3f2-5b3756be7e62,2e3e2cf1-be86-4808-87f7-fe01973f0325,タウンデパート,タウンデパート,183,,normal,https://images.scrydex.com/pokemon/sv4a_ja-183/medium,Scrydex public web image / refreshed 2026-08-29,True,2026-08-28 04:31:24.612274+00:00,2026-08-29 13:37:24.163957+00:00,SV4a-183,,Trainer,[],,Oswaldo KATO,G,,[],[],[],[],,[],,,183
6c1381dd-05d1-4c80-ae01-f1f63c44d891,2e3e2cf1-be86-4808-87f7-fe01973f0325,ビーチコート,ビーチコート,184,,normal,https://images.scrydex.com/pokemon/sv4a_ja-184/medium,Scrydex public web image / refreshed 2026-08-29,True,2026-08-28 04:31:24.612274+00:00,2026-08-29 13:37:24.163957+00:00,SV4a-184,,Trainer,[],,Oswaldo KATO,G,,[],[],[],[],,[],,,184
211a87ef-2d29-4002-8b06-f01da344779b,2e3e2cf1-be86-4808-87f7-fe01973f0325,セラピーエネルギー,セラピーエネルギー,188,,normal,https://images.scrydex.com/pokemon/sv4a_ja-188/medium,Scrydex public web image / refreshed 2026-08-29,True,2026-08-28 04:31:24.612274+00:00,2026-08-29 13:37:24.163957+00:00,SV4a-188,,Energy,[],,,G,,[],[],[],[],,[],,,188
1f1637be-fb6b-4c81-b671-5e29be1985e0,2e3e2cf1-be86-4808-87f7-fe01973f0325,リバーサルエネルギー,リバーサルエネルギー,189,,normal,https://images.scrydex.com/pokemon/sv4a_ja-189/medium,Scrydex public web image / refreshed 2026-08-29,True,2026-08-28 04:31:24.612274+00:00,2026-08-29 13:37:24.163957+00:00,SV4a-189,,Energy,[],,,G,,[],[],[],[],,[],,,189
8338e5d7-4533-43da-9188-fb772a24d379,2e3e2cf1-be86-4808-87f7-fe01973f0325,ルクシオ,ルクシオ,241,S,holo,https://images.scrydex.com/pokemon/sv4a_ja-241/medium,Scrydex public web image / refreshed 2026-08-29,True,2026-08-28 04:31:24.823418+00:00,2026-08-29 13:37:24.163957+00:00,SV4a-241,90,Pokemon,"[""Lightning""]",Stage1,Souichirou Gunjima,G,鋭い ツメの 先には 強い 電気が 流れており ほんの少し かするだけで 敵を 気絶させる。,"[{""cost"":[""Lightning""],""damage"":30,""nameJa"":""エレキック"",""effectJa"":null},{""cost"":[""Lightning"",""Colorless"",""Colorless""],""damage"":60,""nameJa"":""ヘッドボルト"",""effectJa"":null}]",[],"[{""type"":""Fighting"",""value"":""×2""}]",[],1,[404],,,241
bf65fbab-cf29-4f44-a578-a0ccf765ca7c,2e3e2cf1-be86-4808-87f7-fe01973f0325,パルデアの学生,パルデアノ学生,179,,normal,https://images.scrydex.com/pokemon/sv4a_ja-179/medium,Scrydex public web image / refreshed 2026-08-29,True,2026-08-28 04:31:24.612274+00:00,2026-08-29 13:37:24.163957+00:00,SV4a-179,,Trainer,[],,Naoki Saito,G,,[],[],[],[],,[],,,179
cdcd1bde-9383-4e4f-8732-ffeffeaf3d21,2e3e2cf1-be86-4808-87f7-fe01973f0325,ルミナスエネルギー,ルミナスエネルギー,190,,normal,https://images.scrydex.com/pokemon/sv4a_ja-190/medium,Scrydex public web image / refreshed 2026-08-29,True,2026-08-28 04:31:24.612274+00:00,2026-08-29 13:37:24.163957+00:00,SV4a-190,,Energy,[],,,G,,[],[],[],[],,[],,,190
c2f64f36-024a-446b-9162-7ad451e67e3a,2e3e2cf1-be86-4808-87f7-fe01973f0325,マンキー,マンキー,100,,normal,https://images.scrydex.com/pokemon/sv4a_ja-100/medium,Scrydex public web image / refreshed 2026-08-29,True,2026-08-28 04:31:24.612274+00:00,2026-08-29 13:37:24.163957+00:00,SV4a-100,60,Pokemon,"[""Fighting""]",Basic,nagimiso,G,普段は 機嫌が 良くても ちょっとしたことで いきなり 暴れだすから 怖いのだ。,"[{""cost"":[""Fighting""],""damage"":30,""nameJa"":""さるなぐり"",""effectJa"":""このポケモンにも10ダメージ。""}]",[],"[{""type"":""Psychic"",""value"":""×2""}]",[],1,[56],,,100
fa036f8f-ac79-416c-ac25-d3ca023f38cf,2e3e2cf1-be86-4808-87f7-fe01973f0325,勇気のおまもり,勇気ノオマモリ,169,,normal,https://images.scrydex.com/pokemon/sv4a_ja-169/medium,Scrydex public web image / refreshed 2026-08-29,True,2026-08-28 04:31:24.612274+00:00,2026-08-29 13:37:24.163957+00:00,SV4a-169,,Trainer,[],,Toyste Beach,G,,[],[],[],[],,[],,,169
fcccb12c-c8a4-44bc-a952-b9338374ff81,2e3e2cf1-be86-4808-87f7-fe01973f0325,オモダカ,オモダカ,171,,normal,https://images.scrydex.com/pokemon/sv4a_ja-171/medium,Scrydex public web image / refreshed 2026-08-29,True,2026-08-28 04:31:24.612274+00:00,2026-08-29 13:37:24.163957+00:00,SV4a-171,,Trainer,[],,kirisAki,G,,[],[],[],[],,[],,,171
43318574-e99b-43f8-905d-84e5e0328320,2e3e2cf1-be86-4808-87f7-fe01973f0325,オドリドリ,オドリドリ,214,S,holo,https://images.scrydex.com/pokemon/sv4a_ja-214/medium,Scrydex public web image / refreshed 2026-08-29,True,2026-08-28 04:31:24.612274+00:00,2026-08-29 13:37:24.163957+00:00,SV4a-214,90,Pokemon,"[""Fire""]",Basic,Akira Komayama,G,情熱的に 踊るさまが パルデアの 人々の 気質に 合うのか 非常に 人気だ。,"[{""cost"":[""Fire"",""Colorless""],""damage"":30,""nameJa"":""はばたく"",""effectJa"":null}]","[{""type"":""Ability"",""nameJa"":""パッションダンス"",""effectJa"":""自分の番に1回使える。自分のバトル場の進化ポケモンのHPを「20」回復する。""}]","[{""type"":""Water"",""value"":""×2""}]",[],1,[741],,,214
5157ae7d-a041-413c-90aa-d411226f0389,2e3e2cf1-be86-4808-87f7-fe01973f0325,ケーシィ,ケーシィ,073,,normal,https://images.scrydex.com/pokemon/sv4a_ja-73/medium,Scrydex public web image / refreshed 2026-08-29,True,2026-08-28 04:31:24.612274+00:00,2026-08-29 13:37:24.163957+00:00,SV4a-073,50,Pokemon,"[""Psychic""]",Basic,Mitsuhiro Arita,G,眠ったまま テレポート できる。 眠りが 深いほど 離れた 場所に 移動する という。,"[{""cost"":[""Psychic""],""damage"":20,""nameJa"":""サイコショット"",""effectJa"":null}]",[],"[{""type"":""Darkness"",""value"":""×2""}]","[{""type"":""Fighting"",""value"":""-30""}]",1,[63],,,73
e0a04363-a531-4b4d-aea7-950cd5502043,2e3e2cf1-be86-4808-87f7-fe01973f0325,パピモッチ,パピモッチ,089,,normal,https://images.scrydex.com/pokemon/sv4a_ja-89/medium,Scrydex public web image / refreshed 2026-08-29,True,2026-08-28 04:31:24.612274+00:00,2026-08-29 13:37:24.163957+00:00,SV4a-089,50,Pokemon,"[""Psychic""]",Basic,Mizue,G,しっとり すべすべの 触り心地。 吐息に 含まれている 酵母で まわりのものを 発酵させる。,"[{""cost"":[""Colorless"",""Colorless""],""damage"":20,""nameJa"":""うしろげり"",""effectJa"":null}]",[],"[{""type"":""Metal"",""value"":""×2""}]",[],1,[926],,,89
d4505a65-1023-4835-bfe4-370ac6abf92a,2e3e2cf1-be86-4808-87f7-fe01973f0325,博士の研究,博士ノ研究,177,,normal,https://images.scrydex.com/pokemon/sv4a_ja-177/medium,Scrydex public web image / refreshed 2026-08-29,True,2026-08-28 04:31:24.612274+00:00,2026-08-29 13:37:24.163957+00:00,SV4a-177,,Trainer,[],,kirisAki,G,,[],[],[],[],,[],,,177
c637f40e-8fdb-4370-aa4c-377c4e280b1d,2e3e2cf1-be86-4808-87f7-fe01973f0325,ボウルタウン,ボウルタウン,185,,normal,https://images.scrydex.com/pokemon/sv4a_ja-185/medium,Scrydex public web image / refreshed 2026-08-29,True,2026-08-28 04:31:24.612274+00:00,2026-08-29 13:37:24.163957+00:00,SV4a-185,,Trainer,[],,Oswaldo KATO,G,,[],[],[],[],,[],,,185
5f0190b1-83f5-4734-ab52-2b9cbca0a698,2e3e2cf1-be86-4808-87f7-fe01973f0325,ポケモンリーグ本部,ポケモンリーグ本部,186,,normal,https://images.scrydex.com/pokemon/sv4a_ja-186/medium,Scrydex public web image / refreshed 2026-08-29,True,2026-08-28 04:31:24.612274+00:00,2026-08-29 13:37:24.163957+00:00,SV4a-186,,Trainer,[],,Oswaldo KATO,G,,[],[],[],[],,[],,,186
690f5a8d-9122-49ea-8a20-66f2854aaaf4,2e3e2cf1-be86-4808-87f7-fe01973f0325,ボタン,ボタン,182,,normal,https://images.scrydex.com/pokemon/sv4a_ja-182/medium,Scrydex public web image / refreshed 2026-08-29,True,2026-08-28 04:31:24.612274+00:00,2026-08-29 13:37:24.163957+00:00,SV4a-182,,Trainer,[],,yuu,G,,[],[],[],[],,[],,,182
e3fbbe7c-277b-471b-9dbc-f9f2e1a8bb61,2e3e2cf1-be86-4808-87f7-fe01973f0325,ストライク,ストライク,004,,normal,https://images.scrydex.com/pokemon/sv4a_ja-4/medium,Scrydex public web image / refreshed 2026-08-29,True,2026-08-28 04:31:24.612274+00:00,2026-08-29 13:37:24.163957+00:00,SV4a-004,80,Pokemon,"[""Grass""]",Basic,Shin Nagasawa,G,切れ味 鋭い カマを 使って 草むらを 切り進む。 あまりに 速い 動きで 目が 追いつかない。,"[{""cost"":[""Colorless""],""damage"":10,""nameJa"":""こうそくいどう"",""effectJa"":""コインを1回投げオモテなら、次の相手の番、このポケモンはワザのダメージや効果を受けない。""},{""cost"":[""Colorless"",""Colorless""],""damage"":20,""nameJa"":""いあいぎり"",""effectJa"":null}]",[],"[{""type"":""Fire"",""value"":""×2""}]",[],1,[123],,,4
79274ae4-6454-458a-8df6-9f4929058e3c,2e3e2cf1-be86-4808-87f7-fe01973f0325,レッスンスタジオ,レッスンスタジオ,187,,normal,https://images.scrydex.com/pokemon/sv4a_ja-187/medium,Scrydex public web image / refreshed 2026-08-29,True,2026-08-28 04:31:24.612274+00:00,2026-08-29 13:37:24.163957+00:00,SV4a-187,,Trainer,[],,AYUMI ODASHIMA,G,,[],[],[],[],,[],,,187
5e9c148d-70f7-4e40-a115-7589c6930b69,2e3e2cf1-be86-4808-87f7-fe01973f0325,ニャオハ,ニャオハ,012,,normal,https://images.scrydex.com/pokemon/sv4a_ja-12/medium,Scrydex public web image / refreshed 2026-08-29,True,2026-08-28 04:31:24.612274+00:00,2026-08-29 13:37:24.163957+00:00,SV4a-012,60,Pokemon,"[""Grass""]",Basic,Megumi Mizutani,G,フワフワの 体毛は 植物に 近い 成分。 こまめに 顔を 洗って 乾燥を 防ぐ。,"[{""cost"":[""Grass""],""damage"":null,""nameJa"":""ひざしをあつめる"",""effectJa"":""自分の山札から基本エネルギーを2枚まで選び、相手に見せて、手札に加える。そして山札を切る。""},{""cost"":[""Grass""],""damage"":10,""nameJa"":""タネばくだん"",""effectJa"":null}]",[],"[{""type"":""Fire"",""value"":""×2""}]",[],1,[906],,,12
f818478b-8607-4e17-b5b5-c672029d3ade,2e3e2cf1-be86-4808-87f7-fe01973f0325,ニャローテ,ニャローテ,013,,normal,https://images.scrydex.com/pokemon/sv4a_ja-13/medium,Scrydex public web image / refreshed 2026-08-29,True,2026-08-28 04:31:24.612274+00:00,2026-08-29 13:37:24.163957+00:00,SV4a-013,90,Pokemon,"[""Grass""]",Stage1,nagimiso,G,長い 体毛の下に 隠した ツタを 器用に 操り 硬い つぼみを 敵に 叩きつける。,"[{""cost"":[""Grass""],""damage"":30,""nameJa"":""タネばくだん"",""effectJa"":null},{""cost"":[""Colorless"",""Colorless""],""damage"":50,""nameJa"":""マジックウィップ"",""effectJa"":""相手のバトルポケモンをベンチポケモンと入れ替える。［バトル場に出すポケモンは相手が選ぶ。］""}]",[],"[{""type"":""Fire"",""value"":""×2""}]",[],1,[907],,,13
e61b2023-2c75-48d1-b8c4-3e6b7a512f8b,2e3e2cf1-be86-4808-87f7-fe01973f0325,パルデア ケンタロス,パルデアケンタロス,040,,normal,https://images.scrydex.com/pokemon/sv4a_ja-40/medium,Scrydex public web image / refreshed 2026-08-29,True,2026-08-28 04:31:24.612274+00:00,2026-08-29 13:37:24.163957+00:00,SV4a-040,130,Pokemon,"[""Water""]",Basic,Oswaldo KATO,G,ツノから 水を 吹きだし 泳ぐ。 脂肪分が 多く 浮きやすいのが ウォーター種の 特徴。,"[{""cost"":[""Colorless"",""Colorless""],""damage"":""20+"",""nameJa"":""いかりのつの"",""effectJa"":""このポケモンにのっているダメカンの数×10ダメージ追加。""},{""cost"":[""Water"",""Colorless"",""Colorless""],""damage"":null,""nameJa"":""ウォーターダイブ"",""effectJa"":""相手のポケモン1匹に、60ダメージ。［ベンチは弱点・抵抗力を計算しない。］""}]",[],"[{""type"":""Lightning"",""value"":""×2""}]",[],2,[128],,,40
1b83b261-14ed-44ef-a827-d726e8555abc,2e3e2cf1-be86-4808-87f7-fe01973f0325,シャリタツ,シャリタツ,050,,normal,https://images.scrydex.com/pokemon/sv4a_ja-50/medium,Scrydex public web image / refreshed 2026-08-29,True,2026-08-28 04:31:24.612274+00:00,2026-08-29 13:37:24.163957+00:00,SV4a-050,70,Pokemon,"[""Water""]",Basic,OKACHEKE,G,小型の ドラゴンポケモン。 ヘイラッシャの 口の中に 棲み 外敵から 身を 守っている。,"[{""cost"":[""Water""],""damage"":null,""nameJa"":""したじゅんび"",""effectJa"":""自分の山札から「基本エネルギー」を2枚まで選び、自分のたねポケモン1匹につける。そして山札を切る。""},{""cost"":[""Water""],""damage"":30,""nameJa"":""そりかえる"",""effectJa"":""このポケモンと、ついているすべてのカードを、手札にもどす。""}]",[],"[{""type"":""Lightning"",""value"":""×2""}]",[],1,[978],,,50
b02d5140-a8e2-481e-b94d-1e33dd493036,2e3e2cf1-be86-4808-87f7-fe01973f0325,セビエ,セビエ,051,,normal,https://images.scrydex.com/pokemon/sv4a_ja-51/medium,Scrydex public web image / refreshed 2026-08-29,True,2026-08-28 04:31:24.612274+00:00,2026-08-29 13:37:24.163957+00:00,SV4a-051,70,Pokemon,"[""Water""]",Basic,rika,G,背びれで 熱を 吸収して 氷エネルギーに 変換する。 高温ほど エネルギーが 溜まる。,"[{""cost"":[""Water""],""damage"":null,""nameJa"":""もってくる"",""effectJa"":""自分の山札を1枚引く。""},{""cost"":[""Water"",""Colorless""],""damage"":20,""nameJa"":""たたく"",""effectJa"":null}]",[],"[{""type"":""Metal"",""value"":""×2""}]",[],2,[996],,,51
8042b100-d9ad-4957-b05b-a640a60dac27,2e3e2cf1-be86-4808-87f7-fe01973f0325,セゴール,セゴール,052,,normal,https://images.scrydex.com/pokemon/sv4a_ja-52/medium,Scrydex public web image / refreshed 2026-08-29,True,2026-08-28 04:31:24.612274+00:00,2026-08-29 13:37:24.163957+00:00,SV4a-052,90,Pokemon,"[""Water""]",Stage1,Kouki Saitou,G,まわりの 空気を 凍らせて 氷のマスクで 顔を 守り 背びれを 氷の剣に 変える。,"[{""cost"":[""Water"",""Colorless""],""damage"":40,""nameJa"":""するどいひれ"",""effectJa"":null},{""cost"":[""Water"",""Water"",""Colorless""],""damage"":80,""nameJa"":""フロストスマッシュ"",""effectJa"":null}]",[],"[{""type"":""Metal"",""value"":""×2""}]",[],2,[997],,,52
f542f4d7-5677-46d4-9381-6dc994ee06a8,2e3e2cf1-be86-4808-87f7-fe01973f0325,キリキザン,キリキザン,123,,normal,https://images.scrydex.com/pokemon/sv4a_ja-123/medium,Scrydex public web image / refreshed 2026-08-29,True,2026-08-28 04:31:24.612274+00:00,2026-08-29 13:37:24.163957+00:00,SV4a-123,120,Pokemon,"[""Darkness""]",Stage1,Hideki Ishikawa,G,コマタナを 率いて 群れを 成す。 縄張りを 賭けて 争い 負けた 群れは 吸収されていくのだ。,"[{""cost"":[""Darkness""],""damage"":40,""nameJa"":""ダークカッター"",""effectJa"":null},{""cost"":[""Darkness"",""Colorless""],""damage"":120,""nameJa"":""もろはぎり"",""effectJa"":""このポケモンにも30ダメージ。""}]",[],"[{""type"":""Grass"",""value"":""×2""}]",[],1,[625],,,123
58c9b0ab-a83b-49a6-b800-2b8e6fd3bc00,2e3e2cf1-be86-4808-87f7-fe01973f0325,ドドゲザン,ドドゲザン,124,,normal,https://images.scrydex.com/pokemon/sv4a_ja-124/medium,Scrydex public web image / refreshed 2026-08-29,True,2026-08-28 04:31:24.612274+00:00,2026-08-29 13:37:24.163957+00:00,SV4a-124,170,Pokemon,"[""Darkness""]",Stage2,Anesaki Dynamic,G,ドドゲザンに 進化できるのは 大軍勢の 頂点に 立った １匹の キリキザンだけなのだ。,"[{""cost"":[""Darkness"",""Colorless"",""Colorless""],""damage"":160,""nameJa"":""ぶったぎり"",""effectJa"":null}]","[{""type"":""Ability"",""nameJa"":""とうそつりょく"",""effectJa"":""このポケモンがいるかぎり、自分のたねポケモンが使うワザの、相手のバトルポケモンへのダメージは「+30」される。""}]","[{""type"":""Grass"",""value"":""×2""}]",[],3,[983],,,124
78c7d578-1524-467b-8f38-8546b0d21622,2e3e2cf1-be86-4808-87f7-fe01973f0325,オラチフ,オラチフ,125,,normal,https://images.scrydex.com/pokemon/sv4a_ja-125/medium,Scrydex public web image / refreshed 2026-08-29,True,2026-08-28 04:31:24.612274+00:00,2026-08-29 13:37:24.163957+00:00,SV4a-125,60,Pokemon,"[""Darkness""]",Basic,DOM,G,相手に 嘗められないように いつも しかめっ面をしているが 泣いている 子どもは その顔で 笑いだす。,"[{""cost"":[""Darkness""],""damage"":""10+"",""nameJa"":""おそいかかる"",""effectJa"":""コインを1回投げオモテなら、20ダメージ追加。""}]",[],"[{""type"":""Grass"",""value"":""×2""}]",[],1,[942],,,125
fe66d2a4-9a28-49da-a7f7-28a5be9e3be8,2e3e2cf1-be86-4808-87f7-fe01973f0325,パオジアンex,パオジアンex,357,,holo,"https://images.scrydex.com/magicthegathering/MSH-357/small"",""medium"":""https://images.scrydex.com/magicthegathering/MSH-357/medium"",""large"":""https://images.scrydex.com/magicthegathering/MSH-357/large""}],""rulings"":[],""printings"":[""MSH""],""availability"":[""mtgo"",""paper""],""expansion"":{""id"":""MSH"",""name"":""Marvel",Scrydex public web image / rescue 2026-08-29,True,2026-08-28 04:31:24.823418+00:00,2026-08-29 14:06:15.492862+00:00,SV4a-357,220,Pokemon,"[""Water""]",Basic,aky CG Works,,,"[{""cost"":[""Water"",""Water""],""damage"":""60×"",""nameJa"":""ヘイルブレード"",""effectJa"":""自分の場のポケモンについているエネルギーを好きなだけトラッシュし、その枚数×60ダメージ。""}]","[{""type"":""Ability"",""nameJa"":""わななくれいき"",""effectJa"":""このポケモンがバトル場にいるなら、自分の番に1回使える。自分の山札から「基本エネルギー」を2枚まで選び、相手に見せて、手札に加える。そして山札を切る。""}]","[{""type"":""Metal"",""value"":""×2""}]",[],2,[],,,357
85bf9a4e-896f-4845-914b-bc35a0088348,2e3e2cf1-be86-4808-87f7-fe01973f0325,ミライドンex,ミライドンex,358,,holo,"https://images.scrydex.com/magicthegathering/MSH-358/small"",""medium"":""https://images.scrydex.com/magicthegathering/MSH-358/medium"",""large"":""https://images.scrydex.com/magicthegathering/MSH-358/large""}],""rulings"":[],""printings"":[""MSH""],""availability"":[""mtgo"",""paper""],""expansion"":{""id"":""MSH"",""name"":""Marvel",Scrydex public web image / rescue 2026-08-29,True,2026-08-28 04:31:24.823418+00:00,2026-08-29 14:06:15.492862+00:00,SV4a-358,220,Pokemon,"[""Lightning""]",Basic,5ban Graphics,,,"[{""cost"":[""Lightning"",""Lightning"",""Colorless""],""damage"":220,""nameJa"":""フォトンブラスター"",""effectJa"":""次の自分の番、このポケモンはワザが使えない。""}]","[{""type"":""Ability"",""nameJa"":""タンデムユニット"",""effectJa"":""自分の番に1回使える。自分の山札からタイプのたねポケモンを2枚まで選び、ベンチに出す。そして山札を切る。""}]","[{""type"":""Fighting"",""value"":""×2""}]",[],1,[],,,358
4932eb1c-2a41-4db8-9a90-e7a1e8b523df,2e3e2cf1-be86-4808-87f7-fe01973f0325,ディンルーex,ディンルーex,359,,holo,"https://images.scrydex.com/magicthegathering/MSH-359/small"",""medium"":""https://images.scrydex.com/magicthegathering/MSH-359/medium"",""large"":""https://images.scrydex.com/magicthegathering/MSH-359/large""},{""type"":""back"",""small"":""https://images.scrydex.com/magicthegathering/MSH-359A/small"",""medium"":""https://images.scrydex.com/magicthegathering/MSH-359A/medium"",""large"":""https://images.scrydex.com/magicthegathering/MSH-359A/large""}],""rulings"":[],""printings"":[""MSH""],""availability"":[""mtgo"",""paper""],""expansion"":{""id"":""MSH"",""name"":""Marvel",Scrydex public web image / rescue 2026-08-29,True,2026-08-28 04:31:24.823418+00:00,2026-08-29 14:06:15.492862+00:00,SV4a-359,240,Pokemon,"[""Fighting""]",Basic,5ban Graphics,,,"[{""cost"":[""Fighting"",""Fighting"",""Fighting""],""damage"":150,""nameJa"":""ランドスクープ"",""effectJa"":""相手のベンチポケモン1匹に、ダメカンを2個のせる。""}]","[{""type"":""Ability"",""nameJa"":""じゅばくのだいち"",""effectJa"":""このポケモンがバトル場にいるかぎり、相手の場のダメカンがのっているポケモン（ポケモンexをのぞく）の特性は、すべてなくなる。""}]","[{""type"":""Grass"",""value"":""×2""}]",[],4,[],,,359
f3d04893-17cd-48bd-a993-688eb57eceb8,2e3e2cf1-be86-4808-87f7-fe01973f0325,コライドンex,コライドンex,360,,holo,"https://images.scrydex.com/magicthegathering/MSH-360/small"",""medium"":""https://images.scrydex.com/magicthegathering/MSH-360/medium"",""large"":""https://images.scrydex.com/magicthegathering/MSH-360/large""}],""rulings"":[],""printings"":[""MSH""],""availability"":[""mtgo"",""paper""],""expansion"":{""id"":""MSH"",""name"":""Marvel",Scrydex public web image / rescue 2026-08-29,True,2026-08-28 04:31:24.823418+00:00,2026-08-29 14:06:15.492862+00:00,SV4a-360,230,Pokemon,"[""Fighting""]",Basic,aky CG Works,,,"[{""cost"":[""Fighting"",""Fighting"",""Colorless""],""damage"":220,""nameJa"":""ワイルドインパクト"",""effectJa"":""次の自分の番、このポケモンはワザが使えない。""}]","[{""type"":""Ability"",""nameJa"":""ディノクライ"",""effectJa"":""自分の番に1回使えて、使ったなら、番は終わる。自分のトラッシュから「基本エネルギー」を2枚まで選び、自分のタイプのたねポケモンに好きなようにつける。""}]","[{""type"":""Psychic"",""value"":""×2""}]",[],2,[],,,360
d10285cf-b1bc-4f94-b87c-33d1dd32867c,2e3e2cf1-be86-4808-87f7-fe01973f0325,ペパー,ペパー,180,,normal,https://images.scrydex.com/pokemon/sv4a_ja-180/medium,Scrydex public web image / refreshed 2026-08-29,True,2026-08-28 04:31:24.612274+00:00,2026-08-29 13:37:24.163957+00:00,SV4a-180,,Trainer,[],,GIDORA,G,,[],[],[],[],,[],,,180
a5ee7b43-0ebf-43ed-bcd6-64434e272582,2e3e2cf1-be86-4808-87f7-fe01973f0325,ナゾノクサ,ナゾノクサ,191,S,holo,https://images.scrydex.com/pokemon/sv4a_ja-191/medium,Scrydex public web image / refreshed 2026-08-29,True,2026-08-28 04:31:24.612274+00:00,2026-08-29 13:37:24.163957+00:00,SV4a-191,60,Pokemon,"[""Grass""]",Basic,otumami,G,昼間は 太陽を 避けるため 冷たい 地面に もぐっている。 月の光を 浴びて 育つ。,"[{""cost"":[""Colorless"",""Colorless""],""damage"":20,""nameJa"":""はっぱカッター"",""effectJa"":null}]",[],"[{""type"":""Fire"",""value"":""×2""}]",[],1,[43],,,191
3abda6e6-3962-4a47-996a-fac0e2c23a12,2e3e2cf1-be86-4808-87f7-fe01973f0325,ネイティ,ネイティ,078,,normal,https://images.scrydex.com/pokemon/sv4a_ja-78/medium,Scrydex public web image / refreshed 2026-08-29,True,2026-08-28 04:31:24.612274+00:00,2026-08-29 13:37:24.163957+00:00,SV4a-078,50,Pokemon,"[""Psychic""]",Basic,Teeziro,G,羽が 育ちきって おらず 飛び跳ねるようにして 移動する。 いつも なにかを 見つめている。,"[{""cost"":[""Psychic""],""damage"":""10×"",""nameJa"":""さんれんづき"",""effectJa"":""コインを3回投げ、オモテの数×10ダメージ。""}]",[],"[{""type"":""Darkness"",""value"":""×2""}]","[{""type"":""Fighting"",""value"":""-30""}]",1,[177],,,78
f02bc850-a705-441e-a451-8f82311f8632,2e3e2cf1-be86-4808-87f7-fe01973f0325,ナゾノクサ,ナゾノクサ,001,,normal,https://images.scrydex.com/pokemon/sv4a_ja-1/medium,Scrydex public web image / refreshed 2026-08-29,True,2026-08-28 04:31:24.612274+00:00,2026-08-29 13:37:24.163957+00:00,SV4a-001,60,Pokemon,"[""Grass""]",Basic,Sekio,G,昼間は 太陽を 避けるため 冷たい 地面に もぐっている。 月の光を 浴びて 育つ。,"[{""cost"":[""Colorless"",""Colorless""],""damage"":20,""nameJa"":""はっぱカッター"",""effectJa"":null}]",[],"[{""type"":""Fire"",""value"":""×2""}]",[],1,[43],,,1
fce6c308-62d9-479e-805b-809f69684375,2e3e2cf1-be86-4808-87f7-fe01973f0325,クサイハナ,クサイハナ,002,,normal,https://images.scrydex.com/pokemon/sv4a_ja-2/medium,Scrydex public web image / refreshed 2026-08-29,True,2026-08-28 04:31:24.612274+00:00,2026-08-29 13:37:24.163957+00:00,SV4a-002,70,Pokemon,"[""Grass""]",Stage1,Sekio,G,よだれのように 見える 甘い蜜。 とても ねばねば しており 触れると いつまでも まとわりつく。,"[{""cost"":[""Colorless"",""Colorless""],""damage"":30,""nameJa"":""よだれ"",""effectJa"":null}]","[{""type"":""Ability"",""nameJa"":""さんぶざきエナジー"",""effectJa"":""自分の番に、このカードを手札から出して進化させたとき、1回使える。自分の山札を上から3枚見て、その中から基本エネルギーを好きなだけ選び、自分のポケモンに好きなようにつける。残りのカードは山札にもどして切る。""}]","[{""type"":""Fire"",""value"":""×2""}]",[],1,[44],,,2
3074bdac-9a2e-401d-a08c-4173cb9919b4,2e3e2cf1-be86-4808-87f7-fe01973f0325,ラフレシア,ラフレシア,003,,normal,https://images.scrydex.com/pokemon/sv4a_ja-3/medium,Scrydex public web image / refreshed 2026-08-29,True,2026-08-28 04:31:24.612274+00:00,2026-08-29 13:37:24.163957+00:00,SV4a-003,140,Pokemon,"[""Grass""]",Stage2,Sekio,G,花びらが 大きいほど たくさん 花粉を 出すが 頭が 重たくて 疲れてしまうという。,"[{""cost"":[""Grass"",""Colorless"",""Colorless""],""damage"":90,""nameJa"":""ソーラービーム"",""effectJa"":null}]","[{""type"":""Ability"",""nameJa"":""まんかいエナジー"",""effectJa"":""自分の番に、このカードを手札から出して進化させたとき、1回使える。自分の山札を上から8枚見て、その中から基本エネルギーを好きなだけ選び、自分のポケモンに好きなようにつける。残りのカードは山札にもどして切る。""}]","[{""type"":""Fire"",""value"":""×2""}]",[],2,[45],,,3
f641f9e7-9aff-4fcd-a53a-c498f106f8a0,2e3e2cf1-be86-4808-87f7-fe01973f0325,ノノクラゲ,ノノクラゲ,206,S,holo,https://images.scrydex.com/pokemon/sv4a_ja-206/medium,Scrydex public web image / refreshed 2026-08-29,True,2026-08-28 04:31:24.612274+00:00,2026-08-29 13:37:24.163957+00:00,SV4a-206,50,Pokemon,"[""Grass""]",Basic,Ryuta Fuse,G,メノクラゲに 似ているが まったく 別の 種類。 脚は 細いが 走りだせば 時速５０キロになる。,"[{""cost"":[""Grass""],""damage"":""10×"",""nameJa"":""みだれげり"",""effectJa"":""コインを3回投げ、オモテの数×10ダメージ。""}]",[],"[{""type"":""Fire"",""value"":""×2""}]",[],1,[948],,,206
