set_code,set_id,card_number,scrydex_english_name,db_japanese_name,scrydex_card_url
XY,a0688785-c0ff-43fa-84fa-48d14432b701,12,Camerupt-EX,バクーダEX,https://scrydex.com/pokemon/cards/camerupt-ex/xy_ja-12?variant=holofoil
XY,a0688785-c0ff-43fa-84fa-48d14432b701,55,Trevenant BREAK,オーロットBREAK,https://scrydex.com/pokemon/cards/trevenant-break/xy_ja-55?variant=holofoil
XY,a0688785-c0ff-43fa-84fa-48d14432b701,58,Hoopa-EX,フーパEX,https://scrydex.com/pokemon/cards/hoopa-ex/xy_ja-58?variant=holofoil
XY,a0688785-c0ff-43fa-84fa-48d14432b701,61,Regirock-EX,レジロックEX,https://scrydex.com/pokemon/cards/regirock-ex/xy_ja-61?variant=holofoil
XY,a0688785-c0ff-43fa-84fa-48d14432b701,62,Lucario-EX,ルカリオEX,https://scrydex.com/pokemon/cards/lucario-ex/xy_ja-62?variant=holofoil
XY,a0688785-c0ff-43fa-84fa-48d14432b701,63,M Lucario-EX,megaルカリオEX,https://scrydex.com/pokemon/cards/m-lucario-ex/xy_ja-63?variant=holofoil
XY,a0688785-c0ff-43fa-84fa-48d14432b701,67,Carbink BREAK,メレシーBREAK,https://scrydex.com/pokemon/cards/carbink-break/xy_ja-67?variant=holofoil
XY,a0688785-c0ff-43fa-84fa-48d14432b701,69,Zygarde-EX,ジガルデEX,https://scrydex.com/pokemon/cards/zygarde-ex/xy_ja-69?variant=holofoil
XY,a0688785-c0ff-43fa-84fa-48d14432b701,70,Sharpedo-EX,サメハダーEX,https://scrydex.com/pokemon/cards/sharpedo-ex/xy_ja-70?variant=holofoil
XY,a0688785-c0ff-43fa-84fa-48d14432b701,71,M Sharpedo-EX,megaサメハダーEX,https://scrydex.com/pokemon/cards/m-sharpedo-ex/xy_ja-71?variant=holofoil
XY,a0688785-c0ff-43fa-84fa-48d14432b701,72,Darkrai-EX,ダークライEX,https://scrydex.com/pokemon/cards/darkrai-ex/xy_ja-72?variant=holofoil
XY,a0688785-c0ff-43fa-84fa-48d14432b701,75,Zoroark BREAK,ゾロアークBREAK,https://scrydex.com/pokemon/cards/zoroark-break/xy_ja-75?variant=holofoil
XY,a0688785-c0ff-43fa-84fa-48d14432b701,76,Malamar-EX,カラマネロEX,https://scrydex.com/pokemon/cards/malamar-ex/xy_ja-76?variant=holofoil
XY,a0688785-c0ff-43fa-84fa-48d14432b701,79,Yveltal-EX,イベルタルEX,https://scrydex.com/pokemon/cards/yveltal-ex/xy_ja-79?variant=holofoil
XY,a0688785-c0ff-43fa-84fa-48d14432b701,83,Bronzong BREAK,ドータクンBREAK,https://scrydex.com/pokemon/cards/bronzong-break/xy_ja-83?variant=holofoil
XY,a0688785-c0ff-43fa-84fa-48d14432b701,86,Genesect-EX,ゲノセクトEX,https://scrydex.com/pokemon/cards/genesect-ex/xy_ja-86?variant=holofoil
XY,a0688785-c0ff-43fa-84fa-48d14432b701,87,Aegislash-EX,ギルガルドEX,https://scrydex.com/pokemon/cards/aegislash-ex/xy_ja-87?variant=holofoil
XY,a0688785-c0ff-43fa-84fa-48d14432b701,89,Magearna-EX,マギアナEX,https://scrydex.com/pokemon/cards/magearna-ex/xy_ja-89?variant=holofoil
XY,a0688785-c0ff-43fa-84fa-48d14432b701,91,Gardevoir-EX,サーナイトEX,https://scrydex.com/pokemon/cards/gardevoir-ex/xy_ja-91?variant=holofoil
XY,a0688785-c0ff-43fa-84fa-48d14432b701,92,M Gardevoir-EX,megaサーナイトEX,https://scrydex.com/pokemon/cards/m-gardevoir-ex/xy_ja-92?variant=holofoil
XY,a0688785-c0ff-43fa-84fa-48d14432b701,97,Xerneas BREAK,ゼルネアスBREAK,https://scrydex.com/pokemon/cards/xerneas-break/xy_ja-97?variant=holofoil
XY,a0688785-c0ff-43fa-84fa-48d14432b701,98,Giratina-EX,ギラティナEX,https://scrydex.com/pokemon/cards/giratina-ex/xy_ja-98?variant=holofoil
XY,a0688785-c0ff-43fa-84fa-48d14432b701,99,Hydreigon-EX,サザンドラEX,https://scrydex.com/pokemon/cards/hydreigon-ex/xy_ja-99?variant=holofoil
XY,a0688785-c0ff-43fa-84fa-48d14432b701,103,Lugia-EX,ルギアEX,https://scrydex.com/pokemon/cards/lugia-ex/xy_ja-103?variant=holofoil
XY,a0688785-c0ff-43fa-84fa-48d14432b701,104,Rayquaza-EX,レックウザEX,https://scrydex.com/pokemon/cards/rayquaza-ex/xy_ja-104?variant=holofoil
XY,a0688785-c0ff-43fa-84fa-48d14432b701,105,M Rayquaza-EX,megaレックウザEX,https://scrydex.com/pokemon/cards/m-rayquaza-ex/xy_ja-105?variant=holofoil
XY,a0688785-c0ff-43fa-84fa-48d14432b701,106,Shaymin-EX,シェイミEX,https://scrydex.com/pokemon/cards/shaymin-ex/xy_ja-106?variant=holofoil
XY,a0688785-c0ff-43fa-84fa-48d14432b701,172,M Camerupt-EX,megaバクーダEX,https://scrydex.com/pokemon/cards/m-camerupt-ex/xy_ja-172?variant=holofoil
XY,a0688785-c0ff-43fa-84fa-48d14432b701,173,Jolteon-EX,サンダースEX,https://scrydex.com/pokemon/cards/jolteon-ex/xy_ja-173?variant=holofoil
XY,a0688785-c0ff-43fa-84fa-48d14432b701,174,M Manectric-EX,megaライボルトEX,https://scrydex.com/pokemon/cards/m-manectric-ex/xy_ja-174?variant=holofoil
XY,a0688785-c0ff-43fa-84fa-48d14432b701,175,Regirock-EX,レジロックEX,https://scrydex.com/pokemon/cards/regirock-ex/xy_ja-175?variant=holofoil
XY,a0688785-c0ff-43fa-84fa-48d14432b701,176,M Lucario-EX,megaルカリオEX,https://scrydex.com/pokemon/cards/m-lucario-ex/xy_ja-176?variant=holofoil
XY,a0688785-c0ff-43fa-84fa-48d14432b701,177,Zygarde-EX,ジガルデEX,https://scrydex.com/pokemon/cards/zygarde-ex/xy_ja-177?variant=holofoil
XY,a0688785-c0ff-43fa-84fa-48d14432b701,178,M Sharpedo-EX,megaサメハダーEX,https://scrydex.com/pokemon/cards/m-sharpedo-ex/xy_ja-178?variant=holofoil
XY,a0688785-c0ff-43fa-84fa-48d14432b701,179,Aegislash-EX,ギルガルドEX,https://scrydex.com/pokemon/cards/aegislash-ex/xy_ja-179?variant=holofoil
XY,a0688785-c0ff-43fa-84fa-48d14432b701,180,N,N,https://scrydex.com/pokemon/cards/n/xy_ja-180?variant=normal
XY,a0688785-c0ff-43fa-84fa-48d14432b701,181,Hex Maniac,オカルトマニア,https://scrydex.com/pokemon/cards/hex-maniac/xy_ja-181?variant=normal
XY,a0688785-c0ff-43fa-84fa-48d14432b701,182,Blacksmith,鍛冶屋,https://scrydex.com/pokemon/cards/blacksmith/xy_ja-182?variant=normal
XY,a0688785-c0ff-43fa-84fa-48d14432b701,183,Karen,カリン,https://scrydex.com/pokemon/cards/karen/xy_ja-183?variant=normal
XY,a0688785-c0ff-43fa-84fa-48d14432b701,184,Delinquent,こわいおねえさん,https://scrydex.com/pokemon/cards/delinquent/xy_ja-184?variant=normal
XY,a0688785-c0ff-43fa-84fa-48d14432b701,185,Shauna,サナ,https://scrydex.com/pokemon/cards/shauna/xy_ja-185?variant=normal
XY,a0688785-c0ff-43fa-84fa-48d14432b701,186,Team Flare Grunt,フレア団のしたっぱ,https://scrydex.com/pokemon/cards/team-flare-grunt/xy_ja-186?variant=normal
XY,a0688785-c0ff-43fa-84fa-48d14432b701,187,Yveltal-EX,イベルタルEX,https://scrydex.com/pokemon/cards/yveltal-ex/xy_ja-187?variant=holofoil
XY,a0688785-c0ff-43fa-84fa-48d14432b701,188,Shaymin-EX,シェイミEX,https://scrydex.com/pokemon/cards/shaymin-ex/xy_ja-188?variant=holofoil
XY1-By,0f0b8f32-db0e-4bf1-9a12-e6692554debb,1,Weedle,ビードル,https://scrydex.com/pokemon/cards/weedle/xy1y_ja-1?variant=firstEdition
XY1-By,0f0b8f32-db0e-4bf1-9a12-e6692554debb,2,Kakuna,コクーン,https://scrydex.com/pokemon/cards/kakuna/xy1y_ja-2?variant=firstEdition
XY1-By,0f0b8f32-db0e-4bf1-9a12-e6692554debb,3,Beedrill,スピアー,https://scrydex.com/pokemon/cards/beedrill/xy1y_ja-3?variant=firstEdition
XY1-By,0f0b8f32-db0e-4bf1-9a12-e6692554debb,4,Ledyba,レディバ,https://scrydex.com/pokemon/cards/ledyba/xy1y_ja-4?variant=firstEdition
XY1-By,0f0b8f32-db0e-4bf1-9a12-e6692554debb,5,Ledian,レディアン,https://scrydex.com/pokemon/cards/ledian/xy1y_ja-5?variant=firstEdition
XY1-By,0f0b8f32-db0e-4bf1-9a12-e6692554debb,6,Illumise,イルミーゼ,https://scrydex.com/pokemon/cards/illumise/xy1y_ja-6?variant=firstEdition
XY1-By,0f0b8f32-db0e-4bf1-9a12-e6692554debb,7,Chespin,ハリマロン,https://scrydex.com/pokemon/cards/chespin/xy1y_ja-7?variant=firstEdition
XY1-By,0f0b8f32-db0e-4bf1-9a12-e6692554debb,8,Quilladin,ハリボーグ,https://scrydex.com/pokemon/cards/quilladin/xy1y_ja-8?variant=firstEdition
XY1-By,0f0b8f32-db0e-4bf1-9a12-e6692554debb,9,Chesnaught,ブリガロン,https://scrydex.com/pokemon/cards/chesnaught/xy1y_ja-9?variant=firstEditionHolofoil
XY1-By,0f0b8f32-db0e-4bf1-9a12-e6692554debb,10,Pansear,バオップ,https://scrydex.com/pokemon/cards/pansear/xy1y_ja-10?variant=firstEdition
XY1-By,0f0b8f32-db0e-4bf1-9a12-e6692554debb,11,Simisear,バオッキー,https://scrydex.com/pokemon/cards/simisear/xy1y_ja-11?variant=firstEdition
XY1-By,0f0b8f32-db0e-4bf1-9a12-e6692554debb,12,Fletchinder,ヒノヤコマ,https://scrydex.com/pokemon/cards/fletchinder/xy1y_ja-12?variant=firstEdition
XY1-By,0f0b8f32-db0e-4bf1-9a12-e6692554debb,13,Talonflame,ファイアロー,https://scrydex.com/pokemon/cards/talonflame/xy1y_ja-13?variant=firstEditionHolofoil
XY1-By,0f0b8f32-db0e-4bf1-9a12-e6692554debb,14,Blastoise-EX,カメックスEX,https://scrydex.com/pokemon/cards/blastoise-ex/xy1y_ja-14?variant=firstEditionHolofoil
XY1-By,0f0b8f32-db0e-4bf1-9a12-e6692554debb,15,M Blastoise-EX,megaカメックスEX,https://scrydex.com/pokemon/cards/m-blastoise-ex/xy1y_ja-15?variant=firstEditionHolofoil
XY1-By,0f0b8f32-db0e-4bf1-9a12-e6692554debb,16,Shellder,シェルダー,https://scrydex.com/pokemon/cards/shellder/xy1y_ja-16?variant=firstEdition
XY1-By,0f0b8f32-db0e-4bf1-9a12-e6692554debb,17,Cloyster,パルシェン,https://scrydex.com/pokemon/cards/cloyster/xy1y_ja-17?variant=firstEdition
XY1-By,0f0b8f32-db0e-4bf1-9a12-e6692554debb,18,Lapras,ラプラス,https://scrydex.com/pokemon/cards/lapras/xy1y_ja-18?variant=firstEditionHolofoil
XY1-By,0f0b8f32-db0e-4bf1-9a12-e6692554debb,19,Panpour,ヒヤップ,https://scrydex.com/pokemon/cards/panpour/xy1y_ja-19?variant=firstEdition
XY1-By,0f0b8f32-db0e-4bf1-9a12-e6692554debb,20,Simipour,ヒヤッキー,https://scrydex.com/pokemon/cards/simipour/xy1y_ja-20?variant=firstEdition
XY1-By,0f0b8f32-db0e-4bf1-9a12-e6692554debb,21,Voltorb,ビリリダマ,https://scrydex.com/pokemon/cards/voltorb/xy1y_ja-21?variant=firstEdition
XY1-By,0f0b8f32-db0e-4bf1-9a12-e6692554debb,22,Electrode,マルマイン,https://scrydex.com/pokemon/cards/electrode/xy1y_ja-22?variant=firstEdition
XY1-By,0f0b8f32-db0e-4bf1-9a12-e6692554debb,23,Emolga-EX,エモンガEX,https://scrydex.com/pokemon/cards/emolga-ex/xy1y_ja-23?variant=firstEditionHolofoil
XY1-By,0f0b8f32-db0e-4bf1-9a12-e6692554debb,24,Venipede,フシデ,https://scrydex.com/pokemon/cards/venipede/xy1y_ja-24?variant=firstEdition
XY1-By,0f0b8f32-db0e-4bf1-9a12-e6692554debb,25,Whirlipede,ホイーガ,https://scrydex.com/pokemon/cards/whirlipede/xy1y_ja-25?variant=firstEdition
XY1-By,0f0b8f32-db0e-4bf1-9a12-e6692554debb,26,Scolipede,ペンドラー,https://scrydex.com/pokemon/cards/scolipede/xy1y_ja-26?variant=firstEdition
XY1-By,0f0b8f32-db0e-4bf1-9a12-e6692554debb,27,Pumpkaboo,バケッチャ,https://scrydex.com/pokemon/cards/pumpkaboo/xy1y_ja-27?variant=firstEdition
XY1-By,0f0b8f32-db0e-4bf1-9a12-e6692554debb,28,Gourgeist,パンプジン,https://scrydex.com/pokemon/cards/gourgeist/xy1y_ja-28?variant=firstEditionHolofoil
XY1-By,0f0b8f32-db0e-4bf1-9a12-e6692554debb,29,Diglett,ディグダ,https://scrydex.com/pokemon/cards/diglett/xy1y_ja-29?variant=firstEdition
XY1-By,0f0b8f32-db0e-4bf1-9a12-e6692554debb,30,Dugtrio,ダグトリオ,https://scrydex.com/pokemon/cards/dugtrio/xy1y_ja-30?variant=firstEdition
XY1-By,0f0b8f32-db0e-4bf1-9a12-e6692554debb,31,Rhyhorn,サイホーン,https://scrydex.com/pokemon/cards/rhyhorn/xy1y_ja-31?variant=firstEdition
XY1-By,0f0b8f32-db0e-4bf1-9a12-e6692554debb,32,Rhydon,サイドン,https://scrydex.com/pokemon/cards/rhydon/xy1y_ja-32?variant=firstEdition
XY1-By,0f0b8f32-db0e-4bf1-9a12-e6692554debb,33,Rhyperior,ドサイドン,https://scrydex.com/pokemon/cards/rhyperior/xy1y_ja-33?variant=firstEditionHolofoil
XY1-By,0f0b8f32-db0e-4bf1-9a12-e6692554debb,34,Solrock,ソルロック,https://scrydex.com/pokemon/cards/solrock/xy1y_ja-34?variant=firstEdition
XY1-By,0f0b8f32-db0e-4bf1-9a12-e6692554debb,35,Inkay,マーイーカ,https://scrydex.com/pokemon/cards/inkay/xy1y_ja-35?variant=firstEdition
XY1-By,0f0b8f32-db0e-4bf1-9a12-e6692554debb,36,Malamar,カラマネロ,https://scrydex.com/pokemon/cards/malamar/xy1y_ja-36?variant=firstEdition
XY1-By,0f0b8f32-db0e-4bf1-9a12-e6692554debb,37,Yveltal-EX,イベルタルEX,https://scrydex.com/pokemon/cards/yveltal-ex/xy1y_ja-37?variant=firstEditionHolofoil
XY1-By,0f0b8f32-db0e-4bf1-9a12-e6692554debb,38,Honedge,ヒトツキ,https://scrydex.com/pokemon/cards/honedge/xy1y_ja-38?variant=firstEdition
XY1-By,0f0b8f32-db0e-4bf1-9a12-e6692554debb,39,Doublade,ニダンギル,https://scrydex.com/pokemon/cards/doublade/xy1y_ja-39?variant=firstEdition
XY1-By,0f0b8f32-db0e-4bf1-9a12-e6692554debb,40,Aegislash,ギルガルド,https://scrydex.com/pokemon/cards/aegislash/xy1y_ja-40?variant=firstEdition
XY1-By,0f0b8f32-db0e-4bf1-9a12-e6692554debb,41,Aegislash,ギルガルド,https://scrydex.com/pokemon/cards/aegislash/xy1y_ja-41?variant=firstEditionHolofoil
XY1-By,0f0b8f32-db0e-4bf1-9a12-e6692554debb,42,Jigglypuff,プリン,https://scrydex.com/pokemon/cards/jigglypuff/xy1y_ja-42?variant=firstEdition
XY1-By,0f0b8f32-db0e-4bf1-9a12-e6692554debb,43,Wigglytuff,プクリン,https://scrydex.com/pokemon/cards/wigglytuff/xy1y_ja-43?variant=firstEdition
XY1-By,0f0b8f32-db0e-4bf1-9a12-e6692554debb,44,Spritzee,シュシュプ,https://scrydex.com/pokemon/cards/spritzee/xy1y_ja-44?variant=firstEdition
XY1-By,0f0b8f32-db0e-4bf1-9a12-e6692554debb,45,Aromatisse,フレフワン,https://scrydex.com/pokemon/cards/aromatisse/xy1y_ja-45?variant=firstEditionHolofoil
XY1-By,0f0b8f32-db0e-4bf1-9a12-e6692554debb,46,Doduo,ドードー,https://scrydex.com/pokemon/cards/doduo/xy1y_ja-46?variant=firstEdition
XY1-By,0f0b8f32-db0e-4bf1-9a12-e6692554debb,47,Dodrio,ドードリオ,https://scrydex.com/pokemon/cards/dodrio/xy1y_ja-47?variant=firstEdition
XY1-By,0f0b8f32-db0e-4bf1-9a12-e6692554debb,48,Skitty,エネコ,https://scrydex.com/pokemon/cards/skitty/xy1y_ja-48?variant=firstEdition
XY1-By,0f0b8f32-db0e-4bf1-9a12-e6692554debb,49,Delcatty,エネコロロ,https://scrydex.com/pokemon/cards/delcatty/xy1y_ja-49?variant=firstEdition
XY1-By,0f0b8f32-db0e-4bf1-9a12-e6692554debb,50,Bidoof,ビッパ,https://scrydex.com/pokemon/cards/bidoof/xy1y_ja-50?variant=firstEdition
XY1-By,0f0b8f32-db0e-4bf1-9a12-e6692554debb,51,Bibarel,ビーダル,https://scrydex.com/pokemon/cards/bibarel/xy1y_ja-51?variant=firstEdition
XY1-By,0f0b8f32-db0e-4bf1-9a12-e6692554debb,52,Fletchling,ヤヤコマ,https://scrydex.com/pokemon/cards/fletchling/xy1y_ja-52?variant=firstEdition
XY1-By,0f0b8f32-db0e-4bf1-9a12-e6692554debb,53,Furfrou,トリミアン,https://scrydex.com/pokemon/cards/furfrou/xy1y_ja-53?variant=firstEditionHolofoil
XY1-By,0f0b8f32-db0e-4bf1-9a12-e6692554debb,54,Super Potion,いいきずぐすり,https://scrydex.com/pokemon/cards/super-potion/xy1y_ja-54?variant=firstEdition
XY1-By,0f0b8f32-db0e-4bf1-9a12-e6692554debb,55,Professor's Letter,はかせのてがみ,https://scrydex.com/pokemon/cards/professors-letter/xy1y_ja-55?variant=firstEdition
XY1-By,0f0b8f32-db0e-4bf1-9a12-e6692554debb,56,Red Card,レッドカード,https://scrydex.com/pokemon/cards/red-card/xy1y_ja-56?variant=firstEdition
XY1-By,0f0b8f32-db0e-4bf1-9a12-e6692554debb,57,Hard Charm,かたいおまもり,https://scrydex.com/pokemon/cards/hard-charm/xy1y_ja-57?variant=firstEdition
XY1-By,0f0b8f32-db0e-4bf1-9a12-e6692554debb,58,Cassius,クロケア,https://scrydex.com/pokemon/cards/cassius/xy1y_ja-58?variant=firstEdition
XY1-By,0f0b8f32-db0e-4bf1-9a12-e6692554debb,59,Tierno,ティエルノ,https://scrydex.com/pokemon/cards/tierno/xy1y_ja-59?variant=firstEdition
XY1-By,0f0b8f32-db0e-4bf1-9a12-e6692554debb,60,Double Colorless Energy,ダブル無色エネルギー,https://scrydex.com/pokemon/cards/double-colorless-energy/xy1y_ja-60?variant=firstEdition
XY1-By,0f0b8f32-db0e-4bf1-9a12-e6692554debb,61,Blastoise-EX,カメックスEX,https://scrydex.com/pokemon/cards/blastoise-ex/xy1y_ja-61?variant=firstEditionHolofoil
XY1-By,0f0b8f32-db0e-4bf1-9a12-e6692554debb,62,Emolga-EX,エモンガEX,https://scrydex.com/pokemon/cards/emolga-ex/xy1y_ja-62?variant=firstEditionHolofoil
XY1-By,0f0b8f32-db0e-4bf1-9a12-e6692554debb,63,Yveltal-EX,イベルタルEX,https://scrydex.com/pokemon/cards/yveltal-ex/xy1y_ja-63?variant=firstEditionHolofoil
XY2,6ba347c2-db70-4a00-bd67-01f48ceff2f5,1,Caterpie,キャタピー,https://scrydex.com/pokemon/cards/caterpie/xy2_ja-1?variant=firstEdition
XY2,6ba347c2-db70-4a00-bd67-01f48ceff2f5,2,Metapod,トランセル,https://scrydex.com/pokemon/cards/metapod/xy2_ja-2?variant=firstEdition
XY2,6ba347c2-db70-4a00-bd67-01f48ceff2f5,3,Butterfree,バタフリー,https://scrydex.com/pokemon/cards/butterfree/xy2_ja-3?variant=firstEdition
XY2,6ba347c2-db70-4a00-bd67-01f48ceff2f5,4,Pineco,クヌギダマ,https://scrydex.com/pokemon/cards/pineco/xy2_ja-4?variant=firstEdition
XY2,6ba347c2-db70-4a00-bd67-01f48ceff2f5,5,Seedot,タネボー,https://scrydex.com/pokemon/cards/seedot/xy2_ja-5?variant=firstEdition
XY2,6ba347c2-db70-4a00-bd67-01f48ceff2f5,6,Nuzleaf,コノハナ,https://scrydex.com/pokemon/cards/nuzleaf/xy2_ja-6?variant=firstEdition
XY2,6ba347c2-db70-4a00-bd67-01f48ceff2f5,7,Shiftry,ダーテング,https://scrydex.com/pokemon/cards/shiftry/xy2_ja-7?variant=firstEditionHolofoil
XY2,6ba347c2-db70-4a00-bd67-01f48ceff2f5,8,Roselia,ロゼリア,https://scrydex.com/pokemon/cards/roselia/xy2_ja-8?variant=firstEdition
XY2,6ba347c2-db70-4a00-bd67-01f48ceff2f5,9,Roserade,ロズレイド,https://scrydex.com/pokemon/cards/roserade/xy2_ja-9?variant=firstEdition
XY2,6ba347c2-db70-4a00-bd67-01f48ceff2f5,10,Maractus,マラカッチ,https://scrydex.com/pokemon/cards/maractus/xy2_ja-10?variant=firstEdition
XY2,6ba347c2-db70-4a00-bd67-01f48ceff2f5,11,Charizard-EX,リザードンEX,https://scrydex.com/pokemon/cards/charizard-ex/xy2_ja-11?variant=firstEditionHolofoil
XY2,6ba347c2-db70-4a00-bd67-01f48ceff2f5,12,Ponyta,ポニータ,https://scrydex.com/pokemon/cards/ponyta/xy2_ja-12?variant=firstEdition
XY2,6ba347c2-db70-4a00-bd67-01f48ceff2f5,13,Rapidash,ギャロップ,https://scrydex.com/pokemon/cards/rapidash/xy2_ja-13?variant=firstEdition
XY2,6ba347c2-db70-4a00-bd67-01f48ceff2f5,14,Litleo,シシコ,https://scrydex.com/pokemon/cards/litleo/xy2_ja-14?variant=firstEdition
XY2,6ba347c2-db70-4a00-bd67-01f48ceff2f5,15,Pyroar,カエンジシ,https://scrydex.com/pokemon/cards/pyroar/xy2_ja-15?variant=firstEditionHolofoil
XY2,6ba347c2-db70-4a00-bd67-01f48ceff2f5,16,Qwilfish,ハリーセン,https://scrydex.com/pokemon/cards/qwilfish/xy2_ja-16?variant=firstEdition
XY2,6ba347c2-db70-4a00-bd67-01f48ceff2f5,17,Feebas,ヒンバス,https://scrydex.com/pokemon/cards/feebas/xy2_ja-17?variant=firstEdition
XY2,6ba347c2-db70-4a00-bd67-01f48ceff2f5,18,Milotic,ミロカロス,https://scrydex.com/pokemon/cards/milotic/xy2_ja-18?variant=firstEditionHolofoil
XY2,6ba347c2-db70-4a00-bd67-01f48ceff2f5,19,Spheal,タマザラシ,https://scrydex.com/pokemon/cards/spheal/xy2_ja-19?variant=firstEdition
XY2,6ba347c2-db70-4a00-bd67-01f48ceff2f5,20,Sealeo,トドグラー,https://scrydex.com/pokemon/cards/sealeo/xy2_ja-20?variant=firstEdition
XY2,6ba347c2-db70-4a00-bd67-01f48ceff2f5,21,Walrein,トドゼルガ,https://scrydex.com/pokemon/cards/walrein/xy2_ja-21?variant=firstEdition
XY2,6ba347c2-db70-4a00-bd67-01f48ceff2f5,22,Luvdisc,ラブカス,https://scrydex.com/pokemon/cards/luvdisc/xy2_ja-22?variant=firstEdition
XY2,6ba347c2-db70-4a00-bd67-01f48ceff2f5,23,Buizel,ブイゼル,https://scrydex.com/pokemon/cards/buizel/xy2_ja-23?variant=firstEdition
XY2,6ba347c2-db70-4a00-bd67-01f48ceff2f5,24,Floatzel,フローゼル,https://scrydex.com/pokemon/cards/floatzel/xy2_ja-24?variant=firstEdition
XY2,6ba347c2-db70-4a00-bd67-01f48ceff2f5,25,Bergmite,カチコール,https://scrydex.com/pokemon/cards/bergmite/xy2_ja-25?variant=firstEdition
XY2,6ba347c2-db70-4a00-bd67-01f48ceff2f5,26,Avalugg,クレベース,https://scrydex.com/pokemon/cards/avalugg/xy2_ja-26?variant=firstEdition
XY2,6ba347c2-db70-4a00-bd67-01f48ceff2f5,27,Shinx,コリンク,https://scrydex.com/pokemon/cards/shinx/xy2_ja-27?variant=firstEdition
XY2,6ba347c2-db70-4a00-bd67-01f48ceff2f5,28,Luxio,ルクシオ,https://scrydex.com/pokemon/cards/luxio/xy2_ja-28?variant=firstEdition
XY2,6ba347c2-db70-4a00-bd67-01f48ceff2f5,29,Luxray,レントラー,https://scrydex.com/pokemon/cards/luxray/xy2_ja-29?variant=firstEdition
XY2,6ba347c2-db70-4a00-bd67-01f48ceff2f5,30,Magnezone-EX,ジバコイルEX,https://scrydex.com/pokemon/cards/magnezone-ex/xy2_ja-30?variant=firstEditionHolofoil
XY2,6ba347c2-db70-4a00-bd67-01f48ceff2f5,31,Helioptile,エリキテル,https://scrydex.com/pokemon/cards/helioptile/xy2_ja-31?variant=firstEdition
XY2,6ba347c2-db70-4a00-bd67-01f48ceff2f5,32,Heliolisk,エレザード,https://scrydex.com/pokemon/cards/heliolisk/xy2_ja-32?variant=firstEditionHolofoil
XY2,6ba347c2-db70-4a00-bd67-01f48ceff2f5,33,Duskull,ヨマワル,https://scrydex.com/pokemon/cards/duskull/xy2_ja-33?variant=firstEdition
XY2,6ba347c2-db70-4a00-bd67-01f48ceff2f5,34,Dusclops,サマヨール,https://scrydex.com/pokemon/cards/dusclops/xy2_ja-34?variant=firstEdition
XY2,6ba347c2-db70-4a00-bd67-01f48ceff2f5,35,Dusknoir,ヨノワール,https://scrydex.com/pokemon/cards/dusknoir/xy2_ja-35?variant=firstEditionHolofoil
XY2,6ba347c2-db70-4a00-bd67-01f48ceff2f5,36,Toxicroak-EX,ドクロッグEX,https://scrydex.com/pokemon/cards/toxicroak-ex/xy2_ja-36?variant=firstEditionHolofoil
XY2,6ba347c2-db70-4a00-bd67-01f48ceff2f5,37,Espurr,ニャスパー,https://scrydex.com/pokemon/cards/espurr/xy2_ja-37?variant=firstEdition
XY2,6ba347c2-db70-4a00-bd67-01f48ceff2f5,38,Meowstic,ニャオニクス,https://scrydex.com/pokemon/cards/meowstic/xy2_ja-38?variant=firstEditionHolofoil
XY2,6ba347c2-db70-4a00-bd67-01f48ceff2f5,39,Skrelp,クズモー,https://scrydex.com/pokemon/cards/skrelp/xy2_ja-39?variant=firstEdition
XY2,6ba347c2-db70-4a00-bd67-01f48ceff2f5,40,Geodude,イシツブテ,https://scrydex.com/pokemon/cards/geodude/xy2_ja-40?variant=firstEdition
XY2,6ba347c2-db70-4a00-bd67-01f48ceff2f5,41,Graveler,ゴローン,https://scrydex.com/pokemon/cards/graveler/xy2_ja-41?variant=firstEdition
XY2,6ba347c2-db70-4a00-bd67-01f48ceff2f5,42,Golem,ゴローニャ,https://scrydex.com/pokemon/cards/golem/xy2_ja-42?variant=firstEdition
XY2,6ba347c2-db70-4a00-bd67-01f48ceff2f5,43,Binacle,カメテテ,https://scrydex.com/pokemon/cards/binacle/xy2_ja-43?variant=firstEdition
XY2,6ba347c2-db70-4a00-bd67-01f48ceff2f5,44,Barbaracle,ガメノデス,https://scrydex.com/pokemon/cards/barbaracle/xy2_ja-44?variant=firstEdition
XY2,6ba347c2-db70-4a00-bd67-01f48ceff2f5,45,Sneasel,ニューラ,https://scrydex.com/pokemon/cards/sneasel/xy2_ja-45?variant=firstEdition
XY2,6ba347c2-db70-4a00-bd67-01f48ceff2f5,46,Weavile,マニューラ,https://scrydex.com/pokemon/cards/weavile/xy2_ja-46?variant=firstEdition
XY2,6ba347c2-db70-4a00-bd67-01f48ceff2f5,47,Stunky,スカンプー,https://scrydex.com/pokemon/cards/stunky/xy2_ja-47?variant=firstEdition
XY2,6ba347c2-db70-4a00-bd67-01f48ceff2f5,48,Skuntank,スカタンク,https://scrydex.com/pokemon/cards/skuntank/xy2_ja-48?variant=firstEdition
XY2,6ba347c2-db70-4a00-bd67-01f48ceff2f5,49,Forretress,フォレトス,https://scrydex.com/pokemon/cards/forretress/xy2_ja-49?variant=firstEdition
XY2,6ba347c2-db70-4a00-bd67-01f48ceff2f5,50,Durant,アイアント,https://scrydex.com/pokemon/cards/durant/xy2_ja-50?variant=firstEdition
XY2,6ba347c2-db70-4a00-bd67-01f48ceff2f5,51,Flabébé,フラベベ,https://scrydex.com/pokemon/cards/flabb/xy2_ja-51?variant=firstEdition
XY2,6ba347c2-db70-4a00-bd67-01f48ceff2f5,52,Floette,フラエッテ,https://scrydex.com/pokemon/cards/floette/xy2_ja-52?variant=firstEdition
XY2,6ba347c2-db70-4a00-bd67-01f48ceff2f5,53,Florges,フラージェス,https://scrydex.com/pokemon/cards/florges/xy2_ja-53?variant=firstEditionHolofoil
XY2,6ba347c2-db70-4a00-bd67-01f48ceff2f5,54,Carbink,メレシー,https://scrydex.com/pokemon/cards/carbink/xy2_ja-54?variant=firstEditionHolofoil
XY2,6ba347c2-db70-4a00-bd67-01f48ceff2f5,55,M Charizard-EX,megaリザードンEX,https://scrydex.com/pokemon/cards/m-charizard-ex/xy2_ja-55?variant=firstEditionHolofoil
XY2,6ba347c2-db70-4a00-bd67-01f48ceff2f5,56,Druddigon,クリムガン,https://scrydex.com/pokemon/cards/druddigon/xy2_ja-56?variant=firstEditionHolofoil
XY2,6ba347c2-db70-4a00-bd67-01f48ceff2f5,57,Dragalge,ドラミドロ,https://scrydex.com/pokemon/cards/dragalge/xy2_ja-57?variant=firstEdition
XY2,6ba347c2-db70-4a00-bd67-01f48ceff2f5,58,Goomy,ヌメラ,https://scrydex.com/pokemon/cards/goomy/xy2_ja-58?variant=firstEdition
XY2,6ba347c2-db70-4a00-bd67-01f48ceff2f5,59,Sliggoo,ヌメイル,https://scrydex.com/pokemon/cards/sliggoo/xy2_ja-59?variant=firstEdition
XY2,6ba347c2-db70-4a00-bd67-01f48ceff2f5,60,Goodra,ヌメルゴン,https://scrydex.com/pokemon/cards/goodra/xy2_ja-60?variant=firstEditionHolofoil
XY2,6ba347c2-db70-4a00-bd67-01f48ceff2f5,61,Pidgey,ポッポ,https://scrydex.com/pokemon/cards/pidgey/xy2_ja-61?variant=firstEdition
XY2,6ba347c2-db70-4a00-bd67-01f48ceff2f5,62,Pidgeotto,ピジョン,https://scrydex.com/pokemon/cards/pidgeotto/xy2_ja-62?variant=firstEdition
XY2,6ba347c2-db70-4a00-bd67-01f48ceff2f5,63,Pidgeot,ピジョット,https://scrydex.com/pokemon/cards/pidgeot/xy2_ja-63?variant=firstEdition
XY2,6ba347c2-db70-4a00-bd67-01f48ceff2f5,64,Kangaskhan-EX,ガルーラEX,https://scrydex.com/pokemon/cards/kangaskhan-ex/xy2_ja-64?variant=firstEditionHolofoil
XY2,6ba347c2-db70-4a00-bd67-01f48ceff2f5,65,M Kangaskhan-EX,megaガルーラEX,https://scrydex.com/pokemon/cards/m-kangaskhan-ex/xy2_ja-65?variant=firstEditionHolofoil
XY2,6ba347c2-db70-4a00-bd67-01f48ceff2f5,66,Snorlax,カビゴン,https://scrydex.com/pokemon/cards/snorlax/xy2_ja-66?variant=firstEdition
XY2,6ba347c2-db70-4a00-bd67-01f48ceff2f5,67,Sentret,オタチ,https://scrydex.com/pokemon/cards/sentret/xy2_ja-67?variant=firstEdition
XY2,6ba347c2-db70-4a00-bd67-01f48ceff2f5,68,Furret,オオタチ,https://scrydex.com/pokemon/cards/furret/xy2_ja-68?variant=firstEdition
XY2,6ba347c2-db70-4a00-bd67-01f48ceff2f5,69,Miltank,ミルタンク,https://scrydex.com/pokemon/cards/miltank/xy2_ja-69?variant=firstEdition
XY2,6ba347c2-db70-4a00-bd67-01f48ceff2f5,70,Buneary,ミミロル,https://scrydex.com/pokemon/cards/buneary/xy2_ja-70?variant=firstEdition
XY2,6ba347c2-db70-4a00-bd67-01f48ceff2f5,71,Lopunny,ミミロップ,https://scrydex.com/pokemon/cards/lopunny/xy2_ja-71?variant=firstEdition
XY2,6ba347c2-db70-4a00-bd67-01f48ceff2f5,72,Trick Shovel,いたずらスコップ,https://scrydex.com/pokemon/cards/trick-shovel/xy2_ja-72?variant=firstEdition
XY2,6ba347c2-db70-4a00-bd67-01f48ceff2f5,73,Sacred Ash,せいなるはい,https://scrydex.com/pokemon/cards/sacred-ash/xy2_ja-73?variant=firstEdition
XY2,6ba347c2-db70-4a00-bd67-01f48ceff2f5,74,Startling Megaphone,びっくりメガホン,https://scrydex.com/pokemon/cards/startling-megaphone/xy2_ja-74?variant=firstEdition
XY2,6ba347c2-db70-4a00-bd67-01f48ceff2f5,75,Fiery Torch,炎のトーチ,https://scrydex.com/pokemon/cards/fiery-torch/xy2_ja-75?variant=firstEdition
XY2,6ba347c2-db70-4a00-bd67-01f48ceff2f5,76,Protection Cube,プロテクトキューブ,https://scrydex.com/pokemon/cards/protection-cube/xy2_ja-76?variant=firstEdition
XY2,6ba347c2-db70-4a00-bd67-01f48ceff2f5,77,Lysandre,フラダリ,https://scrydex.com/pokemon/cards/lysandre/xy2_ja-77?variant=firstEdition
XY2,6ba347c2-db70-4a00-bd67-01f48ceff2f5,78,Pokémon Center Lady,ポケモンセンターのお姉さん,https://scrydex.com/pokemon/cards/pokmon-center-lady/xy2_ja-78?variant=firstEdition
XY2,6ba347c2-db70-4a00-bd67-01f48ceff2f5,79,Pokémon Fan Club,ポケモンだいすきクラブ,https://scrydex.com/pokemon/cards/pokmon-fan-club/xy2_ja-79?variant=firstEdition
XY2,6ba347c2-db70-4a00-bd67-01f48ceff2f5,80,Magnetic Storm,磁気嵐,https://scrydex.com/pokemon/cards/magnetic-storm/xy2_ja-80?variant=firstEdition
XY2,6ba347c2-db70-4a00-bd67-01f48ceff2f5,81,Charizard-EX,リザードンEX,https://scrydex.com/pokemon/cards/charizard-ex/xy2_ja-81?variant=firstEditionHolofoil
XY2,6ba347c2-db70-4a00-bd67-01f48ceff2f5,82,Magnezone-EX,ジバコイルEX,https://scrydex.com/pokemon/cards/magnezone-ex/xy2_ja-82?variant=firstEditionHolofoil
XY2,6ba347c2-db70-4a00-bd67-01f48ceff2f5,83,Toxicroak-EX,ドクロッグEX,https://scrydex.com/pokemon/cards/toxicroak-ex/xy2_ja-83?variant=firstEditionHolofoil
XY2,6ba347c2-db70-4a00-bd67-01f48ceff2f5,84,Kangaskhan-EX,ガルーラEX,https://scrydex.com/pokemon/cards/kangaskhan-ex/xy2_ja-84?variant=firstEditionHolofoil
XY2,6ba347c2-db70-4a00-bd67-01f48ceff2f5,85,Lysandre,フラダリ,https://scrydex.com/pokemon/cards/lysandre/xy2_ja-85?variant=firstEditionHolofoil
XY2,6ba347c2-db70-4a00-bd67-01f48ceff2f5,86,Pokémon Center Lady,ポケモンセンターのお姉さん,https://scrydex.com/pokemon/cards/pokmon-center-lady/xy2_ja-86?variant=firstEditionHolofoil
XY2,6ba347c2-db70-4a00-bd67-01f48ceff2f5,87,Pokémon Fan Club,ポケモンだいすきクラブ,https://scrydex.com/pokemon/cards/pokmon-fan-club/xy2_ja-87?variant=firstEditionHolofoil
XY2,6ba347c2-db70-4a00-bd67-01f48ceff2f5,88,M Charizard-EX,megaリザードンEX,https://scrydex.com/pokemon/cards/m-charizard-ex/xy2_ja-88?variant=firstEditionHolofoil
XY2,6ba347c2-db70-4a00-bd67-01f48ceff2f5,89,M Charizard-EX,megaリザードンEX,https://scrydex.com/pokemon/cards/m-charizard-ex/xy2_ja-89?variant=firstEditionHolofoil
XY2,6ba347c2-db70-4a00-bd67-01f48ceff2f5,90,M Kangaskhan-EX,megaガルーラEX,https://scrydex.com/pokemon/cards/m-kangaskhan-ex/xy2_ja-90?variant=firstEditionHolofoil
XY4,c5895636-5372-42da-a880-777a0a52416a,1,Venonat,コンパン,https://scrydex.com/pokemon/cards/venonat/xy4_ja-1?variant=firstEdition
XY4,c5895636-5372-42da-a880-777a0a52416a,2,Venomoth,モルフォン,https://scrydex.com/pokemon/cards/venomoth/xy4_ja-2?variant=firstEdition
XY4,c5895636-5372-42da-a880-777a0a52416a,3,Yanma,ヤンヤンマ,https://scrydex.com/pokemon/cards/yanma/xy4_ja-3?variant=firstEdition
XY4,c5895636-5372-42da-a880-777a0a52416a,4,Yanmega,メガヤンマ,https://scrydex.com/pokemon/cards/yanmega/xy4_ja-4?variant=firstEdition
XY4,c5895636-5372-42da-a880-777a0a52416a,5,Sewaddle,クルミル,https://scrydex.com/pokemon/cards/sewaddle/xy4_ja-5?variant=firstEdition
XY4,c5895636-5372-42da-a880-777a0a52416a,6,Swadloon,クルマユ,https://scrydex.com/pokemon/cards/swadloon/xy4_ja-6?variant=firstEdition
XY4,c5895636-5372-42da-a880-777a0a52416a,7,Leavanny,ハハコモリ,https://scrydex.com/pokemon/cards/leavanny/xy4_ja-7?variant=firstEdition
XY4,c5895636-5372-42da-a880-777a0a52416a,8,Karrablast,カブルモ,https://scrydex.com/pokemon/cards/karrablast/xy4_ja-8?variant=firstEdition
XY4,c5895636-5372-42da-a880-777a0a52416a,9,Fletchinder,ヒノヤコマ,https://scrydex.com/pokemon/cards/fletchinder/xy4_ja-9?variant=firstEdition
XY4,c5895636-5372-42da-a880-777a0a52416a,10,Talonflame,ファイアロー,https://scrydex.com/pokemon/cards/talonflame/xy4_ja-10?variant=firstEdition
XY4,c5895636-5372-42da-a880-777a0a52416a,11,Litleo,シシコ,https://scrydex.com/pokemon/cards/litleo/xy4_ja-11?variant=firstEdition
XY4,c5895636-5372-42da-a880-777a0a52416a,12,Pyroar,カエンジシ,https://scrydex.com/pokemon/cards/pyroar/xy4_ja-12?variant=firstEditionHolofoil
XY4,c5895636-5372-42da-a880-777a0a52416a,13,Krabby,クラブ,https://scrydex.com/pokemon/cards/krabby/xy4_ja-13?variant=firstEdition
XY4,c5895636-5372-42da-a880-777a0a52416a,14,Kingler,キングラー,https://scrydex.com/pokemon/cards/kingler/xy4_ja-14?variant=firstEdition
XY4,c5895636-5372-42da-a880-777a0a52416a,15,Totodile,ワニノコ,https://scrydex.com/pokemon/cards/totodile/xy4_ja-15?variant=firstEdition
XY4,c5895636-5372-42da-a880-777a0a52416a,16,Croconaw,アリゲイツ,https://scrydex.com/pokemon/cards/croconaw/xy4_ja-16?variant=firstEdition
XY4,c5895636-5372-42da-a880-777a0a52416a,17,Feraligatr,オーダイル,https://scrydex.com/pokemon/cards/feraligatr/xy4_ja-17?variant=firstEditionHolofoil
XY4,c5895636-5372-42da-a880-777a0a52416a,18,Finneon,ケイコウオ,https://scrydex.com/pokemon/cards/finneon/xy4_ja-18?variant=firstEdition
XY4,c5895636-5372-42da-a880-777a0a52416a,19,Lumineon,ネオラント,https://scrydex.com/pokemon/cards/lumineon/xy4_ja-19?variant=firstEdition
XY4,c5895636-5372-42da-a880-777a0a52416a,20,Frillish,プルリル,https://scrydex.com/pokemon/cards/frillish/xy4_ja-20?variant=firstEdition
XY4,c5895636-5372-42da-a880-777a0a52416a,21,Jellicent,ブルンゲル,https://scrydex.com/pokemon/cards/jellicent/xy4_ja-21?variant=firstEdition
XY4,c5895636-5372-42da-a880-777a0a52416a,22,Alomomola,ママンボウ,https://scrydex.com/pokemon/cards/alomomola/xy4_ja-22?variant=firstEdition
XY4,c5895636-5372-42da-a880-777a0a52416a,23,Manectric-EX,ライボルトEX,https://scrydex.com/pokemon/cards/manectric-ex/xy4_ja-23?variant=firstEditionHolofoil
XY4,c5895636-5372-42da-a880-777a0a52416a,24,M Manectric-EX,megaライボルトEX,https://scrydex.com/pokemon/cards/m-manectric-ex/xy4_ja-24?variant=firstEditionHolofoil
XY4,c5895636-5372-42da-a880-777a0a52416a,25,Pachirisu,パチリス,https://scrydex.com/pokemon/cards/pachirisu/xy4_ja-25?variant=firstEdition
XY4,c5895636-5372-42da-a880-777a0a52416a,26,Joltik,バチュル,https://scrydex.com/pokemon/cards/joltik/xy4_ja-26?variant=firstEdition
XY4,c5895636-5372-42da-a880-777a0a52416a,27,Galvantula,デンチュラ,https://scrydex.com/pokemon/cards/galvantula/xy4_ja-27?variant=firstEdition
XY4,c5895636-5372-42da-a880-777a0a52416a,28,Helioptile,エリキテル,https://scrydex.com/pokemon/cards/helioptile/xy4_ja-28?variant=firstEdition
XY4,c5895636-5372-42da-a880-777a0a52416a,29,Heliolisk,エレザード,https://scrydex.com/pokemon/cards/heliolisk/xy4_ja-29?variant=firstEditionHolofoil
XY4,c5895636-5372-42da-a880-777a0a52416a,30,Zubat,ズバット,https://scrydex.com/pokemon/cards/zubat/xy4_ja-30?variant=firstEdition
XY4,c5895636-5372-42da-a880-777a0a52416a,31,Golbat,ゴルバット,https://scrydex.com/pokemon/cards/golbat/xy4_ja-31?variant=firstEdition
XY4,c5895636-5372-42da-a880-777a0a52416a,32,Crobat,クロバット,https://scrydex.com/pokemon/cards/crobat/xy4_ja-32?variant=firstEdition
XY4,c5895636-5372-42da-a880-777a0a52416a,33,Gengar-EX,ゲンガーEX,https://scrydex.com/pokemon/cards/gengar-ex/xy4_ja-33?variant=firstEditionHolofoil
XY4,c5895636-5372-42da-a880-777a0a52416a,34,M Gengar-EX,megaゲンガーEX,https://scrydex.com/pokemon/cards/m-gengar-ex/xy4_ja-34?variant=firstEditionHolofoil
XY4,c5895636-5372-42da-a880-777a0a52416a,35,Wobbuffet,ソーナンス,https://scrydex.com/pokemon/cards/wobbuffet/xy4_ja-35?variant=firstEdition
XY4,c5895636-5372-42da-a880-777a0a52416a,36,Gulpin,ゴクリン,https://scrydex.com/pokemon/cards/gulpin/xy4_ja-36?variant=firstEdition
XY4,c5895636-5372-42da-a880-777a0a52416a,37,Swalot,マルノーム,https://scrydex.com/pokemon/cards/swalot/xy4_ja-37?variant=firstEdition
XY4,c5895636-5372-42da-a880-777a0a52416a,38,Munna,ムンナ,https://scrydex.com/pokemon/cards/munna/xy4_ja-38?variant=firstEdition
XY4,c5895636-5372-42da-a880-777a0a52416a,39,Musharna,ムシャーナ,https://scrydex.com/pokemon/cards/musharna/xy4_ja-39?variant=firstEdition
XY4,c5895636-5372-42da-a880-777a0a52416a,40,Litwick,ヒトモシ,https://scrydex.com/pokemon/cards/litwick/xy4_ja-40?variant=firstEdition
XY4,c5895636-5372-42da-a880-777a0a52416a,41,Lampent,ランプラー,https://scrydex.com/pokemon/cards/lampent/xy4_ja-41?variant=firstEdition
XY4,c5895636-5372-42da-a880-777a0a52416a,42,Chandelure,シャンデラ,https://scrydex.com/pokemon/cards/chandelure/xy4_ja-42?variant=firstEditionHolofoil
XY4,c5895636-5372-42da-a880-777a0a52416a,43,Pumpkaboo,バケッチャ,https://scrydex.com/pokemon/cards/pumpkaboo/xy4_ja-43?variant=firstEdition
XY4,c5895636-5372-42da-a880-777a0a52416a,44,Gourgeist,パンプジン,https://scrydex.com/pokemon/cards/gourgeist/xy4_ja-44?variant=firstEditionHolofoil
XY4,c5895636-5372-42da-a880-777a0a52416a,45,Gligar,グライガー,https://scrydex.com/pokemon/cards/gligar/xy4_ja-45?variant=firstEdition
XY4,c5895636-5372-42da-a880-777a0a52416a,46,Gliscor,グライオン,https://scrydex.com/pokemon/cards/gliscor/xy4_ja-46?variant=firstEdition
XY4,c5895636-5372-42da-a880-777a0a52416a,47,Roggenrola,ダンゴロ,https://scrydex.com/pokemon/cards/roggenrola/xy4_ja-47?variant=firstEdition
XY4,c5895636-5372-42da-a880-777a0a52416a,48,Boldore,ガントル,https://scrydex.com/pokemon/cards/boldore/xy4_ja-48?variant=firstEdition
XY4,c5895636-5372-42da-a880-777a0a52416a,49,Gigalith,ギガイアス,https://scrydex.com/pokemon/cards/gigalith/xy4_ja-49?variant=firstEditionHolofoil
XY4,c5895636-5372-42da-a880-777a0a52416a,50,Murkrow,ヤミカラス,https://scrydex.com/pokemon/cards/murkrow/xy4_ja-50?variant=firstEdition
XY4,c5895636-5372-42da-a880-777a0a52416a,51,Honchkrow,ドンカラス,https://scrydex.com/pokemon/cards/honchkrow/xy4_ja-51?variant=firstEdition
XY4,c5895636-5372-42da-a880-777a0a52416a,52,Poochyena,ポチエナ,https://scrydex.com/pokemon/cards/poochyena/xy4_ja-52?variant=firstEdition
XY4,c5895636-5372-42da-a880-777a0a52416a,53,Mightyena,グラエナ,https://scrydex.com/pokemon/cards/mightyena/xy4_ja-53?variant=firstEdition
XY4,c5895636-5372-42da-a880-777a0a52416a,54,Spiritomb,ミカルゲ,https://scrydex.com/pokemon/cards/spiritomb/xy4_ja-54?variant=firstEdition
XY4,c5895636-5372-42da-a880-777a0a52416a,55,Purrloin,チョロネコ,https://scrydex.com/pokemon/cards/purrloin/xy4_ja-55?variant=firstEdition
XY4,c5895636-5372-42da-a880-777a0a52416a,56,Liepard,レパルダス,https://scrydex.com/pokemon/cards/liepard/xy4_ja-56?variant=firstEdition
XY4,c5895636-5372-42da-a880-777a0a52416a,57,Malamar-EX,カラマネロEX,https://scrydex.com/pokemon/cards/malamar-ex/xy4_ja-57?variant=firstEditionHolofoil
XY4,c5895636-5372-42da-a880-777a0a52416a,60,Florges-EX,フラージェスEX,https://scrydex.com/pokemon/cards/florges-ex/xy4_ja-60?variant=firstEditionHolofoil
XY4,c5895636-5372-42da-a880-777a0a52416a,61,Swirlix,ペロッパフ,https://scrydex.com/pokemon/cards/swirlix/xy4_ja-61?variant=firstEdition
XY4,c5895636-5372-42da-a880-777a0a52416a,62,Slurpuff,ペロリーム,https://scrydex.com/pokemon/cards/slurpuff/xy4_ja-62?variant=firstEditionHolofoil
XY4,c5895636-5372-42da-a880-777a0a52416a,63,Deino,モノズ,https://scrydex.com/pokemon/cards/deino/xy4_ja-63?variant=firstEdition
XY4,c5895636-5372-42da-a880-777a0a52416a,64,Zweilous,ジヘッド,https://scrydex.com/pokemon/cards/zweilous/xy4_ja-64?variant=firstEdition
XY4,c5895636-5372-42da-a880-777a0a52416a,65,Hydreigon,サザンドラ,https://scrydex.com/pokemon/cards/hydreigon/xy4_ja-65?variant=firstEditionHolofoil
XY4,c5895636-5372-42da-a880-777a0a52416a,66,Spearow,オニスズメ,https://scrydex.com/pokemon/cards/spearow/xy4_ja-66?variant=firstEdition
XY4,c5895636-5372-42da-a880-777a0a52416a,67,Fearow,オニドリル,https://scrydex.com/pokemon/cards/fearow/xy4_ja-67?variant=firstEdition
XY4,c5895636-5372-42da-a880-777a0a52416a,68,Chansey,ラッキー,https://scrydex.com/pokemon/cards/chansey/xy4_ja-68?variant=firstEdition
XY4,c5895636-5372-42da-a880-777a0a52416a,69,Blissey,ハピナス,https://scrydex.com/pokemon/cards/blissey/xy4_ja-69?variant=firstEdition
XY4,c5895636-5372-42da-a880-777a0a52416a,70,Girafarig,キリンリキ,https://scrydex.com/pokemon/cards/girafarig/xy4_ja-70?variant=firstEdition
XY4,c5895636-5372-42da-a880-777a0a52416a,71,Whismur,ゴニョニョ,https://scrydex.com/pokemon/cards/whismur/xy4_ja-71?variant=firstEdition
XY4,c5895636-5372-42da-a880-777a0a52416a,72,Loudred,ドゴーム,https://scrydex.com/pokemon/cards/loudred/xy4_ja-72?variant=firstEdition
XY4,c5895636-5372-42da-a880-777a0a52416a,73,Exploud,バクオング,https://scrydex.com/pokemon/cards/exploud/xy4_ja-73?variant=firstEdition
XY4,c5895636-5372-42da-a880-777a0a52416a,74,Regigigas,レジギガス,https://scrydex.com/pokemon/cards/regigigas/xy4_ja-74?variant=firstEditionHolofoil
XY4,c5895636-5372-42da-a880-777a0a52416a,75,Bunnelby,ホルビー,https://scrydex.com/pokemon/cards/bunnelby/xy4_ja-75?variant=firstEdition
XY4,c5895636-5372-42da-a880-777a0a52416a,76,Diggersby,ホルード,https://scrydex.com/pokemon/cards/diggersby/xy4_ja-76?variant=firstEdition
XY4,c5895636-5372-42da-a880-777a0a52416a,77,Fletchling,ヤヤコマ,https://scrydex.com/pokemon/cards/fletchling/xy4_ja-77?variant=firstEdition
XY4,c5895636-5372-42da-a880-777a0a52416a,78,Target Whistle,ターゲットホイッスル(フレア団ギア),https://scrydex.com/pokemon/cards/target-whistle/xy4_ja-78?variant=firstEdition
XY4,c5895636-5372-42da-a880-777a0a52416a,79,Battle Compressor,バトルコンプレッサー(フレア団ギア),https://scrydex.com/pokemon/cards/battle-compressor/xy4_ja-79?variant=firstEdition
XY4,c5895636-5372-42da-a880-777a0a52416a,80,Robo Substitute,みがわりロボ(フレア団ギア),https://scrydex.com/pokemon/cards/robo-substitute/xy4_ja-80?variant=firstEdition
XY4,c5895636-5372-42da-a880-777a0a52416a,81,Manectric Spirit Link,ライボルトソウルリンク,https://scrydex.com/pokemon/cards/manectric-spirit-link/xy4_ja-81?variant=firstEdition
XY4,c5895636-5372-42da-a880-777a0a52416a,82,Jamming Net,ジャミングネット(フレア団ハイパーギア),https://scrydex.com/pokemon/cards/jamming-net/xy4_ja-82?variant=firstEditionHolofoil
XY4,c5895636-5372-42da-a880-777a0a52416a,83,Head Ringer,ヘッドノイザー(フレア団ハイパーギア),https://scrydex.com/pokemon/cards/head-ringer/xy4_ja-83?variant=firstEditionHolofoil
XY4,c5895636-5372-42da-a880-777a0a52416a,84,AZ,AZ,https://scrydex.com/pokemon/cards/az/xy4_ja-84?variant=firstEdition
XY4,c5895636-5372-42da-a880-777a0a52416a,85,Xerosic,クセロシキ,https://scrydex.com/pokemon/cards/xerosic/xy4_ja-85?variant=firstEdition
XY4,c5895636-5372-42da-a880-777a0a52416a,86,Lysandre's Trump Card,フラダリの奥の手,https://scrydex.com/pokemon/cards/lysandres-trump-card/xy4_ja-86?variant=firstEdition
XY4,c5895636-5372-42da-a880-777a0a52416a,87,Dimension Valley,次元の谷,https://scrydex.com/pokemon/cards/dimension-valley/xy4_ja-87?variant=firstEdition
XY4,c5895636-5372-42da-a880-777a0a52416a,88,Mystery Energy,ミステリーエネルギー,https://scrydex.com/pokemon/cards/mystery-energy/xy4_ja-88?variant=firstEdition
XY4,c5895636-5372-42da-a880-777a0a52416a,89,Manectric-EX,ライボルトEX,https://scrydex.com/pokemon/cards/manectric-ex/xy4_ja-89?variant=firstEditionHolofoil
XY4,c5895636-5372-42da-a880-777a0a52416a,90,Gengar-EX,ゲンガーEX,https://scrydex.com/pokemon/cards/gengar-ex/xy4_ja-90?variant=firstEditionHolofoil
XY4,c5895636-5372-42da-a880-777a0a52416a,91,Malamar-EX,カラマネロEX,https://scrydex.com/pokemon/cards/malamar-ex/xy4_ja-91?variant=firstEditionHolofoil
XY4,c5895636-5372-42da-a880-777a0a52416a,92,Florges-EX,フラージェスEX,https://scrydex.com/pokemon/cards/florges-ex/xy4_ja-92?variant=firstEditionHolofoil
XY4,c5895636-5372-42da-a880-777a0a52416a,93,AZ,AZ,https://scrydex.com/pokemon/cards/az/xy4_ja-93?variant=firstEditionHolofoil
XY4,c5895636-5372-42da-a880-777a0a52416a,94,Xerosic,クセロシキ,https://scrydex.com/pokemon/cards/xerosic/xy4_ja-94?variant=firstEditionHolofoil
XY4,c5895636-5372-42da-a880-777a0a52416a,95,Lysandre's Trump Card,フラダリの奥の手,https://scrydex.com/pokemon/cards/lysandres-trump-card/xy4_ja-95?variant=firstEditionHolofoil
XY4,c5895636-5372-42da-a880-777a0a52416a,96,M Manectric-EX,megaライボルトEX,https://scrydex.com/pokemon/cards/m-manectric-ex/xy4_ja-96?variant=firstEditionHolofoil
XY4,c5895636-5372-42da-a880-777a0a52416a,97,M Gengar-EX,megaゲンガーEX,https://scrydex.com/pokemon/cards/m-gengar-ex/xy4_ja-97?variant=firstEditionHolofoil
XY5-Bt,a03039bf-3a15-4b15-9d4f-634488fa9e48,1,Weedle,ビードル,https://scrydex.com/pokemon/cards/weedle/xy5t_ja-1?variant=firstEdition
XY5-Bt,a03039bf-3a15-4b15-9d4f-634488fa9e48,2,Kakuna,コクーン,https://scrydex.com/pokemon/cards/kakuna/xy5t_ja-2?variant=firstEdition
XY5-Bt,a03039bf-3a15-4b15-9d4f-634488fa9e48,3,Beedrill,スピアー,https://scrydex.com/pokemon/cards/beedrill/xy5t_ja-3?variant=firstEdition
XY5-Bt,a03039bf-3a15-4b15-9d4f-634488fa9e48,4,Lotad,ハスボー,https://scrydex.com/pokemon/cards/lotad/xy5t_ja-4?variant=firstEdition
XY5-Bt,a03039bf-3a15-4b15-9d4f-634488fa9e48,5,Lombre,ハスブレロ,https://scrydex.com/pokemon/cards/lombre/xy5t_ja-5?variant=firstEdition
XY5-Bt,a03039bf-3a15-4b15-9d4f-634488fa9e48,6,Ludicolo,ルンパッパ,https://scrydex.com/pokemon/cards/ludicolo/xy5t_ja-6?variant=firstEditionHolofoil
XY5-Bt,a03039bf-3a15-4b15-9d4f-634488fa9e48,7,Surskit,アメタマ,https://scrydex.com/pokemon/cards/surskit/xy5t_ja-7?variant=firstEdition
XY5-Bt,a03039bf-3a15-4b15-9d4f-634488fa9e48,8,Masquerain,アメモース,https://scrydex.com/pokemon/cards/masquerain/xy5t_ja-8?variant=firstEdition
XY5-Bt,a03039bf-3a15-4b15-9d4f-634488fa9e48,9,Horsea,タッツー,https://scrydex.com/pokemon/cards/horsea/xy5t_ja-9?variant=firstEdition
XY5-Bt,a03039bf-3a15-4b15-9d4f-634488fa9e48,10,Seadra,シードラ,https://scrydex.com/pokemon/cards/seadra/xy5t_ja-10?variant=firstEdition
XY5-Bt,a03039bf-3a15-4b15-9d4f-634488fa9e48,11,Staryu,ヒトデマン,https://scrydex.com/pokemon/cards/staryu/xy5t_ja-11?variant=firstEdition
XY5-Bt,a03039bf-3a15-4b15-9d4f-634488fa9e48,12,Mudkip,ミズゴロウ,https://scrydex.com/pokemon/cards/mudkip/xy5t_ja-12?variant=firstEdition
XY5-Bt,a03039bf-3a15-4b15-9d4f-634488fa9e48,13,Marshtomp,ヌマクロー,https://scrydex.com/pokemon/cards/marshtomp/xy5t_ja-13?variant=firstEdition
XY5-Bt,a03039bf-3a15-4b15-9d4f-634488fa9e48,14,Swampert,ラグラージ,https://scrydex.com/pokemon/cards/swampert/xy5t_ja-14?variant=firstEdition
XY5-Bt,a03039bf-3a15-4b15-9d4f-634488fa9e48,15,Swampert,ラグラージ,https://scrydex.com/pokemon/cards/swampert/xy5t_ja-15?variant=firstEditionHolofoil
XY5-Bt,a03039bf-3a15-4b15-9d4f-634488fa9e48,16,Ludicolo,ルンパッパ,https://scrydex.com/pokemon/cards/ludicolo/xy5t_ja-16?variant=firstEdition
XY5-Bt,a03039bf-3a15-4b15-9d4f-634488fa9e48,17,Wailord-EX,ホエルオーEX,https://scrydex.com/pokemon/cards/wailord-ex/xy5t_ja-17?variant=firstEditionHolofoil
XY5-Bt,a03039bf-3a15-4b15-9d4f-634488fa9e48,18,Barboach,ドジョッチ,https://scrydex.com/pokemon/cards/barboach/xy5t_ja-18?variant=firstEdition
XY5-Bt,a03039bf-3a15-4b15-9d4f-634488fa9e48,19,Whiscash,ナマズン,https://scrydex.com/pokemon/cards/whiscash/xy5t_ja-19?variant=firstEdition
XY5-Bt,a03039bf-3a15-4b15-9d4f-634488fa9e48,20,Whiscash,ナマズン,https://scrydex.com/pokemon/cards/whiscash/xy5t_ja-20?variant=firstEdition
XY5-Bt,a03039bf-3a15-4b15-9d4f-634488fa9e48,21,Corphish,ヘイガニ,https://scrydex.com/pokemon/cards/corphish/xy5t_ja-21?variant=firstEdition
XY5-Bt,a03039bf-3a15-4b15-9d4f-634488fa9e48,22,Feebas,ヒンバス,https://scrydex.com/pokemon/cards/feebas/xy5t_ja-22?variant=firstEdition
XY5-Bt,a03039bf-3a15-4b15-9d4f-634488fa9e48,23,Milotic,ミロカロス,https://scrydex.com/pokemon/cards/milotic/xy5t_ja-23?variant=firstEditionHolofoil
XY5-Bt,a03039bf-3a15-4b15-9d4f-634488fa9e48,24,Spheal,タマザラシ,https://scrydex.com/pokemon/cards/spheal/xy5t_ja-24?variant=firstEdition
XY5-Bt,a03039bf-3a15-4b15-9d4f-634488fa9e48,25,Sealeo,トドグラー,https://scrydex.com/pokemon/cards/sealeo/xy5t_ja-25?variant=firstEdition
XY5-Bt,a03039bf-3a15-4b15-9d4f-634488fa9e48,26,Walrein,トドゼルガ,https://scrydex.com/pokemon/cards/walrein/xy5t_ja-26?variant=firstEdition
XY5-Bt,a03039bf-3a15-4b15-9d4f-634488fa9e48,27,Clamperl,パールル,https://scrydex.com/pokemon/cards/clamperl/xy5t_ja-27?variant=firstEdition
XY5-Bt,a03039bf-3a15-4b15-9d4f-634488fa9e48,28,Huntail,ハンテール,https://scrydex.com/pokemon/cards/huntail/xy5t_ja-28?variant=firstEditionHolofoil
XY5-Bt,a03039bf-3a15-4b15-9d4f-634488fa9e48,29,Gorebyss,サクラビス,https://scrydex.com/pokemon/cards/gorebyss/xy5t_ja-29?variant=firstEdition
XY5-Bt,a03039bf-3a15-4b15-9d4f-634488fa9e48,30,Gorebyss,サクラビス,https://scrydex.com/pokemon/cards/gorebyss/xy5t_ja-30?variant=firstEdition
XY5-Bt,a03039bf-3a15-4b15-9d4f-634488fa9e48,31,Kyogre-EX,カイオーガEX,https://scrydex.com/pokemon/cards/kyogre-ex/xy5t_ja-31?variant=firstEditionHolofoil
XY5-Bt,a03039bf-3a15-4b15-9d4f-634488fa9e48,32,Primal Kyogre-EX,ゲンシカイオーガEX,https://scrydex.com/pokemon/cards/primal-kyogre-ex/xy5t_ja-32?variant=firstEditionHolofoil
XY5-Bt,a03039bf-3a15-4b15-9d4f-634488fa9e48,33,Manaphy,マナフィ,https://scrydex.com/pokemon/cards/manaphy/xy5t_ja-33?variant=firstEditionHolofoil
XY5-Bt,a03039bf-3a15-4b15-9d4f-634488fa9e48,34,Chinchou,チョンチー,https://scrydex.com/pokemon/cards/chinchou/xy5t_ja-34?variant=firstEdition
XY5-Bt,a03039bf-3a15-4b15-9d4f-634488fa9e48,35,Lanturn,ランターン,https://scrydex.com/pokemon/cards/lanturn/xy5t_ja-35?variant=firstEdition
XY5-Bt,a03039bf-3a15-4b15-9d4f-634488fa9e48,36,Tynamo,シビシラス,https://scrydex.com/pokemon/cards/tynamo/xy5t_ja-36?variant=firstEdition
XY5-Bt,a03039bf-3a15-4b15-9d4f-634488fa9e48,37,Eelektrik,シビビール,https://scrydex.com/pokemon/cards/eelektrik/xy5t_ja-37?variant=firstEdition
XY5-Bt,a03039bf-3a15-4b15-9d4f-634488fa9e48,38,Eelektrik,シビビール,https://scrydex.com/pokemon/cards/eelektrik/xy5t_ja-38?variant=firstEdition
XY5-Bt,a03039bf-3a15-4b15-9d4f-634488fa9e48,39,Eelektross,シビルドン,https://scrydex.com/pokemon/cards/eelektross/xy5t_ja-39?variant=firstEditionHolofoil
XY5-Bt,a03039bf-3a15-4b15-9d4f-634488fa9e48,40,Tentacool,メノクラゲ,https://scrydex.com/pokemon/cards/tentacool/xy5t_ja-40?variant=firstEdition
XY5-Bt,a03039bf-3a15-4b15-9d4f-634488fa9e48,41,Tentacool,メノクラゲ,https://scrydex.com/pokemon/cards/tentacool/xy5t_ja-41?variant=firstEdition
XY5-Bt,a03039bf-3a15-4b15-9d4f-634488fa9e48,42,Tentacruel,ドククラゲ,https://scrydex.com/pokemon/cards/tentacruel/xy5t_ja-42?variant=firstEdition
XY5-Bt,a03039bf-3a15-4b15-9d4f-634488fa9e48,43,Starmie,スターミー,https://scrydex.com/pokemon/cards/starmie/xy5t_ja-43?variant=firstEdition
XY5-Bt,a03039bf-3a15-4b15-9d4f-634488fa9e48,44,Sharpedo-EX,サメハダーEX,https://scrydex.com/pokemon/cards/sharpedo-ex/xy5t_ja-44?variant=firstEditionHolofoil
XY5-Bt,a03039bf-3a15-4b15-9d4f-634488fa9e48,45,Crawdaunt,シザリガー,https://scrydex.com/pokemon/cards/crawdaunt/xy5t_ja-45?variant=firstEditionHolofoil
XY5-Bt,a03039bf-3a15-4b15-9d4f-634488fa9e48,46,Mr. Mime,バリヤード,https://scrydex.com/pokemon/cards/mr-mime/xy5t_ja-46?variant=firstEdition
XY5-Bt,a03039bf-3a15-4b15-9d4f-634488fa9e48,47,Marill,マリル,https://scrydex.com/pokemon/cards/marill/xy5t_ja-47?variant=firstEdition
XY5-Bt,a03039bf-3a15-4b15-9d4f-634488fa9e48,48,Azumarill,マリルリ,https://scrydex.com/pokemon/cards/azumarill/xy5t_ja-48?variant=firstEdition
XY5-Bt,a03039bf-3a15-4b15-9d4f-634488fa9e48,49,Azumarill,マリルリ,https://scrydex.com/pokemon/cards/azumarill/xy5t_ja-49?variant=firstEditionHolofoil
XY5-Bt,a03039bf-3a15-4b15-9d4f-634488fa9e48,50,Gardevoir-EX,サーナイトEX,https://scrydex.com/pokemon/cards/gardevoir-ex/xy5t_ja-50?variant=firstEditionHolofoil
XY5-Bt,a03039bf-3a15-4b15-9d4f-634488fa9e48,51,M Gardevoir-EX,megaサーナイトEX,https://scrydex.com/pokemon/cards/m-gardevoir-ex/xy5t_ja-51?variant=firstEditionHolofoil
XY5-Bt,a03039bf-3a15-4b15-9d4f-634488fa9e48,52,Kingdra,キングドラ,https://scrydex.com/pokemon/cards/kingdra/xy5t_ja-52?variant=firstEdition
XY5-Bt,a03039bf-3a15-4b15-9d4f-634488fa9e48,53,Kingdra,キングドラ,https://scrydex.com/pokemon/cards/kingdra/xy5t_ja-53?variant=firstEditionHolofoil
XY5-Bt,a03039bf-3a15-4b15-9d4f-634488fa9e48,54,Skitty,エネコ,https://scrydex.com/pokemon/cards/skitty/xy5t_ja-54?variant=firstEdition
XY5-Bt,a03039bf-3a15-4b15-9d4f-634488fa9e48,55,Delcatty,エネコロロ,https://scrydex.com/pokemon/cards/delcatty/xy5t_ja-55?variant=firstEdition
XY5-Bt,a03039bf-3a15-4b15-9d4f-634488fa9e48,56,Spinda,パッチール,https://scrydex.com/pokemon/cards/spinda/xy5t_ja-56?variant=firstEdition
XY5-Bt,a03039bf-3a15-4b15-9d4f-634488fa9e48,57,Bidoof,ビッパ,https://scrydex.com/pokemon/cards/bidoof/xy5t_ja-57?variant=firstEdition
XY5-Bt,a03039bf-3a15-4b15-9d4f-634488fa9e48,58,Bidoof,ビッパ,https://scrydex.com/pokemon/cards/bidoof/xy5t_ja-58?variant=firstEdition
XY5-Bt,a03039bf-3a15-4b15-9d4f-634488fa9e48,59,Bibarel,ビーダル,https://scrydex.com/pokemon/cards/bibarel/xy5t_ja-59?variant=firstEdition
XY5-Bt,a03039bf-3a15-4b15-9d4f-634488fa9e48,60,Escape Rope,あなぬけのヒモ,https://scrydex.com/pokemon/cards/escape-rope/xy5t_ja-60?variant=firstEdition
XY5-Bt,a03039bf-3a15-4b15-9d4f-634488fa9e48,61,Fresh Water Set,おいしいみずセット,https://scrydex.com/pokemon/cards/fresh-water-set/xy5t_ja-61?variant=firstEdition
XY5-Bt,a03039bf-3a15-4b15-9d4f-634488fa9e48,62,Dive Ball,ダイブボール,https://scrydex.com/pokemon/cards/dive-ball/xy5t_ja-62?variant=firstEdition
XY5-Bt,a03039bf-3a15-4b15-9d4f-634488fa9e48,63,Exp. Share,学習装置,https://scrydex.com/pokemon/cards/exp-share/xy5t_ja-63?variant=firstEdition
XY5-Bt,a03039bf-3a15-4b15-9d4f-634488fa9e48,64,Kyogre Spirit Link,カイオーガソウルリンク,https://scrydex.com/pokemon/cards/kyogre-spirit-link/xy5t_ja-64?variant=firstEdition
XY5-Bt,a03039bf-3a15-4b15-9d4f-634488fa9e48,65,Gardevoir Spirit Link,サーナイトソウルリンク,https://scrydex.com/pokemon/cards/gardevoir-spirit-link/xy5t_ja-65?variant=firstEdition
XY5-Bt,a03039bf-3a15-4b15-9d4f-634488fa9e48,66,Archie's Ace in the Hole,アオギリの切り札,https://scrydex.com/pokemon/cards/archies-ace-in-the-hole/xy5t_ja-66?variant=firstEdition
XY5-Bt,a03039bf-3a15-4b15-9d4f-634488fa9e48,67,Professor Birch's Observations,オダマキ博士の観察,https://scrydex.com/pokemon/cards/professor-birchs-observations/xy5t_ja-67?variant=firstEdition
XY5-Bt,a03039bf-3a15-4b15-9d4f-634488fa9e48,68,Rough Seas,うねりの大海,https://scrydex.com/pokemon/cards/rough-seas/xy5t_ja-68?variant=firstEdition
XY5-Bt,a03039bf-3a15-4b15-9d4f-634488fa9e48,69,Silent Lab,サイレントラボ,https://scrydex.com/pokemon/cards/silent-lab/xy5t_ja-69?variant=firstEdition
XY5-Bt,a03039bf-3a15-4b15-9d4f-634488fa9e48,70,Wonder Energy,ワンダーエネルギー,https://scrydex.com/pokemon/cards/wonder-energy/xy5t_ja-70?variant=firstEdition
XY5-Bt,a03039bf-3a15-4b15-9d4f-634488fa9e48,71,Wailord-EX,ホエルオーEX,https://scrydex.com/pokemon/cards/wailord-ex/xy5t_ja-71?variant=firstEditionHolofoil
XY5-Bt,a03039bf-3a15-4b15-9d4f-634488fa9e48,72,Kyogre-EX,カイオーガEX,https://scrydex.com/pokemon/cards/kyogre-ex/xy5t_ja-72?variant=firstEditionHolofoil
XY5-Bt,a03039bf-3a15-4b15-9d4f-634488fa9e48,73,Primal Kyogre-EX,ゲンシカイオーガEX,https://scrydex.com/pokemon/cards/primal-kyogre-ex/xy5t_ja-73?variant=firstEditionHolofoil
XY5-Bt,a03039bf-3a15-4b15-9d4f-634488fa9e48,74,Sharpedo-EX,サメハダーEX,https://scrydex.com/pokemon/cards/sharpedo-ex/xy5t_ja-74?variant=firstEditionHolofoil
XY5-Bt,a03039bf-3a15-4b15-9d4f-634488fa9e48,75,Gardevoir-EX,サーナイトEX,https://scrydex.com/pokemon/cards/gardevoir-ex/xy5t_ja-75?variant=firstEditionHolofoil
XY5-Bt,a03039bf-3a15-4b15-9d4f-634488fa9e48,76,M Gardevoir-EX,megaサーナイトEX,https://scrydex.com/pokemon/cards/m-gardevoir-ex/xy5t_ja-76?variant=firstEditionHolofoil
XY5-Bt,a03039bf-3a15-4b15-9d4f-634488fa9e48,77,Archie's Ace in the Hole,アオギリの切り札,https://scrydex.com/pokemon/cards/archies-ace-in-the-hole/xy5t_ja-77?variant=firstEditionHolofoil
XY5-Bt,a03039bf-3a15-4b15-9d4f-634488fa9e48,78,Professor Birch's Observations,オダマキ博士の観察,https://scrydex.com/pokemon/cards/professor-birchs-observations/xy5t_ja-78?variant=firstEditionHolofoil
XY5-Bt,a03039bf-3a15-4b15-9d4f-634488fa9e48,79,Enhanced Hammer,改造ハンマー,https://scrydex.com/pokemon/cards/enhanced-hammer/xy5t_ja-79?variant=firstEditionHolofoil
XY5-Bt,a03039bf-3a15-4b15-9d4f-634488fa9e48,80,Dive Ball,ダイブボール,https://scrydex.com/pokemon/cards/dive-ball/xy5t_ja-80?variant=firstEditionHolofoil
XY8-Br,ef6bc45c-08a8-4349-8017-1717b108d3c8,1,Paras,パラス,https://scrydex.com/pokemon/cards/paras/xy8r_ja-1?variant=firstEdition
XY8-Br,ef6bc45c-08a8-4349-8017-1717b108d3c8,2,Parasect,パラセクト,https://scrydex.com/pokemon/cards/parasect/xy8r_ja-2?variant=firstEdition
XY8-Br,ef6bc45c-08a8-4349-8017-1717b108d3c8,3,Chespin,ハリマロン,https://scrydex.com/pokemon/cards/chespin/xy8r_ja-3?variant=firstEdition
XY8-Br,ef6bc45c-08a8-4349-8017-1717b108d3c8,4,Quilladin,ハリボーグ,https://scrydex.com/pokemon/cards/quilladin/xy8r_ja-4?variant=firstEdition
XY8-Br,ef6bc45c-08a8-4349-8017-1717b108d3c8,5,Chesnaught,ブリガロン,https://scrydex.com/pokemon/cards/chesnaught/xy8r_ja-5?variant=firstEditionHolofoil
XY8-Br,ef6bc45c-08a8-4349-8017-1717b108d3c8,6,Chesnaught BREAK,ブリガロンBREAK,https://scrydex.com/pokemon/cards/chesnaught-break/xy8r_ja-6?variant=firstEditionHolofoil
XY8-Br,ef6bc45c-08a8-4349-8017-1717b108d3c8,7,Skiddo,メェークル,https://scrydex.com/pokemon/cards/skiddo/xy8r_ja-7?variant=firstEdition
XY8-Br,ef6bc45c-08a8-4349-8017-1717b108d3c8,8,Gogoat,ゴーゴート,https://scrydex.com/pokemon/cards/gogoat/xy8r_ja-8?variant=firstEdition
XY8-Br,ef6bc45c-08a8-4349-8017-1717b108d3c8,9,Houndoom-EX,ヘルガーEX,https://scrydex.com/pokemon/cards/houndoom-ex/xy8r_ja-9?variant=firstEditionHolofoil
XY8-Br,ef6bc45c-08a8-4349-8017-1717b108d3c8,10,M Houndoom-EX,megaヘルガーEX,https://scrydex.com/pokemon/cards/m-houndoom-ex/xy8r_ja-10?variant=firstEditionHolofoil
XY8-Br,ef6bc45c-08a8-4349-8017-1717b108d3c8,11,Pansear,バオップ,https://scrydex.com/pokemon/cards/pansear/xy8r_ja-11?variant=firstEdition
XY8-Br,ef6bc45c-08a8-4349-8017-1717b108d3c8,12,Simisear,バオッキー,https://scrydex.com/pokemon/cards/simisear/xy8r_ja-12?variant=firstEdition
XY8-Br,ef6bc45c-08a8-4349-8017-1717b108d3c8,13,Goldeen,トサキント,https://scrydex.com/pokemon/cards/goldeen/xy8r_ja-13?variant=firstEdition
XY8-Br,ef6bc45c-08a8-4349-8017-1717b108d3c8,14,Seaking,アズマオウ,https://scrydex.com/pokemon/cards/seaking/xy8r_ja-14?variant=firstEdition
XY8-Br,ef6bc45c-08a8-4349-8017-1717b108d3c8,15,Staryu,ヒトデマン,https://scrydex.com/pokemon/cards/staryu/xy8r_ja-15?variant=firstEdition
XY8-Br,ef6bc45c-08a8-4349-8017-1717b108d3c8,16,Starmie,スターミー,https://scrydex.com/pokemon/cards/starmie/xy8r_ja-16?variant=firstEdition
XY8-Br,ef6bc45c-08a8-4349-8017-1717b108d3c8,17,Remoraid,テッポウオ,https://scrydex.com/pokemon/cards/remoraid/xy8r_ja-17?variant=firstEdition
XY8-Br,ef6bc45c-08a8-4349-8017-1717b108d3c8,18,Piplup,ポッチャマ,https://scrydex.com/pokemon/cards/piplup/xy8r_ja-18?variant=firstEdition
XY8-Br,ef6bc45c-08a8-4349-8017-1717b108d3c8,19,Prinplup,ポッタイシ,https://scrydex.com/pokemon/cards/prinplup/xy8r_ja-19?variant=firstEdition
XY8-Br,ef6bc45c-08a8-4349-8017-1717b108d3c8,20,Empoleon,エンペルト,https://scrydex.com/pokemon/cards/empoleon/xy8r_ja-20?variant=firstEditionHolofoil
XY8-Br,ef6bc45c-08a8-4349-8017-1717b108d3c8,21,Snover,ユキカブリ,https://scrydex.com/pokemon/cards/snover/xy8r_ja-21?variant=firstEdition
XY8-Br,ef6bc45c-08a8-4349-8017-1717b108d3c8,22,Abomasnow,ユキノオー,https://scrydex.com/pokemon/cards/abomasnow/xy8r_ja-22?variant=firstEdition
XY8-Br,ef6bc45c-08a8-4349-8017-1717b108d3c8,23,Magnemite,コイル,https://scrydex.com/pokemon/cards/magnemite/xy8r_ja-23?variant=firstEdition
XY8-Br,ef6bc45c-08a8-4349-8017-1717b108d3c8,24,Magneton,レアコイル,https://scrydex.com/pokemon/cards/magneton/xy8r_ja-24?variant=firstEdition
XY8-Br,ef6bc45c-08a8-4349-8017-1717b108d3c8,25,Magnezone,ジバコイル,https://scrydex.com/pokemon/cards/magnezone/xy8r_ja-25?variant=firstEditionHolofoil
XY8-Br,ef6bc45c-08a8-4349-8017-1717b108d3c8,26,Raikou,ライコウ,https://scrydex.com/pokemon/cards/raikou/xy8r_ja-26?variant=firstEditionHolofoil
XY8-Br,ef6bc45c-08a8-4349-8017-1717b108d3c8,27,Mewtwo-EX,ミュウツーEX,https://scrydex.com/pokemon/cards/mewtwo-ex/xy8r_ja-27?variant=firstEditionHolofoil
XY8-Br,ef6bc45c-08a8-4349-8017-1717b108d3c8,28,M Mewtwo-EX,megaミュウツーEX,https://scrydex.com/pokemon/cards/m-mewtwo-ex/xy8r_ja-28?variant=firstEditionHolofoil
XY8-Br,ef6bc45c-08a8-4349-8017-1717b108d3c8,29,Misdreavus,ムウマ,https://scrydex.com/pokemon/cards/misdreavus/xy8r_ja-29?variant=firstEdition
XY8-Br,ef6bc45c-08a8-4349-8017-1717b108d3c8,30,Mismagius,ムウマージ,https://scrydex.com/pokemon/cards/mismagius/xy8r_ja-30?variant=firstEditionHolofoil
XY8-Br,ef6bc45c-08a8-4349-8017-1717b108d3c8,31,Ralts,ラルトス,https://scrydex.com/pokemon/cards/ralts/xy8r_ja-31?variant=firstEdition
XY8-Br,ef6bc45c-08a8-4349-8017-1717b108d3c8,32,Kirlia,キルリア,https://scrydex.com/pokemon/cards/kirlia/xy8r_ja-32?variant=firstEdition
XY8-Br,ef6bc45c-08a8-4349-8017-1717b108d3c8,33,Cresselia,クレセリア,https://scrydex.com/pokemon/cards/cresselia/xy8r_ja-33?variant=firstEdition
XY8-Br,ef6bc45c-08a8-4349-8017-1717b108d3c8,34,Cubone,カラカラ,https://scrydex.com/pokemon/cards/cubone/xy8r_ja-34?variant=firstEdition
XY8-Br,ef6bc45c-08a8-4349-8017-1717b108d3c8,35,Marowak,ガラガラ,https://scrydex.com/pokemon/cards/marowak/xy8r_ja-35?variant=firstEdition
XY8-Br,ef6bc45c-08a8-4349-8017-1717b108d3c8,36,Marowak BREAK,ガラガラBREAK,https://scrydex.com/pokemon/cards/marowak-break/xy8r_ja-36?variant=firstEditionHolofoil
XY8-Br,ef6bc45c-08a8-4349-8017-1717b108d3c8,37,Swinub,ウリムー,https://scrydex.com/pokemon/cards/swinub/xy8r_ja-37?variant=firstEdition
XY8-Br,ef6bc45c-08a8-4349-8017-1717b108d3c8,38,Piloswine,イノムー,https://scrydex.com/pokemon/cards/piloswine/xy8r_ja-38?variant=firstEdition
XY8-Br,ef6bc45c-08a8-4349-8017-1717b108d3c8,39,Mamoswine,マンムー,https://scrydex.com/pokemon/cards/mamoswine/xy8r_ja-39?variant=firstEditionHolofoil
XY8-Br,ef6bc45c-08a8-4349-8017-1717b108d3c8,40,Gallade,エルレイド,https://scrydex.com/pokemon/cards/gallade/xy8r_ja-40?variant=firstEditionHolofoil
XY8-Br,ef6bc45c-08a8-4349-8017-1717b108d3c8,41,Zorua,ゾロア,https://scrydex.com/pokemon/cards/zorua/xy8r_ja-41?variant=firstEdition
XY8-Br,ef6bc45c-08a8-4349-8017-1717b108d3c8,42,Yveltal,イベルタル,https://scrydex.com/pokemon/cards/yveltal/xy8r_ja-42?variant=firstEditionHolofoil
XY8-Br,ef6bc45c-08a8-4349-8017-1717b108d3c8,43,Bronzor,ドーミラー,https://scrydex.com/pokemon/cards/bronzor/xy8r_ja-43?variant=firstEdition
XY8-Br,ef6bc45c-08a8-4349-8017-1717b108d3c8,44,Bronzong,ドータクン,https://scrydex.com/pokemon/cards/bronzong/xy8r_ja-44?variant=firstEdition
XY8-Br,ef6bc45c-08a8-4349-8017-1717b108d3c8,45,Mr. Mime,バリヤード,https://scrydex.com/pokemon/cards/mr-mime/xy8r_ja-45?variant=firstEdition
XY8-Br,ef6bc45c-08a8-4349-8017-1717b108d3c8,46,Spritzee,シュシュプ,https://scrydex.com/pokemon/cards/spritzee/xy8r_ja-46?variant=firstEdition
XY8-Br,ef6bc45c-08a8-4349-8017-1717b108d3c8,47,Aromatisse,フレフワン,https://scrydex.com/pokemon/cards/aromatisse/xy8r_ja-47?variant=firstEdition
XY8-Br,ef6bc45c-08a8-4349-8017-1717b108d3c8,48,Axew,キバゴ,https://scrydex.com/pokemon/cards/axew/xy8r_ja-48?variant=firstEdition
XY8-Br,ef6bc45c-08a8-4349-8017-1717b108d3c8,49,Doduo,ドードー,https://scrydex.com/pokemon/cards/doduo/xy8r_ja-49?variant=firstEdition
XY8-Br,ef6bc45c-08a8-4349-8017-1717b108d3c8,50,Dodrio,ドードリオ,https://scrydex.com/pokemon/cards/dodrio/xy8r_ja-50?variant=firstEdition
XY8-Br,ef6bc45c-08a8-4349-8017-1717b108d3c8,51,Starly,ムックル,https://scrydex.com/pokemon/cards/starly/xy8r_ja-51?variant=firstEdition
XY8-Br,ef6bc45c-08a8-4349-8017-1717b108d3c8,52,Staravia,ムクバード,https://scrydex.com/pokemon/cards/staravia/xy8r_ja-52?variant=firstEdition
XY8-Br,ef6bc45c-08a8-4349-8017-1717b108d3c8,53,Staraptor,ムクホーク,https://scrydex.com/pokemon/cards/staraptor/xy8r_ja-53?variant=firstEdition
XY8-Br,ef6bc45c-08a8-4349-8017-1717b108d3c8,54,Heavy Ball,ヘビーボール,https://scrydex.com/pokemon/cards/heavy-ball/xy8r_ja-54?variant=firstEdition
XY8-Br,ef6bc45c-08a8-4349-8017-1717b108d3c8,55,Assault Vest,とつげきチョッキ,https://scrydex.com/pokemon/cards/assault-vest/xy8r_ja-55?variant=firstEdition
XY8-Br,ef6bc45c-08a8-4349-8017-1717b108d3c8,56,Houndoom Spirit Link,ヘルガーソウルリンク,https://scrydex.com/pokemon/cards/houndoom-spirit-link/xy8r_ja-56?variant=firstEdition
XY8-Br,ef6bc45c-08a8-4349-8017-1717b108d3c8,57,Mewtwo Spirit Link,ミュウツーソウルリンク,https://scrydex.com/pokemon/cards/mewtwo-spirit-link/xy8r_ja-57?variant=firstEdition
XY8-Br,ef6bc45c-08a8-4349-8017-1717b108d3c8,58,Giovanni's Scheme,サカキの計画,https://scrydex.com/pokemon/cards/giovannis-scheme/xy8r_ja-58?variant=firstEdition
XY8-Br,ef6bc45c-08a8-4349-8017-1717b108d3c8,59,Burning Energy,バーニングエネルギー,https://scrydex.com/pokemon/cards/burning-energy/xy8r_ja-59?variant=firstEdition
XY8-Br,ef6bc45c-08a8-4349-8017-1717b108d3c8,60,Houndoom-EX,ヘルガーEX,https://scrydex.com/pokemon/cards/houndoom-ex/xy8r_ja-60?variant=firstEditionHolofoil
XY8-Br,ef6bc45c-08a8-4349-8017-1717b108d3c8,61,M Houndoom-EX,megaヘルガーEX,https://scrydex.com/pokemon/cards/m-houndoom-ex/xy8r_ja-61?variant=firstEditionHolofoil
XY8-Br,ef6bc45c-08a8-4349-8017-1717b108d3c8,62,Mewtwo-EX,ミュウツーEX,https://scrydex.com/pokemon/cards/mewtwo-ex/xy8r_ja-62?variant=firstEditionHolofoil
XY8-Br,ef6bc45c-08a8-4349-8017-1717b108d3c8,63,M Mewtwo-EX,megaミュウツーEX,https://scrydex.com/pokemon/cards/m-mewtwo-ex/xy8r_ja-63?variant=firstEditionHolofoil
XY8-Br,ef6bc45c-08a8-4349-8017-1717b108d3c8,64,Giovanni's Scheme,サカキの計画,https://scrydex.com/pokemon/cards/giovannis-scheme/xy8r_ja-64?variant=firstEditionHolofoil
XY8-Br,ef6bc45c-08a8-4349-8017-1717b108d3c8,65,Mewtwo-EX,ミュウツーEX,https://scrydex.com/pokemon/cards/mewtwo-ex/xy8r_ja-65?variant=firstEditionHolofoil
XY1-Bx,1e661884-d040-47cb-bdf0-f160771af6e1,1,Venusaur-EX,フシギバナEX,https://scrydex.com/pokemon/cards/venusaur-ex/xy1x_ja-1?variant=firstEditionHolofoil
XY1-Bx,1e661884-d040-47cb-bdf0-f160771af6e1,2,M Venusaur-EX,megaフシギバナEX,https://scrydex.com/pokemon/cards/m-venusaur-ex/xy1x_ja-2?variant=firstEditionHolofoil
XY1-Bx,1e661884-d040-47cb-bdf0-f160771af6e1,3,Volbeat,バルビート,https://scrydex.com/pokemon/cards/volbeat/xy1x_ja-3?variant=firstEdition
XY1-Bx,1e661884-d040-47cb-bdf0-f160771af6e1,4,Pansage,ヤナップ,https://scrydex.com/pokemon/cards/pansage/xy1x_ja-4?variant=firstEdition
XY1-Bx,1e661884-d040-47cb-bdf0-f160771af6e1,5,Simisage,ヤナッキー,https://scrydex.com/pokemon/cards/simisage/xy1x_ja-5?variant=firstEdition
XY1-Bx,1e661884-d040-47cb-bdf0-f160771af6e1,6,Scatterbug,コフキムシ,https://scrydex.com/pokemon/cards/scatterbug/xy1x_ja-6?variant=firstEdition
XY1-Bx,1e661884-d040-47cb-bdf0-f160771af6e1,7,Spewpa,コフーライ,https://scrydex.com/pokemon/cards/spewpa/xy1x_ja-7?variant=firstEdition
XY1-Bx,1e661884-d040-47cb-bdf0-f160771af6e1,8,Vivillon,ビビヨン,https://scrydex.com/pokemon/cards/vivillon/xy1x_ja-8?variant=firstEditionHolofoil
XY1-Bx,1e661884-d040-47cb-bdf0-f160771af6e1,9,Skiddo,メェークル,https://scrydex.com/pokemon/cards/skiddo/xy1x_ja-9?variant=firstEdition
XY1-Bx,1e661884-d040-47cb-bdf0-f160771af6e1,10,Gogoat,ゴーゴート,https://scrydex.com/pokemon/cards/gogoat/xy1x_ja-10?variant=firstEditionHolofoil
XY1-Bx,1e661884-d040-47cb-bdf0-f160771af6e1,11,Slugma,マグマッグ,https://scrydex.com/pokemon/cards/slugma/xy1x_ja-11?variant=firstEdition
XY1-Bx,1e661884-d040-47cb-bdf0-f160771af6e1,12,Magcargo,マグカルゴ,https://scrydex.com/pokemon/cards/magcargo/xy1x_ja-12?variant=firstEdition
XY1-Bx,1e661884-d040-47cb-bdf0-f160771af6e1,13,Fennekin,フォッコ,https://scrydex.com/pokemon/cards/fennekin/xy1x_ja-13?variant=firstEdition
XY1-Bx,1e661884-d040-47cb-bdf0-f160771af6e1,14,Braixen,テールナー,https://scrydex.com/pokemon/cards/braixen/xy1x_ja-14?variant=firstEdition
XY1-Bx,1e661884-d040-47cb-bdf0-f160771af6e1,15,Delphox,マフォクシー,https://scrydex.com/pokemon/cards/delphox/xy1x_ja-15?variant=firstEditionHolofoil
XY1-Bx,1e661884-d040-47cb-bdf0-f160771af6e1,16,Staryu,ヒトデマン,https://scrydex.com/pokemon/cards/staryu/xy1x_ja-16?variant=firstEdition
XY1-Bx,1e661884-d040-47cb-bdf0-f160771af6e1,17,Starmie,スターミー,https://scrydex.com/pokemon/cards/starmie/xy1x_ja-17?variant=firstEdition
XY1-Bx,1e661884-d040-47cb-bdf0-f160771af6e1,18,Corsola,サニーゴ,https://scrydex.com/pokemon/cards/corsola/xy1x_ja-18?variant=firstEdition
XY1-Bx,1e661884-d040-47cb-bdf0-f160771af6e1,19,Froakie,ケロマツ,https://scrydex.com/pokemon/cards/froakie/xy1x_ja-19?variant=firstEdition
XY1-Bx,1e661884-d040-47cb-bdf0-f160771af6e1,20,Frogadier,ゲコガシラ,https://scrydex.com/pokemon/cards/frogadier/xy1x_ja-20?variant=firstEdition
XY1-Bx,1e661884-d040-47cb-bdf0-f160771af6e1,21,Greninja,ゲッコウガ,https://scrydex.com/pokemon/cards/greninja/xy1x_ja-21?variant=firstEditionHolofoil
XY1-Bx,1e661884-d040-47cb-bdf0-f160771af6e1,22,Pikachu,ピカチュウ,https://scrydex.com/pokemon/cards/pikachu/xy1x_ja-22?variant=firstEdition
XY1-Bx,1e661884-d040-47cb-bdf0-f160771af6e1,23,Raichu,ライチュウ,https://scrydex.com/pokemon/cards/raichu/xy1x_ja-23?variant=firstEditionHolofoil
XY1-Bx,1e661884-d040-47cb-bdf0-f160771af6e1,24,Ekans,アーボ,https://scrydex.com/pokemon/cards/ekans/xy1x_ja-24?variant=firstEdition
XY1-Bx,1e661884-d040-47cb-bdf0-f160771af6e1,25,Arbok,アーボック,https://scrydex.com/pokemon/cards/arbok/xy1x_ja-25?variant=firstEdition
XY1-Bx,1e661884-d040-47cb-bdf0-f160771af6e1,26,Spoink,バネブー,https://scrydex.com/pokemon/cards/spoink/xy1x_ja-26?variant=firstEdition
XY1-Bx,1e661884-d040-47cb-bdf0-f160771af6e1,27,Grumpig,ブーピッグ,https://scrydex.com/pokemon/cards/grumpig/xy1x_ja-27?variant=firstEdition
XY1-Bx,1e661884-d040-47cb-bdf0-f160771af6e1,28,Phantump,ボクレー,https://scrydex.com/pokemon/cards/phantump/xy1x_ja-28?variant=firstEdition
XY1-Bx,1e661884-d040-47cb-bdf0-f160771af6e1,29,Trevenant,オーロット,https://scrydex.com/pokemon/cards/trevenant/xy1x_ja-29?variant=firstEditionHolofoil
XY1-Bx,1e661884-d040-47cb-bdf0-f160771af6e1,30,Lunatone,ルナトーン,https://scrydex.com/pokemon/cards/lunatone/xy1x_ja-30?variant=firstEdition
XY1-Bx,1e661884-d040-47cb-bdf0-f160771af6e1,31,Timburr,ドッコラー,https://scrydex.com/pokemon/cards/timburr/xy1x_ja-31?variant=firstEdition
XY1-Bx,1e661884-d040-47cb-bdf0-f160771af6e1,32,Gurdurr,ドテッコツ,https://scrydex.com/pokemon/cards/gurdurr/xy1x_ja-32?variant=firstEdition
XY1-Bx,1e661884-d040-47cb-bdf0-f160771af6e1,33,Conkeldurr,ローブシン,https://scrydex.com/pokemon/cards/conkeldurr/xy1x_ja-33?variant=firstEdition
XY1-Bx,1e661884-d040-47cb-bdf0-f160771af6e1,34,Sandile,メグロコ,https://scrydex.com/pokemon/cards/sandile/xy1x_ja-34?variant=firstEdition
XY1-Bx,1e661884-d040-47cb-bdf0-f160771af6e1,35,Krokorok,ワルビル,https://scrydex.com/pokemon/cards/krokorok/xy1x_ja-35?variant=firstEdition
XY1-Bx,1e661884-d040-47cb-bdf0-f160771af6e1,36,Krookodile,ワルビアル,https://scrydex.com/pokemon/cards/krookodile/xy1x_ja-36?variant=firstEdition
XY1-Bx,1e661884-d040-47cb-bdf0-f160771af6e1,37,Zorua,ゾロア,https://scrydex.com/pokemon/cards/zorua/xy1x_ja-37?variant=firstEdition
XY1-Bx,1e661884-d040-47cb-bdf0-f160771af6e1,38,Zoroark,ゾロアーク,https://scrydex.com/pokemon/cards/zoroark/xy1x_ja-38?variant=firstEditionHolofoil
XY1-Bx,1e661884-d040-47cb-bdf0-f160771af6e1,39,Skarmory-EX,エアームドEX,https://scrydex.com/pokemon/cards/skarmory-ex/xy1x_ja-39?variant=firstEditionHolofoil
XY1-Bx,1e661884-d040-47cb-bdf0-f160771af6e1,40,Pawniard,コマタナ,https://scrydex.com/pokemon/cards/pawniard/xy1x_ja-40?variant=firstEdition
XY1-Bx,1e661884-d040-47cb-bdf0-f160771af6e1,41,Bisharp,キリキザン,https://scrydex.com/pokemon/cards/bisharp/xy1x_ja-41?variant=firstEdition
XY1-Bx,1e661884-d040-47cb-bdf0-f160771af6e1,42,Swirlix,ペロッパフ,https://scrydex.com/pokemon/cards/swirlix/xy1x_ja-42?variant=firstEdition
XY1-Bx,1e661884-d040-47cb-bdf0-f160771af6e1,43,Slurpuff,ペロリーム,https://scrydex.com/pokemon/cards/slurpuff/xy1x_ja-43?variant=firstEditionHolofoil
XY1-Bx,1e661884-d040-47cb-bdf0-f160771af6e1,44,Xerneas-EX,ゼルネアスEX,https://scrydex.com/pokemon/cards/xerneas-ex/xy1x_ja-44?variant=firstEditionHolofoil
XY1-Bx,1e661884-d040-47cb-bdf0-f160771af6e1,45,Tauros,ケンタロス,https://scrydex.com/pokemon/cards/tauros/xy1x_ja-45?variant=firstEdition
XY1-Bx,1e661884-d040-47cb-bdf0-f160771af6e1,46,Dunsparce,ノコッチ,https://scrydex.com/pokemon/cards/dunsparce/xy1x_ja-46?variant=firstEdition
XY1-Bx,1e661884-d040-47cb-bdf0-f160771af6e1,47,Taillow,スバメ,https://scrydex.com/pokemon/cards/taillow/xy1x_ja-47?variant=firstEdition
XY1-Bx,1e661884-d040-47cb-bdf0-f160771af6e1,48,Swellow,オオスバメ,https://scrydex.com/pokemon/cards/swellow/xy1x_ja-48?variant=firstEdition
XY1-Bx,1e661884-d040-47cb-bdf0-f160771af6e1,49,Lillipup,ヨーテリー,https://scrydex.com/pokemon/cards/lillipup/xy1x_ja-49?variant=firstEdition
XY1-Bx,1e661884-d040-47cb-bdf0-f160771af6e1,50,Herdier,ハーデリア,https://scrydex.com/pokemon/cards/herdier/xy1x_ja-50?variant=firstEdition
XY1-Bx,1e661884-d040-47cb-bdf0-f160771af6e1,51,Stoutland,ムーランド,https://scrydex.com/pokemon/cards/stoutland/xy1x_ja-51?variant=firstEdition
XY1-Bx,1e661884-d040-47cb-bdf0-f160771af6e1,52,Bunnelby,ホルビー,https://scrydex.com/pokemon/cards/bunnelby/xy1x_ja-52?variant=firstEdition
XY1-Bx,1e661884-d040-47cb-bdf0-f160771af6e1,53,Diggersby,ホルード,https://scrydex.com/pokemon/cards/diggersby/xy1x_ja-53?variant=firstEdition
XY1-Bx,1e661884-d040-47cb-bdf0-f160771af6e1,54,Max Revive,げんきのかたまり,https://scrydex.com/pokemon/cards/max-revive/xy1x_ja-54?variant=firstEdition
XY1-Bx,1e661884-d040-47cb-bdf0-f160771af6e1,55,Evosoda,シンカソーダ,https://scrydex.com/pokemon/cards/evosoda/xy1x_ja-55?variant=firstEdition
XY1-Bx,1e661884-d040-47cb-bdf0-f160771af6e1,56,Roller Skates,ローラースケート,https://scrydex.com/pokemon/cards/roller-skates/xy1x_ja-56?variant=firstEdition
XY1-Bx,1e661884-d040-47cb-bdf0-f160771af6e1,57,Muscle Band,ちからのハチマキ,https://scrydex.com/pokemon/cards/muscle-band/xy1x_ja-57?variant=firstEdition
XY1-Bx,1e661884-d040-47cb-bdf0-f160771af6e1,58,Professor Sycamore,プラターヌ博士,https://scrydex.com/pokemon/cards/professor-sycamore/xy1x_ja-58?variant=firstEdition
XY1-Bx,1e661884-d040-47cb-bdf0-f160771af6e1,59,Team Flare Grunt,フレア団のしたっぱ,https://scrydex.com/pokemon/cards/team-flare-grunt/xy1x_ja-59?variant=firstEdition
XY1-Bx,1e661884-d040-47cb-bdf0-f160771af6e1,60,Rainbow Energy,レインボーエネルギー,https://scrydex.com/pokemon/cards/rainbow-energy/xy1x_ja-60?variant=firstEdition
XY1-Bx,1e661884-d040-47cb-bdf0-f160771af6e1,61,Venusaur-EX,フシギバナEX,https://scrydex.com/pokemon/cards/venusaur-ex/xy1x_ja-61?variant=firstEditionHolofoil
XY1-Bx,1e661884-d040-47cb-bdf0-f160771af6e1,62,Skarmory-EX,エアームドEX,https://scrydex.com/pokemon/cards/skarmory-ex/xy1x_ja-62?variant=firstEditionHolofoil
XY1-Bx,1e661884-d040-47cb-bdf0-f160771af6e1,63,Xerneas-EX,ゼルネアスEX,https://scrydex.com/pokemon/cards/xerneas-ex/xy1x_ja-63?variant=firstEditionHolofoil
XY10-B,738567d0-701f-448b-bba6-70a6b90dbcc4,1,Shuckle,ツボツボ,https://scrydex.com/pokemon/cards/shuckle/xy10_ja-1?variant=firstEdition
XY10-B,738567d0-701f-448b-bba6-70a6b90dbcc4,2,Burmy,ミノムッチ,https://scrydex.com/pokemon/cards/burmy/xy10_ja-2?variant=firstEdition
XY10-B,738567d0-701f-448b-bba6-70a6b90dbcc4,3,Wormadam,ミノマダム,https://scrydex.com/pokemon/cards/wormadam/xy10_ja-3?variant=firstEdition
XY10-B,738567d0-701f-448b-bba6-70a6b90dbcc4,4,Mothim,ガーメイル,https://scrydex.com/pokemon/cards/mothim/xy10_ja-4?variant=firstEdition
XY10-B,738567d0-701f-448b-bba6-70a6b90dbcc4,5,Snivy,ツタージャ,https://scrydex.com/pokemon/cards/snivy/xy10_ja-5?variant=firstEdition
XY10-B,738567d0-701f-448b-bba6-70a6b90dbcc4,6,Servine,ジャノビー,https://scrydex.com/pokemon/cards/servine/xy10_ja-6?variant=firstEdition
XY10-B,738567d0-701f-448b-bba6-70a6b90dbcc4,7,Serperior,ジャローダ,https://scrydex.com/pokemon/cards/serperior/xy10_ja-7?variant=firstEdition
XY10-B,738567d0-701f-448b-bba6-70a6b90dbcc4,8,Moltres,ファイヤー,https://scrydex.com/pokemon/cards/moltres/xy10_ja-8?variant=firstEdition
XY10-B,738567d0-701f-448b-bba6-70a6b90dbcc4,9,Fennekin,フォッコ,https://scrydex.com/pokemon/cards/fennekin/xy10_ja-9?variant=firstEdition
XY10-B,738567d0-701f-448b-bba6-70a6b90dbcc4,10,Braixen,テールナー,https://scrydex.com/pokemon/cards/braixen/xy10_ja-10?variant=firstEdition
XY10-B,738567d0-701f-448b-bba6-70a6b90dbcc4,11,Delphox,マフォクシー,https://scrydex.com/pokemon/cards/delphox/xy10_ja-11?variant=firstEditionHolofoil
XY10-B,738567d0-701f-448b-bba6-70a6b90dbcc4,12,Delphox BREAK,マフォクシーBREAK,https://scrydex.com/pokemon/cards/delphox-break/xy10_ja-12?variant=firstEditionHolofoil
XY10-B,738567d0-701f-448b-bba6-70a6b90dbcc4,13,Seel,パウワウ,https://scrydex.com/pokemon/cards/seel/xy10_ja-13?variant=firstEdition
XY10-B,738567d0-701f-448b-bba6-70a6b90dbcc4,14,Dewgong,ジュゴン,https://scrydex.com/pokemon/cards/dewgong/xy10_ja-14?variant=firstEdition
XY10-B,738567d0-701f-448b-bba6-70a6b90dbcc4,15,Omanyte,オムナイト,https://scrydex.com/pokemon/cards/omanyte/xy10_ja-15?variant=firstEdition
XY10-B,738567d0-701f-448b-bba6-70a6b90dbcc4,16,Omastar,オムスター,https://scrydex.com/pokemon/cards/omastar/xy10_ja-16?variant=firstEdition
XY10-B,738567d0-701f-448b-bba6-70a6b90dbcc4,17,Omastar BREAK,オムスターBREAK,https://scrydex.com/pokemon/cards/omastar-break/xy10_ja-17?variant=firstEditionHolofoil
XY10-B,738567d0-701f-448b-bba6-70a6b90dbcc4,18,Glaceon-EX,グレイシアEX,https://scrydex.com/pokemon/cards/glaceon-ex/xy10_ja-18?variant=firstEditionHolofoil
XY10-B,738567d0-701f-448b-bba6-70a6b90dbcc4,19,White Kyurem,ホワイトキュレム,https://scrydex.com/pokemon/cards/white-kyurem/xy10_ja-19?variant=firstEditionHolofoil
XY10-B,738567d0-701f-448b-bba6-70a6b90dbcc4,20,Binacle,カメテテ,https://scrydex.com/pokemon/cards/binacle/xy10_ja-20?variant=firstEdition
XY10-B,738567d0-701f-448b-bba6-70a6b90dbcc4,21,Barbaracle,ガメノデス,https://scrydex.com/pokemon/cards/barbaracle/xy10_ja-21?variant=firstEdition
XY10-B,738567d0-701f-448b-bba6-70a6b90dbcc4,22,Rotom,ロトム,https://scrydex.com/pokemon/cards/rotom/xy10_ja-22?variant=firstEdition
XY10-B,738567d0-701f-448b-bba6-70a6b90dbcc4,23,Alakazam-EX,フーディンEX,https://scrydex.com/pokemon/cards/alakazam-ex/xy10_ja-23?variant=firstEditionHolofoil
XY10-B,738567d0-701f-448b-bba6-70a6b90dbcc4,24,M Alakazam-EX,megaフーディンEX,https://scrydex.com/pokemon/cards/m-alakazam-ex/xy10_ja-24?variant=firstEditionHolofoil
XY10-B,738567d0-701f-448b-bba6-70a6b90dbcc4,25,Koffing,ドガース,https://scrydex.com/pokemon/cards/koffing/xy10_ja-25?variant=firstEdition
XY10-B,738567d0-701f-448b-bba6-70a6b90dbcc4,26,Weezing,マタドガス,https://scrydex.com/pokemon/cards/weezing/xy10_ja-26?variant=firstEdition
XY10-B,738567d0-701f-448b-bba6-70a6b90dbcc4,27,Mew,ミュウ,https://scrydex.com/pokemon/cards/mew/xy10_ja-27?variant=firstEditionHolofoil
XY10-B,738567d0-701f-448b-bba6-70a6b90dbcc4,28,Spoink,バネブー,https://scrydex.com/pokemon/cards/spoink/xy10_ja-28?variant=firstEdition
XY10-B,738567d0-701f-448b-bba6-70a6b90dbcc4,29,Grumpig,ブーピッグ,https://scrydex.com/pokemon/cards/grumpig/xy10_ja-29?variant=firstEdition
XY10-B,738567d0-701f-448b-bba6-70a6b90dbcc4,30,Solosis,ユニラン,https://scrydex.com/pokemon/cards/solosis/xy10_ja-30?variant=firstEdition
XY10-B,738567d0-701f-448b-bba6-70a6b90dbcc4,31,Duosion,ダブラン,https://scrydex.com/pokemon/cards/duosion/xy10_ja-31?variant=firstEdition
XY10-B,738567d0-701f-448b-bba6-70a6b90dbcc4,32,Reuniclus,ランクルス,https://scrydex.com/pokemon/cards/reuniclus/xy10_ja-32?variant=firstEdition
XY10-B,738567d0-701f-448b-bba6-70a6b90dbcc4,33,Kabuto,カブト,https://scrydex.com/pokemon/cards/kabuto/xy10_ja-33?variant=firstEdition
XY10-B,738567d0-701f-448b-bba6-70a6b90dbcc4,34,Kabutops,カブトプス,https://scrydex.com/pokemon/cards/kabutops/xy10_ja-34?variant=firstEdition
XY10-B,738567d0-701f-448b-bba6-70a6b90dbcc4,35,Larvitar,ヨーギラス,https://scrydex.com/pokemon/cards/larvitar/xy10_ja-35?variant=firstEdition
XY10-B,738567d0-701f-448b-bba6-70a6b90dbcc4,36,Pupitar,サナギラス,https://scrydex.com/pokemon/cards/pupitar/xy10_ja-36?variant=firstEdition
XY10-B,738567d0-701f-448b-bba6-70a6b90dbcc4,37,Wormadam,ミノマダム,https://scrydex.com/pokemon/cards/wormadam/xy10_ja-37?variant=firstEdition
XY10-B,738567d0-701f-448b-bba6-70a6b90dbcc4,38,Riolu,リオル,https://scrydex.com/pokemon/cards/riolu/xy10_ja-38?variant=firstEdition
XY10-B,738567d0-701f-448b-bba6-70a6b90dbcc4,39,Carbink,メレシー,https://scrydex.com/pokemon/cards/carbink/xy10_ja-39?variant=firstEdition
XY10-B,738567d0-701f-448b-bba6-70a6b90dbcc4,40,Zygarde,ジガルデ,https://scrydex.com/pokemon/cards/zygarde/xy10_ja-40?variant=firstEdition
XY10-B,738567d0-701f-448b-bba6-70a6b90dbcc4,41,Zygarde,ジガルデ,https://scrydex.com/pokemon/cards/zygarde/xy10_ja-41?variant=firstEditionHolofoil
XY10-B,738567d0-701f-448b-bba6-70a6b90dbcc4,42,Umbreon-EX,ブラッキーEX,https://scrydex.com/pokemon/cards/umbreon-ex/xy10_ja-42?variant=firstEditionHolofoil
XY10-B,738567d0-701f-448b-bba6-70a6b90dbcc4,43,Tyranitar,バンギラス,https://scrydex.com/pokemon/cards/tyranitar/xy10_ja-43?variant=firstEditionHolofoil
XY10-B,738567d0-701f-448b-bba6-70a6b90dbcc4,44,Vullaby,バルチャイ,https://scrydex.com/pokemon/cards/vullaby/xy10_ja-44?variant=firstEdition
XY10-B,738567d0-701f-448b-bba6-70a6b90dbcc4,45,Mandibuzz,バルジーナ,https://scrydex.com/pokemon/cards/mandibuzz/xy10_ja-45?variant=firstEdition
XY10-B,738567d0-701f-448b-bba6-70a6b90dbcc4,46,Wormadam,ミノマダム,https://scrydex.com/pokemon/cards/wormadam/xy10_ja-46?variant=firstEdition
XY10-B,738567d0-701f-448b-bba6-70a6b90dbcc4,47,Bronzor,ドーミラー,https://scrydex.com/pokemon/cards/bronzor/xy10_ja-47?variant=firstEdition
XY10-B,738567d0-701f-448b-bba6-70a6b90dbcc4,48,Bronzong,ドータクン,https://scrydex.com/pokemon/cards/bronzong/xy10_ja-48?variant=firstEdition
XY10-B,738567d0-701f-448b-bba6-70a6b90dbcc4,49,Bronzong BREAK,ドータクンBREAK,https://scrydex.com/pokemon/cards/bronzong-break/xy10_ja-49?variant=firstEditionHolofoil
XY10-B,738567d0-701f-448b-bba6-70a6b90dbcc4,50,Lucario,ルカリオ,https://scrydex.com/pokemon/cards/lucario/xy10_ja-50?variant=firstEditionHolofoil
XY10-B,738567d0-701f-448b-bba6-70a6b90dbcc4,51,Genesect-EX,ゲノセクトEX,https://scrydex.com/pokemon/cards/genesect-ex/xy10_ja-51?variant=firstEditionHolofoil
XY10-B,738567d0-701f-448b-bba6-70a6b90dbcc4,52,Jigglypuff,プリン,https://scrydex.com/pokemon/cards/jigglypuff/xy10_ja-52?variant=firstEdition
XY10-B,738567d0-701f-448b-bba6-70a6b90dbcc4,53,Wigglytuff,プクリン,https://scrydex.com/pokemon/cards/wigglytuff/xy10_ja-53?variant=firstEdition
XY10-B,738567d0-701f-448b-bba6-70a6b90dbcc4,54,M Altaria-EX,megaチルタリスEX,https://scrydex.com/pokemon/cards/m-altaria-ex/xy10_ja-54?variant=firstEditionHolofoil
XY10-B,738567d0-701f-448b-bba6-70a6b90dbcc4,55,Kingdra-EX,キングドラEX,https://scrydex.com/pokemon/cards/kingdra-ex/xy10_ja-55?variant=firstEditionHolofoil
XY10-B,738567d0-701f-448b-bba6-70a6b90dbcc4,56,Aerodactyl,プテラ,https://scrydex.com/pokemon/cards/aerodactyl/xy10_ja-56?variant=firstEdition
XY10-B,738567d0-701f-448b-bba6-70a6b90dbcc4,57,Snorlax,カビゴン,https://scrydex.com/pokemon/cards/snorlax/xy10_ja-57?variant=firstEdition
XY10-B,738567d0-701f-448b-bba6-70a6b90dbcc4,58,Lugia,ルギア,https://scrydex.com/pokemon/cards/lugia/xy10_ja-58?variant=firstEditionHolofoil
XY10-B,738567d0-701f-448b-bba6-70a6b90dbcc4,59,Lugia BREAK,ルギアBREAK,https://scrydex.com/pokemon/cards/lugia-break/xy10_ja-59?variant=firstEditionHolofoil
XY10-B,738567d0-701f-448b-bba6-70a6b90dbcc4,60,Whismur,ゴニョニョ,https://scrydex.com/pokemon/cards/whismur/xy10_ja-60?variant=firstEdition
XY10-B,738567d0-701f-448b-bba6-70a6b90dbcc4,61,Loudred,ドゴーム,https://scrydex.com/pokemon/cards/loudred/xy10_ja-61?variant=firstEdition
XY10-B,738567d0-701f-448b-bba6-70a6b90dbcc4,62,Exploud,バクオング,https://scrydex.com/pokemon/cards/exploud/xy10_ja-62?variant=firstEdition
XY10-B,738567d0-701f-448b-bba6-70a6b90dbcc4,63,Altaria-EX,チルタリスEX,https://scrydex.com/pokemon/cards/altaria-ex/xy10_ja-63?variant=firstEditionHolofoil
XY10-B,738567d0-701f-448b-bba6-70a6b90dbcc4,64,Minccino,チラーミィ,https://scrydex.com/pokemon/cards/minccino/xy10_ja-64?variant=firstEdition
XY10-B,738567d0-701f-448b-bba6-70a6b90dbcc4,65,Cinccino,チラチーノ,https://scrydex.com/pokemon/cards/cinccino/xy10_ja-65?variant=firstEdition
XY10-B,738567d0-701f-448b-bba6-70a6b90dbcc4,66,Fossil Excavation Kit,化石採掘キット,https://scrydex.com/pokemon/cards/fossil-excavation-kit/xy10_ja-66?variant=firstEdition
XY10-B,738567d0-701f-448b-bba6-70a6b90dbcc4,67,Devolution Spray,退化スプレー,https://scrydex.com/pokemon/cards/devolution-spray/xy10_ja-67?variant=firstEdition
XY10-B,738567d0-701f-448b-bba6-70a6b90dbcc4,68,Mega Catcher,メガキャッチャー,https://scrydex.com/pokemon/cards/mega-catcher/xy10_ja-68?variant=firstEdition
XY10-B,738567d0-701f-448b-bba6-70a6b90dbcc4,69,Helix Fossil Omanyte,かいの化石 オムナイト,https://scrydex.com/pokemon/cards/helix-fossil-omanyte/xy10_ja-69?variant=firstEdition
XY10-B,738567d0-701f-448b-bba6-70a6b90dbcc4,70,Dome Fossil Kabuto,こうらの化石 カブト,https://scrydex.com/pokemon/cards/dome-fossil-kabuto/xy10_ja-70?variant=firstEdition
XY10-B,738567d0-701f-448b-bba6-70a6b90dbcc4,71,Old Amber Aerodactyl,ひみつのコハク プテラ,https://scrydex.com/pokemon/cards/old-amber-aerodactyl/xy10_ja-71?variant=firstEdition
XY10-B,738567d0-701f-448b-bba6-70a6b90dbcc4,72,Energy Pouch,エネルギーポーチ,https://scrydex.com/pokemon/cards/energy-pouch/xy10_ja-72?variant=firstEdition
XY10-B,738567d0-701f-448b-bba6-70a6b90dbcc4,73,Bent Spoon,ねじれたスプーン,https://scrydex.com/pokemon/cards/bent-spoon/xy10_ja-73?variant=firstEdition
XY10-B,738567d0-701f-448b-bba6-70a6b90dbcc4,74,Altaria Spirit Link,チルタリスソウルリンク,https://scrydex.com/pokemon/cards/altaria-spirit-link/xy10_ja-74?variant=firstEdition
XY10-B,738567d0-701f-448b-bba6-70a6b90dbcc4,75,Alakazam Spirit Link,フーディンソウルリンク,https://scrydex.com/pokemon/cards/alakazam-spirit-link/xy10_ja-75?variant=firstEdition
XY10-B,738567d0-701f-448b-bba6-70a6b90dbcc4,76,N,N,https://scrydex.com/pokemon/cards/n/xy10_ja-76?variant=firstEdition
XY10-B,738567d0-701f-448b-bba6-70a6b90dbcc4,77,Team Rocket's Handiwork,ロケット団の工作,https://scrydex.com/pokemon/cards/team-rockets-handiwork/xy10_ja-77?variant=firstEdition
XY10-B,738567d0-701f-448b-bba6-70a6b90dbcc4,78,Chaos Tower,カオスタワー,https://scrydex.com/pokemon/cards/chaos-tower/xy10_ja-78?variant=firstEdition
XY10-B,738567d0-701f-448b-bba6-70a6b90dbcc4,79,Glaceon-EX,グレイシアEX,https://scrydex.com/pokemon/cards/glaceon-ex/xy10_ja-79?variant=firstEditionHolofoil
XY10-B,738567d0-701f-448b-bba6-70a6b90dbcc4,80,Alakazam-EX,フーディンEX,https://scrydex.com/pokemon/cards/alakazam-ex/xy10_ja-80?variant=firstEditionHolofoil
XY10-B,738567d0-701f-448b-bba6-70a6b90dbcc4,81,M Alakazam-EX,megaフーディンEX,https://scrydex.com/pokemon/cards/m-alakazam-ex/xy10_ja-81?variant=firstEditionHolofoil
XY10-B,738567d0-701f-448b-bba6-70a6b90dbcc4,82,Umbreon-EX,ブラッキーEX,https://scrydex.com/pokemon/cards/umbreon-ex/xy10_ja-82?variant=firstEditionHolofoil
XY10-B,738567d0-701f-448b-bba6-70a6b90dbcc4,83,Genesect-EX,ゲノセクトEX,https://scrydex.com/pokemon/cards/genesect-ex/xy10_ja-83?variant=firstEditionHolofoil
XY10-B,738567d0-701f-448b-bba6-70a6b90dbcc4,84,M Altaria-EX,megaチルタリスEX,https://scrydex.com/pokemon/cards/m-altaria-ex/xy10_ja-84?variant=firstEditionHolofoil
XY10-B,738567d0-701f-448b-bba6-70a6b90dbcc4,85,Kingdra-EX,キングドラEX,https://scrydex.com/pokemon/cards/kingdra-ex/xy10_ja-85?variant=firstEditionHolofoil
XY10-B,738567d0-701f-448b-bba6-70a6b90dbcc4,86,Altaria-EX,チルタリスEX,https://scrydex.com/pokemon/cards/altaria-ex/xy10_ja-86?variant=firstEditionHolofoil
XY10-B,738567d0-701f-448b-bba6-70a6b90dbcc4,87,Team Rocket's Handiwork,ロケット団の工作,https://scrydex.com/pokemon/cards/team-rockets-handiwork/xy10_ja-87?variant=firstEditionHolofoil
XY10-B,738567d0-701f-448b-bba6-70a6b90dbcc4,88,Alakazam-EX,フーディンEX,https://scrydex.com/pokemon/cards/alakazam-ex/xy10_ja-88?variant=firstEditionHolofoil
XY3,18513f31-8b41-4783-9b7b-43ea49365192,1,Bellsprout,マダツボミ,https://scrydex.com/pokemon/cards/bellsprout/xy3_ja-1?variant=firstEdition
XY3,18513f31-8b41-4783-9b7b-43ea49365192,2,Weepinbell,ウツドン,https://scrydex.com/pokemon/cards/weepinbell/xy3_ja-2?variant=firstEdition
XY3,18513f31-8b41-4783-9b7b-43ea49365192,3,Victreebel,ウツボット,https://scrydex.com/pokemon/cards/victreebel/xy3_ja-3?variant=firstEditionHolofoil
XY3,18513f31-8b41-4783-9b7b-43ea49365192,4,Heracross-EX,ヘラクロスEX,https://scrydex.com/pokemon/cards/heracross-ex/xy3_ja-4?variant=firstEditionHolofoil
XY3,18513f31-8b41-4783-9b7b-43ea49365192,5,M Heracross-EX,megaヘラクロスEX,https://scrydex.com/pokemon/cards/m-heracross-ex/xy3_ja-5?variant=firstEditionHolofoil
XY3,18513f31-8b41-4783-9b7b-43ea49365192,6,Shroomish,キノココ,https://scrydex.com/pokemon/cards/shroomish/xy3_ja-6?variant=firstEdition
XY3,18513f31-8b41-4783-9b7b-43ea49365192,7,Leafeon,リーフィア,https://scrydex.com/pokemon/cards/leafeon/xy3_ja-7?variant=firstEdition
XY3,18513f31-8b41-4783-9b7b-43ea49365192,8,Shelmet,チョボマキ,https://scrydex.com/pokemon/cards/shelmet/xy3_ja-8?variant=firstEdition
XY3,18513f31-8b41-4783-9b7b-43ea49365192,9,Accelgor,アギルダー,https://scrydex.com/pokemon/cards/accelgor/xy3_ja-9?variant=firstEdition
XY3,18513f31-8b41-4783-9b7b-43ea49365192,10,Magmar,ブーバー,https://scrydex.com/pokemon/cards/magmar/xy3_ja-10?variant=firstEdition
XY3,18513f31-8b41-4783-9b7b-43ea49365192,11,Magmortar,ブーバーン,https://scrydex.com/pokemon/cards/magmortar/xy3_ja-11?variant=firstEdition
XY3,18513f31-8b41-4783-9b7b-43ea49365192,12,Torchic,アチャモ,https://scrydex.com/pokemon/cards/torchic/xy3_ja-12?variant=firstEdition
XY3,18513f31-8b41-4783-9b7b-43ea49365192,13,Combusken,ワカシャモ,https://scrydex.com/pokemon/cards/combusken/xy3_ja-13?variant=firstEdition
XY3,18513f31-8b41-4783-9b7b-43ea49365192,14,Blaziken,バシャーモ,https://scrydex.com/pokemon/cards/blaziken/xy3_ja-14?variant=firstEditionHolofoil
XY3,18513f31-8b41-4783-9b7b-43ea49365192,15,Poliwag,ニョロモ,https://scrydex.com/pokemon/cards/poliwag/xy3_ja-15?variant=firstEdition
XY3,18513f31-8b41-4783-9b7b-43ea49365192,16,Poliwhirl,ニョロゾ,https://scrydex.com/pokemon/cards/poliwhirl/xy3_ja-16?variant=firstEdition
XY3,18513f31-8b41-4783-9b7b-43ea49365192,17,Poliwrath,ニョロボン,https://scrydex.com/pokemon/cards/poliwrath/xy3_ja-17?variant=firstEditionHolofoil
XY3,18513f31-8b41-4783-9b7b-43ea49365192,18,Politoed,ニョロトノ,https://scrydex.com/pokemon/cards/politoed/xy3_ja-18?variant=firstEdition
XY3,18513f31-8b41-4783-9b7b-43ea49365192,19,Glaceon,グレイシア,https://scrydex.com/pokemon/cards/glaceon/xy3_ja-19?variant=firstEdition
XY3,18513f31-8b41-4783-9b7b-43ea49365192,20,Seismitoad-EX,ガマゲロゲEX,https://scrydex.com/pokemon/cards/seismitoad-ex/xy3_ja-20?variant=firstEditionHolofoil
XY3,18513f31-8b41-4783-9b7b-43ea49365192,21,Cubchoo,クマシュン,https://scrydex.com/pokemon/cards/cubchoo/xy3_ja-21?variant=firstEdition
XY3,18513f31-8b41-4783-9b7b-43ea49365192,22,Beartic,ツンベアー,https://scrydex.com/pokemon/cards/beartic/xy3_ja-22?variant=firstEdition
XY3,18513f31-8b41-4783-9b7b-43ea49365192,23,Clauncher,ウデッポウ,https://scrydex.com/pokemon/cards/clauncher/xy3_ja-23?variant=firstEdition
XY3,18513f31-8b41-4783-9b7b-43ea49365192,24,Clawitzer,ブロスター,https://scrydex.com/pokemon/cards/clawitzer/xy3_ja-24?variant=firstEditionHolofoil
XY3,18513f31-8b41-4783-9b7b-43ea49365192,25,Amaura,アマルス,https://scrydex.com/pokemon/cards/amaura/xy3_ja-25?variant=firstEdition
XY3,18513f31-8b41-4783-9b7b-43ea49365192,26,Aurorus,アマルルガ,https://scrydex.com/pokemon/cards/aurorus/xy3_ja-26?variant=firstEdition
XY3,18513f31-8b41-4783-9b7b-43ea49365192,27,Electabuzz,エレブー,https://scrydex.com/pokemon/cards/electabuzz/xy3_ja-27?variant=firstEdition
XY3,18513f31-8b41-4783-9b7b-43ea49365192,28,Electivire,エレキブル,https://scrydex.com/pokemon/cards/electivire/xy3_ja-28?variant=firstEdition
XY3,18513f31-8b41-4783-9b7b-43ea49365192,29,Plusle,プラスル,https://scrydex.com/pokemon/cards/plusle/xy3_ja-29?variant=firstEdition
XY3,18513f31-8b41-4783-9b7b-43ea49365192,30,Minun,マイナン,https://scrydex.com/pokemon/cards/minun/xy3_ja-30?variant=firstEdition
XY3,18513f31-8b41-4783-9b7b-43ea49365192,31,Thundurus,ボルトロス,https://scrydex.com/pokemon/cards/thundurus/xy3_ja-31?variant=firstEdition
XY3,18513f31-8b41-4783-9b7b-43ea49365192,32,Dedenne,デデンネ,https://scrydex.com/pokemon/cards/dedenne/xy3_ja-32?variant=firstEdition
XY3,18513f31-8b41-4783-9b7b-43ea49365192,33,Drowzee,スリープ,https://scrydex.com/pokemon/cards/drowzee/xy3_ja-33?variant=firstEdition
XY3,18513f31-8b41-4783-9b7b-43ea49365192,34,Hypno,スリーパー,https://scrydex.com/pokemon/cards/hypno/xy3_ja-34?variant=firstEdition
XY3,18513f31-8b41-4783-9b7b-43ea49365192,35,Jynx,ルージュラ,https://scrydex.com/pokemon/cards/jynx/xy3_ja-35?variant=firstEdition
XY3,18513f31-8b41-4783-9b7b-43ea49365192,36,Skorupi,スコルピ,https://scrydex.com/pokemon/cards/skorupi/xy3_ja-36?variant=firstEdition
XY3,18513f31-8b41-4783-9b7b-43ea49365192,37,Gothita,ゴチム,https://scrydex.com/pokemon/cards/gothita/xy3_ja-37?variant=firstEdition
XY3,18513f31-8b41-4783-9b7b-43ea49365192,38,Gothorita,ゴチミル,https://scrydex.com/pokemon/cards/gothorita/xy3_ja-38?variant=firstEdition
XY3,18513f31-8b41-4783-9b7b-43ea49365192,39,Gothitelle,ゴチルゼル,https://scrydex.com/pokemon/cards/gothitelle/xy3_ja-39?variant=firstEdition
XY3,18513f31-8b41-4783-9b7b-43ea49365192,40,Golett,ゴビット,https://scrydex.com/pokemon/cards/golett/xy3_ja-40?variant=firstEdition
XY3,18513f31-8b41-4783-9b7b-43ea49365192,41,Golurk,ゴルーグ,https://scrydex.com/pokemon/cards/golurk/xy3_ja-41?variant=firstEdition
XY3,18513f31-8b41-4783-9b7b-43ea49365192,42,Machop,ワンリキー,https://scrydex.com/pokemon/cards/machop/xy3_ja-42?variant=firstEdition
XY3,18513f31-8b41-4783-9b7b-43ea49365192,43,Machoke,ゴーリキー,https://scrydex.com/pokemon/cards/machoke/xy3_ja-43?variant=firstEdition
XY3,18513f31-8b41-4783-9b7b-43ea49365192,44,Machamp,カイリキー,https://scrydex.com/pokemon/cards/machamp/xy3_ja-44?variant=firstEditionHolofoil
XY3,18513f31-8b41-4783-9b7b-43ea49365192,45,Hitmonlee,サワムラー,https://scrydex.com/pokemon/cards/hitmonlee/xy3_ja-45?variant=firstEdition
XY3,18513f31-8b41-4783-9b7b-43ea49365192,46,Hitmonchan,エビワラー,https://scrydex.com/pokemon/cards/hitmonchan/xy3_ja-46?variant=firstEdition
XY3,18513f31-8b41-4783-9b7b-43ea49365192,47,Hitmontop,カポエラー,https://scrydex.com/pokemon/cards/hitmontop/xy3_ja-47?variant=firstEdition
XY3,18513f31-8b41-4783-9b7b-43ea49365192,48,Breloom,キノガッサ,https://scrydex.com/pokemon/cards/breloom/xy3_ja-48?variant=firstEdition
XY3,18513f31-8b41-4783-9b7b-43ea49365192,49,Makuhita,マクノシタ,https://scrydex.com/pokemon/cards/makuhita/xy3_ja-49?variant=firstEdition
XY3,18513f31-8b41-4783-9b7b-43ea49365192,50,Hariyama,ハリテヤマ,https://scrydex.com/pokemon/cards/hariyama/xy3_ja-50?variant=firstEdition
XY3,18513f31-8b41-4783-9b7b-43ea49365192,51,Trapinch,ナックラー,https://scrydex.com/pokemon/cards/trapinch/xy3_ja-51?variant=firstEdition
XY3,18513f31-8b41-4783-9b7b-43ea49365192,52,Lucario-EX,ルカリオEX,https://scrydex.com/pokemon/cards/lucario-ex/xy3_ja-52?variant=firstEditionHolofoil
XY3,18513f31-8b41-4783-9b7b-43ea49365192,53,M Lucario-EX,megaルカリオEX,https://scrydex.com/pokemon/cards/m-lucario-ex/xy3_ja-53?variant=firstEditionHolofoil
XY3,18513f31-8b41-4783-9b7b-43ea49365192,54,Mienfoo,コジョフー,https://scrydex.com/pokemon/cards/mienfoo/xy3_ja-54?variant=firstEdition
XY3,18513f31-8b41-4783-9b7b-43ea49365192,55,Mienshao,コジョンド,https://scrydex.com/pokemon/cards/mienshao/xy3_ja-55?variant=firstEdition
XY3,18513f31-8b41-4783-9b7b-43ea49365192,56,Landorus,ランドロス,https://scrydex.com/pokemon/cards/landorus/xy3_ja-56?variant=firstEditionHolofoil
XY3,18513f31-8b41-4783-9b7b-43ea49365192,57,Pancham,ヤンチャム,https://scrydex.com/pokemon/cards/pancham/xy3_ja-57?variant=firstEdition
XY3,18513f31-8b41-4783-9b7b-43ea49365192,58,Tyrunt,チゴラス,https://scrydex.com/pokemon/cards/tyrunt/xy3_ja-58?variant=firstEdition
XY3,18513f31-8b41-4783-9b7b-43ea49365192,59,Tyrantrum,ガチゴラス,https://scrydex.com/pokemon/cards/tyrantrum/xy3_ja-59?variant=firstEdition
XY3,18513f31-8b41-4783-9b7b-43ea49365192,60,Hawlucha,ルチャブル,https://scrydex.com/pokemon/cards/hawlucha/xy3_ja-60?variant=firstEditionHolofoil
XY3,18513f31-8b41-4783-9b7b-43ea49365192,61,Drapion,ドラピオン,https://scrydex.com/pokemon/cards/drapion/xy3_ja-61?variant=firstEdition
XY3,18513f31-8b41-4783-9b7b-43ea49365192,62,Scraggy,ズルッグ,https://scrydex.com/pokemon/cards/scraggy/xy3_ja-62?variant=firstEdition
XY3,18513f31-8b41-4783-9b7b-43ea49365192,63,Scrafty,ズルズキン,https://scrydex.com/pokemon/cards/scrafty/xy3_ja-63?variant=firstEdition
XY3,18513f31-8b41-4783-9b7b-43ea49365192,64,Pangoro,ゴロンダ,https://scrydex.com/pokemon/cards/pangoro/xy3_ja-64?variant=firstEditionHolofoil
XY3,18513f31-8b41-4783-9b7b-43ea49365192,65,Clefairy,ピッピ,https://scrydex.com/pokemon/cards/clefairy/xy3_ja-65?variant=firstEdition
XY3,18513f31-8b41-4783-9b7b-43ea49365192,66,Clefable,ピクシー,https://scrydex.com/pokemon/cards/clefable/xy3_ja-66?variant=firstEdition
XY3,18513f31-8b41-4783-9b7b-43ea49365192,67,Sylveon,ニンフィア,https://scrydex.com/pokemon/cards/sylveon/xy3_ja-67?variant=firstEditionHolofoil
XY3,18513f31-8b41-4783-9b7b-43ea49365192,68,Klefki,クレッフィ,https://scrydex.com/pokemon/cards/klefki/xy3_ja-68?variant=firstEdition
XY3,18513f31-8b41-4783-9b7b-43ea49365192,69,Dragonite-EX,カイリューEX,https://scrydex.com/pokemon/cards/dragonite-ex/xy3_ja-69?variant=firstEditionHolofoil
XY3,18513f31-8b41-4783-9b7b-43ea49365192,70,Vibrava,ビブラーバ,https://scrydex.com/pokemon/cards/vibrava/xy3_ja-70?variant=firstEdition
XY3,18513f31-8b41-4783-9b7b-43ea49365192,71,Flygon,フライゴン,https://scrydex.com/pokemon/cards/flygon/xy3_ja-71?variant=firstEdition
XY3,18513f31-8b41-4783-9b7b-43ea49365192,72,Noivern,オンバーン,https://scrydex.com/pokemon/cards/noivern/xy3_ja-72?variant=firstEditionHolofoil
XY3,18513f31-8b41-4783-9b7b-43ea49365192,73,Lickitung,ベロリンガ,https://scrydex.com/pokemon/cards/lickitung/xy3_ja-73?variant=firstEdition
XY3,18513f31-8b41-4783-9b7b-43ea49365192,74,Lickilicky,ベロベルト,https://scrydex.com/pokemon/cards/lickilicky/xy3_ja-74?variant=firstEdition
XY3,18513f31-8b41-4783-9b7b-43ea49365192,75,Eevee,イーブイ,https://scrydex.com/pokemon/cards/eevee/xy3_ja-75?variant=firstEdition
XY3,18513f31-8b41-4783-9b7b-43ea49365192,76,Slakoth,ナマケロ,https://scrydex.com/pokemon/cards/slakoth/xy3_ja-76?variant=firstEdition
XY3,18513f31-8b41-4783-9b7b-43ea49365192,77,Vigoroth,ヤルキモノ,https://scrydex.com/pokemon/cards/vigoroth/xy3_ja-77?variant=firstEdition
XY3,18513f31-8b41-4783-9b7b-43ea49365192,78,Slaking,ケッキング,https://scrydex.com/pokemon/cards/slaking/xy3_ja-78?variant=firstEditionHolofoil
XY3,18513f31-8b41-4783-9b7b-43ea49365192,79,Patrat,ミネズミ,https://scrydex.com/pokemon/cards/patrat/xy3_ja-79?variant=firstEdition
XY3,18513f31-8b41-4783-9b7b-43ea49365192,80,Watchog,ミルホッグ,https://scrydex.com/pokemon/cards/watchog/xy3_ja-80?variant=firstEdition
XY3,18513f31-8b41-4783-9b7b-43ea49365192,81,Tornadus,トルネロス,https://scrydex.com/pokemon/cards/tornadus/xy3_ja-81?variant=firstEdition
XY3,18513f31-8b41-4783-9b7b-43ea49365192,82,Noibat,オンバット,https://scrydex.com/pokemon/cards/noibat/xy3_ja-82?variant=firstEdition
XY3,18513f31-8b41-4783-9b7b-43ea49365192,83,Tool Retriever,ツールストリップ,https://scrydex.com/pokemon/cards/tool-retriever/xy3_ja-83?variant=firstEdition
XY3,18513f31-8b41-4783-9b7b-43ea49365192,84,Maintenance,メンテナンス,https://scrydex.com/pokemon/cards/maintenance/xy3_ja-84?variant=firstEdition
XY3,18513f31-8b41-4783-9b7b-43ea49365192,85,Jaw Fossil,アゴの化石,https://scrydex.com/pokemon/cards/jaw-fossil/xy3_ja-85?variant=firstEdition
XY3,18513f31-8b41-4783-9b7b-43ea49365192,86,Sail Fossil,ヒレの化石,https://scrydex.com/pokemon/cards/sail-fossil/xy3_ja-86?variant=firstEdition
XY3,18513f31-8b41-4783-9b7b-43ea49365192,87,Sparkling Robe,輝くガウン,https://scrydex.com/pokemon/cards/sparkling-robe/xy3_ja-87?variant=firstEdition
XY3,18513f31-8b41-4783-9b7b-43ea49365192,88,Focus Sash,きあいのタスキ,https://scrydex.com/pokemon/cards/focus-sash/xy3_ja-88?variant=firstEdition
XY3,18513f31-8b41-4783-9b7b-43ea49365192,89,Fossil Researcher,化石研究員,https://scrydex.com/pokemon/cards/fossil-researcher/xy3_ja-89?variant=firstEdition
XY3,18513f31-8b41-4783-9b7b-43ea49365192,90,Korrina,コルニ,https://scrydex.com/pokemon/cards/korrina/xy3_ja-90?variant=firstEdition
XY3,18513f31-8b41-4783-9b7b-43ea49365192,91,Battle Reporter,バトルレポーター,https://scrydex.com/pokemon/cards/battle-reporter/xy3_ja-91?variant=firstEdition
XY3,18513f31-8b41-4783-9b7b-43ea49365192,92,Training Center,トレーニングセンター,https://scrydex.com/pokemon/cards/training-center/xy3_ja-92?variant=firstEdition
XY3,18513f31-8b41-4783-9b7b-43ea49365192,93,Fighting Stadium,ファイティングスタジアム,https://scrydex.com/pokemon/cards/fighting-stadium/xy3_ja-93?variant=firstEdition
XY3,18513f31-8b41-4783-9b7b-43ea49365192,94,Mountain Ring,マウンテンリング,https://scrydex.com/pokemon/cards/mountain-ring/xy3_ja-94?variant=firstEdition
XY3,18513f31-8b41-4783-9b7b-43ea49365192,95,Herbal Energy,ハーブエネルギー,https://scrydex.com/pokemon/cards/herbal-energy/xy3_ja-95?variant=firstEdition
XY3,18513f31-8b41-4783-9b7b-43ea49365192,96,Strong Energy,ストロングエネルギー,https://scrydex.com/pokemon/cards/strong-energy/xy3_ja-96?variant=firstEdition
XY3,18513f31-8b41-4783-9b7b-43ea49365192,97,Heracross-EX,ヘラクロスEX,https://scrydex.com/pokemon/cards/heracross-ex/xy3_ja-97?variant=firstEditionHolofoil
XY3,18513f31-8b41-4783-9b7b-43ea49365192,98,Seismitoad-EX,ガマゲロゲEX,https://scrydex.com/pokemon/cards/seismitoad-ex/xy3_ja-98?variant=firstEditionHolofoil
XY3,18513f31-8b41-4783-9b7b-43ea49365192,99,Lucario-EX,ルカリオEX,https://scrydex.com/pokemon/cards/lucario-ex/xy3_ja-99?variant=firstEditionHolofoil
XY3,18513f31-8b41-4783-9b7b-43ea49365192,100,Dragonite-EX,カイリューEX,https://scrydex.com/pokemon/cards/dragonite-ex/xy3_ja-100?variant=firstEditionHolofoil
XY3,18513f31-8b41-4783-9b7b-43ea49365192,101,Fossil Researcher,化石研究員,https://scrydex.com/pokemon/cards/fossil-researcher/xy3_ja-101?variant=firstEditionHolofoil
XY3,18513f31-8b41-4783-9b7b-43ea49365192,102,Korrina,コルニ,https://scrydex.com/pokemon/cards/korrina/xy3_ja-102?variant=firstEditionHolofoil
XY3,18513f31-8b41-4783-9b7b-43ea49365192,103,Battle Reporter,バトルレポーター,https://scrydex.com/pokemon/cards/battle-reporter/xy3_ja-103?variant=firstEditionHolofoil
XY3,18513f31-8b41-4783-9b7b-43ea49365192,104,M Heracross-EX,megaヘラクロスEX,https://scrydex.com/pokemon/cards/m-heracross-ex/xy3_ja-104?variant=firstEditionHolofoil
XY3,18513f31-8b41-4783-9b7b-43ea49365192,105,M Lucario-EX,megaルカリオEX,https://scrydex.com/pokemon/cards/m-lucario-ex/xy3_ja-105?variant=firstEditionHolofoil
XY5-Bg,e249c6c7-6f19-4de0-b421-1d7bce8e588d,1,Tangela,モンジャラ,https://scrydex.com/pokemon/cards/tangela/xy5g_ja-1?variant=firstEdition
XY5-Bg,e249c6c7-6f19-4de0-b421-1d7bce8e588d,2,Tangrowth,モジャンボ,https://scrydex.com/pokemon/cards/tangrowth/xy5g_ja-2?variant=firstEdition
XY5-Bg,e249c6c7-6f19-4de0-b421-1d7bce8e588d,3,Treecko,キモリ,https://scrydex.com/pokemon/cards/treecko/xy5g_ja-3?variant=firstEdition
XY5-Bg,e249c6c7-6f19-4de0-b421-1d7bce8e588d,4,Grovyle,ジュプトル,https://scrydex.com/pokemon/cards/grovyle/xy5g_ja-4?variant=firstEdition
XY5-Bg,e249c6c7-6f19-4de0-b421-1d7bce8e588d,5,Sceptile,ジュカイン,https://scrydex.com/pokemon/cards/sceptile/xy5g_ja-5?variant=firstEdition
XY5-Bg,e249c6c7-6f19-4de0-b421-1d7bce8e588d,6,Sceptile,ジュカイン,https://scrydex.com/pokemon/cards/sceptile/xy5g_ja-6?variant=firstEditionHolofoil
XY5-Bg,e249c6c7-6f19-4de0-b421-1d7bce8e588d,7,Shroomish,キノココ,https://scrydex.com/pokemon/cards/shroomish/xy5g_ja-7?variant=firstEdition
XY5-Bg,e249c6c7-6f19-4de0-b421-1d7bce8e588d,8,Breloom,キノガッサ,https://scrydex.com/pokemon/cards/breloom/xy5g_ja-8?variant=firstEdition
XY5-Bg,e249c6c7-6f19-4de0-b421-1d7bce8e588d,9,Volbeat,バルビート,https://scrydex.com/pokemon/cards/volbeat/xy5g_ja-9?variant=firstEdition
XY5-Bg,e249c6c7-6f19-4de0-b421-1d7bce8e588d,10,Illumise,イルミーゼ,https://scrydex.com/pokemon/cards/illumise/xy5g_ja-10?variant=firstEdition
XY5-Bg,e249c6c7-6f19-4de0-b421-1d7bce8e588d,11,Trevenant-EX,オーロットEX,https://scrydex.com/pokemon/cards/trevenant-ex/xy5g_ja-11?variant=firstEditionHolofoil
XY5-Bg,e249c6c7-6f19-4de0-b421-1d7bce8e588d,12,Vulpix,ロコン,https://scrydex.com/pokemon/cards/vulpix/xy5g_ja-12?variant=firstEdition
XY5-Bg,e249c6c7-6f19-4de0-b421-1d7bce8e588d,13,Ninetales,キュウコン,https://scrydex.com/pokemon/cards/ninetales/xy5g_ja-13?variant=firstEdition
XY5-Bg,e249c6c7-6f19-4de0-b421-1d7bce8e588d,14,Slugma,マグマッグ,https://scrydex.com/pokemon/cards/slugma/xy5g_ja-14?variant=firstEdition
XY5-Bg,e249c6c7-6f19-4de0-b421-1d7bce8e588d,15,Magcargo,マグカルゴ,https://scrydex.com/pokemon/cards/magcargo/xy5g_ja-15?variant=firstEdition
XY5-Bg,e249c6c7-6f19-4de0-b421-1d7bce8e588d,16,Magcargo,マグカルゴ,https://scrydex.com/pokemon/cards/magcargo/xy5g_ja-16?variant=firstEdition
XY5-Bg,e249c6c7-6f19-4de0-b421-1d7bce8e588d,17,Torchic,アチャモ,https://scrydex.com/pokemon/cards/torchic/xy5g_ja-17?variant=firstEdition
XY5-Bg,e249c6c7-6f19-4de0-b421-1d7bce8e588d,18,Torchic,アチャモ,https://scrydex.com/pokemon/cards/torchic/xy5g_ja-18?variant=firstEdition
XY5-Bg,e249c6c7-6f19-4de0-b421-1d7bce8e588d,19,Combusken,ワカシャモ,https://scrydex.com/pokemon/cards/combusken/xy5g_ja-19?variant=firstEdition
XY5-Bg,e249c6c7-6f19-4de0-b421-1d7bce8e588d,20,Blaziken,バシャーモ,https://scrydex.com/pokemon/cards/blaziken/xy5g_ja-20?variant=firstEditionHolofoil
XY5-Bg,e249c6c7-6f19-4de0-b421-1d7bce8e588d,21,Camerupt-EX,バクーダEX,https://scrydex.com/pokemon/cards/camerupt-ex/xy5g_ja-21?variant=firstEditionHolofoil
XY5-Bg,e249c6c7-6f19-4de0-b421-1d7bce8e588d,22,Electrike,ラクライ,https://scrydex.com/pokemon/cards/electrike/xy5g_ja-22?variant=firstEdition
XY5-Bg,e249c6c7-6f19-4de0-b421-1d7bce8e588d,23,Electrike,ラクライ,https://scrydex.com/pokemon/cards/electrike/xy5g_ja-23?variant=firstEdition
XY5-Bg,e249c6c7-6f19-4de0-b421-1d7bce8e588d,24,Manectric,ライボルト,https://scrydex.com/pokemon/cards/manectric/xy5g_ja-24?variant=firstEditionHolofoil
XY5-Bg,e249c6c7-6f19-4de0-b421-1d7bce8e588d,25,Nidoran ♀,ニドラン♀,https://scrydex.com/pokemon/cards/nidoran-/xy5g_ja-25?variant=firstEdition
XY5-Bg,e249c6c7-6f19-4de0-b421-1d7bce8e588d,26,Nidorina,ニドリーナ,https://scrydex.com/pokemon/cards/nidorina/xy5g_ja-26?variant=firstEdition
XY5-Bg,e249c6c7-6f19-4de0-b421-1d7bce8e588d,27,Nidoqueen,ニドクイン,https://scrydex.com/pokemon/cards/nidoqueen/xy5g_ja-27?variant=firstEdition
XY5-Bg,e249c6c7-6f19-4de0-b421-1d7bce8e588d,28,Nidoqueen,ニドクイン,https://scrydex.com/pokemon/cards/nidoqueen/xy5g_ja-28?variant=firstEdition
XY5-Bg,e249c6c7-6f19-4de0-b421-1d7bce8e588d,29,Rhyhorn,サイホーン,https://scrydex.com/pokemon/cards/rhyhorn/xy5g_ja-29?variant=firstEdition
XY5-Bg,e249c6c7-6f19-4de0-b421-1d7bce8e588d,30,Rhydon,サイドン,https://scrydex.com/pokemon/cards/rhydon/xy5g_ja-30?variant=firstEdition
XY5-Bg,e249c6c7-6f19-4de0-b421-1d7bce8e588d,31,Rhyperior,ドサイドン,https://scrydex.com/pokemon/cards/rhyperior/xy5g_ja-31?variant=firstEdition
XY5-Bg,e249c6c7-6f19-4de0-b421-1d7bce8e588d,32,Rhyperior,ドサイドン,https://scrydex.com/pokemon/cards/rhyperior/xy5g_ja-32?variant=firstEditionHolofoil
XY5-Bg,e249c6c7-6f19-4de0-b421-1d7bce8e588d,33,Nosepass,ノズパス,https://scrydex.com/pokemon/cards/nosepass/xy5g_ja-33?variant=firstEdition
XY5-Bg,e249c6c7-6f19-4de0-b421-1d7bce8e588d,34,Meditite,アサナン,https://scrydex.com/pokemon/cards/meditite/xy5g_ja-34?variant=firstEdition
XY5-Bg,e249c6c7-6f19-4de0-b421-1d7bce8e588d,35,Medicham,チャーレム,https://scrydex.com/pokemon/cards/medicham/xy5g_ja-35?variant=firstEditionHolofoil
XY5-Bg,e249c6c7-6f19-4de0-b421-1d7bce8e588d,36,Medicham,チャーレム,https://scrydex.com/pokemon/cards/medicham/xy5g_ja-36?variant=firstEdition
XY5-Bg,e249c6c7-6f19-4de0-b421-1d7bce8e588d,37,Trapinch,ナックラー,https://scrydex.com/pokemon/cards/trapinch/xy5g_ja-37?variant=firstEdition
XY5-Bg,e249c6c7-6f19-4de0-b421-1d7bce8e588d,38,Solrock,ソルロック,https://scrydex.com/pokemon/cards/solrock/xy5g_ja-38?variant=firstEdition
XY5-Bg,e249c6c7-6f19-4de0-b421-1d7bce8e588d,39,Groudon-EX,グラードンEX,https://scrydex.com/pokemon/cards/groudon-ex/xy5g_ja-39?variant=firstEditionHolofoil
XY5-Bg,e249c6c7-6f19-4de0-b421-1d7bce8e588d,40,Primal Groudon-EX,ゲンシグラードンEX,https://scrydex.com/pokemon/cards/primal-groudon-ex/xy5g_ja-40?variant=firstEditionHolofoil
XY5-Bg,e249c6c7-6f19-4de0-b421-1d7bce8e588d,41,Hippopotas,ヒポポタス,https://scrydex.com/pokemon/cards/hippopotas/xy5g_ja-41?variant=firstEdition
XY5-Bg,e249c6c7-6f19-4de0-b421-1d7bce8e588d,42,Hippowdon,カバルドン,https://scrydex.com/pokemon/cards/hippowdon/xy5g_ja-42?variant=firstEditionHolofoil
XY5-Bg,e249c6c7-6f19-4de0-b421-1d7bce8e588d,43,Drilbur,モグリュー,https://scrydex.com/pokemon/cards/drilbur/xy5g_ja-43?variant=firstEdition
XY5-Bg,e249c6c7-6f19-4de0-b421-1d7bce8e588d,44,Diggersby,ホルード,https://scrydex.com/pokemon/cards/diggersby/xy5g_ja-44?variant=firstEdition
XY5-Bg,e249c6c7-6f19-4de0-b421-1d7bce8e588d,45,Aggron-EX,ボスゴドラEX,https://scrydex.com/pokemon/cards/aggron-ex/xy5g_ja-45?variant=firstEditionHolofoil
XY5-Bg,e249c6c7-6f19-4de0-b421-1d7bce8e588d,46,M Aggron-EX,megaボスゴドラEX,https://scrydex.com/pokemon/cards/m-aggron-ex/xy5g_ja-46?variant=firstEditionHolofoil
XY5-Bg,e249c6c7-6f19-4de0-b421-1d7bce8e588d,47,Probopass,ダイノーズ,https://scrydex.com/pokemon/cards/probopass/xy5g_ja-47?variant=firstEdition
XY5-Bg,e249c6c7-6f19-4de0-b421-1d7bce8e588d,48,Excadrill,ドリュウズ,https://scrydex.com/pokemon/cards/excadrill/xy5g_ja-48?variant=firstEdition
XY5-Bg,e249c6c7-6f19-4de0-b421-1d7bce8e588d,49,Excadrill,ドリュウズ,https://scrydex.com/pokemon/cards/excadrill/xy5g_ja-49?variant=firstEditionHolofoil
XY5-Bg,e249c6c7-6f19-4de0-b421-1d7bce8e588d,50,Honedge,ヒトツキ,https://scrydex.com/pokemon/cards/honedge/xy5g_ja-50?variant=firstEdition
XY5-Bg,e249c6c7-6f19-4de0-b421-1d7bce8e588d,51,Doublade,ニダンギル,https://scrydex.com/pokemon/cards/doublade/xy5g_ja-51?variant=firstEdition
XY5-Bg,e249c6c7-6f19-4de0-b421-1d7bce8e588d,52,Aegislash,ギルガルド,https://scrydex.com/pokemon/cards/aegislash/xy5g_ja-52?variant=firstEditionHolofoil
XY5-Bg,e249c6c7-6f19-4de0-b421-1d7bce8e588d,53,Vibrava,ビブラーバ,https://scrydex.com/pokemon/cards/vibrava/xy5g_ja-53?variant=firstEdition
XY5-Bg,e249c6c7-6f19-4de0-b421-1d7bce8e588d,54,Flygon,フライゴン,https://scrydex.com/pokemon/cards/flygon/xy5g_ja-54?variant=firstEditionHolofoil
XY5-Bg,e249c6c7-6f19-4de0-b421-1d7bce8e588d,55,Zigzagoon,ジグザグマ,https://scrydex.com/pokemon/cards/zigzagoon/xy5g_ja-55?variant=firstEdition
XY5-Bg,e249c6c7-6f19-4de0-b421-1d7bce8e588d,56,Linoone,マッスグマ,https://scrydex.com/pokemon/cards/linoone/xy5g_ja-56?variant=firstEdition
XY5-Bg,e249c6c7-6f19-4de0-b421-1d7bce8e588d,57,Bouffalant,バッフロン,https://scrydex.com/pokemon/cards/bouffalant/xy5g_ja-57?variant=firstEdition
XY5-Bg,e249c6c7-6f19-4de0-b421-1d7bce8e588d,58,Bunnelby,ホルビー,https://scrydex.com/pokemon/cards/bunnelby/xy5g_ja-58?variant=firstEdition
XY5-Bg,e249c6c7-6f19-4de0-b421-1d7bce8e588d,59,Bunnelby,ホルビー,https://scrydex.com/pokemon/cards/bunnelby/xy5g_ja-59?variant=firstEdition
XY5-Bg,e249c6c7-6f19-4de0-b421-1d7bce8e588d,60,Acro Bike,ダートじてんしゃ,https://scrydex.com/pokemon/cards/acro-bike/xy5g_ja-60?variant=firstEdition
XY5-Bg,e249c6c7-6f19-4de0-b421-1d7bce8e588d,61,Rare Candy,ふしぎなアメ,https://scrydex.com/pokemon/cards/rare-candy/xy5g_ja-61?variant=firstEdition
XY5-Bg,e249c6c7-6f19-4de0-b421-1d7bce8e588d,62,Repeat Ball,リピートボール,https://scrydex.com/pokemon/cards/repeat-ball/xy5g_ja-62?variant=firstEdition
XY5-Bg,e249c6c7-6f19-4de0-b421-1d7bce8e588d,63,Weakness Policy,じゃくてんほけん,https://scrydex.com/pokemon/cards/weakness-policy/xy5g_ja-63?variant=firstEdition
XY5-Bg,e249c6c7-6f19-4de0-b421-1d7bce8e588d,64,Groudon Spirit Link,グラードンソウルリンク,https://scrydex.com/pokemon/cards/groudon-spirit-link/xy5g_ja-64?variant=firstEdition
XY5-Bg,e249c6c7-6f19-4de0-b421-1d7bce8e588d,65,Aggron Spirit Link,ボスゴドラソウルリンク,https://scrydex.com/pokemon/cards/aggron-spirit-link/xy5g_ja-65?variant=firstEdition
XY5-Bg,e249c6c7-6f19-4de0-b421-1d7bce8e588d,66,Teammates,センパイとコウハイ,https://scrydex.com/pokemon/cards/teammates/xy5g_ja-66?variant=firstEdition
XY5-Bg,e249c6c7-6f19-4de0-b421-1d7bce8e588d,67,Maxie's Hidden Ball Trick,マツブサの隠し玉,https://scrydex.com/pokemon/cards/maxies-hidden-ball-trick/xy5g_ja-67?variant=firstEdition
XY5-Bg,e249c6c7-6f19-4de0-b421-1d7bce8e588d,68,Shrine of Memories,記憶のほこら,https://scrydex.com/pokemon/cards/shrine-of-memories/xy5g_ja-68?variant=firstEdition
XY5-Bg,e249c6c7-6f19-4de0-b421-1d7bce8e588d,69,Scorched Earth,灼熱の大地,https://scrydex.com/pokemon/cards/scorched-earth/xy5g_ja-69?variant=firstEdition
XY5-Bg,e249c6c7-6f19-4de0-b421-1d7bce8e588d,70,Shield Energy,シールドエネルギー,https://scrydex.com/pokemon/cards/shield-energy/xy5g_ja-70?variant=firstEdition
XY5-Bg,e249c6c7-6f19-4de0-b421-1d7bce8e588d,71,Trevenant-EX,オーロットEX,https://scrydex.com/pokemon/cards/trevenant-ex/xy5g_ja-71?variant=firstEditionHolofoil
XY5-Bg,e249c6c7-6f19-4de0-b421-1d7bce8e588d,72,Camerupt-EX,バクーダEX,https://scrydex.com/pokemon/cards/camerupt-ex/xy5g_ja-72?variant=firstEditionHolofoil
XY5-Bg,e249c6c7-6f19-4de0-b421-1d7bce8e588d,73,Groudon-EX,グラードンEX,https://scrydex.com/pokemon/cards/groudon-ex/xy5g_ja-73?variant=firstEditionHolofoil
XY5-Bg,e249c6c7-6f19-4de0-b421-1d7bce8e588d,74,Primal Groudon-EX,ゲンシグラードンEX,https://scrydex.com/pokemon/cards/primal-groudon-ex/xy5g_ja-74?variant=firstEditionHolofoil
XY5-Bg,e249c6c7-6f19-4de0-b421-1d7bce8e588d,75,Aggron-EX,ボスゴドラEX,https://scrydex.com/pokemon/cards/aggron-ex/xy5g_ja-75?variant=firstEditionHolofoil
XY5-Bg,e249c6c7-6f19-4de0-b421-1d7bce8e588d,76,M Aggron-EX,megaボスゴドラEX,https://scrydex.com/pokemon/cards/m-aggron-ex/xy5g_ja-76?variant=firstEditionHolofoil
XY5-Bg,e249c6c7-6f19-4de0-b421-1d7bce8e588d,77,Teammates,センパイとコウハイ,https://scrydex.com/pokemon/cards/teammates/xy5g_ja-77?variant=firstEditionHolofoil
XY5-Bg,e249c6c7-6f19-4de0-b421-1d7bce8e588d,78,Maxie's Hidden Ball Trick,マツブサの隠し玉,https://scrydex.com/pokemon/cards/maxies-hidden-ball-trick/xy5g_ja-78?variant=firstEditionHolofoil
XY5-Bg,e249c6c7-6f19-4de0-b421-1d7bce8e588d,79,Switch,ポケモンいれかえ,https://scrydex.com/pokemon/cards/switch/xy5g_ja-79?variant=firstEditionHolofoil
XY5-Bg,e249c6c7-6f19-4de0-b421-1d7bce8e588d,80,Weakness Policy,じゃくてんほけん,https://scrydex.com/pokemon/cards/weakness-policy/xy5g_ja-80?variant=firstEditionHolofoil
XY6,75574306-ef8d-4e8e-b8a5-5d485286a968,79,Thundurus-EX,ボルトロスEX,https://scrydex.com/pokemon/cards/thundurus-ex/xy6_ja-79?variant=firstEditionHolofoil
XY6,75574306-ef8d-4e8e-b8a5-5d485286a968,80,Gallade-EX,エルレイドEX,https://scrydex.com/pokemon/cards/gallade-ex/xy6_ja-80?variant=firstEditionHolofoil
XY6,75574306-ef8d-4e8e-b8a5-5d485286a968,81,M Gallade-EX,megaエルレイドEX,https://scrydex.com/pokemon/cards/m-gallade-ex/xy6_ja-81?variant=firstEditionHolofoil
XY6,75574306-ef8d-4e8e-b8a5-5d485286a968,82,Latios-EX,ラティオスEX,https://scrydex.com/pokemon/cards/latios-ex/xy6_ja-82?variant=firstEditionHolofoil
XY6,75574306-ef8d-4e8e-b8a5-5d485286a968,83,M Latios-EX,megaラティオスEX,https://scrydex.com/pokemon/cards/m-latios-ex/xy6_ja-83?variant=firstEditionHolofoil
XY6,75574306-ef8d-4e8e-b8a5-5d485286a968,84,Hydreigon-EX,サザンドラEX,https://scrydex.com/pokemon/cards/hydreigon-ex/xy6_ja-84?variant=firstEditionHolofoil
XY6,75574306-ef8d-4e8e-b8a5-5d485286a968,85,Rayquaza-EX,レックウザEX,https://scrydex.com/pokemon/cards/rayquaza-ex/xy6_ja-85?variant=firstEditionHolofoil
XY6,75574306-ef8d-4e8e-b8a5-5d485286a968,86,M Rayquaza-EX,megaレックウザEX,https://scrydex.com/pokemon/cards/m-rayquaza-ex/xy6_ja-86?variant=firstEditionHolofoil
XY6,75574306-ef8d-4e8e-b8a5-5d485286a968,87,Shaymin-EX,シェイミEX,https://scrydex.com/pokemon/cards/shaymin-ex/xy6_ja-87?variant=firstEditionHolofoil
XY6,75574306-ef8d-4e8e-b8a5-5d485286a968,88,Winona,ナギ,https://scrydex.com/pokemon/cards/winona/xy6_ja-88?variant=firstEditionHolofoil
XY6,75574306-ef8d-4e8e-b8a5-5d485286a968,89,Wally,ミツル,https://scrydex.com/pokemon/cards/wally/xy6_ja-89?variant=firstEditionHolofoil
XY6,75574306-ef8d-4e8e-b8a5-5d485286a968,90,Energy Switch,エネルギーつけかえ,https://scrydex.com/pokemon/cards/energy-switch/xy6_ja-90?variant=firstEditionHolofoil
XY6,75574306-ef8d-4e8e-b8a5-5d485286a968,91,VS Seeker,バトルサーチャー,https://scrydex.com/pokemon/cards/vs-seeker/xy6_ja-91?variant=firstEditionHolofoil
XY7,e19dcfd0-93f5-498e-bc42-b724ceb38c83,82,Sceptile-EX,ジュカインEX,https://scrydex.com/pokemon/cards/sceptile-ex/xy7_ja-82?variant=firstEditionHolofoil
XY7,e19dcfd0-93f5-498e-bc42-b724ceb38c83,83,M Sceptile-EX,megaジュカインEX,https://scrydex.com/pokemon/cards/m-sceptile-ex/xy7_ja-83?variant=firstEditionHolofoil
XY7,e19dcfd0-93f5-498e-bc42-b724ceb38c83,84,Kyurem-EX,キュレムEX,https://scrydex.com/pokemon/cards/kyurem-ex/xy7_ja-84?variant=firstEditionHolofoil
XY7,e19dcfd0-93f5-498e-bc42-b724ceb38c83,85,Ampharos-EX,デンリュウEX,https://scrydex.com/pokemon/cards/ampharos-ex/xy7_ja-85?variant=firstEditionHolofoil
XY7,e19dcfd0-93f5-498e-bc42-b724ceb38c83,86,M Ampharos-EX,megaデンリュウEX,https://scrydex.com/pokemon/cards/m-ampharos-ex/xy7_ja-86?variant=firstEditionHolofoil
XY7,e19dcfd0-93f5-498e-bc42-b724ceb38c83,87,Hoopa-EX,フーパEX,https://scrydex.com/pokemon/cards/hoopa-ex/xy7_ja-87?variant=firstEditionHolofoil
XY7,e19dcfd0-93f5-498e-bc42-b724ceb38c83,88,Machamp-EX,カイリキーEX,https://scrydex.com/pokemon/cards/machamp-ex/xy7_ja-88?variant=firstEditionHolofoil
XY7,e19dcfd0-93f5-498e-bc42-b724ceb38c83,89,Tyranitar-EX,バンギラスEX,https://scrydex.com/pokemon/cards/tyranitar-ex/xy7_ja-89?variant=firstEditionHolofoil
XY7,e19dcfd0-93f5-498e-bc42-b724ceb38c83,90,M Tyranitar-EX,megaバンギラスEX,https://scrydex.com/pokemon/cards/m-tyranitar-ex/xy7_ja-90?variant=firstEditionHolofoil
XY7,e19dcfd0-93f5-498e-bc42-b724ceb38c83,91,Giratina-EX,ギラティナEX,https://scrydex.com/pokemon/cards/giratina-ex/xy7_ja-91?variant=firstEditionHolofoil
XY7,e19dcfd0-93f5-498e-bc42-b724ceb38c83,92,Lugia-EX,ルギアEX,https://scrydex.com/pokemon/cards/lugia-ex/xy7_ja-92?variant=firstEditionHolofoil
XY7,e19dcfd0-93f5-498e-bc42-b724ceb38c83,93,Primal Kyogre-EX,ゲンシカイオーガEX,https://scrydex.com/pokemon/cards/primal-kyogre-ex/xy7_ja-93?variant=firstEditionHolofoil
XY7,e19dcfd0-93f5-498e-bc42-b724ceb38c83,94,Primal Groudon-EX,ゲンシグラードンEX,https://scrydex.com/pokemon/cards/primal-groudon-ex/xy7_ja-94?variant=firstEditionHolofoil
XY7,e19dcfd0-93f5-498e-bc42-b724ceb38c83,95,M Rayquaza-EX,megaレックウザEX,https://scrydex.com/pokemon/cards/m-rayquaza-ex/xy7_ja-95?variant=firstEditionHolofoil
XY7,e19dcfd0-93f5-498e-bc42-b724ceb38c83,96,Energy Retrieval,エネルギー回収,https://scrydex.com/pokemon/cards/energy-retrieval/xy7_ja-96?variant=firstEditionHolofoil
XY7,e19dcfd0-93f5-498e-bc42-b724ceb38c83,97,Trainers' Mail,トレーナーズポスト,https://scrydex.com/pokemon/cards/trainers-mail/xy7_ja-97?variant=firstEditionHolofoil
XY8-Bb,e2a21580-e660-4e87-921d-56dea35352aa,1,Pinsir,カイロス,https://scrydex.com/pokemon/cards/pinsir/xy8b_ja-1?variant=firstEdition
XY8-Bb,e2a21580-e660-4e87-921d-56dea35352aa,2,Cacnea,サボネア,https://scrydex.com/pokemon/cards/cacnea/xy8b_ja-2?variant=firstEdition
XY8-Bb,e2a21580-e660-4e87-921d-56dea35352aa,3,Pansage,ヤナップ,https://scrydex.com/pokemon/cards/pansage/xy8b_ja-3?variant=firstEdition
XY8-Bb,e2a21580-e660-4e87-921d-56dea35352aa,4,Simisage,ヤナッキー,https://scrydex.com/pokemon/cards/simisage/xy8b_ja-4?variant=firstEdition
XY8-Bb,e2a21580-e660-4e87-921d-56dea35352aa,5,Chespin,ハリマロン,https://scrydex.com/pokemon/cards/chespin/xy8b_ja-5?variant=firstEdition
XY8-Bb,e2a21580-e660-4e87-921d-56dea35352aa,6,Scatterbug,コフキムシ,https://scrydex.com/pokemon/cards/scatterbug/xy8b_ja-6?variant=firstEdition
XY8-Bb,e2a21580-e660-4e87-921d-56dea35352aa,7,Spewpa,コフーライ,https://scrydex.com/pokemon/cards/spewpa/xy8b_ja-7?variant=firstEdition
XY8-Bb,e2a21580-e660-4e87-921d-56dea35352aa,8,Vivillon,ビビヨン,https://scrydex.com/pokemon/cards/vivillon/xy8b_ja-8?variant=firstEditionHolofoil
XY8-Bb,e2a21580-e660-4e87-921d-56dea35352aa,9,Cyndaquil,ヒノアラシ,https://scrydex.com/pokemon/cards/cyndaquil/xy8b_ja-9?variant=firstEdition
XY8-Bb,e2a21580-e660-4e87-921d-56dea35352aa,10,Quilava,マグマラシ,https://scrydex.com/pokemon/cards/quilava/xy8b_ja-10?variant=firstEdition
XY8-Bb,e2a21580-e660-4e87-921d-56dea35352aa,11,Typhlosion,バクフーン,https://scrydex.com/pokemon/cards/typhlosion/xy8b_ja-11?variant=firstEditionHolofoil
XY8-Bb,e2a21580-e660-4e87-921d-56dea35352aa,12,Remoraid,テッポウオ,https://scrydex.com/pokemon/cards/remoraid/xy8b_ja-12?variant=firstEdition
XY8-Bb,e2a21580-e660-4e87-921d-56dea35352aa,13,Octillery,オクタン,https://scrydex.com/pokemon/cards/octillery/xy8b_ja-13?variant=firstEditionHolofoil
XY8-Bb,e2a21580-e660-4e87-921d-56dea35352aa,14,Glalie-EX,オニゴーリEX,https://scrydex.com/pokemon/cards/glalie-ex/xy8b_ja-14?variant=firstEditionHolofoil
XY8-Bb,e2a21580-e660-4e87-921d-56dea35352aa,15,M Glalie-EX,megaオニゴーリEX,https://scrydex.com/pokemon/cards/m-glalie-ex/xy8b_ja-15?variant=firstEditionHolofoil
XY8-Bb,e2a21580-e660-4e87-921d-56dea35352aa,16,Panpour,ヒヤップ,https://scrydex.com/pokemon/cards/panpour/xy8b_ja-16?variant=firstEdition
XY8-Bb,e2a21580-e660-4e87-921d-56dea35352aa,17,Simipour,ヒヤッキー,https://scrydex.com/pokemon/cards/simipour/xy8b_ja-17?variant=firstEdition
XY8-Bb,e2a21580-e660-4e87-921d-56dea35352aa,18,Vanillite,バニプッチ,https://scrydex.com/pokemon/cards/vanillite/xy8b_ja-18?variant=firstEdition
XY8-Bb,e2a21580-e660-4e87-921d-56dea35352aa,19,Vanillish,バニリッチ,https://scrydex.com/pokemon/cards/vanillish/xy8b_ja-19?variant=firstEdition
XY8-Bb,e2a21580-e660-4e87-921d-56dea35352aa,20,Vanilluxe,バイバニラ,https://scrydex.com/pokemon/cards/vanilluxe/xy8b_ja-20?variant=firstEdition
XY8-Bb,e2a21580-e660-4e87-921d-56dea35352aa,21,Magnemite,コイル,https://scrydex.com/pokemon/cards/magnemite/xy8b_ja-21?variant=firstEdition
XY8-Bb,e2a21580-e660-4e87-921d-56dea35352aa,22,Gastly,ゴース,https://scrydex.com/pokemon/cards/gastly/xy8b_ja-22?variant=firstEdition
XY8-Bb,e2a21580-e660-4e87-921d-56dea35352aa,23,Haunter,ゴースト,https://scrydex.com/pokemon/cards/haunter/xy8b_ja-23?variant=firstEdition
XY8-Bb,e2a21580-e660-4e87-921d-56dea35352aa,24,Gengar,ゲンガー,https://scrydex.com/pokemon/cards/gengar/xy8b_ja-24?variant=firstEditionHolofoil
XY8-Bb,e2a21580-e660-4e87-921d-56dea35352aa,25,Mewtwo-EX,ミュウツーEX,https://scrydex.com/pokemon/cards/mewtwo-ex/xy8b_ja-25?variant=firstEditionHolofoil
XY8-Bb,e2a21580-e660-4e87-921d-56dea35352aa,26,M Mewtwo-EX,megaミュウツーEX,https://scrydex.com/pokemon/cards/m-mewtwo-ex/xy8b_ja-26?variant=firstEditionHolofoil
XY8-Bb,e2a21580-e660-4e87-921d-56dea35352aa,27,Woobat,コロモリ,https://scrydex.com/pokemon/cards/woobat/xy8b_ja-27?variant=firstEdition
XY8-Bb,e2a21580-e660-4e87-921d-56dea35352aa,28,Swoobat,ココロモリ,https://scrydex.com/pokemon/cards/swoobat/xy8b_ja-28?variant=firstEdition
XY8-Bb,e2a21580-e660-4e87-921d-56dea35352aa,29,Elgyem,リグレー,https://scrydex.com/pokemon/cards/elgyem/xy8b_ja-29?variant=firstEdition
XY8-Bb,e2a21580-e660-4e87-921d-56dea35352aa,30,Beheeyem,オーベム,https://scrydex.com/pokemon/cards/beheeyem/xy8b_ja-30?variant=firstEdition
XY8-Bb,e2a21580-e660-4e87-921d-56dea35352aa,31,Sandshrew,サンド,https://scrydex.com/pokemon/cards/sandshrew/xy8b_ja-31?variant=firstEdition
XY8-Bb,e2a21580-e660-4e87-921d-56dea35352aa,32,Sandslash,サンドパン,https://scrydex.com/pokemon/cards/sandslash/xy8b_ja-32?variant=firstEdition
XY8-Bb,e2a21580-e660-4e87-921d-56dea35352aa,33,Meloetta,メロエッタ,https://scrydex.com/pokemon/cards/meloetta/xy8b_ja-33?variant=firstEditionHolofoil
XY8-Bb,e2a21580-e660-4e87-921d-56dea35352aa,34,Cacturne,ノクタス,https://scrydex.com/pokemon/cards/cacturne/xy8b_ja-34?variant=firstEdition
XY8-Bb,e2a21580-e660-4e87-921d-56dea35352aa,35,Zorua,ゾロア,https://scrydex.com/pokemon/cards/zorua/xy8b_ja-35?variant=firstEdition
XY8-Bb,e2a21580-e660-4e87-921d-56dea35352aa,36,Zoroark,ゾロアーク,https://scrydex.com/pokemon/cards/zoroark/xy8b_ja-36?variant=firstEditionHolofoil
XY8-Bb,e2a21580-e660-4e87-921d-56dea35352aa,37,Zoroark BREAK,ゾロアークBREAK,https://scrydex.com/pokemon/cards/zoroark-break/xy8b_ja-37?variant=firstEditionHolofoil
XY8-Bb,e2a21580-e660-4e87-921d-56dea35352aa,38,Snubbull,ブルー,https://scrydex.com/pokemon/cards/snubbull/xy8b_ja-38?variant=firstEdition
XY8-Bb,e2a21580-e660-4e87-921d-56dea35352aa,39,Granbull,グランブル,https://scrydex.com/pokemon/cards/granbull/xy8b_ja-39?variant=firstEdition
XY8-Bb,e2a21580-e660-4e87-921d-56dea35352aa,40,Flabébé,フラベベ,https://scrydex.com/pokemon/cards/flabb/xy8b_ja-40?variant=firstEdition
XY8-Bb,e2a21580-e660-4e87-921d-56dea35352aa,41,Floette,フラエッテ,https://scrydex.com/pokemon/cards/floette/xy8b_ja-41?variant=firstEdition
XY8-Bb,e2a21580-e660-4e87-921d-56dea35352aa,42,Florges,フラージェス,https://scrydex.com/pokemon/cards/florges/xy8b_ja-42?variant=firstEdition
XY8-Bb,e2a21580-e660-4e87-921d-56dea35352aa,43,Florges BREAK,フラージェスBREAK,https://scrydex.com/pokemon/cards/florges-break/xy8b_ja-43?variant=firstEditionHolofoil
XY8-Bb,e2a21580-e660-4e87-921d-56dea35352aa,44,Xerneas,ゼルネアス,https://scrydex.com/pokemon/cards/xerneas/xy8b_ja-44?variant=firstEditionHolofoil
XY8-Bb,e2a21580-e660-4e87-921d-56dea35352aa,45,Axew,キバゴ,https://scrydex.com/pokemon/cards/axew/xy8b_ja-45?variant=firstEdition
XY8-Bb,e2a21580-e660-4e87-921d-56dea35352aa,46,Fraxure,オノンド,https://scrydex.com/pokemon/cards/fraxure/xy8b_ja-46?variant=firstEdition
XY8-Bb,e2a21580-e660-4e87-921d-56dea35352aa,47,Haxorus,オノノクス,https://scrydex.com/pokemon/cards/haxorus/xy8b_ja-47?variant=firstEditionHolofoil
XY8-Bb,e2a21580-e660-4e87-921d-56dea35352aa,48,Doduo,ドードー,https://scrydex.com/pokemon/cards/doduo/xy8b_ja-48?variant=firstEdition
XY8-Bb,e2a21580-e660-4e87-921d-56dea35352aa,49,Hoothoot,ホーホー,https://scrydex.com/pokemon/cards/hoothoot/xy8b_ja-49?variant=firstEdition
XY8-Bb,e2a21580-e660-4e87-921d-56dea35352aa,50,Noctowl,ヨルノズク,https://scrydex.com/pokemon/cards/noctowl/xy8b_ja-50?variant=firstEdition
XY8-Bb,e2a21580-e660-4e87-921d-56dea35352aa,51,Teddiursa,ヒメグマ,https://scrydex.com/pokemon/cards/teddiursa/xy8b_ja-51?variant=firstEdition
XY8-Bb,e2a21580-e660-4e87-921d-56dea35352aa,52,Ursaring,リングマ,https://scrydex.com/pokemon/cards/ursaring/xy8b_ja-52?variant=firstEdition
XY8-Bb,e2a21580-e660-4e87-921d-56dea35352aa,53,Smeargle,ドーブル,https://scrydex.com/pokemon/cards/smeargle/xy8b_ja-53?variant=firstEdition
XY8-Bb,e2a21580-e660-4e87-921d-56dea35352aa,54,Float Stone,かるいし,https://scrydex.com/pokemon/cards/float-stone/xy8b_ja-54?variant=firstEdition
XY8-Bb,e2a21580-e660-4e87-921d-56dea35352aa,55,Glalie Spirit Link,オニゴーリソウルリンク,https://scrydex.com/pokemon/cards/glalie-spirit-link/xy8b_ja-55?variant=firstEdition
XY8-Bb,e2a21580-e660-4e87-921d-56dea35352aa,56,Mewtwo Spirit Link,ミュウツーソウルリンク,https://scrydex.com/pokemon/cards/mewtwo-spirit-link/xy8b_ja-56?variant=firstEdition
XY8-Bb,e2a21580-e660-4e87-921d-56dea35352aa,57,Brigette,アズサ,https://scrydex.com/pokemon/cards/brigette/xy8b_ja-57?variant=firstEdition
XY8-Bb,e2a21580-e660-4e87-921d-56dea35352aa,58,Parallel City,パラレルシティ,https://scrydex.com/pokemon/cards/parallel-city/xy8b_ja-58?variant=firstEdition
XY8-Bb,e2a21580-e660-4e87-921d-56dea35352aa,59,Rainbow Energy,レインボーエネルギー,https://scrydex.com/pokemon/cards/rainbow-energy/xy8b_ja-59?variant=firstEdition
XY8-Bb,e2a21580-e660-4e87-921d-56dea35352aa,60,Glalie-EX,オニゴーリEX,https://scrydex.com/pokemon/cards/glalie-ex/xy8b_ja-60?variant=firstEditionHolofoil
XY8-Bb,e2a21580-e660-4e87-921d-56dea35352aa,61,M Glalie-EX,megaオニゴーリEX,https://scrydex.com/pokemon/cards/m-glalie-ex/xy8b_ja-61?variant=firstEditionHolofoil
XY8-Bb,e2a21580-e660-4e87-921d-56dea35352aa,62,Mewtwo-EX,ミュウツーEX,https://scrydex.com/pokemon/cards/mewtwo-ex/xy8b_ja-62?variant=firstEditionHolofoil
XY8-Bb,e2a21580-e660-4e87-921d-56dea35352aa,63,M Mewtwo-EX,megaミュウツーEX,https://scrydex.com/pokemon/cards/m-mewtwo-ex/xy8b_ja-63?variant=firstEditionHolofoil
XY8-Bb,e2a21580-e660-4e87-921d-56dea35352aa,64,Brigette,アズサ,https://scrydex.com/pokemon/cards/brigette/xy8b_ja-64?variant=firstEditionHolofoil
XY8-Bb,e2a21580-e660-4e87-921d-56dea35352aa,65,Mewtwo-EX,ミュウツーEX,https://scrydex.com/pokemon/cards/mewtwo-ex/xy8b_ja-65?variant=firstEditionHolofoil
XY9-B,76c58458-b473-4806-9bb6-903a2d2a9b45,1,Chikorita,チコリータ,https://scrydex.com/pokemon/cards/chikorita/xy9_ja-1?variant=firstEdition
XY9-B,76c58458-b473-4806-9bb6-903a2d2a9b45,2,Bayleef,ベイリーフ,https://scrydex.com/pokemon/cards/bayleef/xy9_ja-2?variant=firstEdition
XY9-B,76c58458-b473-4806-9bb6-903a2d2a9b45,3,Meganium,メガニウム,https://scrydex.com/pokemon/cards/meganium/xy9_ja-3?variant=firstEditionHolofoil
XY9-B,76c58458-b473-4806-9bb6-903a2d2a9b45,4,Seedot,タネボー,https://scrydex.com/pokemon/cards/seedot/xy9_ja-4?variant=firstEdition
XY9-B,76c58458-b473-4806-9bb6-903a2d2a9b45,5,Kricketot,コロボーシ,https://scrydex.com/pokemon/cards/kricketot/xy9_ja-5?variant=firstEdition
XY9-B,76c58458-b473-4806-9bb6-903a2d2a9b45,6,Kricketune,コロトック,https://scrydex.com/pokemon/cards/kricketune/xy9_ja-6?variant=firstEdition
XY9-B,76c58458-b473-4806-9bb6-903a2d2a9b45,7,Petilil,チュリネ,https://scrydex.com/pokemon/cards/petilil/xy9_ja-7?variant=firstEdition
XY9-B,76c58458-b473-4806-9bb6-903a2d2a9b45,8,Lilligant,ドレディア,https://scrydex.com/pokemon/cards/lilligant/xy9_ja-8?variant=firstEdition
XY9-B,76c58458-b473-4806-9bb6-903a2d2a9b45,9,Durant,アイアント,https://scrydex.com/pokemon/cards/durant/xy9_ja-9?variant=firstEdition
XY9-B,76c58458-b473-4806-9bb6-903a2d2a9b45,10,Numel,ドンメル,https://scrydex.com/pokemon/cards/numel/xy9_ja-10?variant=firstEdition
XY9-B,76c58458-b473-4806-9bb6-903a2d2a9b45,11,Camerupt,バクーダ,https://scrydex.com/pokemon/cards/camerupt/xy9_ja-11?variant=firstEdition
XY9-B,76c58458-b473-4806-9bb6-903a2d2a9b45,12,Heatmor,クイタラン,https://scrydex.com/pokemon/cards/heatmor/xy9_ja-12?variant=firstEdition
XY9-B,76c58458-b473-4806-9bb6-903a2d2a9b45,13,Slowpoke,ヤドン,https://scrydex.com/pokemon/cards/slowpoke/xy9_ja-13?variant=firstEdition
XY9-B,76c58458-b473-4806-9bb6-903a2d2a9b45,14,Slowbro,ヤドラン,https://scrydex.com/pokemon/cards/slowbro/xy9_ja-14?variant=firstEdition
XY9-B,76c58458-b473-4806-9bb6-903a2d2a9b45,15,Slowking,ヤドキング,https://scrydex.com/pokemon/cards/slowking/xy9_ja-15?variant=firstEditionHolofoil
XY9-B,76c58458-b473-4806-9bb6-903a2d2a9b45,16,Shellder,シェルダー,https://scrydex.com/pokemon/cards/shellder/xy9_ja-16?variant=firstEdition
XY9-B,76c58458-b473-4806-9bb6-903a2d2a9b45,17,Cloyster,パルシェン,https://scrydex.com/pokemon/cards/cloyster/xy9_ja-17?variant=firstEdition
XY9-B,76c58458-b473-4806-9bb6-903a2d2a9b45,18,Gyarados-EX,ギャラドスEX,https://scrydex.com/pokemon/cards/gyarados-ex/xy9_ja-18?variant=firstEditionHolofoil
XY9-B,76c58458-b473-4806-9bb6-903a2d2a9b45,19,M Gyarados-EX,megaギャラドスEX,https://scrydex.com/pokemon/cards/m-gyarados-ex/xy9_ja-19?variant=firstEditionHolofoil
XY9-B,76c58458-b473-4806-9bb6-903a2d2a9b45,20,Suicune,スイクン,https://scrydex.com/pokemon/cards/suicune/xy9_ja-20?variant=firstEditionHolofoil
XY9-B,76c58458-b473-4806-9bb6-903a2d2a9b45,21,Manaphy-EX,マナフィEX,https://scrydex.com/pokemon/cards/manaphy-ex/xy9_ja-21?variant=firstEditionHolofoil
XY9-B,76c58458-b473-4806-9bb6-903a2d2a9b45,22,Tympole,オタマロ,https://scrydex.com/pokemon/cards/tympole/xy9_ja-22?variant=firstEdition
XY9-B,76c58458-b473-4806-9bb6-903a2d2a9b45,23,Palpitoad,ガマガル,https://scrydex.com/pokemon/cards/palpitoad/xy9_ja-23?variant=firstEdition
XY9-B,76c58458-b473-4806-9bb6-903a2d2a9b45,24,Seismitoad,ガマゲロゲ,https://scrydex.com/pokemon/cards/seismitoad/xy9_ja-24?variant=firstEdition
XY9-B,76c58458-b473-4806-9bb6-903a2d2a9b45,25,Ducklett,コアルヒー,https://scrydex.com/pokemon/cards/ducklett/xy9_ja-25?variant=firstEdition
XY9-B,76c58458-b473-4806-9bb6-903a2d2a9b45,26,Swanna,スワンナ,https://scrydex.com/pokemon/cards/swanna/xy9_ja-26?variant=firstEdition
XY9-B,76c58458-b473-4806-9bb6-903a2d2a9b45,27,Froakie,ケロマツ,https://scrydex.com/pokemon/cards/froakie/xy9_ja-27?variant=firstEdition
XY9-B,76c58458-b473-4806-9bb6-903a2d2a9b45,28,Frogadier,ゲコガシラ,https://scrydex.com/pokemon/cards/frogadier/xy9_ja-28?variant=firstEdition
XY9-B,76c58458-b473-4806-9bb6-903a2d2a9b45,29,Greninja,ゲッコウガ,https://scrydex.com/pokemon/cards/greninja/xy9_ja-29?variant=firstEditionHolofoil
XY9-B,76c58458-b473-4806-9bb6-903a2d2a9b45,30,Greninja BREAK,ゲッコウガBREAK,https://scrydex.com/pokemon/cards/greninja-break/xy9_ja-30?variant=firstEditionHolofoil
XY9-B,76c58458-b473-4806-9bb6-903a2d2a9b45,31,Blitzle,シママ,https://scrydex.com/pokemon/cards/blitzle/xy9_ja-31?variant=firstEdition
XY9-B,76c58458-b473-4806-9bb6-903a2d2a9b45,32,Zebstrika,ゼブライカ,https://scrydex.com/pokemon/cards/zebstrika/xy9_ja-32?variant=firstEdition
XY9-B,76c58458-b473-4806-9bb6-903a2d2a9b45,33,Drowzee,スリープ,https://scrydex.com/pokemon/cards/drowzee/xy9_ja-33?variant=firstEdition
XY9-B,76c58458-b473-4806-9bb6-903a2d2a9b45,34,Hypno,スリーパー,https://scrydex.com/pokemon/cards/hypno/xy9_ja-34?variant=firstEdition
XY9-B,76c58458-b473-4806-9bb6-903a2d2a9b45,35,Espeon-EX,エーフィEX,https://scrydex.com/pokemon/cards/espeon-ex/xy9_ja-35?variant=firstEditionHolofoil
XY9-B,76c58458-b473-4806-9bb6-903a2d2a9b45,36,Skorupi,スコルピ,https://scrydex.com/pokemon/cards/skorupi/xy9_ja-36?variant=firstEdition
XY9-B,76c58458-b473-4806-9bb6-903a2d2a9b45,37,Drapion,ドラピオン,https://scrydex.com/pokemon/cards/drapion/xy9_ja-37?variant=firstEdition
XY9-B,76c58458-b473-4806-9bb6-903a2d2a9b45,38,Sigilyph,シンボラー,https://scrydex.com/pokemon/cards/sigilyph/xy9_ja-38?variant=firstEdition
XY9-B,76c58458-b473-4806-9bb6-903a2d2a9b45,39,Trubbish,ヤブクロン,https://scrydex.com/pokemon/cards/trubbish/xy9_ja-39?variant=firstEdition
XY9-B,76c58458-b473-4806-9bb6-903a2d2a9b45,40,Garbodor,ダストダス,https://scrydex.com/pokemon/cards/garbodor/xy9_ja-40?variant=firstEditionHolofoil
XY9-B,76c58458-b473-4806-9bb6-903a2d2a9b45,41,Honedge,ヒトツキ,https://scrydex.com/pokemon/cards/honedge/xy9_ja-41?variant=firstEdition
XY9-B,76c58458-b473-4806-9bb6-903a2d2a9b45,42,Doublade,ニダンギル,https://scrydex.com/pokemon/cards/doublade/xy9_ja-42?variant=firstEdition
XY9-B,76c58458-b473-4806-9bb6-903a2d2a9b45,43,Aegislash,ギルガルド,https://scrydex.com/pokemon/cards/aegislash/xy9_ja-43?variant=firstEditionHolofoil
XY9-B,76c58458-b473-4806-9bb6-903a2d2a9b45,44,Skrelp,クズモー,https://scrydex.com/pokemon/cards/skrelp/xy9_ja-44?variant=firstEdition
XY9-B,76c58458-b473-4806-9bb6-903a2d2a9b45,45,Phantump,ボクレー,https://scrydex.com/pokemon/cards/phantump/xy9_ja-45?variant=firstEdition
XY9-B,76c58458-b473-4806-9bb6-903a2d2a9b45,46,Trevenant,オーロット,https://scrydex.com/pokemon/cards/trevenant/xy9_ja-46?variant=firstEdition
XY9-B,76c58458-b473-4806-9bb6-903a2d2a9b45,47,Trevenant BREAK,オーロットBREAK,https://scrydex.com/pokemon/cards/trevenant-break/xy9_ja-47?variant=firstEditionHolofoil
XY9-B,76c58458-b473-4806-9bb6-903a2d2a9b45,48,Sudowoodo,ウソッキー,https://scrydex.com/pokemon/cards/sudowoodo/xy9_ja-48?variant=firstEdition
XY9-B,76c58458-b473-4806-9bb6-903a2d2a9b45,49,Gible,フカマル,https://scrydex.com/pokemon/cards/gible/xy9_ja-49?variant=firstEdition
XY9-B,76c58458-b473-4806-9bb6-903a2d2a9b45,50,Gabite,ガバイト,https://scrydex.com/pokemon/cards/gabite/xy9_ja-50?variant=firstEdition
XY9-B,76c58458-b473-4806-9bb6-903a2d2a9b45,51,Garchomp,ガブリアス,https://scrydex.com/pokemon/cards/garchomp/xy9_ja-51?variant=firstEditionHolofoil
XY9-B,76c58458-b473-4806-9bb6-903a2d2a9b45,52,Pancham,ヤンチャム,https://scrydex.com/pokemon/cards/pancham/xy9_ja-52?variant=firstEdition
XY9-B,76c58458-b473-4806-9bb6-903a2d2a9b45,53,Nuzleaf,コノハナ,https://scrydex.com/pokemon/cards/nuzleaf/xy9_ja-53?variant=firstEdition
XY9-B,76c58458-b473-4806-9bb6-903a2d2a9b45,54,Shiftry,ダーテング,https://scrydex.com/pokemon/cards/shiftry/xy9_ja-54?variant=firstEdition
XY9-B,76c58458-b473-4806-9bb6-903a2d2a9b45,55,Darkrai-EX,ダークライEX,https://scrydex.com/pokemon/cards/darkrai-ex/xy9_ja-55?variant=firstEditionHolofoil
XY9-B,76c58458-b473-4806-9bb6-903a2d2a9b45,56,Pangoro,ゴロンダ,https://scrydex.com/pokemon/cards/pangoro/xy9_ja-56?variant=firstEdition
XY9-B,76c58458-b473-4806-9bb6-903a2d2a9b45,57,Scizor-EX,ハッサムEX,https://scrydex.com/pokemon/cards/scizor-ex/xy9_ja-57?variant=firstEditionHolofoil
XY9-B,76c58458-b473-4806-9bb6-903a2d2a9b45,58,M Scizor-EX,megaハッサムEX,https://scrydex.com/pokemon/cards/m-scizor-ex/xy9_ja-58?variant=firstEditionHolofoil
XY9-B,76c58458-b473-4806-9bb6-903a2d2a9b45,59,Ferroseed,テッシード,https://scrydex.com/pokemon/cards/ferroseed/xy9_ja-59?variant=firstEdition
XY9-B,76c58458-b473-4806-9bb6-903a2d2a9b45,60,Ferrothorn,ナットレイ,https://scrydex.com/pokemon/cards/ferrothorn/xy9_ja-60?variant=firstEdition
XY9-B,76c58458-b473-4806-9bb6-903a2d2a9b45,61,Clefairy,ピッピ,https://scrydex.com/pokemon/cards/clefairy/xy9_ja-61?variant=firstEdition
XY9-B,76c58458-b473-4806-9bb6-903a2d2a9b45,62,Clefable,ピクシー,https://scrydex.com/pokemon/cards/clefable/xy9_ja-62?variant=firstEdition
XY9-B,76c58458-b473-4806-9bb6-903a2d2a9b45,63,Dragalge,ドラミドロ,https://scrydex.com/pokemon/cards/dragalge/xy9_ja-63?variant=firstEditionHolofoil
XY9-B,76c58458-b473-4806-9bb6-903a2d2a9b45,64,Rattata,コラッタ,https://scrydex.com/pokemon/cards/rattata/xy9_ja-64?variant=firstEdition
XY9-B,76c58458-b473-4806-9bb6-903a2d2a9b45,65,Raticate,ラッタ,https://scrydex.com/pokemon/cards/raticate/xy9_ja-65?variant=firstEdition
XY9-B,76c58458-b473-4806-9bb6-903a2d2a9b45,66,Raticate BREAK,ラッタBREAK,https://scrydex.com/pokemon/cards/raticate-break/xy9_ja-66?variant=firstEditionHolofoil
XY9-B,76c58458-b473-4806-9bb6-903a2d2a9b45,67,Stantler,オドシシ,https://scrydex.com/pokemon/cards/stantler/xy9_ja-67?variant=firstEdition
XY9-B,76c58458-b473-4806-9bb6-903a2d2a9b45,68,Ho-Oh-EX,ホウオウEX,https://scrydex.com/pokemon/cards/ho-oh-ex/xy9_ja-68?variant=firstEditionHolofoil
XY9-B,76c58458-b473-4806-9bb6-903a2d2a9b45,69,Glameow,ニャルマー,https://scrydex.com/pokemon/cards/glameow/xy9_ja-69?variant=firstEdition
XY9-B,76c58458-b473-4806-9bb6-903a2d2a9b45,70,Purugly,ブニャット,https://scrydex.com/pokemon/cards/purugly/xy9_ja-70?variant=firstEdition
XY9-B,76c58458-b473-4806-9bb6-903a2d2a9b45,71,Puzzle of Time,時のパズル,https://scrydex.com/pokemon/cards/puzzle-of-time/xy9_ja-71?variant=firstEdition
XY9-B,76c58458-b473-4806-9bb6-903a2d2a9b45,72,Max Elixir,ピーピーマックス,https://scrydex.com/pokemon/cards/max-elixir/xy9_ja-72?variant=firstEdition
XY9-B,76c58458-b473-4806-9bb6-903a2d2a9b45,73,Bursting Balloon,炸裂バルーン,https://scrydex.com/pokemon/cards/bursting-balloon/xy9_ja-73?variant=firstEdition
XY9-B,76c58458-b473-4806-9bb6-903a2d2a9b45,74,Fighting Fury Belt,闘魂のまわし,https://scrydex.com/pokemon/cards/fighting-fury-belt/xy9_ja-74?variant=firstEdition
XY9-B,76c58458-b473-4806-9bb6-903a2d2a9b45,75,Gyarados Spirit Link,ギャラドスソウルリンク,https://scrydex.com/pokemon/cards/gyarados-spirit-link/xy9_ja-75?variant=firstEdition
XY9-B,76c58458-b473-4806-9bb6-903a2d2a9b45,76,Scizor Spirit Link,ハッサムソウルリンク,https://scrydex.com/pokemon/cards/scizor-spirit-link/xy9_ja-76?variant=firstEdition
XY9-B,76c58458-b473-4806-9bb6-903a2d2a9b45,77,Delinquent,こわいおねえさん,https://scrydex.com/pokemon/cards/delinquent/xy9_ja-77?variant=firstEdition
XY9-B,76c58458-b473-4806-9bb6-903a2d2a9b45,78,Psychics Third Eye,サイキッカーの心眼,https://scrydex.com/pokemon/cards/psychics-third-eye/xy9_ja-78?variant=firstEdition
XY9-B,76c58458-b473-4806-9bb6-903a2d2a9b45,79,Reverse Valley,リバースバレー,https://scrydex.com/pokemon/cards/reverse-valley/xy9_ja-79?variant=firstEdition
XY9-B,76c58458-b473-4806-9bb6-903a2d2a9b45,80,Splash Energy,スプラッシュエネルギー,https://scrydex.com/pokemon/cards/splash-energy/xy9_ja-80?variant=firstEdition
XY9-B,76c58458-b473-4806-9bb6-903a2d2a9b45,81,Gyarados-EX,ギャラドスEX,https://scrydex.com/pokemon/cards/gyarados-ex/xy9_ja-81?variant=firstEditionHolofoil
XY9-B,76c58458-b473-4806-9bb6-903a2d2a9b45,82,M Gyarados-EX,megaギャラドスEX,https://scrydex.com/pokemon/cards/m-gyarados-ex/xy9_ja-82?variant=firstEditionHolofoil
XY9-B,76c58458-b473-4806-9bb6-903a2d2a9b45,83,Manaphy-EX,マナフィEX,https://scrydex.com/pokemon/cards/manaphy-ex/xy9_ja-83?variant=firstEditionHolofoil
XY9-B,76c58458-b473-4806-9bb6-903a2d2a9b45,84,Espeon-EX,エーフィEX,https://scrydex.com/pokemon/cards/espeon-ex/xy9_ja-84?variant=firstEditionHolofoil
XY9-B,76c58458-b473-4806-9bb6-903a2d2a9b45,85,Darkrai-EX,ダークライEX,https://scrydex.com/pokemon/cards/darkrai-ex/xy9_ja-85?variant=firstEditionHolofoil
XY9-B,76c58458-b473-4806-9bb6-903a2d2a9b45,86,Scizor-EX,ハッサムEX,https://scrydex.com/pokemon/cards/scizor-ex/xy9_ja-86?variant=firstEditionHolofoil
XY9-B,76c58458-b473-4806-9bb6-903a2d2a9b45,87,M Scizor-EX,megaハッサムEX,https://scrydex.com/pokemon/cards/m-scizor-ex/xy9_ja-87?variant=firstEditionHolofoil
XY9-B,76c58458-b473-4806-9bb6-903a2d2a9b45,88,Ho-Oh-EX,ホウオウEX,https://scrydex.com/pokemon/cards/ho-oh-ex/xy9_ja-88?variant=firstEditionHolofoil
XY9-B,76c58458-b473-4806-9bb6-903a2d2a9b45,89,Gyarados-EX,ギャラドスEX,https://scrydex.com/pokemon/cards/gyarados-ex/xy9_ja-89?variant=firstEditionHolofoil
CP4,a4b22717-7318-403a-8743-77bfda0624d7,1,Beedrill-EX,スピアーEX,https://scrydex.com/pokemon/cards/beedrill-ex/cp4_ja-1?variant=holofoil
CP4,a4b22717-7318-403a-8743-77bfda0624d7,2,M Beedrill-EX,megaスピアーEX,https://scrydex.com/pokemon/cards/m-beedrill-ex/cp4_ja-2?variant=holofoil
CP4,a4b22717-7318-403a-8743-77bfda0624d7,3,Pinsir,カイロス,https://scrydex.com/pokemon/cards/pinsir/cp4_ja-3?variant=reverseHolofoil
CP4,a4b22717-7318-403a-8743-77bfda0624d7,4,Spinarak,イトマル,https://scrydex.com/pokemon/cards/spinarak/cp4_ja-4?variant=reverseHolofoil
CP4,a4b22717-7318-403a-8743-77bfda0624d7,5,Ariados,アリアドス,https://scrydex.com/pokemon/cards/ariados/cp4_ja-5?variant=reverseHolofoil
CP4,a4b22717-7318-403a-8743-77bfda0624d7,6,Sceptile-EX,ジュカインEX,https://scrydex.com/pokemon/cards/sceptile-ex/cp4_ja-6?variant=holofoil
CP4,a4b22717-7318-403a-8743-77bfda0624d7,7,M Sceptile-EX,megaジュカインEX,https://scrydex.com/pokemon/cards/m-sceptile-ex/cp4_ja-7?variant=holofoil
CP4,a4b22717-7318-403a-8743-77bfda0624d7,8,Nincada,ツチニン,https://scrydex.com/pokemon/cards/nincada/cp4_ja-8?variant=reverseHolofoil
CP4,a4b22717-7318-403a-8743-77bfda0624d7,9,Shedinja,ヌケニン,https://scrydex.com/pokemon/cards/shedinja/cp4_ja-9?variant=reverseHolofoil
CP4,a4b22717-7318-403a-8743-77bfda0624d7,10,Combee,ミツハニー,https://scrydex.com/pokemon/cards/combee/cp4_ja-10?variant=reverseHolofoil
CP4,a4b22717-7318-403a-8743-77bfda0624d7,11,Vespiquen,ビークイン,https://scrydex.com/pokemon/cards/vespiquen/cp4_ja-11?variant=reverseHolofoil
CP4,a4b22717-7318-403a-8743-77bfda0624d7,12,Chespin,ハリマロン,https://scrydex.com/pokemon/cards/chespin/cp4_ja-12?variant=reverseHolofoil
CP4,a4b22717-7318-403a-8743-77bfda0624d7,13,Quilladin,ハリボーグ,https://scrydex.com/pokemon/cards/quilladin/cp4_ja-13?variant=reverseHolofoil
CP4,a4b22717-7318-403a-8743-77bfda0624d7,14,Chesnaught,ブリガロン,https://scrydex.com/pokemon/cards/chesnaught/cp4_ja-14?variant=reverseHolofoil
CP4,a4b22717-7318-403a-8743-77bfda0624d7,15,Chesnaught BREAK,ブリガロンBREAK,https://scrydex.com/pokemon/cards/chesnaught-break/cp4_ja-15?variant=holofoil
CP4,a4b22717-7318-403a-8743-77bfda0624d7,16,Entei,エンテイ,https://scrydex.com/pokemon/cards/entei/cp4_ja-16?variant=reverseHolofoil
CP4,a4b22717-7318-403a-8743-77bfda0624d7,17,Fennekin,フォッコ,https://scrydex.com/pokemon/cards/fennekin/cp4_ja-17?variant=reverseHolofoil
CP4,a4b22717-7318-403a-8743-77bfda0624d7,18,Braixen,テールナー,https://scrydex.com/pokemon/cards/braixen/cp4_ja-18?variant=reverseHolofoil
CP4,a4b22717-7318-403a-8743-77bfda0624d7,19,Delphox,マフォクシー,https://scrydex.com/pokemon/cards/delphox/cp4_ja-19?variant=reverseHolofoil
CP4,a4b22717-7318-403a-8743-77bfda0624d7,20,Litleo,シシコ,https://scrydex.com/pokemon/cards/litleo/cp4_ja-20?variant=reverseHolofoil
CP4,a4b22717-7318-403a-8743-77bfda0624d7,21,Pyroar,カエンジシ,https://scrydex.com/pokemon/cards/pyroar/cp4_ja-21?variant=reverseHolofoil
CP4,a4b22717-7318-403a-8743-77bfda0624d7,22,Pyroar,カエンジシ,https://scrydex.com/pokemon/cards/pyroar/cp4_ja-22?variant=reverseHolofoil
CP4,a4b22717-7318-403a-8743-77bfda0624d7,23,Articuno,フリーザー,https://scrydex.com/pokemon/cards/articuno/cp4_ja-23?variant=reverseHolofoil
CP4,a4b22717-7318-403a-8743-77bfda0624d7,24,Remoraid,テッポウオ,https://scrydex.com/pokemon/cards/remoraid/cp4_ja-24?variant=reverseHolofoil
CP4,a4b22717-7318-403a-8743-77bfda0624d7,25,Octillery,オクタン,https://scrydex.com/pokemon/cards/octillery/cp4_ja-25?variant=reverseHolofoil
CP4,a4b22717-7318-403a-8743-77bfda0624d7,26,Mudkip,ミズゴロウ,https://scrydex.com/pokemon/cards/mudkip/cp4_ja-26?variant=reverseHolofoil
CP4,a4b22717-7318-403a-8743-77bfda0624d7,27,Marshtomp,ヌマクロー,https://scrydex.com/pokemon/cards/marshtomp/cp4_ja-27?variant=reverseHolofoil
CP4,a4b22717-7318-403a-8743-77bfda0624d7,28,Swampert,ラグラージ,https://scrydex.com/pokemon/cards/swampert/cp4_ja-28?variant=reverseHolofoil
CP4,a4b22717-7318-403a-8743-77bfda0624d7,29,Regice,レジアイス,https://scrydex.com/pokemon/cards/regice/cp4_ja-29?variant=reverseHolofoil
CP4,a4b22717-7318-403a-8743-77bfda0624d7,30,Seismitoad-EX,ガマゲロゲEX,https://scrydex.com/pokemon/cards/seismitoad-ex/cp4_ja-30?variant=holofoil
CP4,a4b22717-7318-403a-8743-77bfda0624d7,31,Cubchoo,クマシュン,https://scrydex.com/pokemon/cards/cubchoo/cp4_ja-31?variant=reverseHolofoil
CP4,a4b22717-7318-403a-8743-77bfda0624d7,32,Beartic,ツンベアー,https://scrydex.com/pokemon/cards/beartic/cp4_ja-32?variant=reverseHolofoil
CP4,a4b22717-7318-403a-8743-77bfda0624d7,33,Froakie,ケロマツ,https://scrydex.com/pokemon/cards/froakie/cp4_ja-33?variant=reverseHolofoil
CP4,a4b22717-7318-403a-8743-77bfda0624d7,34,Frogadier,ゲコガシラ,https://scrydex.com/pokemon/cards/frogadier/cp4_ja-34?variant=reverseHolofoil
CP4,a4b22717-7318-403a-8743-77bfda0624d7,35,Greninja,ゲッコウガ,https://scrydex.com/pokemon/cards/greninja/cp4_ja-35?variant=reverseHolofoil
CP4,a4b22717-7318-403a-8743-77bfda0624d7,36,Pikachu,ピカチュウ,https://scrydex.com/pokemon/cards/pikachu/cp4_ja-36?variant=reverseHolofoil
CP4,a4b22717-7318-403a-8743-77bfda0624d7,37,Raichu,ライチュウ,https://scrydex.com/pokemon/cards/raichu/cp4_ja-37?variant=reverseHolofoil
CP4,a4b22717-7318-403a-8743-77bfda0624d7,38,Magnemite,コイル,https://scrydex.com/pokemon/cards/magnemite/cp4_ja-38?variant=reverseHolofoil
CP4,a4b22717-7318-403a-8743-77bfda0624d7,39,Magneton,レアコイル,https://scrydex.com/pokemon/cards/magneton/cp4_ja-39?variant=reverseHolofoil
CP4,a4b22717-7318-403a-8743-77bfda0624d7,40,Magnezone,ジバコイル,https://scrydex.com/pokemon/cards/magnezone/cp4_ja-40?variant=reverseHolofoil
CP4,a4b22717-7318-403a-8743-77bfda0624d7,41,Zapdos,サンダー,https://scrydex.com/pokemon/cards/zapdos/cp4_ja-41?variant=reverseHolofoil
CP4,a4b22717-7318-403a-8743-77bfda0624d7,42,Manectric-EX,ライボルトEX,https://scrydex.com/pokemon/cards/manectric-ex/cp4_ja-42?variant=holofoil
CP4,a4b22717-7318-403a-8743-77bfda0624d7,43,M Manectric-EX,megaライボルトEX,https://scrydex.com/pokemon/cards/m-manectric-ex/cp4_ja-43?variant=holofoil
CP4,a4b22717-7318-403a-8743-77bfda0624d7,44,Joltik,バチュル,https://scrydex.com/pokemon/cards/joltik/cp4_ja-44?variant=reverseHolofoil
CP4,a4b22717-7318-403a-8743-77bfda0624d7,45,Zubat,ズバット,https://scrydex.com/pokemon/cards/zubat/cp4_ja-45?variant=reverseHolofoil
CP4,a4b22717-7318-403a-8743-77bfda0624d7,46,Golbat,ゴルバット,https://scrydex.com/pokemon/cards/golbat/cp4_ja-46?variant=reverseHolofoil
CP4,a4b22717-7318-403a-8743-77bfda0624d7,47,Crobat,クロバット,https://scrydex.com/pokemon/cards/crobat/cp4_ja-47?variant=reverseHolofoil
CP4,a4b22717-7318-403a-8743-77bfda0624d7,48,Gengar-EX,ゲンガーEX,https://scrydex.com/pokemon/cards/gengar-ex/cp4_ja-48?variant=holofoil
CP4,a4b22717-7318-403a-8743-77bfda0624d7,49,M Gengar-EX,megaゲンガーEX,https://scrydex.com/pokemon/cards/m-gengar-ex/cp4_ja-49?variant=holofoil
CP4,a4b22717-7318-403a-8743-77bfda0624d7,50,Mewtwo-EX,ミュウツーEX,https://scrydex.com/pokemon/cards/mewtwo-ex/cp4_ja-50?variant=holofoil
CP4,a4b22717-7318-403a-8743-77bfda0624d7,51,M Mewtwo-EX,megaミュウツーEX,https://scrydex.com/pokemon/cards/m-mewtwo-ex/cp4_ja-51?variant=holofoil
CP4,a4b22717-7318-403a-8743-77bfda0624d7,52,M Mewtwo-EX,megaミュウツーEX,https://scrydex.com/pokemon/cards/m-mewtwo-ex/cp4_ja-52?variant=holofoil
CP4,a4b22717-7318-403a-8743-77bfda0624d7,53,Unown,アンノーン,https://scrydex.com/pokemon/cards/unown/cp4_ja-53?variant=reverseHolofoil
CP4,a4b22717-7318-403a-8743-77bfda0624d7,54,Wobbuffet,ソーナンス,https://scrydex.com/pokemon/cards/wobbuffet/cp4_ja-54?variant=reverseHolofoil
CP4,a4b22717-7318-403a-8743-77bfda0624d7,55,Wobbuffet BREAK,ソーナンスBREAK,https://scrydex.com/pokemon/cards/wobbuffet-break/cp4_ja-55?variant=holofoil
CP4,a4b22717-7318-403a-8743-77bfda0624d7,56,Deoxys,デオキシス,https://scrydex.com/pokemon/cards/deoxys/cp4_ja-56?variant=reverseHolofoil
CP4,a4b22717-7318-403a-8743-77bfda0624d7,57,Litwick,ヒトモシ,https://scrydex.com/pokemon/cards/litwick/cp4_ja-57?variant=reverseHolofoil
CP4,a4b22717-7318-403a-8743-77bfda0624d7,58,Lampent,ランプラー,https://scrydex.com/pokemon/cards/lampent/cp4_ja-58?variant=reverseHolofoil
CP4,a4b22717-7318-403a-8743-77bfda0624d7,59,Chandelure,シャンデラ,https://scrydex.com/pokemon/cards/chandelure/cp4_ja-59?variant=reverseHolofoil
CP4,a4b22717-7318-403a-8743-77bfda0624d7,60,Phantump,ボクレー,https://scrydex.com/pokemon/cards/phantump/cp4_ja-60?variant=reverseHolofoil
CP4,a4b22717-7318-403a-8743-77bfda0624d7,61,Trevenant,オーロット,https://scrydex.com/pokemon/cards/trevenant/cp4_ja-61?variant=reverseHolofoil
CP4,a4b22717-7318-403a-8743-77bfda0624d7,62,Pumpkaboo,バケッチャ,https://scrydex.com/pokemon/cards/pumpkaboo/cp4_ja-62?variant=reverseHolofoil
CP4,a4b22717-7318-403a-8743-77bfda0624d7,63,Gourgeist,パンプジン,https://scrydex.com/pokemon/cards/gourgeist/cp4_ja-63?variant=reverseHolofoil
CP4,a4b22717-7318-403a-8743-77bfda0624d7,64,Hoopa-EX,フーパEX,https://scrydex.com/pokemon/cards/hoopa-ex/cp4_ja-64?variant=holofoil
CP4,a4b22717-7318-403a-8743-77bfda0624d7,65,Machop,ワンリキー,https://scrydex.com/pokemon/cards/machop/cp4_ja-65?variant=reverseHolofoil
CP4,a4b22717-7318-403a-8743-77bfda0624d7,66,Machoke,ゴーリキー,https://scrydex.com/pokemon/cards/machoke/cp4_ja-66?variant=reverseHolofoil
CP4,a4b22717-7318-403a-8743-77bfda0624d7,67,Machamp,カイリキー,https://scrydex.com/pokemon/cards/machamp/cp4_ja-67?variant=reverseHolofoil
CP4,a4b22717-7318-403a-8743-77bfda0624d7,68,Cubone,カラカラ,https://scrydex.com/pokemon/cards/cubone/cp4_ja-68?variant=reverseHolofoil
CP4,a4b22717-7318-403a-8743-77bfda0624d7,69,Marowak,ガラガラ,https://scrydex.com/pokemon/cards/marowak/cp4_ja-69?variant=reverseHolofoil
CP4,a4b22717-7318-403a-8743-77bfda0624d7,70,Meditite,アサナン,https://scrydex.com/pokemon/cards/meditite/cp4_ja-70?variant=reverseHolofoil
CP4,a4b22717-7318-403a-8743-77bfda0624d7,71,Medicham,チャーレム,https://scrydex.com/pokemon/cards/medicham/cp4_ja-71?variant=reverseHolofoil
CP4,a4b22717-7318-403a-8743-77bfda0624d7,72,Groudon-EX,グラードンEX,https://scrydex.com/pokemon/cards/groudon-ex/cp4_ja-72?variant=holofoil
CP4,a4b22717-7318-403a-8743-77bfda0624d7,73,Primal Groudon-EX,ゲンシグラードンEX,https://scrydex.com/pokemon/cards/primal-groudon-ex/cp4_ja-73?variant=holofoil
CP4,a4b22717-7318-403a-8743-77bfda0624d7,74,Lucario-EX,ルカリオEX,https://scrydex.com/pokemon/cards/lucario-ex/cp4_ja-74?variant=holofoil
CP4,a4b22717-7318-403a-8743-77bfda0624d7,75,M Lucario-EX,megaルカリオEX,https://scrydex.com/pokemon/cards/m-lucario-ex/cp4_ja-75?variant=holofoil
CP4,a4b22717-7318-403a-8743-77bfda0624d7,76,Hawlucha,ルチャブル,https://scrydex.com/pokemon/cards/hawlucha/cp4_ja-76?variant=reverseHolofoil
CP4,a4b22717-7318-403a-8743-77bfda0624d7,77,Absol,アブソル,https://scrydex.com/pokemon/cards/absol/cp4_ja-77?variant=reverseHolofoil
CP4,a4b22717-7318-403a-8743-77bfda0624d7,78,Yveltal,イベルタル,https://scrydex.com/pokemon/cards/yveltal/cp4_ja-78?variant=reverseHolofoil
CP4,a4b22717-7318-403a-8743-77bfda0624d7,79,Yveltal-EX,イベルタルEX,https://scrydex.com/pokemon/cards/yveltal-ex/cp4_ja-79?variant=holofoil
CP4,a4b22717-7318-403a-8743-77bfda0624d7,80,Bronzor,ドーミラー,https://scrydex.com/pokemon/cards/bronzor/cp4_ja-80?variant=reverseHolofoil
CP4,a4b22717-7318-403a-8743-77bfda0624d7,81,Bronzong,ドータクン,https://scrydex.com/pokemon/cards/bronzong/cp4_ja-81?variant=reverseHolofoil
CP4,a4b22717-7318-403a-8743-77bfda0624d7,82,Heatran,ヒードラン,https://scrydex.com/pokemon/cards/heatran/cp4_ja-82?variant=reverseHolofoil
CP4,a4b22717-7318-403a-8743-77bfda0624d7,83,Togepi,トゲピー,https://scrydex.com/pokemon/cards/togepi/cp4_ja-83?variant=reverseHolofoil
CP4,a4b22717-7318-403a-8743-77bfda0624d7,84,Togetic,トゲチック,https://scrydex.com/pokemon/cards/togetic/cp4_ja-84?variant=reverseHolofoil
CP4,a4b22717-7318-403a-8743-77bfda0624d7,85,Togekiss,トゲキッス,https://scrydex.com/pokemon/cards/togekiss/cp4_ja-85?variant=reverseHolofoil
CP4,a4b22717-7318-403a-8743-77bfda0624d7,86,Florges-EX,フラージェスEX,https://scrydex.com/pokemon/cards/florges-ex/cp4_ja-86?variant=holofoil
CP4,a4b22717-7318-403a-8743-77bfda0624d7,87,Spritzee,シュシュプ,https://scrydex.com/pokemon/cards/spritzee/cp4_ja-87?variant=reverseHolofoil
CP4,a4b22717-7318-403a-8743-77bfda0624d7,88,Aromatisse,フレフワン,https://scrydex.com/pokemon/cards/aromatisse/cp4_ja-88?variant=reverseHolofoil
CP4,a4b22717-7318-403a-8743-77bfda0624d7,89,Xerneas,ゼルネアス,https://scrydex.com/pokemon/cards/xerneas/cp4_ja-89?variant=reverseHolofoil
CP4,a4b22717-7318-403a-8743-77bfda0624d7,90,Xerneas-EX,ゼルネアスEX,https://scrydex.com/pokemon/cards/xerneas-ex/cp4_ja-90?variant=holofoil
CP4,a4b22717-7318-403a-8743-77bfda0624d7,91,Giratina-EX,ギラティナEX,https://scrydex.com/pokemon/cards/giratina-ex/cp4_ja-91?variant=holofoil
CP4,a4b22717-7318-403a-8743-77bfda0624d7,92,Noivern,オンバーン,https://scrydex.com/pokemon/cards/noivern/cp4_ja-92?variant=reverseHolofoil
CP4,a4b22717-7318-403a-8743-77bfda0624d7,93,Kangaskhan-EX,ガルーラEX,https://scrydex.com/pokemon/cards/kangaskhan-ex/cp4_ja-93?variant=holofoil
CP4,a4b22717-7318-403a-8743-77bfda0624d7,94,M Kangaskhan-EX,megaガルーラEX,https://scrydex.com/pokemon/cards/m-kangaskhan-ex/cp4_ja-94?variant=holofoil
CP4,a4b22717-7318-403a-8743-77bfda0624d7,95,Miltank,ミルタンク,https://scrydex.com/pokemon/cards/miltank/cp4_ja-95?variant=reverseHolofoil
CP4,a4b22717-7318-403a-8743-77bfda0624d7,96,Rayquaza-EX,レックウザEX,https://scrydex.com/pokemon/cards/rayquaza-ex/cp4_ja-96?variant=holofoil
CP4,a4b22717-7318-403a-8743-77bfda0624d7,97,M Rayquaza-EX,megaレックウザEX,https://scrydex.com/pokemon/cards/m-rayquaza-ex/cp4_ja-97?variant=holofoil
CP4,a4b22717-7318-403a-8743-77bfda0624d7,98,Shaymin-EX,シェイミEX,https://scrydex.com/pokemon/cards/shaymin-ex/cp4_ja-98?variant=holofoil
CP4,a4b22717-7318-403a-8743-77bfda0624d7,99,Noibat,オンバット,https://scrydex.com/pokemon/cards/noibat/cp4_ja-99?variant=reverseHolofoil
CP4,a4b22717-7318-403a-8743-77bfda0624d7,100,Escape Rope,あなぬけのヒモ,https://scrydex.com/pokemon/cards/escape-rope/cp4_ja-100?variant=reverseHolofoil
CP4,a4b22717-7318-403a-8743-77bfda0624d7,101,Enhanced Hammer,改造ハンマー,https://scrydex.com/pokemon/cards/enhanced-hammer/cp4_ja-101?variant=reverseHolofoil
CP4,a4b22717-7318-403a-8743-77bfda0624d7,102,Trainers' Mail,トレーナーズポスト,https://scrydex.com/pokemon/cards/trainers-mail/cp4_ja-102?variant=reverseHolofoil
CP4,a4b22717-7318-403a-8743-77bfda0624d7,103,Ultra Ball,ハイパーボール,https://scrydex.com/pokemon/cards/ultra-ball/cp4_ja-103?variant=reverseHolofoil
CP4,a4b22717-7318-403a-8743-77bfda0624d7,104,Battle Compressor,バトルコンプレッサー(フレア団ギア),https://scrydex.com/pokemon/cards/battle-compressor/cp4_ja-104?variant=reverseHolofoil
CP4,a4b22717-7318-403a-8743-77bfda0624d7,105,VS Seeker,バトルサーチャー,https://scrydex.com/pokemon/cards/vs-seeker/cp4_ja-105?variant=reverseHolofoil
CP4,a4b22717-7318-403a-8743-77bfda0624d7,106,Startling Megaphone,びっくりメガホン,https://scrydex.com/pokemon/cards/startling-megaphone/cp4_ja-106?variant=reverseHolofoil
CP4,a4b22717-7318-403a-8743-77bfda0624d7,107,Rare Candy,ふしぎなアメ,https://scrydex.com/pokemon/cards/rare-candy/cp4_ja-107?variant=reverseHolofoil
CP4,a4b22717-7318-403a-8743-77bfda0624d7,108,Red Card,レッドカード,https://scrydex.com/pokemon/cards/red-card/cp4_ja-108?variant=reverseHolofoil
CP4,a4b22717-7318-403a-8743-77bfda0624d7,109,Float Stone,かるいし,https://scrydex.com/pokemon/cards/float-stone/cp4_ja-109?variant=reverseHolofoil
CP4,a4b22717-7318-403a-8743-77bfda0624d7,110,Groudon Spirit Link,グラードンソウルリンク,https://scrydex.com/pokemon/cards/groudon-spirit-link/cp4_ja-110?variant=reverseHolofoil
CP4,a4b22717-7318-403a-8743-77bfda0624d7,111,Gengar Spirit Link,ゲンガーソウルリンク,https://scrydex.com/pokemon/cards/gengar-spirit-link/cp4_ja-111?variant=reverseHolofoil
CP4,a4b22717-7318-403a-8743-77bfda0624d7,112,Sceptile Spirit Link,ジュカインソウルリンク,https://scrydex.com/pokemon/cards/sceptile-spirit-link/cp4_ja-112?variant=reverseHolofoil
CP4,a4b22717-7318-403a-8743-77bfda0624d7,113,Beedrill Spirit Link,スピアーソウルリンク,https://scrydex.com/pokemon/cards/beedrill-spirit-link/cp4_ja-113?variant=reverseHolofoil
CP4,a4b22717-7318-403a-8743-77bfda0624d7,114,Mewtwo Spirit Link,ミュウツーソウルリンク,https://scrydex.com/pokemon/cards/mewtwo-spirit-link/cp4_ja-114?variant=reverseHolofoil
CP4,a4b22717-7318-403a-8743-77bfda0624d7,115,Manectric Spirit Link,ライボルトソウルリンク,https://scrydex.com/pokemon/cards/manectric-spirit-link/cp4_ja-115?variant=reverseHolofoil
CP4,a4b22717-7318-403a-8743-77bfda0624d7,116,Rayquaza Spirit Link,レックウザソウルリンク,https://scrydex.com/pokemon/cards/rayquaza-spirit-link/cp4_ja-116?variant=reverseHolofoil
CP4,a4b22717-7318-403a-8743-77bfda0624d7,117,Head Ringer,ヘッドノイザー(フレア団ハイパーギア),https://scrydex.com/pokemon/cards/head-ringer/cp4_ja-117?variant=reverseHolofoil
CP4,a4b22717-7318-403a-8743-77bfda0624d7,118,Brigette,アズサ,https://scrydex.com/pokemon/cards/brigette/cp4_ja-118?variant=reverseHolofoil
CP4,a4b22717-7318-403a-8743-77bfda0624d7,119,Xerosic,クセロシキ,https://scrydex.com/pokemon/cards/xerosic/cp4_ja-119?variant=reverseHolofoil
CP4,a4b22717-7318-403a-8743-77bfda0624d7,120,Korrina,コルニ,https://scrydex.com/pokemon/cards/korrina/cp4_ja-120?variant=reverseHolofoil
CP4,a4b22717-7318-403a-8743-77bfda0624d7,121,Giovanni's Scheme,サカキの計画,https://scrydex.com/pokemon/cards/giovannis-scheme/cp4_ja-121?variant=reverseHolofoil
CP4,a4b22717-7318-403a-8743-77bfda0624d7,122,Shauna,サナ,https://scrydex.com/pokemon/cards/shauna/cp4_ja-122?variant=reverseHolofoil
CP4,a4b22717-7318-403a-8743-77bfda0624d7,123,Teammates,センパイとコウハイ,https://scrydex.com/pokemon/cards/teammates/cp4_ja-123?variant=reverseHolofoil
CP4,a4b22717-7318-403a-8743-77bfda0624d7,124,Professor Sycamore,プラターヌ博士,https://scrydex.com/pokemon/cards/professor-sycamore/cp4_ja-124?variant=reverseHolofoil
CP4,a4b22717-7318-403a-8743-77bfda0624d7,125,Lysandre,フラダリ,https://scrydex.com/pokemon/cards/lysandre/cp4_ja-125?variant=reverseHolofoil
CP4,a4b22717-7318-403a-8743-77bfda0624d7,126,Team Flare Grunt,フレア団のしたっぱ,https://scrydex.com/pokemon/cards/team-flare-grunt/cp4_ja-126?variant=reverseHolofoil
CP4,a4b22717-7318-403a-8743-77bfda0624d7,127,Forest of Giant Plants,巨大植物の森,https://scrydex.com/pokemon/cards/forest-of-giant-plants/cp4_ja-127?variant=reverseHolofoil
CP4,a4b22717-7318-403a-8743-77bfda0624d7,128,Dimension Valley,次元の谷,https://scrydex.com/pokemon/cards/dimension-valley/cp4_ja-128?variant=reverseHolofoil
CP4,a4b22717-7318-403a-8743-77bfda0624d7,129,Sky Field,スカイフィールド,https://scrydex.com/pokemon/cards/sky-field/cp4_ja-129?variant=reverseHolofoil
CP4,a4b22717-7318-403a-8743-77bfda0624d7,130,Fighting Stadium,ファイティングスタジアム,https://scrydex.com/pokemon/cards/fighting-stadium/cp4_ja-130?variant=reverseHolofoil
CP4,a4b22717-7318-403a-8743-77bfda0624d7,131,Double Colorless Energy,ダブル無色エネルギー,https://scrydex.com/pokemon/cards/double-colorless-energy/cp4_ja-131?variant=reverseHolofoil
CP4,a4b22717-7318-403a-8743-77bfda0624d7,132,Grass Energy,基本草エネルギー,https://scrydex.com/pokemon/cards/grass-energy/cp4_ja-132?variant=reverseHolofoil
CP4,a4b22717-7318-403a-8743-77bfda0624d7,133,Fire Energy,基本炎エネルギー,https://scrydex.com/pokemon/cards/fire-energy/cp4_ja-133?variant=reverseHolofoil
CP4,a4b22717-7318-403a-8743-77bfda0624d7,134,Water Energy,基本水エネルギー,https://scrydex.com/pokemon/cards/water-energy/cp4_ja-134?variant=reverseHolofoil
CP4,a4b22717-7318-403a-8743-77bfda0624d7,135,Lightning Energy,基本雷エネルギー,https://scrydex.com/pokemon/cards/lightning-energy/cp4_ja-135?variant=reverseHolofoil
CP4,a4b22717-7318-403a-8743-77bfda0624d7,136,Psychic Energy,基本超エネルギー,https://scrydex.com/pokemon/cards/psychic-energy/cp4_ja-136?variant=reverseHolofoil
CP4,a4b22717-7318-403a-8743-77bfda0624d7,137,Fighting Energy,基本闘エネルギー,https://scrydex.com/pokemon/cards/fighting-energy/cp4_ja-137?variant=reverseHolofoil
CP4,a4b22717-7318-403a-8743-77bfda0624d7,138,Darkness Energy,基本悪エネルギー,https://scrydex.com/pokemon/cards/darkness-energy/cp4_ja-138?variant=reverseHolofoil
CP4,a4b22717-7318-403a-8743-77bfda0624d7,139,Colorless Energy,基本鋼エネルギー,https://scrydex.com/pokemon/cards/colorless-energy/cp4_ja-139?variant=reverseHolofoil
CP4,a4b22717-7318-403a-8743-77bfda0624d7,140,Fairy Energy,基本フェアリーエネルギー,https://scrydex.com/pokemon/cards/fairy-energy/cp4_ja-140?variant=reverseHolofoil
CP6,13ac4f0e-0e0f-4ab3-9fa0-933a49903236,1,Venusaur-EX,フシギバナEX,https://scrydex.com/pokemon/cards/venusaur-ex/cp6_ja-1?variant=firstEditionHolofoil
CP6,13ac4f0e-0e0f-4ab3-9fa0-933a49903236,2,M Venusaur-EX,megaフシギバナEX,https://scrydex.com/pokemon/cards/m-venusaur-ex/cp6_ja-2?variant=firstEditionHolofoil
CP6,13ac4f0e-0e0f-4ab3-9fa0-933a49903236,3,Caterpie,キャタピー,https://scrydex.com/pokemon/cards/caterpie/cp6_ja-3?variant=firstEdition
CP6,13ac4f0e-0e0f-4ab3-9fa0-933a49903236,4,Metapod,トランセル,https://scrydex.com/pokemon/cards/metapod/cp6_ja-4?variant=firstEdition
CP6,13ac4f0e-0e0f-4ab3-9fa0-933a49903236,5,Weedle,ビードル,https://scrydex.com/pokemon/cards/weedle/cp6_ja-5?variant=firstEdition
CP6,13ac4f0e-0e0f-4ab3-9fa0-933a49903236,6,Kakuna,コクーン,https://scrydex.com/pokemon/cards/kakuna/cp6_ja-6?variant=firstEdition
CP6,13ac4f0e-0e0f-4ab3-9fa0-933a49903236,7,Beedrill,スピアー,https://scrydex.com/pokemon/cards/beedrill/cp6_ja-7?variant=firstEdition
CP6,13ac4f0e-0e0f-4ab3-9fa0-933a49903236,8,Tangela,モンジャラ,https://scrydex.com/pokemon/cards/tangela/cp6_ja-8?variant=firstEdition
CP6,13ac4f0e-0e0f-4ab3-9fa0-933a49903236,9,Charmander,ヒトカゲ,https://scrydex.com/pokemon/cards/charmander/cp6_ja-9?variant=firstEdition
CP6,13ac4f0e-0e0f-4ab3-9fa0-933a49903236,10,Charmeleon,リザード,https://scrydex.com/pokemon/cards/charmeleon/cp6_ja-10?variant=firstEdition
CP6,13ac4f0e-0e0f-4ab3-9fa0-933a49903236,11,Charizard,リザードン,https://scrydex.com/pokemon/cards/charizard/cp6_ja-11?variant=firstEditionHolofoil
CP6,13ac4f0e-0e0f-4ab3-9fa0-933a49903236,12,Charizard-EX,リザードンEX,https://scrydex.com/pokemon/cards/charizard-ex/cp6_ja-12?variant=firstEditionHolofoil
CP6,13ac4f0e-0e0f-4ab3-9fa0-933a49903236,13,M Charizard-EX,megaリザードンEX,https://scrydex.com/pokemon/cards/m-charizard-ex/cp6_ja-13?variant=firstEditionHolofoil
CP6,13ac4f0e-0e0f-4ab3-9fa0-933a49903236,14,Vulpix,ロコン,https://scrydex.com/pokemon/cards/vulpix/cp6_ja-14?variant=firstEdition
CP6,13ac4f0e-0e0f-4ab3-9fa0-933a49903236,15,Ninetales,キュウコン,https://scrydex.com/pokemon/cards/ninetales/cp6_ja-15?variant=firstEditionHolofoil
CP6,13ac4f0e-0e0f-4ab3-9fa0-933a49903236,16,Ninetales BREAK,キュウコンBREAK,https://scrydex.com/pokemon/cards/ninetales-break/cp6_ja-16?variant=firstEditionHolofoil
CP6,13ac4f0e-0e0f-4ab3-9fa0-933a49903236,17,Growlithe,ガーディ,https://scrydex.com/pokemon/cards/growlithe/cp6_ja-17?variant=firstEdition
CP6,13ac4f0e-0e0f-4ab3-9fa0-933a49903236,18,Arcanine,ウインディ,https://scrydex.com/pokemon/cards/arcanine/cp6_ja-18?variant=firstEdition
CP6,13ac4f0e-0e0f-4ab3-9fa0-933a49903236,19,Ponyta,ポニータ,https://scrydex.com/pokemon/cards/ponyta/cp6_ja-19?variant=firstEdition
CP6,13ac4f0e-0e0f-4ab3-9fa0-933a49903236,20,Magmar,ブーバー,https://scrydex.com/pokemon/cards/magmar/cp6_ja-20?variant=firstEdition
CP6,13ac4f0e-0e0f-4ab3-9fa0-933a49903236,21,Blastoise-EX,カメックスEX,https://scrydex.com/pokemon/cards/blastoise-ex/cp6_ja-21?variant=firstEditionHolofoil
CP6,13ac4f0e-0e0f-4ab3-9fa0-933a49903236,22,M Blastoise-EX,megaカメックスEX,https://scrydex.com/pokemon/cards/m-blastoise-ex/cp6_ja-22?variant=firstEditionHolofoil
CP6,13ac4f0e-0e0f-4ab3-9fa0-933a49903236,23,Poliwag,ニョロモ,https://scrydex.com/pokemon/cards/poliwag/cp6_ja-23?variant=firstEdition
CP6,13ac4f0e-0e0f-4ab3-9fa0-933a49903236,24,Poliwhirl,ニョロゾ,https://scrydex.com/pokemon/cards/poliwhirl/cp6_ja-24?variant=firstEdition
CP6,13ac4f0e-0e0f-4ab3-9fa0-933a49903236,25,Poliwrath,ニョロボン,https://scrydex.com/pokemon/cards/poliwrath/cp6_ja-25?variant=firstEditionHolofoil
CP6,13ac4f0e-0e0f-4ab3-9fa0-933a49903236,26,Seel,パウワウ,https://scrydex.com/pokemon/cards/seel/cp6_ja-26?variant=firstEdition
CP6,13ac4f0e-0e0f-4ab3-9fa0-933a49903236,27,Dewgong,ジュゴン,https://scrydex.com/pokemon/cards/dewgong/cp6_ja-27?variant=firstEdition
CP6,13ac4f0e-0e0f-4ab3-9fa0-933a49903236,28,Staryu,ヒトデマン,https://scrydex.com/pokemon/cards/staryu/cp6_ja-28?variant=firstEdition
CP6,13ac4f0e-0e0f-4ab3-9fa0-933a49903236,29,Starmie,スターミー,https://scrydex.com/pokemon/cards/starmie/cp6_ja-29?variant=firstEdition
CP6,13ac4f0e-0e0f-4ab3-9fa0-933a49903236,30,Starmie BREAK,スターミーBREAK,https://scrydex.com/pokemon/cards/starmie-break/cp6_ja-30?variant=firstEditionHolofoil
CP6,13ac4f0e-0e0f-4ab3-9fa0-933a49903236,31,Magikarp,コイキング,https://scrydex.com/pokemon/cards/magikarp/cp6_ja-31?variant=firstEdition
CP6,13ac4f0e-0e0f-4ab3-9fa0-933a49903236,32,Gyarados,ギャラドス,https://scrydex.com/pokemon/cards/gyarados/cp6_ja-32?variant=firstEditionHolofoil
CP6,13ac4f0e-0e0f-4ab3-9fa0-933a49903236,33,Pikachu,ピカチュウ,https://scrydex.com/pokemon/cards/pikachu/cp6_ja-33?variant=firstEdition
CP6,13ac4f0e-0e0f-4ab3-9fa0-933a49903236,34,Raichu,ライチュウ,https://scrydex.com/pokemon/cards/raichu/cp6_ja-34?variant=firstEditionHolofoil
CP6,13ac4f0e-0e0f-4ab3-9fa0-933a49903236,35,Magnemite,コイル,https://scrydex.com/pokemon/cards/magnemite/cp6_ja-35?variant=firstEdition
CP6,13ac4f0e-0e0f-4ab3-9fa0-933a49903236,36,Magneton,レアコイル,https://scrydex.com/pokemon/cards/magneton/cp6_ja-36?variant=firstEditionHolofoil
CP6,13ac4f0e-0e0f-4ab3-9fa0-933a49903236,37,Voltorb,ビリリダマ,https://scrydex.com/pokemon/cards/voltorb/cp6_ja-37?variant=firstEdition
CP6,13ac4f0e-0e0f-4ab3-9fa0-933a49903236,38,Electrode,マルマイン,https://scrydex.com/pokemon/cards/electrode/cp6_ja-38?variant=firstEdition
CP6,13ac4f0e-0e0f-4ab3-9fa0-933a49903236,39,Electabuzz,エレブー,https://scrydex.com/pokemon/cards/electabuzz/cp6_ja-39?variant=firstEdition
CP6,13ac4f0e-0e0f-4ab3-9fa0-933a49903236,40,Zapdos,サンダー,https://scrydex.com/pokemon/cards/zapdos/cp6_ja-40?variant=firstEditionHolofoil
CP6,13ac4f0e-0e0f-4ab3-9fa0-933a49903236,41,Nidoran ♂,ニドラン♂,https://scrydex.com/pokemon/cards/nidoran-/cp6_ja-41?variant=firstEdition
CP6,13ac4f0e-0e0f-4ab3-9fa0-933a49903236,42,Nidorino,ニドリーノ,https://scrydex.com/pokemon/cards/nidorino/cp6_ja-42?variant=firstEdition
CP6,13ac4f0e-0e0f-4ab3-9fa0-933a49903236,43,Nidoking,ニドキング,https://scrydex.com/pokemon/cards/nidoking/cp6_ja-43?variant=firstEditionHolofoil
CP6,13ac4f0e-0e0f-4ab3-9fa0-933a49903236,44,Nidoking BREAK,ニドキングBREAK,https://scrydex.com/pokemon/cards/nidoking-break/cp6_ja-44?variant=firstEditionHolofoil
CP6,13ac4f0e-0e0f-4ab3-9fa0-933a49903236,45,Gastly,ゴース,https://scrydex.com/pokemon/cards/gastly/cp6_ja-45?variant=firstEdition
CP6,13ac4f0e-0e0f-4ab3-9fa0-933a49903236,46,Haunter,ゴースト,https://scrydex.com/pokemon/cards/haunter/cp6_ja-46?variant=firstEdition
CP6,13ac4f0e-0e0f-4ab3-9fa0-933a49903236,47,Drowzee,スリープ,https://scrydex.com/pokemon/cards/drowzee/cp6_ja-47?variant=firstEdition
CP6,13ac4f0e-0e0f-4ab3-9fa0-933a49903236,48,Koffing,ドガース,https://scrydex.com/pokemon/cards/koffing/cp6_ja-48?variant=firstEdition
CP6,13ac4f0e-0e0f-4ab3-9fa0-933a49903236,49,Mewtwo,ミュウツー,https://scrydex.com/pokemon/cards/mewtwo/cp6_ja-49?variant=firstEditionHolofoil
CP6,13ac4f0e-0e0f-4ab3-9fa0-933a49903236,50,Mewtwo-EX,ミュウツーEX,https://scrydex.com/pokemon/cards/mewtwo-ex/cp6_ja-50?variant=firstEditionHolofoil
CP6,13ac4f0e-0e0f-4ab3-9fa0-933a49903236,51,Mew,ミュウ,https://scrydex.com/pokemon/cards/mew/cp6_ja-51?variant=firstEditionHolofoil
CP6,13ac4f0e-0e0f-4ab3-9fa0-933a49903236,52,Sandshrew,サンド,https://scrydex.com/pokemon/cards/sandshrew/cp6_ja-52?variant=firstEdition
CP6,13ac4f0e-0e0f-4ab3-9fa0-933a49903236,53,Diglett,ディグダ,https://scrydex.com/pokemon/cards/diglett/cp6_ja-53?variant=firstEdition
CP6,13ac4f0e-0e0f-4ab3-9fa0-933a49903236,54,Dugtrio,ダグトリオ,https://scrydex.com/pokemon/cards/dugtrio/cp6_ja-54?variant=firstEdition
CP6,13ac4f0e-0e0f-4ab3-9fa0-933a49903236,55,Machop,ワンリキー,https://scrydex.com/pokemon/cards/machop/cp6_ja-55?variant=firstEdition
CP6,13ac4f0e-0e0f-4ab3-9fa0-933a49903236,56,Machoke,ゴーリキー,https://scrydex.com/pokemon/cards/machoke/cp6_ja-56?variant=firstEdition
CP6,13ac4f0e-0e0f-4ab3-9fa0-933a49903236,57,Machamp,カイリキー,https://scrydex.com/pokemon/cards/machamp/cp6_ja-57?variant=firstEditionHolofoil
CP6,13ac4f0e-0e0f-4ab3-9fa0-933a49903236,58,Machamp BREAK,カイリキーBREAK,https://scrydex.com/pokemon/cards/machamp-break/cp6_ja-58?variant=firstEditionHolofoil
CP6,13ac4f0e-0e0f-4ab3-9fa0-933a49903236,59,Onix,イワーク,https://scrydex.com/pokemon/cards/onix/cp6_ja-59?variant=firstEdition
CP6,13ac4f0e-0e0f-4ab3-9fa0-933a49903236,60,Hitmonchan,エビワラー,https://scrydex.com/pokemon/cards/hitmonchan/cp6_ja-60?variant=firstEditionHolofoil
CP6,13ac4f0e-0e0f-4ab3-9fa0-933a49903236,61,Clefairy,ピッピ,https://scrydex.com/pokemon/cards/clefairy/cp6_ja-61?variant=firstEditionHolofoil
CP6,13ac4f0e-0e0f-4ab3-9fa0-933a49903236,62,Pidgeot-EX,ピジョットEX,https://scrydex.com/pokemon/cards/pidgeot-ex/cp6_ja-62?variant=firstEditionHolofoil
CP6,13ac4f0e-0e0f-4ab3-9fa0-933a49903236,63,M Pidgeot-EX,megaピジョットEX,https://scrydex.com/pokemon/cards/m-pidgeot-ex/cp6_ja-63?variant=firstEditionHolofoil
CP6,13ac4f0e-0e0f-4ab3-9fa0-933a49903236,64,Rattata,コラッタ,https://scrydex.com/pokemon/cards/rattata/cp6_ja-64?variant=firstEdition
CP6,13ac4f0e-0e0f-4ab3-9fa0-933a49903236,65,Raticate,ラッタ,https://scrydex.com/pokemon/cards/raticate/cp6_ja-65?variant=firstEdition
CP6,13ac4f0e-0e0f-4ab3-9fa0-933a49903236,66,Farfetch'd,カモネギ,https://scrydex.com/pokemon/cards/farfetchd/cp6_ja-66?variant=firstEdition
CP6,13ac4f0e-0e0f-4ab3-9fa0-933a49903236,67,Doduo,ドードー,https://scrydex.com/pokemon/cards/doduo/cp6_ja-67?variant=firstEdition
CP6,13ac4f0e-0e0f-4ab3-9fa0-933a49903236,68,Chansey,ラッキー,https://scrydex.com/pokemon/cards/chansey/cp6_ja-68?variant=firstEditionHolofoil
CP6,13ac4f0e-0e0f-4ab3-9fa0-933a49903236,69,Porygon,ポリゴン,https://scrydex.com/pokemon/cards/porygon/cp6_ja-69?variant=firstEdition
CP6,13ac4f0e-0e0f-4ab3-9fa0-933a49903236,70,Dragonite-EX,カイリューEX,https://scrydex.com/pokemon/cards/dragonite-ex/cp6_ja-70?variant=firstEditionHolofoil
CP6,13ac4f0e-0e0f-4ab3-9fa0-933a49903236,71,Super Potion,いいきずぐすり,https://scrydex.com/pokemon/cards/super-potion/cp6_ja-71?variant=firstEdition
CP6,13ac4f0e-0e0f-4ab3-9fa0-933a49903236,72,Energy Retrieval,エネルギー回収,https://scrydex.com/pokemon/cards/energy-retrieval/cp6_ja-72?variant=firstEdition
CP6,13ac4f0e-0e0f-4ab3-9fa0-933a49903236,73,Potion,きずぐすり,https://scrydex.com/pokemon/cards/potion/cp6_ja-73?variant=firstEdition
CP6,13ac4f0e-0e0f-4ab3-9fa0-933a49903236,74,Revive,げんきのかけら,https://scrydex.com/pokemon/cards/revive/cp6_ja-74?variant=firstEdition
CP6,13ac4f0e-0e0f-4ab3-9fa0-933a49903236,75,Devolution Spray,退化スプレー,https://scrydex.com/pokemon/cards/devolution-spray/cp6_ja-75?variant=firstEdition
CP6,13ac4f0e-0e0f-4ab3-9fa0-933a49903236,76,Full Heal,なんでもなおし,https://scrydex.com/pokemon/cards/full-heal/cp6_ja-76?variant=firstEdition
CP6,13ac4f0e-0e0f-4ab3-9fa0-933a49903236,77,Switch,ポケモンいれかえ,https://scrydex.com/pokemon/cards/switch/cp6_ja-77?variant=firstEdition
CP6,13ac4f0e-0e0f-4ab3-9fa0-933a49903236,78,Pokédex,ポケモン図鑑,https://scrydex.com/pokemon/cards/pokdex/cp6_ja-78?variant=firstEdition
CP6,13ac4f0e-0e0f-4ab3-9fa0-933a49903236,79,Maintenance,メンテナンス,https://scrydex.com/pokemon/cards/maintenance/cp6_ja-79?variant=firstEdition
CP6,13ac4f0e-0e0f-4ab3-9fa0-933a49903236,80,Blastoise Spirit Link,カメックスソウルリンク,https://scrydex.com/pokemon/cards/blastoise-spirit-link/cp6_ja-80?variant=firstEdition
CP6,13ac4f0e-0e0f-4ab3-9fa0-933a49903236,81,Pidgeot Spirit Link,ピジョットソウルリンク,https://scrydex.com/pokemon/cards/pidgeot-spirit-link/cp6_ja-81?variant=firstEdition
CP6,13ac4f0e-0e0f-4ab3-9fa0-933a49903236,82,Venusaur Spirit Link,フシギバナソウルリンク,https://scrydex.com/pokemon/cards/venusaur-spirit-link/cp6_ja-82?variant=firstEdition
CP6,13ac4f0e-0e0f-4ab3-9fa0-933a49903236,83,Charizard Spirit Link,リザードンソウルリンク,https://scrydex.com/pokemon/cards/charizard-spirit-link/cp6_ja-83?variant=firstEdition
CP6,13ac4f0e-0e0f-4ab3-9fa0-933a49903236,84,Professor Oak's Hint,オーキド博士のヒント,https://scrydex.com/pokemon/cards/professor-oaks-hint/cp6_ja-84?variant=firstEdition
CP6,13ac4f0e-0e0f-4ab3-9fa0-933a49903236,85,Misty's Determination,カスミのやる気,https://scrydex.com/pokemon/cards/mistys-determination/cp6_ja-85?variant=firstEdition
CP6,13ac4f0e-0e0f-4ab3-9fa0-933a49903236,86,Brock's Grit,タケシのガッツ,https://scrydex.com/pokemon/cards/brocks-grit/cp6_ja-86?variant=firstEdition
CP6,13ac4f0e-0e0f-4ab3-9fa0-933a49903236,87,Double Colorless Energy,ダブル無色エネルギー,https://scrydex.com/pokemon/cards/double-colorless-energy/cp6_ja-87?variant=firstEdition
CP6,13ac4f0e-0e0f-4ab3-9fa0-933a49903236,88,Venusaur-EX,フシギバナEX,https://scrydex.com/pokemon/cards/venusaur-ex/cp6_ja-88?variant=firstEditionHolofoil
CP6,13ac4f0e-0e0f-4ab3-9fa0-933a49903236,89,M Venusaur-EX,megaフシギバナEX,https://scrydex.com/pokemon/cards/m-venusaur-ex/cp6_ja-89?variant=firstEditionHolofoil
CP6,13ac4f0e-0e0f-4ab3-9fa0-933a49903236,90,Charizard-EX,リザードンEX,https://scrydex.com/pokemon/cards/charizard-ex/cp6_ja-90?variant=firstEditionHolofoil
CP6,13ac4f0e-0e0f-4ab3-9fa0-933a49903236,91,M Charizard-EX,megaリザードンEX,https://scrydex.com/pokemon/cards/m-charizard-ex/cp6_ja-91?variant=firstEditionHolofoil
CP6,13ac4f0e-0e0f-4ab3-9fa0-933a49903236,92,Blastoise-EX,カメックスEX,https://scrydex.com/pokemon/cards/blastoise-ex/cp6_ja-92?variant=firstEditionHolofoil
CP6,13ac4f0e-0e0f-4ab3-9fa0-933a49903236,93,M Blastoise-EX,megaカメックスEX,https://scrydex.com/pokemon/cards/m-blastoise-ex/cp6_ja-93?variant=firstEditionHolofoil
CP6,13ac4f0e-0e0f-4ab3-9fa0-933a49903236,94,Pikachu-EX,ピカチュウEX,https://scrydex.com/pokemon/cards/pikachu-ex/cp6_ja-94?variant=firstEditionHolofoil
CP6,13ac4f0e-0e0f-4ab3-9fa0-933a49903236,95,Mewtwo-EX,ミュウツーEX,https://scrydex.com/pokemon/cards/mewtwo-ex/cp6_ja-95?variant=firstEditionHolofoil
CP6,13ac4f0e-0e0f-4ab3-9fa0-933a49903236,96,Pidgeot-EX,ピジョットEX,https://scrydex.com/pokemon/cards/pidgeot-ex/cp6_ja-96?variant=firstEditionHolofoil
CP6,13ac4f0e-0e0f-4ab3-9fa0-933a49903236,97,M Pidgeot-EX,megaピジョットEX,https://scrydex.com/pokemon/cards/m-pidgeot-ex/cp6_ja-97?variant=firstEditionHolofoil
CP6,13ac4f0e-0e0f-4ab3-9fa0-933a49903236,98,Dragonite-EX,カイリューEX,https://scrydex.com/pokemon/cards/dragonite-ex/cp6_ja-98?variant=firstEditionHolofoil
CP6,13ac4f0e-0e0f-4ab3-9fa0-933a49903236,99,Misty's Determination,カスミのやる気,https://scrydex.com/pokemon/cards/mistys-determination/cp6_ja-99?variant=firstEditionHolofoil
CP6,13ac4f0e-0e0f-4ab3-9fa0-933a49903236,100,Brock's Grit,タケシのガッツ,https://scrydex.com/pokemon/cards/brocks-grit/cp6_ja-100?variant=firstEditionHolofoil
CP6,13ac4f0e-0e0f-4ab3-9fa0-933a49903236,101,Exeggutor,ナッシー[Exeggutor],https://scrydex.com/pokemon/cards/exeggutor/cp6_ja-101?variant=firstEdition
CP6,13ac4f0e-0e0f-4ab3-9fa0-933a49903236,102,Imakuni?'s Doduo,イマクニ?のドードー,https://scrydex.com/pokemon/cards/imakunis-doduo/cp6_ja-102?variant=firstEdition
CP6,13ac4f0e-0e0f-4ab3-9fa0-933a49903236,103,Here Comes Team Rocket!,ロケット団参上!,https://scrydex.com/pokemon/cards/here-comes-team-rocket/cp6_ja-103?variant=firstEdition
CP3,5f734794-2cd7-4671-b390-7a1f33222268,1,Chikorita,チコリータ,https://scrydex.com/pokemon/cards/chikorita/cp3_ja-1?variant=firstEditionHolofoil
CP3,5f734794-2cd7-4671-b390-7a1f33222268,2,Shroomish,キノココ,https://scrydex.com/pokemon/cards/shroomish/cp3_ja-2?variant=firstEditionHolofoil
CP3,5f734794-2cd7-4671-b390-7a1f33222268,3,Charmander,ヒトカゲ,https://scrydex.com/pokemon/cards/charmander/cp3_ja-3?variant=firstEditionHolofoil
CP3,5f734794-2cd7-4671-b390-7a1f33222268,4,Charmeleon,リザード,https://scrydex.com/pokemon/cards/charmeleon/cp3_ja-4?variant=firstEditionHolofoil
CP3,5f734794-2cd7-4671-b390-7a1f33222268,5,Charizard,リザードン,https://scrydex.com/pokemon/cards/charizard/cp3_ja-5?variant=firstEditionHolofoil
CP3,5f734794-2cd7-4671-b390-7a1f33222268,6,Flareon-EX,ブースターEX,https://scrydex.com/pokemon/cards/flareon-ex/cp3_ja-6?variant=firstEditionHolofoil
CP3,5f734794-2cd7-4671-b390-7a1f33222268,7,Flareon-EX,ブースターEX,https://scrydex.com/pokemon/cards/flareon-ex/cp3_ja-7?variant=firstEditionHolofoil
CP3,5f734794-2cd7-4671-b390-7a1f33222268,8,Snorunt,ユキワラシ,https://scrydex.com/pokemon/cards/snorunt/cp3_ja-8?variant=firstEditionHolofoil
CP3,5f734794-2cd7-4671-b390-7a1f33222268,9,Froslass,ユキメノコ,https://scrydex.com/pokemon/cards/froslass/cp3_ja-9?variant=firstEditionHolofoil
CP3,5f734794-2cd7-4671-b390-7a1f33222268,10,Pikachu,ピカチュウ,https://scrydex.com/pokemon/cards/pikachu/cp3_ja-10?variant=firstEditionHolofoil
CP3,5f734794-2cd7-4671-b390-7a1f33222268,11,Raichu,ライチュウ,https://scrydex.com/pokemon/cards/raichu/cp3_ja-11?variant=firstEditionHolofoil
CP3,5f734794-2cd7-4671-b390-7a1f33222268,12,Dedenne,デデンネ,https://scrydex.com/pokemon/cards/dedenne/cp3_ja-12?variant=firstEditionHolofoil
CP3,5f734794-2cd7-4671-b390-7a1f33222268,13,Wobbuffet,ソーナンス,https://scrydex.com/pokemon/cards/wobbuffet/cp3_ja-13?variant=firstEditionHolofoil
CP3,5f734794-2cd7-4671-b390-7a1f33222268,14,Gulpin,ゴクリン,https://scrydex.com/pokemon/cards/gulpin/cp3_ja-14?variant=firstEditionHolofoil
CP3,5f734794-2cd7-4671-b390-7a1f33222268,15,Jirachi,ジラーチ,https://scrydex.com/pokemon/cards/jirachi/cp3_ja-15?variant=firstEditionHolofoil
CP3,5f734794-2cd7-4671-b390-7a1f33222268,16,Espurr,ニャスパー,https://scrydex.com/pokemon/cards/espurr/cp3_ja-16?variant=firstEditionHolofoil
CP3,5f734794-2cd7-4671-b390-7a1f33222268,17,Meowstic,ニャオニクス,https://scrydex.com/pokemon/cards/meowstic/cp3_ja-17?variant=firstEditionHolofoil
CP3,5f734794-2cd7-4671-b390-7a1f33222268,18,Yveltal,イベルタル,https://scrydex.com/pokemon/cards/yveltal/cp3_ja-18?variant=firstEditionHolofoil
CP3,5f734794-2cd7-4671-b390-7a1f33222268,19,Gardevoir-EX,サーナイトEX,https://scrydex.com/pokemon/cards/gardevoir-ex/cp3_ja-19?variant=firstEditionHolofoil
CP3,5f734794-2cd7-4671-b390-7a1f33222268,20,M Gardevoir-EX,megaサーナイトEX,https://scrydex.com/pokemon/cards/m-gardevoir-ex/cp3_ja-20?variant=firstEditionHolofoil
CP3,5f734794-2cd7-4671-b390-7a1f33222268,21,Flabébé,フラベベ,https://scrydex.com/pokemon/cards/flabb/cp3_ja-21?variant=firstEditionHolofoil
CP3,5f734794-2cd7-4671-b390-7a1f33222268,22,Floette,フラエッテ,https://scrydex.com/pokemon/cards/floette/cp3_ja-22?variant=firstEditionHolofoil
CP3,5f734794-2cd7-4671-b390-7a1f33222268,23,Swirlix,ペロッパフ,https://scrydex.com/pokemon/cards/swirlix/cp3_ja-23?variant=firstEditionHolofoil
CP3,5f734794-2cd7-4671-b390-7a1f33222268,24,Slurpuff,ペロリーム,https://scrydex.com/pokemon/cards/slurpuff/cp3_ja-24?variant=firstEditionHolofoil
CP3,5f734794-2cd7-4671-b390-7a1f33222268,25,Sylveon-EX,ニンフィアEX,https://scrydex.com/pokemon/cards/sylveon-ex/cp3_ja-25?variant=firstEditionHolofoil
CP3,5f734794-2cd7-4671-b390-7a1f33222268,26,Sylveon-EX,ニンフィアEX,https://scrydex.com/pokemon/cards/sylveon-ex/cp3_ja-26?variant=firstEditionHolofoil
CP3,5f734794-2cd7-4671-b390-7a1f33222268,27,Diancie,ディアンシー,https://scrydex.com/pokemon/cards/diancie/cp3_ja-27?variant=firstEditionHolofoil
CP3,5f734794-2cd7-4671-b390-7a1f33222268,28,Swablu,チルット,https://scrydex.com/pokemon/cards/swablu/cp3_ja-28?variant=firstEditionHolofoil
CP3,5f734794-2cd7-4671-b390-7a1f33222268,29,Altaria,チルタリス,https://scrydex.com/pokemon/cards/altaria/cp3_ja-29?variant=firstEditionHolofoil
CP3,5f734794-2cd7-4671-b390-7a1f33222268,30,Fletchling,ヤヤコマ,https://scrydex.com/pokemon/cards/fletchling/cp3_ja-30?variant=firstEditionHolofoil
CP3,5f734794-2cd7-4671-b390-7a1f33222268,31,Floral Crown,おはなのかんむり,https://scrydex.com/pokemon/cards/floral-crown/cp3_ja-31?variant=firstEditionHolofoil
CP3,5f734794-2cd7-4671-b390-7a1f33222268,32,Wally,ミツル,https://scrydex.com/pokemon/cards/wally/cp3_ja-32?variant=firstEditionHolofoil
CP5,905e9463-b7ea-4ce1-9b8d-6ecd68b302ce,1,Celebi,セレビィ,https://scrydex.com/pokemon/cards/celebi/cp5_ja-1?variant=firstEditionHolofoil
CP5,905e9463-b7ea-4ce1-9b8d-6ecd68b302ce,2,Celebi,セレビィ,https://scrydex.com/pokemon/cards/celebi/cp5_ja-2?variant=firstEditionHolofoil
CP5,905e9463-b7ea-4ce1-9b8d-6ecd68b302ce,3,Shaymin,シェイミ,https://scrydex.com/pokemon/cards/shaymin/cp5_ja-3?variant=firstEditionHolofoil
CP5,905e9463-b7ea-4ce1-9b8d-6ecd68b302ce,4,Shaymin,シェイミ,https://scrydex.com/pokemon/cards/shaymin/cp5_ja-4?variant=firstEditionHolofoil
CP5,905e9463-b7ea-4ce1-9b8d-6ecd68b302ce,5,Moltres,ファイヤー,https://scrydex.com/pokemon/cards/moltres/cp5_ja-5?variant=firstEditionHolofoil
CP5,905e9463-b7ea-4ce1-9b8d-6ecd68b302ce,6,Victini,ビクティニ,https://scrydex.com/pokemon/cards/victini/cp5_ja-6?variant=firstEditionHolofoil
CP5,905e9463-b7ea-4ce1-9b8d-6ecd68b302ce,7,Victini,ビクティニ,https://scrydex.com/pokemon/cards/victini/cp5_ja-7?variant=firstEditionHolofoil
CP5,905e9463-b7ea-4ce1-9b8d-6ecd68b302ce,8,Volcanion,ボルケニオン,https://scrydex.com/pokemon/cards/volcanion/cp5_ja-8?variant=firstEditionHolofoil
CP5,905e9463-b7ea-4ce1-9b8d-6ecd68b302ce,9,Volcanion,ボルケニオン,https://scrydex.com/pokemon/cards/volcanion/cp5_ja-9?variant=firstEditionHolofoil
CP5,905e9463-b7ea-4ce1-9b8d-6ecd68b302ce,10,Suicune,スイクン,https://scrydex.com/pokemon/cards/suicune/cp5_ja-10?variant=firstEditionHolofoil
CP5,905e9463-b7ea-4ce1-9b8d-6ecd68b302ce,11,Manaphy,マナフィ,https://scrydex.com/pokemon/cards/manaphy/cp5_ja-11?variant=firstEditionHolofoil
CP5,905e9463-b7ea-4ce1-9b8d-6ecd68b302ce,12,Manaphy,マナフィ,https://scrydex.com/pokemon/cards/manaphy/cp5_ja-12?variant=firstEditionHolofoil
CP5,905e9463-b7ea-4ce1-9b8d-6ecd68b302ce,13,Keldeo,ケルディオ,https://scrydex.com/pokemon/cards/keldeo/cp5_ja-13?variant=firstEditionHolofoil
CP5,905e9463-b7ea-4ce1-9b8d-6ecd68b302ce,14,Keldeo,ケルディオ,https://scrydex.com/pokemon/cards/keldeo/cp5_ja-14?variant=firstEditionHolofoil
CP5,905e9463-b7ea-4ce1-9b8d-6ecd68b302ce,15,White Kyurem,ホワイトキュレム,https://scrydex.com/pokemon/cards/white-kyurem/cp5_ja-15?variant=firstEditionHolofoil
CP5,905e9463-b7ea-4ce1-9b8d-6ecd68b302ce,16,Mew,ミュウ,https://scrydex.com/pokemon/cards/mew/cp5_ja-16?variant=firstEditionHolofoil
CP5,905e9463-b7ea-4ce1-9b8d-6ecd68b302ce,17,Mew,ミュウ,https://scrydex.com/pokemon/cards/mew/cp5_ja-17?variant=firstEditionHolofoil
CP5,905e9463-b7ea-4ce1-9b8d-6ecd68b302ce,18,Meloetta,メロエッタ,https://scrydex.com/pokemon/cards/meloetta/cp5_ja-18?variant=firstEditionHolofoil
CP5,905e9463-b7ea-4ce1-9b8d-6ecd68b302ce,19,Meloetta,メロエッタ,https://scrydex.com/pokemon/cards/meloetta/cp5_ja-19?variant=firstEditionHolofoil
CP5,905e9463-b7ea-4ce1-9b8d-6ecd68b302ce,20,Hoopa-EX,フーパEX,https://scrydex.com/pokemon/cards/hoopa-ex/cp5_ja-20?variant=firstEditionHolofoil
CP5,905e9463-b7ea-4ce1-9b8d-6ecd68b302ce,21,Zygarde,ジガルデ,https://scrydex.com/pokemon/cards/zygarde/cp5_ja-21?variant=firstEditionHolofoil
CP5,905e9463-b7ea-4ce1-9b8d-6ecd68b302ce,22,Zygarde-EX,ジガルデEX,https://scrydex.com/pokemon/cards/zygarde-ex/cp5_ja-22?variant=firstEditionHolofoil
CP5,905e9463-b7ea-4ce1-9b8d-6ecd68b302ce,23,Darkrai,ダークライ,https://scrydex.com/pokemon/cards/darkrai/cp5_ja-23?variant=firstEditionHolofoil
CP5,905e9463-b7ea-4ce1-9b8d-6ecd68b302ce,24,Darkrai,ダークライ,https://scrydex.com/pokemon/cards/darkrai/cp5_ja-24?variant=firstEditionHolofoil
CP5,905e9463-b7ea-4ce1-9b8d-6ecd68b302ce,25,Yveltal,イベルタル,https://scrydex.com/pokemon/cards/yveltal/cp5_ja-25?variant=firstEditionHolofoil
CP5,905e9463-b7ea-4ce1-9b8d-6ecd68b302ce,26,Jirachi,ジラーチ,https://scrydex.com/pokemon/cards/jirachi/cp5_ja-26?variant=firstEditionHolofoil
CP5,905e9463-b7ea-4ce1-9b8d-6ecd68b302ce,27,Jirachi,ジラーチ,https://scrydex.com/pokemon/cards/jirachi/cp5_ja-27?variant=firstEditionHolofoil
CP5,905e9463-b7ea-4ce1-9b8d-6ecd68b302ce,28,Genesect,ゲノセクト,https://scrydex.com/pokemon/cards/genesect/cp5_ja-28?variant=firstEditionHolofoil
CP5,905e9463-b7ea-4ce1-9b8d-6ecd68b302ce,29,Genesect,ゲノセクト,https://scrydex.com/pokemon/cards/genesect/cp5_ja-29?variant=firstEditionHolofoil
CP5,905e9463-b7ea-4ce1-9b8d-6ecd68b302ce,30,Magearna,マギアナ,https://scrydex.com/pokemon/cards/magearna/cp5_ja-30?variant=firstEditionHolofoil
CP5,905e9463-b7ea-4ce1-9b8d-6ecd68b302ce,31,Magearna,マギアナ,https://scrydex.com/pokemon/cards/magearna/cp5_ja-31?variant=firstEditionHolofoil
CP5,905e9463-b7ea-4ce1-9b8d-6ecd68b302ce,32,Xerneas,ゼルネアス,https://scrydex.com/pokemon/cards/xerneas/cp5_ja-32?variant=firstEditionHolofoil
CP5,905e9463-b7ea-4ce1-9b8d-6ecd68b302ce,33,Latios-EX,ラティオスEX,https://scrydex.com/pokemon/cards/latios-ex/cp5_ja-33?variant=firstEditionHolofoil
CP5,905e9463-b7ea-4ce1-9b8d-6ecd68b302ce,34,Rayquaza-EX,レックウザEX,https://scrydex.com/pokemon/cards/rayquaza-ex/cp5_ja-34?variant=firstEditionHolofoil
CP5,905e9463-b7ea-4ce1-9b8d-6ecd68b302ce,35,Arceus,アルセウス,https://scrydex.com/pokemon/cards/arceus/cp5_ja-35?variant=firstEditionHolofoil
CP5,905e9463-b7ea-4ce1-9b8d-6ecd68b302ce,36,Arceus,アルセウス,https://scrydex.com/pokemon/cards/arceus/cp5_ja-36?variant=firstEditionHolofoil
CP5,905e9463-b7ea-4ce1-9b8d-6ecd68b302ce,37,Yveltal-EX,イベルタルEX,https://scrydex.com/pokemon/cards/yveltal-ex/cp5_ja-37?variant=firstEditionHolofoil
CP5,905e9463-b7ea-4ce1-9b8d-6ecd68b302ce,38,Xerneas-EX,ゼルネアスEX,https://scrydex.com/pokemon/cards/xerneas-ex/cp5_ja-38?variant=firstEditionHolofoil
CP1,cbbbd49a-cc8b-4bbe-83f2-29ebc09f25e3,1,Team Magma's Numel,マグマ団のドンメル,https://scrydex.com/pokemon/cards/team-magmas-numel/cp1_ja-1?variant=firstEdition
CP1,cbbbd49a-cc8b-4bbe-83f2-29ebc09f25e3,2,Team Magma's Camerupt,マグマ団のバクーダ,https://scrydex.com/pokemon/cards/team-magmas-camerupt/cp1_ja-2?variant=firstEditionHolofoil
CP1,cbbbd49a-cc8b-4bbe-83f2-29ebc09f25e3,3,Team Aqua's Spheal,アクア団のタマザラシ,https://scrydex.com/pokemon/cards/team-aquas-spheal/cp1_ja-3?variant=firstEdition
CP1,cbbbd49a-cc8b-4bbe-83f2-29ebc09f25e3,4,Team Aqua's Sealeo,アクア団のトドグラー,https://scrydex.com/pokemon/cards/team-aquas-sealeo/cp1_ja-4?variant=firstEdition
CP1,cbbbd49a-cc8b-4bbe-83f2-29ebc09f25e3,5,Team Aqua's Walrein,アクア団のトドゼルガ,https://scrydex.com/pokemon/cards/team-aquas-walrein/cp1_ja-5?variant=firstEditionHolofoil
CP1,cbbbd49a-cc8b-4bbe-83f2-29ebc09f25e3,6,Team Aqua's Kyogre-EX,アクア団のカイオーガEX,https://scrydex.com/pokemon/cards/team-aquas-kyogre-ex/cp1_ja-6?variant=firstEditionHolofoil
CP1,cbbbd49a-cc8b-4bbe-83f2-29ebc09f25e3,7,Team Aqua's Grimer,アクア団のベトベター,https://scrydex.com/pokemon/cards/team-aquas-grimer/cp1_ja-7?variant=firstEdition
CP1,cbbbd49a-cc8b-4bbe-83f2-29ebc09f25e3,8,Team Aqua's Muk,アクア団のベトベトン,https://scrydex.com/pokemon/cards/team-aquas-muk/cp1_ja-8?variant=firstEditionHolofoil
CP1,cbbbd49a-cc8b-4bbe-83f2-29ebc09f25e3,9,Team Aqua's Seviper,アクア団のハブネーク,https://scrydex.com/pokemon/cards/team-aquas-seviper/cp1_ja-9?variant=firstEdition
CP1,cbbbd49a-cc8b-4bbe-83f2-29ebc09f25e3,10,Team Magma's Baltoy,マグマ団のヤジロン,https://scrydex.com/pokemon/cards/team-magmas-baltoy/cp1_ja-10?variant=firstEdition
CP1,cbbbd49a-cc8b-4bbe-83f2-29ebc09f25e3,11,Team Magma's Claydol,マグマ団のネンドール,https://scrydex.com/pokemon/cards/team-magmas-claydol/cp1_ja-11?variant=firstEditionHolofoil
CP1,cbbbd49a-cc8b-4bbe-83f2-29ebc09f25e3,12,Team Magma's Aron,マグマ団のココドラ,https://scrydex.com/pokemon/cards/team-magmas-aron/cp1_ja-12?variant=firstEdition
CP1,cbbbd49a-cc8b-4bbe-83f2-29ebc09f25e3,13,Team Magma's Lairon,マグマ団のコドラ,https://scrydex.com/pokemon/cards/team-magmas-lairon/cp1_ja-13?variant=firstEdition
CP1,cbbbd49a-cc8b-4bbe-83f2-29ebc09f25e3,14,Team Magma's Aggron,マグマ団のボスゴドラ,https://scrydex.com/pokemon/cards/team-magmas-aggron/cp1_ja-14?variant=firstEditionHolofoil
CP1,cbbbd49a-cc8b-4bbe-83f2-29ebc09f25e3,15,Team Magma's Groudon-EX,マグマ団のグラードンEX,https://scrydex.com/pokemon/cards/team-magmas-groudon-ex/cp1_ja-15?variant=firstEditionHolofoil
CP1,cbbbd49a-cc8b-4bbe-83f2-29ebc09f25e3,16,Team Aqua's Poochyena,アクア団のポチエナ,https://scrydex.com/pokemon/cards/team-aquas-poochyena/cp1_ja-16?variant=firstEdition
CP1,cbbbd49a-cc8b-4bbe-83f2-29ebc09f25e3,17,Team Magma's Poochyena,マグマ団のポチエナ,https://scrydex.com/pokemon/cards/team-magmas-poochyena/cp1_ja-17?variant=firstEdition
CP1,cbbbd49a-cc8b-4bbe-83f2-29ebc09f25e3,18,Team Aqua's Mightyena,アクア団のグラエナ,https://scrydex.com/pokemon/cards/team-aquas-mightyena/cp1_ja-18?variant=firstEdition
CP1,cbbbd49a-cc8b-4bbe-83f2-29ebc09f25e3,19,Team Magma's Mightyena,マグマ団のグラエナ,https://scrydex.com/pokemon/cards/team-magmas-mightyena/cp1_ja-19?variant=firstEdition
CP1,cbbbd49a-cc8b-4bbe-83f2-29ebc09f25e3,20,Team Aqua's Carvanha,アクア団のキバニア,https://scrydex.com/pokemon/cards/team-aquas-carvanha/cp1_ja-20?variant=firstEdition
CP1,cbbbd49a-cc8b-4bbe-83f2-29ebc09f25e3,21,Team Aqua's Sharpedo,アクア団のサメハダー,https://scrydex.com/pokemon/cards/team-aquas-sharpedo/cp1_ja-21?variant=firstEditionHolofoil
CP1,cbbbd49a-cc8b-4bbe-83f2-29ebc09f25e3,22,Team Magma's Zangoose,マグマ団のザングース,https://scrydex.com/pokemon/cards/team-magmas-zangoose/cp1_ja-22?variant=firstEdition
CP1,cbbbd49a-cc8b-4bbe-83f2-29ebc09f25e3,23,Team Aqua's Great Ball,アクア団のスーパーボール,https://scrydex.com/pokemon/cards/team-aquas-great-ball/cp1_ja-23?variant=firstEdition
CP1,cbbbd49a-cc8b-4bbe-83f2-29ebc09f25e3,24,Team Magma's Great Ball,マグマ団のスーパーボール,https://scrydex.com/pokemon/cards/team-magmas-great-ball/cp1_ja-24?variant=firstEdition
CP1,cbbbd49a-cc8b-4bbe-83f2-29ebc09f25e3,25,Aqua Diffuser,アクアディフューザー,https://scrydex.com/pokemon/cards/aqua-diffuser/cp1_ja-25?variant=firstEdition
CP1,cbbbd49a-cc8b-4bbe-83f2-29ebc09f25e3,26,Magma Pointer,マグマポインター,https://scrydex.com/pokemon/cards/magma-pointer/cp1_ja-26?variant=firstEdition
CP1,cbbbd49a-cc8b-4bbe-83f2-29ebc09f25e3,27,Team Aqua Admin,アクア団の幹部,https://scrydex.com/pokemon/cards/team-aqua-admin/cp1_ja-27?variant=firstEdition
CP1,cbbbd49a-cc8b-4bbe-83f2-29ebc09f25e3,28,Team Aqua Grunt,アクア団のしたっぱ,https://scrydex.com/pokemon/cards/team-aqua-grunt/cp1_ja-28?variant=firstEdition
CP1,cbbbd49a-cc8b-4bbe-83f2-29ebc09f25e3,29,Team Magma Admin,マグマ団の幹部,https://scrydex.com/pokemon/cards/team-magma-admin/cp1_ja-29?variant=firstEdition
CP1,cbbbd49a-cc8b-4bbe-83f2-29ebc09f25e3,30,Team Magma Grunt,マグマ団のしたっぱ,https://scrydex.com/pokemon/cards/team-magma-grunt/cp1_ja-30?variant=firstEdition
CP1,cbbbd49a-cc8b-4bbe-83f2-29ebc09f25e3,31,Team Aqua's Secret Base,アクア団の秘密基地,https://scrydex.com/pokemon/cards/team-aquas-secret-base/cp1_ja-31?variant=firstEdition
CP1,cbbbd49a-cc8b-4bbe-83f2-29ebc09f25e3,32,Team Magma's Secret Base,マグマ団の秘密基地,https://scrydex.com/pokemon/cards/team-magmas-secret-base/cp1_ja-32?variant=firstEdition
CP1,cbbbd49a-cc8b-4bbe-83f2-29ebc09f25e3,33,Double Aqua Energy,ダブルアクアエネルギー,https://scrydex.com/pokemon/cards/double-aqua-energy/cp1_ja-33?variant=firstEdition
CP1,cbbbd49a-cc8b-4bbe-83f2-29ebc09f25e3,34,Double Magma Energy,ダブルマグマエネルギー,https://scrydex.com/pokemon/cards/double-magma-energy/cp1_ja-34?variant=firstEdition
CP2,da8834cb-2787-4c61-83c5-8ec8bc913a8a,1,Chespin,ハリマロン,https://scrydex.com/pokemon/cards/chespin/cp2_ja-1?variant=firstEditionHolofoil
CP2,da8834cb-2787-4c61-83c5-8ec8bc913a8a,2,Reshiram,レシラム,https://scrydex.com/pokemon/cards/reshiram/cp2_ja-2?variant=firstEditionHolofoil
CP2,da8834cb-2787-4c61-83c5-8ec8bc913a8a,3,Fennekin,フォッコ,https://scrydex.com/pokemon/cards/fennekin/cp2_ja-3?variant=firstEditionHolofoil
CP2,da8834cb-2787-4c61-83c5-8ec8bc913a8a,4,Braixen,テールナー,https://scrydex.com/pokemon/cards/braixen/cp2_ja-4?variant=firstEditionHolofoil
CP2,da8834cb-2787-4c61-83c5-8ec8bc913a8a,5,Palkia,パルキア,https://scrydex.com/pokemon/cards/palkia/cp2_ja-5?variant=firstEditionHolofoil
CP2,da8834cb-2787-4c61-83c5-8ec8bc913a8a,6,Froakie,ケロマツ,https://scrydex.com/pokemon/cards/froakie/cp2_ja-6?variant=firstEditionHolofoil
CP2,da8834cb-2787-4c61-83c5-8ec8bc913a8a,7,Frogadier,ゲコガシラ,https://scrydex.com/pokemon/cards/frogadier/cp2_ja-7?variant=firstEditionHolofoil
CP2,da8834cb-2787-4c61-83c5-8ec8bc913a8a,8,Pikachu-EX,ピカチュウEX,https://scrydex.com/pokemon/cards/pikachu-ex/cp2_ja-8?variant=firstEditionHolofoil
CP2,da8834cb-2787-4c61-83c5-8ec8bc913a8a,9,Zekrom,ゼクロム,https://scrydex.com/pokemon/cards/zekrom/cp2_ja-9?variant=firstEditionHolofoil
CP2,da8834cb-2787-4c61-83c5-8ec8bc913a8a,10,Dedenne,デデンネ,https://scrydex.com/pokemon/cards/dedenne/cp2_ja-10?variant=firstEditionHolofoil
CP2,da8834cb-2787-4c61-83c5-8ec8bc913a8a,11,Wobbuffet,ソーナンス,https://scrydex.com/pokemon/cards/wobbuffet/cp2_ja-11?variant=firstEditionHolofoil
CP2,da8834cb-2787-4c61-83c5-8ec8bc913a8a,12,Hoopa-EX,フーパEX,https://scrydex.com/pokemon/cards/hoopa-ex/cp2_ja-12?variant=firstEditionHolofoil
CP2,da8834cb-2787-4c61-83c5-8ec8bc913a8a,13,Hippopotas,ヒポポタス,https://scrydex.com/pokemon/cards/hippopotas/cp2_ja-13?variant=firstEditionHolofoil
CP2,da8834cb-2787-4c61-83c5-8ec8bc913a8a,14,Pancham,ヤンチャム,https://scrydex.com/pokemon/cards/pancham/cp2_ja-14?variant=firstEditionHolofoil
CP2,da8834cb-2787-4c61-83c5-8ec8bc913a8a,15,Hawlucha,ルチャブル,https://scrydex.com/pokemon/cards/hawlucha/cp2_ja-15?variant=firstEditionHolofoil
CP2,da8834cb-2787-4c61-83c5-8ec8bc913a8a,16,Inkay,マーイーカ,https://scrydex.com/pokemon/cards/inkay/cp2_ja-16?variant=firstEditionHolofoil
CP2,da8834cb-2787-4c61-83c5-8ec8bc913a8a,17,Dialga,ディアルガ,https://scrydex.com/pokemon/cards/dialga/cp2_ja-17?variant=firstEditionHolofoil
CP2,da8834cb-2787-4c61-83c5-8ec8bc913a8a,18,Latias,ラティアス,https://scrydex.com/pokemon/cards/latias/cp2_ja-18?variant=firstEditionHolofoil
CP2,da8834cb-2787-4c61-83c5-8ec8bc913a8a,19,Latios,ラティオス,https://scrydex.com/pokemon/cards/latios/cp2_ja-19?variant=firstEditionHolofoil
CP2,da8834cb-2787-4c61-83c5-8ec8bc913a8a,20,Black Kyurem,ブラックキュレム,https://scrydex.com/pokemon/cards/black-kyurem/cp2_ja-20?variant=firstEditionHolofoil
CP2,da8834cb-2787-4c61-83c5-8ec8bc913a8a,21,White Kyurem,ホワイトキュレム,https://scrydex.com/pokemon/cards/white-kyurem/cp2_ja-21?variant=firstEditionHolofoil
CP2,da8834cb-2787-4c61-83c5-8ec8bc913a8a,22,Meowth,ニャース,https://scrydex.com/pokemon/cards/meowth/cp2_ja-22?variant=firstEditionHolofoil
CP2,da8834cb-2787-4c61-83c5-8ec8bc913a8a,23,Regigigas,レジギガス,https://scrydex.com/pokemon/cards/regigigas/cp2_ja-23?variant=firstEditionHolofoil
CP2,da8834cb-2787-4c61-83c5-8ec8bc913a8a,24,Arceus,アルセウス,https://scrydex.com/pokemon/cards/arceus/cp2_ja-24?variant=firstEditionHolofoil
CP2,da8834cb-2787-4c61-83c5-8ec8bc913a8a,25,Rufflet,ワシボン,https://scrydex.com/pokemon/cards/rufflet/cp2_ja-25?variant=firstEditionHolofoil
CP2,da8834cb-2787-4c61-83c5-8ec8bc913a8a,26,Braviary,ウォーグル,https://scrydex.com/pokemon/cards/braviary/cp2_ja-26?variant=firstEditionHolofoil
CP2,da8834cb-2787-4c61-83c5-8ec8bc913a8a,27,Noibat,オンバット,https://scrydex.com/pokemon/cards/noibat/cp2_ja-27?variant=firstEditionHolofoil
